cell_id,policy_name,case_id,scenario_id,answer_correct,candidate_answer,predicted_session_ids_ranked,resolved_candidate_ids,used_memory_ids,used_pending,gold_evidence_count,predicted_session_count,any_hit_all_context,all_hit_all_context,first_gold_rank,any_hit_at_1,all_hit_at_1,any_hit_at_5,all_hit_at_5,any_hit_at_10,all_hit_at_10,any_hit_at_20,all_hit_at_20,any_hit_at_50,all_hit_at_50
primary_contract,reflection_eager_write_lite,01493427,longmemeval_01493427,False,[durable] lme-new-postcards-added-collection-since-started-collecting-again (confidence 0.73),"[""answer_a7b44747_1"", ""answer_a7b44747_2""]","[""longmemeval_01493427::obs_0::0"", ""longmemeval_01493427::obs_1::0""]","[""memory-longmemeval_01493427::obs_0::0""]",False,2,2,True,True,1,True,False,True,True,True,True,True,True,True,True
primary_contract,reflection_eager_write_lite,031748ae,longmemeval_031748ae,False,[durable] lme-engineers-lead-just-started-new-role-as-senior-software-engineer (confidence 0.73),"[""answer_8748f791_1"", ""answer_8748f791_2""]","[""longmemeval_031748ae::obs_0::0"", ""longmemeval_031748ae::obs_1::0""]","[""memory-longmemeval_031748ae::obs_0::0""]",False,2,2,True,True,1,True,False,True,True,True,True,True,True,True,True
primary_contract,reflection_eager_write_lite,06db6396,longmemeval_06db6396,False,[durable] lme-projects-completed-since-starting-painting-classes (confidence 0.73),"[""answer_da72b1b4_1"", ""answer_da72b1b4_2""]","[""longmemeval_06db6396::obs_0::0"", ""longmemeval_06db6396::obs_1::0""]","[""memory-longmemeval_06db6396::obs_0::0""]",False,2,2,True,True,1,True,False,True,True,True,True,True,True,True,True
primary_contract,reflection_eager_write_lite,07741c44,longmemeval_07741c44,False,[durable] lme-initially-keep-old-sneakers (confidence 0.73),"[""answer_7e9ad7b4_1"", ""answer_7e9ad7b4_2""]","[""longmemeval_07741c44::obs_0::0"", ""longmemeval_07741c44::obs_1::0""]","[""memory-longmemeval_07741c44::obs_0::0""]",False,2,2,True,True,1,True,False,True,True,True,True,True,True,True,True
primary_contract,reflection_eager_write_lite,07741c45,longmemeval_07741c45,False,[durable] lme-keep-old-sneakers (confidence 0.73),"[""answer_7e9ad7b4_1"", ""answer_7e9ad7b4_2""]","[""longmemeval_07741c45::obs_0::0"", ""longmemeval_07741c45::obs_1::0""]","[""memory-longmemeval_07741c45::obs_0::0""]",False,2,2,True,True,1,True,False,True,True,True,True,True,True,True,True
primary_contract,reflection_eager_write_lite,08e075c7,longmemeval_08e075c7,False,[durable] lme-long-been-using-fitbit-charge (confidence 0.73),"[""answer_cdbe2250_1"", ""answer_cdbe2250_2""]","[""longmemeval_08e075c7::obs_0::0"", ""longmemeval_08e075c7::obs_1::0""]","[""memory-longmemeval_08e075c7::obs_0::0""]",False,2,2,True,True,1,True,False,True,True,True,True,True,True,True,True
primary_contract,reflection_eager_write_lite,0977f2af,longmemeval_0977f2af,False,[durable] lme-new-kitchen-gadget-invest-before-getting-air-fryer (confidence 0.73),"[""answer_3bf5b73b_1"", ""answer_3bf5b73b_2""]","[""longmemeval_0977f2af::obs_0::0"", ""longmemeval_0977f2af::obs_1::0""]","[""memory-longmemeval_0977f2af::obs_0::0""]",False,2,2,True,True,1,True,False,True,True,True,True,True,True,True,True
primary_contract,reflection_eager_write_lite,0ddfec37,longmemeval_0ddfec37,False,[durable] lme-autographed-baseballs-added-collection-first-three-months-collection (confidence 0.73),"[""answer_a22b654d_1"", ""answer_a22b654d_2""]","[""longmemeval_0ddfec37::obs_0::0"", ""longmemeval_0ddfec37::obs_1::0""]","[""memory-longmemeval_0ddfec37::obs_0::0""]",False,2,2,True,True,1,True,False,True,True,True,True,True,True,True,True
primary_contract,reflection_eager_write_lite,0e4e4c46,longmemeval_0e4e4c46,False,[durable] lme-highest-score-ticket-ride (confidence 0.73),"[""answer_f2f998c7_1"", ""answer_f2f998c7_2""]","[""longmemeval_0e4e4c46::obs_0::0"", ""longmemeval_0e4e4c46::obs_1::0""]","[""memory-longmemeval_0e4e4c46::obs_0::0""]",False,2,2,True,True,1,True,False,True,True,True,True,True,True,True,True
primary_contract,reflection_eager_write_lite,0f05491a,longmemeval_0f05491a,False,[durable] lme-stars-need-reach-gold-level-starbucks-rewards-app (confidence 0.73),"[""answer_d6d2eba8_1"", ""answer_d6d2eba8_2""]","[""longmemeval_0f05491a::obs_0::0"", ""longmemeval_0f05491a::obs_1::0""]","[""memory-longmemeval_0f05491a::obs_0::0""]",False,2,2,True,True,1,True,False,True,True,True,True,True,True,True,True
primary_contract,reflection_eager_write_lite,10e09553,longmemeval_10e09553,False,[durable] lme-largemouth-bass-catch-alex-earlier-fishing-trip-lake-michigan-before-22-trip (confidence 0.73),"[""answer_67be2c38_1"", ""answer_67be2c38_2""]","[""longmemeval_10e09553::obs_0::0"", ""longmemeval_10e09553::obs_1::0""]","[""memory-longmemeval_10e09553::obs_0::0""]",False,2,2,True,True,1,True,False,True,True,True,True,True,True,True,True
primary_contract,reflection_eager_write_lite,184da446,longmemeval_184da446,False,[durable] lme-pages-short-history-nearly-everything-read-so-far (confidence 0.73),"[""answer_e2f4f947_1"", ""answer_e2f4f947_2""]","[""longmemeval_184da446::obs_0::0"", ""longmemeval_184da446::obs_1::0""]","[""memory-longmemeval_184da446::obs_0::0""]",False,2,2,True,True,1,True,False,True,True,True,True,True,True,True,True
primary_contract,reflection_eager_write_lite,18bc8abd,longmemeval_18bc8abd,False,[durable] lme-brand-bbq-sauce-obsessed (confidence 0.73),"[""answer_fff743f5_1"", ""answer_fff743f5_2""]","[""longmemeval_18bc8abd::obs_0::0"", ""longmemeval_18bc8abd::obs_1::0""]","[""memory-longmemeval_18bc8abd::obs_0::0""]",False,2,2,True,True,1,True,False,True,True,True,True,True,True,True,True
primary_contract,reflection_eager_write_lite,1cea1afa,longmemeval_1cea1afa,False,[durable] lme-instagram-followers (confidence 0.73),"[""answer_79c395a9_1"", ""answer_79c395a9_2""]","[""longmemeval_1cea1afa::obs_0::0"", ""longmemeval_1cea1afa::obs_1::0""]","[""memory-longmemeval_1cea1afa::obs_0::0""]",False,2,2,True,True,1,True,False,True,True,True,True,True,True,True,True
primary_contract,reflection_eager_write_lite,2133c1b5,longmemeval_2133c1b5,False,[durable] lme-long-been-living-apartment-harajuku (confidence 0.73),"[""answer_52382508_1"", ""answer_52382508_2""]","[""longmemeval_2133c1b5::obs_0::0"", ""longmemeval_2133c1b5::obs_1::0""]","[""memory-longmemeval_2133c1b5::obs_0::0""]",False,2,2,True,True,1,True,False,True,True,True,True,True,True,True,True
primary_contract,reflection_eager_write_lite,22d2cb42,longmemeval_22d2cb42,False,[durable] lme-get-guitar-serviced (confidence 0.73),"[""answer_bcce0b73_1"", ""answer_bcce0b73_2""]","[""longmemeval_22d2cb42::obs_0::0"", ""longmemeval_22d2cb42::obs_1::0""]","[""memory-longmemeval_22d2cb42::obs_0::0""]",False,2,2,True,True,1,True,False,True,True,True,True,True,True,True,True
primary_contract,reflection_eager_write_lite,26bdc477,longmemeval_26bdc477,False,[durable] lme-trips-taken-canon-eos-80d-camera (confidence 0.73),"[""answer_f762ad8d_1"", ""answer_f762ad8d_2""]","[""longmemeval_26bdc477::obs_0::0"", ""longmemeval_26bdc477::obs_1::0""]","[""memory-longmemeval_26bdc477::obs_0::0""]",False,2,2,True,True,1,True,False,True,True,True,True,True,True,True,True
primary_contract,reflection_eager_write_lite,3ba21379,longmemeval_3ba21379,False,[durable] lme-type-vehicle-model-working (confidence 0.73),"[""answer_cd345582_1"", ""answer_cd345582_2""]","[""longmemeval_3ba21379::obs_0::0"", ""longmemeval_3ba21379::obs_1::0""]","[""memory-longmemeval_3ba21379::obs_0::0""]",False,2,2,True,True,1,True,False,True,True,True,True,True,True,True,True
primary_contract,reflection_eager_write_lite,41698283,longmemeval_41698283,False,[durable] lme-type-camera-lens-purchase-most (confidence 0.73),"[""answer_c7ddc051_1"", ""answer_c7ddc051_2""]","[""longmemeval_41698283::obs_0::0"", ""longmemeval_41698283::obs_1::0""]","[""memory-longmemeval_41698283::obs_0::0""]",False,2,2,True,True,1,True,False,True,True,True,True,True,True,True,True
primary_contract,reflection_eager_write_lite,42ec0761,longmemeval_42ec0761,False,[durable] lme-spare-screwdriver-opening-up-laptop (confidence 0.73),"[""answer_e3892371_1"", ""answer_e3892371_2""]","[""longmemeval_42ec0761::obs_0::0"", ""longmemeval_42ec0761::obs_1::0""]","[""memory-longmemeval_42ec0761::obs_0::0""]",False,2,2,True,True,1,True,False,True,True,True,True,True,True,True,True
primary_contract,reflection_eager_write_lite,45dc21b6,longmemeval_45dc21b6,False,[durable] lme-emma-recipes-tried-out (confidence 0.73),"[""answer_07664d43_1"", ""answer_07664d43_2""]","[""longmemeval_45dc21b6::obs_0::0"", ""longmemeval_45dc21b6::obs_1::0""]","[""memory-longmemeval_45dc21b6::obs_0::0""]",False,2,2,True,True,1,True,False,True,True,True,True,True,True,True,True
primary_contract,reflection_eager_write_lite,4b24c848,longmemeval_4b24c848,False,[durable] lme-tops-bought-so-far (confidence 0.73),"[""answer_2cec623b_1"", ""answer_2cec623b_2""]","[""longmemeval_4b24c848::obs_0::0"", ""longmemeval_4b24c848::obs_1::0""]","[""memory-longmemeval_4b24c848::obs_0::0""]",False,2,2,True,True,1,True,False,True,True,True,True,True,True,True,True
primary_contract,reflection_eager_write_lite,4d6b87c8,longmemeval_4d6b87c8,False,[durable] lme-titles-watch-list (confidence 0.73),"[""answer_766ab8da_1"", ""answer_766ab8da_2""]","[""longmemeval_4d6b87c8::obs_0::0"", ""longmemeval_4d6b87c8::obs_1::0""]","[""memory-longmemeval_4d6b87c8::obs_0::0""]",False,2,2,True,True,1,True,False,True,True,True,True,True,True,True,True
primary_contract,reflection_eager_write_lite,50635ada,longmemeval_50635ada,False,[durable] lme-previous-frequent-flyer-status-united-airlines-before-got-status (confidence 0.73),"[""answer_dcd74827_1"", ""answer_dcd74827_2""]","[""longmemeval_50635ada::obs_0::0"", ""longmemeval_50635ada::obs_1::0""]","[""memory-longmemeval_50635ada::obs_0::0""]",False,2,2,True,True,1,True,False,True,True,True,True,True,True,True,True
primary_contract,reflection_eager_write_lite,5831f84d,longmemeval_5831f84d,False,[durable] lme-crash-course-videos-watched-past-few-weeks (confidence 0.73),"[""answer_8d63a897_1"", ""answer_8d63a897_2""]","[""longmemeval_5831f84d::obs_0::0"", ""longmemeval_5831f84d::obs_1::0""]","[""memory-longmemeval_5831f84d::obs_0::0""]",False,2,2,True,True,1,True,False,True,True,True,True,True,True,True,True
primary_contract,reflection_eager_write_lite,59524333,longmemeval_59524333,False,[durable] lme-time-usually-go-gym (confidence 0.73),"[""answer_b28f2c7a_1"", ""answer_b28f2c7a_2""]","[""longmemeval_59524333::obs_0::0"", ""longmemeval_59524333::obs_1::0""]","[""memory-longmemeval_59524333::obs_0::0""]",False,2,2,True,True,1,True,False,True,True,True,True,True,True,True,True
primary_contract,reflection_eager_write_lite,5a4f22c0,longmemeval_5a4f22c0,False,[durable] lme-company-rachel-old-colleague-previous-company-working-at (confidence 0.73),"[""answer_b0f3dfff_1"", ""answer_b0f3dfff_2""]","[""longmemeval_5a4f22c0::obs_0::0"", ""longmemeval_5a4f22c0::obs_1::0""]","[""memory-longmemeval_5a4f22c0::obs_0::0""]",False,2,2,True,True,1,True,False,True,True,True,True,True,True,True,True
primary_contract,reflection_eager_write_lite,5c40ec5b,longmemeval_5c40ec5b,False,[durable] lme-times-met-up-alex-germany (confidence 0.73),"[""answer_1cb52d0a_1"", ""answer_1cb52d0a_2""]","[""longmemeval_5c40ec5b::obs_0::0"", ""longmemeval_5c40ec5b::obs_1::0""]","[""memory-longmemeval_5c40ec5b::obs_0::0""]",False,2,2,True,True,1,True,False,True,True,True,True,True,True,True,True
primary_contract,reflection_eager_write_lite,603deb26,longmemeval_603deb26,False,[durable] lme-times-tried-making-negroni-at-home-since-friend-emma-showed-make-it (confidence 0.73),"[""answer_8afdebac_1"", ""answer_8afdebac_2""]","[""longmemeval_603deb26::obs_0::0"", ""longmemeval_603deb26::obs_1::0""]","[""memory-longmemeval_603deb26::obs_0::0""]",False,2,2,True,True,1,True,False,True,True,True,True,True,True,True,True
primary_contract,reflection_eager_write_lite,6071bd76,longmemeval_6071bd76,False,[durable] lme-coffee-water-ratio-french-press-switch-more-water-per-tablespoon-coffee-or (confidence 0.73),"[""answer_4dac77cb_1"", ""answer_4dac77cb_2""]","[""longmemeval_6071bd76::obs_0::0"", ""longmemeval_6071bd76::obs_1::0""]","[""memory-longmemeval_6071bd76::obs_0::0""]",False,2,2,True,True,1,True,False,True,True,True,True,True,True,True,True
primary_contract,reflection_eager_write_lite,618f13b2,longmemeval_618f13b2,False,[durable] lme-times-worn-new-black-converse-chuck-taylor-all-star-sneakers (confidence 0.73),"[""answer_caf5b52e_1"", ""answer_caf5b52e_2""]","[""longmemeval_618f13b2::obs_0::0"", ""longmemeval_618f13b2::obs_1::0""]","[""memory-longmemeval_618f13b2::obs_0::0""]",False,2,2,True,True,1,True,False,True,True,True,True,True,True,True,True
primary_contract,reflection_eager_write_lite,69fee5aa,longmemeval_69fee5aa,False,[durable] lme-pre-1920-american-coins-collection (confidence 0.73),"[""answer_d6028d6e_1"", ""answer_d6028d6e_2""]","[""longmemeval_69fee5aa::obs_0::0"", ""longmemeval_69fee5aa::obs_1::0""]","[""memory-longmemeval_69fee5aa::obs_0::0""]",False,2,2,True,True,1,True,False,True,True,True,True,True,True,True,True
primary_contract,reflection_eager_write_lite,6a1eabeb,longmemeval_6a1eabeb,False,[durable] lme-personal-best-time-charity-5k-run (confidence 0.73),"[""answer_a25d4a91_1"", ""answer_a25d4a91_2""]","[""longmemeval_6a1eabeb::obs_0::0"", ""longmemeval_6a1eabeb::obs_1::0""]","[""memory-longmemeval_6a1eabeb::obs_0::0""]",False,2,2,True,True,1,True,False,True,True,True,True,True,True,True,True
primary_contract,reflection_eager_write_lite,6a27ffc2,longmemeval_6a27ffc2,False,[durable] lme-videos-corey-schafer-python-programming-series-completed-so-far (confidence 0.73),"[""answer_77f32504_1"", ""answer_77f32504_2""]","[""longmemeval_6a27ffc2::obs_0::0"", ""longmemeval_6a27ffc2::obs_1::0""]","[""memory-longmemeval_6a27ffc2::obs_0::0""]",False,2,2,True,True,1,True,False,True,True,True,True,True,True,True,True
primary_contract,reflection_eager_write_lite,6aeb4375,longmemeval_6aeb4375,False,[durable] lme-korean-restaurants-tried-city (confidence 0.73),"[""answer_3f9693b7_1"", ""answer_3f9693b7_2""]","[""longmemeval_6aeb4375::obs_0::0"", ""longmemeval_6aeb4375::obs_1::0""]","[""memory-longmemeval_6aeb4375::obs_0::0""]",False,2,2,True,True,1,True,False,True,True,True,True,True,True,True,True
primary_contract,reflection_eager_write_lite,71315a70,longmemeval_71315a70,False,[durable] lme-hours-spent-abstract-ocean-sculpture (confidence 0.73),"[""answer_c44b9df4_1"", ""answer_c44b9df4_2""]","[""longmemeval_71315a70::obs_0::0"", ""longmemeval_71315a70::obs_1::0""]","[""memory-longmemeval_71315a70::obs_0::0""]",False,2,2,True,True,1,True,False,True,True,True,True,True,True,True,True
primary_contract,reflection_eager_write_lite,72e3ee87,longmemeval_72e3ee87,False,[durable] lme-episodes-science-series-completed-crash-course (confidence 0.73),"[""answer_d7de9a6a_1"", ""answer_d7de9a6a_2""]","[""longmemeval_72e3ee87::obs_0::0"", ""longmemeval_72e3ee87::obs_1::0""]","[""memory-longmemeval_72e3ee87::obs_0::0""]",False,2,2,True,True,1,True,False,True,True,True,True,True,True,True,True
primary_contract,reflection_eager_write_lite,7401057b,longmemeval_7401057b,False,[durable] lme-free-night-stays-can-redeem-at-any-hilton-property-accumulated-points (confidence 0.73),"[""answer_94650bfa_1"", ""answer_94650bfa_2""]","[""longmemeval_7401057b::obs_0::0"", ""longmemeval_7401057b::obs_1::0""]","[""memory-longmemeval_7401057b::obs_0::0""]",False,2,2,True,True,1,True,False,True,True,True,True,True,True,True,True
primary_contract,reflection_eager_write_lite,7a87bd0c,longmemeval_7a87bd0c,False,[durable] lme-long-been-sticking-daily-tidying-routine (confidence 0.73),"[""answer_d08a934d_1"", ""answer_d08a934d_2""]","[""longmemeval_7a87bd0c::obs_0::0"", ""longmemeval_7a87bd0c::obs_1::0""]","[""memory-longmemeval_7a87bd0c::obs_0::0""]",False,2,2,True,True,1,True,False,True,True,True,True,True,True,True,True
primary_contract,reflection_eager_write_lite,7e974930,longmemeval_7e974930,False,[durable] lme-much-earn-at-downtown-farmers-market-most-visit (confidence 0.73),"[""answer_c9f5693c_1"", ""answer_c9f5693c_2""]","[""longmemeval_7e974930::obs_0::0"", ""longmemeval_7e974930::obs_1::0""]","[""memory-longmemeval_7e974930::obs_0::0""]",False,2,2,True,True,1,True,False,True,True,True,True,True,True,True,True
primary_contract,reflection_eager_write_lite,830ce83f,longmemeval_830ce83f,False,[durable] lme-rachel-move-her-relocation (confidence 0.73),"[""answer_0b1a0942_1"", ""answer_0b1a0942_2""]","[""longmemeval_830ce83f::obs_0::0"", ""longmemeval_830ce83f::obs_1::0""]","[""memory-longmemeval_830ce83f::obs_0::0""]",False,2,2,True,True,1,True,False,True,True,True,True,True,True,True,True
primary_contract,reflection_eager_write_lite,852ce960,longmemeval_852ce960,False,[durable] lme-amount-pre-approved-got-mortgage-wells-fargo (confidence 0.73),"[""answer_3a6f1e82_1"", ""answer_3a6f1e82_2""]","[""longmemeval_852ce960::obs_0::0"", ""longmemeval_852ce960::obs_1::0""]","[""memory-longmemeval_852ce960::obs_0::0""]",False,2,2,True,True,1,True,False,True,True,True,True,True,True,True,True
primary_contract,reflection_eager_write_lite,89941a93,longmemeval_89941a93,False,[durable] lme-bikes-own (confidence 0.73),"[""answer_e1403127_1"", ""answer_e1403127_2""]","[""longmemeval_89941a93::obs_0::0"", ""longmemeval_89941a93::obs_1::0""]","[""memory-longmemeval_89941a93::obs_0::0""]",False,2,2,True,True,1,True,False,True,True,True,True,True,True,True,True
primary_contract,reflection_eager_write_lite,89941a94,longmemeval_89941a94,False,[durable] lme-before-purchased-gravel-bike-other-bikes-addition-mountain-bike-commuter-bike (confidence 0.73),"[""answer_e1403127_1"", ""answer_e1403127_2""]","[""longmemeval_89941a94::obs_0::0"", ""longmemeval_89941a94::obs_1::0""]","[""memory-longmemeval_89941a94::obs_0::0""]",False,2,2,True,True,1,True,False,True,True,True,True,True,True,True,True
primary_contract,reflection_eager_write_lite,8fb83627,longmemeval_8fb83627,False,[durable] lme-issues-national-geographic-finished-reading (confidence 0.73),"[""answer_966cecbb_1"", ""answer_966cecbb_2""]","[""longmemeval_8fb83627::obs_0::0"", ""longmemeval_8fb83627::obs_1::0""]","[""memory-longmemeval_8fb83627::obs_0::0""]",False,2,2,True,True,1,True,False,True,True,True,True,True,True,True,True
primary_contract,reflection_eager_write_lite,945e3d21,longmemeval_945e3d21,False,[durable] lme-often-attend-yoga-classes-help-anxiety (confidence 0.73),"[""answer_6a4f8626_1"", ""answer_6a4f8626_2""]","[""longmemeval_945e3d21::obs_0::0"", ""longmemeval_945e3d21::obs_1::0""]","[""memory-longmemeval_945e3d21::obs_0::0""]",False,2,2,True,True,1,True,False,True,True,True,True,True,True,True,True
primary_contract,reflection_eager_write_lite,9bbe84a2,longmemeval_9bbe84a2,False,[durable] lme-previous-goal-apex-legends-level-before-updated-goal (confidence 0.73),"[""answer_c6a0c6c2_1"", ""answer_c6a0c6c2_2""]","[""longmemeval_9bbe84a2::obs_0::0"", ""longmemeval_9bbe84a2::obs_1::0""]","[""memory-longmemeval_9bbe84a2::obs_0::0""]",False,2,2,True,True,1,True,False,True,True,True,True,True,True,True,True
primary_contract,reflection_eager_write_lite,9ea5eabc,longmemeval_9ea5eabc,False,[durable] lme-go-most-family-trip (confidence 0.73),"[""answer_02e66dec_1"", ""answer_02e66dec_2""]","[""longmemeval_9ea5eabc::obs_0::0"", ""longmemeval_9ea5eabc::obs_1::0""]","[""memory-longmemeval_9ea5eabc::obs_0::0""]",False,2,2,True,True,1,True,False,True,True,True,True,True,True,True,True
primary_contract,reflection_eager_write_lite,a1eacc2a,longmemeval_a1eacc2a,False,[durable] lme-short-stories-written-since-started-writing-regularly (confidence 0.73),"[""answer_0eb23770_1"", ""answer_0eb23770_2""]","[""longmemeval_a1eacc2a::obs_0::0"", ""longmemeval_a1eacc2a::obs_1::0""]","[""memory-longmemeval_a1eacc2a::obs_0::0""]",False,2,2,True,True,1,True,False,True,True,True,True,True,True,True,True
primary_contract,reflection_eager_write_lite,a2f3aa27,longmemeval_a2f3aa27,False,[durable] lme-followers-instagram-now (confidence 0.73),"[""answer_5126c02d_1"", ""answer_5126c02d_2""]","[""longmemeval_a2f3aa27::obs_0::0"", ""longmemeval_a2f3aa27::obs_1::0""]","[""memory-longmemeval_a2f3aa27::obs_0::0""]",False,2,2,True,True,1,True,False,True,True,True,True,True,True,True,True
primary_contract,reflection_eager_write_lite,affe2881,longmemeval_affe2881,False,[durable] lme-different-species-birds-seen-local-park (confidence 0.73),"[""answer_90de9b4d_1"", ""answer_90de9b4d_2""]","[""longmemeval_affe2881::obs_0::0"", ""longmemeval_affe2881::obs_1::0""]","[""memory-longmemeval_affe2881::obs_0::0""]",False,2,2,True,True,1,True,False,True,True,True,True,True,True,True,True
primary_contract,reflection_eager_write_lite,b01defab,longmemeval_b01defab,False,[durable] lme-finish-reading-nightingale-by-kristin-hannah (confidence 0.73),"[""answer_8c0712af_1"", ""answer_8c0712af_2""]","[""longmemeval_b01defab::obs_0::0"", ""longmemeval_b01defab::obs_1::0""]","[""memory-longmemeval_b01defab::obs_0::0""]",False,2,2,True,True,1,True,False,True,True,True,True,True,True,True,True
primary_contract,reflection_eager_write_lite,b6019101,longmemeval_b6019101,False,[durable] lme-mcu-films-watch-last-months (confidence 0.73),"[""answer_67074b4b_1"", ""answer_67074b4b_2""]","[""longmemeval_b6019101::obs_0::0"", ""longmemeval_b6019101::obs_1::0""]","[""memory-longmemeval_b6019101::obs_0::0""]",False,2,2,True,True,1,True,False,True,True,True,True,True,True,True,True
primary_contract,reflection_eager_write_lite,ba61f0b9,longmemeval_ba61f0b9,False,[durable] lme-women-team-led-by-former-manager-rachel (confidence 0.73),"[""answer_f377cda7_1"", ""answer_f377cda7_2""]","[""longmemeval_ba61f0b9::obs_0::0"", ""longmemeval_ba61f0b9::obs_1::0""]","[""memory-longmemeval_ba61f0b9::obs_0::0""]",False,2,2,True,True,1,True,False,True,True,True,True,True,True,True,True
primary_contract,reflection_eager_write_lite,c4ea545c,longmemeval_c4ea545c,False,[durable] lme-go-gym-more-frequently-than-previously (confidence 0.73),"[""answer_d3bf812b_1"", ""answer_d3bf812b_2""]","[""longmemeval_c4ea545c::obs_0::0"", ""longmemeval_c4ea545c::obs_1::0""]","[""memory-longmemeval_c4ea545c::obs_0::0""]",False,2,2,True,True,1,True,False,True,True,True,True,True,True,True,True
primary_contract,reflection_eager_write_lite,c6853660,longmemeval_c6853660,False,[durable] lme-mostly-increase-or-decrease-limit-number-cups-coffee-morning (confidence 0.73),"[""answer_626e93c4_1"", ""answer_626e93c4_2""]","[""longmemeval_c6853660::obs_0::0"", ""longmemeval_c6853660::obs_1::0""]","[""memory-longmemeval_c6853660::obs_0::0""]",False,2,2,True,True,1,True,False,True,True,True,True,True,True,True,True
primary_contract,reflection_eager_write_lite,c7dc5443,longmemeval_c7dc5443,False,[durable] lme-record-recreational-volleyball-league (confidence 0.73),"[""answer_0cdbca92_1"", ""answer_0cdbca92_2""]","[""longmemeval_c7dc5443::obs_0::0"", ""longmemeval_c7dc5443::obs_1::0""]","[""memory-longmemeval_c7dc5443::obs_0::0""]",False,2,2,True,True,1,True,False,True,True,True,True,True,True,True,True
primary_contract,reflection_eager_write_lite,cc5ded98,longmemeval_cc5ded98,False,[durable] lme-much-time-dedicate-coding-exercises-each-day (confidence 0.73),"[""answer_a5b68517_1"", ""answer_a5b68517_2""]","[""longmemeval_cc5ded98::obs_0::0"", ""longmemeval_cc5ded98::obs_1::0""]","[""memory-longmemeval_cc5ded98::obs_0::0""]",False,2,2,True,True,1,True,False,True,True,True,True,True,True,True,True
primary_contract,reflection_eager_write_lite,ce6d2d27,longmemeval_ce6d2d27,False,[durable] lme-day-week-take-cocktail-making-class (confidence 0.73),"[""answer_73540165_1"", ""answer_73540165_2""]","[""longmemeval_ce6d2d27::obs_0::0"", ""longmemeval_ce6d2d27::obs_1::0""]","[""memory-longmemeval_ce6d2d27::obs_0::0""]",False,2,2,True,True,1,True,False,True,True,True,True,True,True,True,True
primary_contract,reflection_eager_write_lite,cf22b7bf,longmemeval_cf22b7bf,False,[durable] lme-much-weight-lost-since-started-going-gym-consistently (confidence 0.73),"[""answer_ae3a122b_1"", ""answer_ae3a122b_2""]","[""longmemeval_cf22b7bf::obs_0::0"", ""longmemeval_cf22b7bf::obs_1::0""]","[""memory-longmemeval_cf22b7bf::obs_0::0""]",False,2,2,True,True,1,True,False,True,True,True,True,True,True,True,True
primary_contract,reflection_eager_write_lite,d7c942c3,longmemeval_d7c942c3,False,[durable] lme-mom-using-same-grocery-list-method-as (confidence 0.73),"[""answer_eecb10d9_1"", ""answer_eecb10d9_2""]","[""longmemeval_d7c942c3::obs_0::0"", ""longmemeval_d7c942c3::obs_1::0""]","[""memory-longmemeval_d7c942c3::obs_0::0""]",False,2,2,True,True,1,True,False,True,True,True,True,True,True,True,True
primary_contract,reflection_eager_write_lite,dad224aa,longmemeval_dad224aa,False,[durable] lme-time-wake-up-saturday-mornings (confidence 0.73),"[""answer_4a97ae40_1"", ""answer_4a97ae40_2""]","[""longmemeval_dad224aa::obs_0::0"", ""longmemeval_dad224aa::obs_1::0""]","[""memory-longmemeval_dad224aa::obs_0::0""]",False,2,2,True,True,1,True,False,True,True,True,True,True,True,True,True
primary_contract,reflection_eager_write_lite,db467c8c,longmemeval_db467c8c,False,[durable] lme-long-parents-been-staying-us (confidence 0.73),"[""answer_611b6e83_1"", ""answer_611b6e83_2""]","[""longmemeval_db467c8c::obs_0::0"", ""longmemeval_db467c8c::obs_1::0""]","[""memory-longmemeval_db467c8c::obs_0::0""]",False,2,2,True,True,1,True,False,True,True,True,True,True,True,True,True
primary_contract,reflection_eager_write_lite,dfde3500,longmemeval_dfde3500,False,[durable] lme-day-week-meet-previous-language-exchange-tutor-juan (confidence 0.73),"[""answer_35d6c0be_1"", ""answer_35d6c0be_2""]","[""longmemeval_dfde3500::obs_0::0"", ""longmemeval_dfde3500::obs_1::0""]","[""memory-longmemeval_dfde3500::obs_0::0""]",False,2,2,True,True,1,True,False,True,True,True,True,True,True,True,True
primary_contract,reflection_eager_write_lite,e493bb7c,longmemeval_e493bb7c,False,[durable] lme-painting-ethereal-dreams-by-emma-taylor-hanging (confidence 0.73),"[""answer_1a374afa_1"", ""answer_1a374afa_2""]","[""longmemeval_e493bb7c::obs_0::0"", ""longmemeval_e493bb7c::obs_1::0""]","[""memory-longmemeval_e493bb7c::obs_0::0""]",False,2,2,True,True,1,True,False,True,True,True,True,True,True,True,True
primary_contract,reflection_eager_write_lite,e61a7584,longmemeval_e61a7584,False,[durable] lme-long-cat-luna (confidence 0.73),"[""answer_f25c32f5_1"", ""answer_f25c32f5_2""]","[""longmemeval_e61a7584::obs_0::0"", ""longmemeval_e61a7584::obs_1::0""]","[""memory-longmemeval_e61a7584::obs_0::0""]",False,2,2,True,True,1,True,False,True,True,True,True,True,True,True,True
primary_contract,reflection_eager_write_lite,e66b632c,longmemeval_e66b632c,False,[durable] lme-previous-personal-best-time-charity-5k-run (confidence 0.73),"[""answer_ac0140ce_1"", ""answer_ac0140ce_2""]","[""longmemeval_e66b632c::obs_0::0"", ""longmemeval_e66b632c::obs_1::0""]","[""memory-longmemeval_e66b632c::obs_0::0""]",False,2,2,True,True,1,True,False,True,True,True,True,True,True,True,True
primary_contract,reflection_eager_write_lite,eace081b,longmemeval_eace081b,False,[durable] lme-planning-stay-birthday-trip-hawaii (confidence 0.73),"[""answer_8a791264_1"", ""answer_8a791264_2""]","[""longmemeval_eace081b::obs_0::0"", ""longmemeval_eace081b::obs_1::0""]","[""memory-longmemeval_eace081b::obs_0::0""]",False,2,2,True,True,1,True,False,True,True,True,True,True,True,True,True
primary_contract,reflection_eager_write_lite,ed4ddc30,longmemeval_ed4ddc30,False,[durable] lme-dozen-eggs-we-stocked-up-our-refrigerator (confidence 0.73),"[""answer_babbaccb_1"", ""answer_babbaccb_2""]","[""longmemeval_ed4ddc30::obs_0::0"", ""longmemeval_ed4ddc30::obs_1::0""]","[""memory-longmemeval_ed4ddc30::obs_0::0""]",False,2,2,True,True,1,True,False,True,True,True,True,True,True,True,True
primary_contract,reflection_eager_write_lite,f685340e,longmemeval_f685340e,False,[durable] lme-often-play-tennis-friends-at-local-park-previously (confidence 0.73),"[""answer_25df025b_1"", ""answer_25df025b_2""]","[""longmemeval_f685340e::obs_0::0"", ""longmemeval_f685340e::obs_1::0""]","[""memory-longmemeval_f685340e::obs_0::0""]",False,2,2,True,True,1,True,False,True,True,True,True,True,True,True,True
primary_contract,reflection_eager_write_lite,f9e8c073,longmemeval_f9e8c073,False,[durable] lme-sessions-bereavement-support-group-attend (confidence 0.73),"[""answer_b191df5b_1"", ""answer_b191df5b_2""]","[""longmemeval_f9e8c073::obs_0::0"", ""longmemeval_f9e8c073::obs_1::0""]","[""memory-longmemeval_f9e8c073::obs_0::0""]",False,2,2,True,True,1,True,False,True,True,True,True,True,True,True,True
primary_contract,consolidation_queue_lite,01493427,longmemeval_01493427,False,[pending] lme-new-postcards-added-collection-since-started-collecting-again (strength 0.70),"[""answer_a7b44747_2""]","[""longmemeval_01493427::obs_1::0""]",[],True,2,1,True,False,1,True,False,True,False,True,False,True,False,True,False
primary_contract,consolidation_queue_lite,031748ae,longmemeval_031748ae,False,[pending] lme-engineers-lead-just-started-new-role-as-senior-software-engineer (strength 0.70),"[""answer_8748f791_2""]","[""longmemeval_031748ae::obs_1::0""]",[],True,2,1,True,False,1,True,False,True,False,True,False,True,False,True,False
primary_contract,consolidation_queue_lite,06db6396,longmemeval_06db6396,False,[pending] lme-projects-completed-since-starting-painting-classes (strength 0.70),"[""answer_da72b1b4_2""]","[""longmemeval_06db6396::obs_1::0""]",[],True,2,1,True,False,1,True,False,True,False,True,False,True,False,True,False
primary_contract,consolidation_queue_lite,07741c44,longmemeval_07741c44,False,[pending] lme-initially-keep-old-sneakers (strength 0.70),"[""answer_7e9ad7b4_2""]","[""longmemeval_07741c44::obs_1::0""]",[],True,2,1,True,False,1,True,False,True,False,True,False,True,False,True,False
primary_contract,consolidation_queue_lite,07741c45,longmemeval_07741c45,False,[pending] lme-keep-old-sneakers (strength 0.70),"[""answer_7e9ad7b4_2""]","[""longmemeval_07741c45::obs_1::0""]",[],True,2,1,True,False,1,True,False,True,False,True,False,True,False,True,False
primary_contract,consolidation_queue_lite,08e075c7,longmemeval_08e075c7,False,[pending] lme-long-been-using-fitbit-charge (strength 0.70),"[""answer_cdbe2250_2""]","[""longmemeval_08e075c7::obs_1::0""]",[],True,2,1,True,False,1,True,False,True,False,True,False,True,False,True,False
primary_contract,consolidation_queue_lite,0977f2af,longmemeval_0977f2af,False,[pending] lme-new-kitchen-gadget-invest-before-getting-air-fryer (strength 0.70),"[""answer_3bf5b73b_2""]","[""longmemeval_0977f2af::obs_1::0""]",[],True,2,1,True,False,1,True,False,True,False,True,False,True,False,True,False
primary_contract,consolidation_queue_lite,0ddfec37,longmemeval_0ddfec37,False,[pending] lme-autographed-baseballs-added-collection-first-three-months-collection (strength 0.70),"[""answer_a22b654d_2""]","[""longmemeval_0ddfec37::obs_1::0""]",[],True,2,1,True,False,1,True,False,True,False,True,False,True,False,True,False
primary_contract,consolidation_queue_lite,0e4e4c46,longmemeval_0e4e4c46,False,[pending] lme-highest-score-ticket-ride (strength 0.70),"[""answer_f2f998c7_2""]","[""longmemeval_0e4e4c46::obs_1::0""]",[],True,2,1,True,False,1,True,False,True,False,True,False,True,False,True,False
primary_contract,consolidation_queue_lite,0f05491a,longmemeval_0f05491a,False,[pending] lme-stars-need-reach-gold-level-starbucks-rewards-app (strength 0.70),"[""answer_d6d2eba8_2""]","[""longmemeval_0f05491a::obs_1::0""]",[],True,2,1,True,False,1,True,False,True,False,True,False,True,False,True,False
primary_contract,consolidation_queue_lite,10e09553,longmemeval_10e09553,False,[pending] lme-largemouth-bass-catch-alex-earlier-fishing-trip-lake-michigan-before-22-trip (strength 0.70),"[""answer_67be2c38_2""]","[""longmemeval_10e09553::obs_1::0""]",[],True,2,1,True,False,1,True,False,True,False,True,False,True,False,True,False
primary_contract,consolidation_queue_lite,184da446,longmemeval_184da446,False,[pending] lme-pages-short-history-nearly-everything-read-so-far (strength 0.70),"[""answer_e2f4f947_2""]","[""longmemeval_184da446::obs_1::0""]",[],True,2,1,True,False,1,True,False,True,False,True,False,True,False,True,False
primary_contract,consolidation_queue_lite,18bc8abd,longmemeval_18bc8abd,False,[pending] lme-brand-bbq-sauce-obsessed (strength 0.70),"[""answer_fff743f5_2""]","[""longmemeval_18bc8abd::obs_1::0""]",[],True,2,1,True,False,1,True,False,True,False,True,False,True,False,True,False
primary_contract,consolidation_queue_lite,1cea1afa,longmemeval_1cea1afa,False,[pending] lme-instagram-followers (strength 0.70),"[""answer_79c395a9_2""]","[""longmemeval_1cea1afa::obs_1::0""]",[],True,2,1,True,False,1,True,False,True,False,True,False,True,False,True,False
primary_contract,consolidation_queue_lite,2133c1b5,longmemeval_2133c1b5,False,[pending] lme-long-been-living-apartment-harajuku (strength 0.70),"[""answer_52382508_2""]","[""longmemeval_2133c1b5::obs_1::0""]",[],True,2,1,True,False,1,True,False,True,False,True,False,True,False,True,False
primary_contract,consolidation_queue_lite,22d2cb42,longmemeval_22d2cb42,False,[pending] lme-get-guitar-serviced (strength 0.70),"[""answer_bcce0b73_2""]","[""longmemeval_22d2cb42::obs_1::0""]",[],True,2,1,True,False,1,True,False,True,False,True,False,True,False,True,False
primary_contract,consolidation_queue_lite,26bdc477,longmemeval_26bdc477,False,[pending] lme-trips-taken-canon-eos-80d-camera (strength 0.70),"[""answer_f762ad8d_2""]","[""longmemeval_26bdc477::obs_1::0""]",[],True,2,1,True,False,1,True,False,True,False,True,False,True,False,True,False
primary_contract,consolidation_queue_lite,3ba21379,longmemeval_3ba21379,False,[pending] lme-type-vehicle-model-working (strength 0.70),"[""answer_cd345582_2""]","[""longmemeval_3ba21379::obs_1::0""]",[],True,2,1,True,False,1,True,False,True,False,True,False,True,False,True,False
primary_contract,consolidation_queue_lite,41698283,longmemeval_41698283,False,[pending] lme-type-camera-lens-purchase-most (strength 0.70),"[""answer_c7ddc051_2""]","[""longmemeval_41698283::obs_1::0""]",[],True,2,1,True,False,1,True,False,True,False,True,False,True,False,True,False
primary_contract,consolidation_queue_lite,42ec0761,longmemeval_42ec0761,False,[pending] lme-spare-screwdriver-opening-up-laptop (strength 0.70),"[""answer_e3892371_2""]","[""longmemeval_42ec0761::obs_1::0""]",[],True,2,1,True,False,1,True,False,True,False,True,False,True,False,True,False
primary_contract,consolidation_queue_lite,45dc21b6,longmemeval_45dc21b6,False,[pending] lme-emma-recipes-tried-out (strength 0.70),"[""answer_07664d43_2""]","[""longmemeval_45dc21b6::obs_1::0""]",[],True,2,1,True,False,1,True,False,True,False,True,False,True,False,True,False
primary_contract,consolidation_queue_lite,4b24c848,longmemeval_4b24c848,False,[pending] lme-tops-bought-so-far (strength 0.70),"[""answer_2cec623b_2""]","[""longmemeval_4b24c848::obs_1::0""]",[],True,2,1,True,False,1,True,False,True,False,True,False,True,False,True,False
primary_contract,consolidation_queue_lite,4d6b87c8,longmemeval_4d6b87c8,False,[pending] lme-titles-watch-list (strength 0.70),"[""answer_766ab8da_2""]","[""longmemeval_4d6b87c8::obs_1::0""]",[],True,2,1,True,False,1,True,False,True,False,True,False,True,False,True,False
primary_contract,consolidation_queue_lite,50635ada,longmemeval_50635ada,False,[pending] lme-previous-frequent-flyer-status-united-airlines-before-got-status (strength 0.70),"[""answer_dcd74827_2""]","[""longmemeval_50635ada::obs_1::0""]",[],True,2,1,True,False,1,True,False,True,False,True,False,True,False,True,False
primary_contract,consolidation_queue_lite,5831f84d,longmemeval_5831f84d,False,[pending] lme-crash-course-videos-watched-past-few-weeks (strength 0.70),"[""answer_8d63a897_2""]","[""longmemeval_5831f84d::obs_1::0""]",[],True,2,1,True,False,1,True,False,True,False,True,False,True,False,True,False
primary_contract,consolidation_queue_lite,59524333,longmemeval_59524333,False,[pending] lme-time-usually-go-gym (strength 0.70),"[""answer_b28f2c7a_2""]","[""longmemeval_59524333::obs_1::0""]",[],True,2,1,True,False,1,True,False,True,False,True,False,True,False,True,False
primary_contract,consolidation_queue_lite,5a4f22c0,longmemeval_5a4f22c0,False,[pending] lme-company-rachel-old-colleague-previous-company-working-at (strength 0.70),"[""answer_b0f3dfff_2""]","[""longmemeval_5a4f22c0::obs_1::0""]",[],True,2,1,True,False,1,True,False,True,False,True,False,True,False,True,False
primary_contract,consolidation_queue_lite,5c40ec5b,longmemeval_5c40ec5b,False,[pending] lme-times-met-up-alex-germany (strength 0.70),"[""answer_1cb52d0a_2""]","[""longmemeval_5c40ec5b::obs_1::0""]",[],True,2,1,True,False,1,True,False,True,False,True,False,True,False,True,False
primary_contract,consolidation_queue_lite,603deb26,longmemeval_603deb26,False,[pending] lme-times-tried-making-negroni-at-home-since-friend-emma-showed-make-it (strength 0.70),"[""answer_8afdebac_2""]","[""longmemeval_603deb26::obs_1::0""]",[],True,2,1,True,False,1,True,False,True,False,True,False,True,False,True,False
primary_contract,consolidation_queue_lite,6071bd76,longmemeval_6071bd76,False,[pending] lme-coffee-water-ratio-french-press-switch-more-water-per-tablespoon-coffee-or (strength 0.70),"[""answer_4dac77cb_2""]","[""longmemeval_6071bd76::obs_1::0""]",[],True,2,1,True,False,1,True,False,True,False,True,False,True,False,True,False
primary_contract,consolidation_queue_lite,618f13b2,longmemeval_618f13b2,False,[pending] lme-times-worn-new-black-converse-chuck-taylor-all-star-sneakers (strength 0.70),"[""answer_caf5b52e_2""]","[""longmemeval_618f13b2::obs_1::0""]",[],True,2,1,True,False,1,True,False,True,False,True,False,True,False,True,False
primary_contract,consolidation_queue_lite,69fee5aa,longmemeval_69fee5aa,False,[pending] lme-pre-1920-american-coins-collection (strength 0.70),"[""answer_d6028d6e_2""]","[""longmemeval_69fee5aa::obs_1::0""]",[],True,2,1,True,False,1,True,False,True,False,True,False,True,False,True,False
primary_contract,consolidation_queue_lite,6a1eabeb,longmemeval_6a1eabeb,False,[pending] lme-personal-best-time-charity-5k-run (strength 0.70),"[""answer_a25d4a91_2""]","[""longmemeval_6a1eabeb::obs_1::0""]",[],True,2,1,True,False,1,True,False,True,False,True,False,True,False,True,False
primary_contract,consolidation_queue_lite,6a27ffc2,longmemeval_6a27ffc2,False,[pending] lme-videos-corey-schafer-python-programming-series-completed-so-far (strength 0.70),"[""answer_77f32504_2""]","[""longmemeval_6a27ffc2::obs_1::0""]",[],True,2,1,True,False,1,True,False,True,False,True,False,True,False,True,False
primary_contract,consolidation_queue_lite,6aeb4375,longmemeval_6aeb4375,False,[pending] lme-korean-restaurants-tried-city (strength 0.70),"[""answer_3f9693b7_2""]","[""longmemeval_6aeb4375::obs_1::0""]",[],True,2,1,True,False,1,True,False,True,False,True,False,True,False,True,False
primary_contract,consolidation_queue_lite,71315a70,longmemeval_71315a70,False,[pending] lme-hours-spent-abstract-ocean-sculpture (strength 0.70),"[""answer_c44b9df4_2""]","[""longmemeval_71315a70::obs_1::0""]",[],True,2,1,True,False,1,True,False,True,False,True,False,True,False,True,False
primary_contract,consolidation_queue_lite,72e3ee87,longmemeval_72e3ee87,False,[pending] lme-episodes-science-series-completed-crash-course (strength 0.70),"[""answer_d7de9a6a_2""]","[""longmemeval_72e3ee87::obs_1::0""]",[],True,2,1,True,False,1,True,False,True,False,True,False,True,False,True,False
primary_contract,consolidation_queue_lite,7401057b,longmemeval_7401057b,False,[pending] lme-free-night-stays-can-redeem-at-any-hilton-property-accumulated-points (strength 0.70),"[""answer_94650bfa_2""]","[""longmemeval_7401057b::obs_1::0""]",[],True,2,1,True,False,1,True,False,True,False,True,False,True,False,True,False
primary_contract,consolidation_queue_lite,7a87bd0c,longmemeval_7a87bd0c,False,[pending] lme-long-been-sticking-daily-tidying-routine (strength 0.70),"[""answer_d08a934d_2""]","[""longmemeval_7a87bd0c::obs_1::0""]",[],True,2,1,True,False,1,True,False,True,False,True,False,True,False,True,False
primary_contract,consolidation_queue_lite,7e974930,longmemeval_7e974930,False,[pending] lme-much-earn-at-downtown-farmers-market-most-visit (strength 0.70),"[""answer_c9f5693c_2""]","[""longmemeval_7e974930::obs_1::0""]",[],True,2,1,True,False,1,True,False,True,False,True,False,True,False,True,False
primary_contract,consolidation_queue_lite,830ce83f,longmemeval_830ce83f,False,[pending] lme-rachel-move-her-relocation (strength 0.70),"[""answer_0b1a0942_2""]","[""longmemeval_830ce83f::obs_1::0""]",[],True,2,1,True,False,1,True,False,True,False,True,False,True,False,True,False
primary_contract,consolidation_queue_lite,852ce960,longmemeval_852ce960,False,[pending] lme-amount-pre-approved-got-mortgage-wells-fargo (strength 0.70),"[""answer_3a6f1e82_2""]","[""longmemeval_852ce960::obs_1::0""]",[],True,2,1,True,False,1,True,False,True,False,True,False,True,False,True,False
primary_contract,consolidation_queue_lite,89941a93,longmemeval_89941a93,False,[pending] lme-bikes-own (strength 0.70),"[""answer_e1403127_2""]","[""longmemeval_89941a93::obs_1::0""]",[],True,2,1,True,False,1,True,False,True,False,True,False,True,False,True,False
primary_contract,consolidation_queue_lite,89941a94,longmemeval_89941a94,False,[pending] lme-before-purchased-gravel-bike-other-bikes-addition-mountain-bike-commuter-bike (strength 0.70),"[""answer_e1403127_2""]","[""longmemeval_89941a94::obs_1::0""]",[],True,2,1,True,False,1,True,False,True,False,True,False,True,False,True,False
primary_contract,consolidation_queue_lite,8fb83627,longmemeval_8fb83627,False,[pending] lme-issues-national-geographic-finished-reading (strength 0.70),"[""answer_966cecbb_2""]","[""longmemeval_8fb83627::obs_1::0""]",[],True,2,1,True,False,1,True,False,True,False,True,False,True,False,True,False
primary_contract,consolidation_queue_lite,945e3d21,longmemeval_945e3d21,False,[pending] lme-often-attend-yoga-classes-help-anxiety (strength 0.70),"[""answer_6a4f8626_2""]","[""longmemeval_945e3d21::obs_1::0""]",[],True,2,1,True,False,1,True,False,True,False,True,False,True,False,True,False
primary_contract,consolidation_queue_lite,9bbe84a2,longmemeval_9bbe84a2,False,[pending] lme-previous-goal-apex-legends-level-before-updated-goal (strength 0.70),"[""answer_c6a0c6c2_2""]","[""longmemeval_9bbe84a2::obs_1::0""]",[],True,2,1,True,False,1,True,False,True,False,True,False,True,False,True,False
primary_contract,consolidation_queue_lite,9ea5eabc,longmemeval_9ea5eabc,False,[pending] lme-go-most-family-trip (strength 0.70),"[""answer_02e66dec_2""]","[""longmemeval_9ea5eabc::obs_1::0""]",[],True,2,1,True,False,1,True,False,True,False,True,False,True,False,True,False
primary_contract,consolidation_queue_lite,a1eacc2a,longmemeval_a1eacc2a,False,[pending] lme-short-stories-written-since-started-writing-regularly (strength 0.70),"[""answer_0eb23770_2""]","[""longmemeval_a1eacc2a::obs_1::0""]",[],True,2,1,True,False,1,True,False,True,False,True,False,True,False,True,False
primary_contract,consolidation_queue_lite,a2f3aa27,longmemeval_a2f3aa27,False,[pending] lme-followers-instagram-now (strength 0.70),"[""answer_5126c02d_2""]","[""longmemeval_a2f3aa27::obs_1::0""]",[],True,2,1,True,False,1,True,False,True,False,True,False,True,False,True,False
primary_contract,consolidation_queue_lite,affe2881,longmemeval_affe2881,False,[pending] lme-different-species-birds-seen-local-park (strength 0.70),"[""answer_90de9b4d_2""]","[""longmemeval_affe2881::obs_1::0""]",[],True,2,1,True,False,1,True,False,True,False,True,False,True,False,True,False
primary_contract,consolidation_queue_lite,b01defab,longmemeval_b01defab,False,[pending] lme-finish-reading-nightingale-by-kristin-hannah (strength 0.70),"[""answer_8c0712af_2""]","[""longmemeval_b01defab::obs_1::0""]",[],True,2,1,True,False,1,True,False,True,False,True,False,True,False,True,False
primary_contract,consolidation_queue_lite,b6019101,longmemeval_b6019101,False,[pending] lme-mcu-films-watch-last-months (strength 0.70),"[""answer_67074b4b_2""]","[""longmemeval_b6019101::obs_1::0""]",[],True,2,1,True,False,1,True,False,True,False,True,False,True,False,True,False
primary_contract,consolidation_queue_lite,ba61f0b9,longmemeval_ba61f0b9,False,[pending] lme-women-team-led-by-former-manager-rachel (strength 0.70),"[""answer_f377cda7_2""]","[""longmemeval_ba61f0b9::obs_1::0""]",[],True,2,1,True,False,1,True,False,True,False,True,False,True,False,True,False
primary_contract,consolidation_queue_lite,c4ea545c,longmemeval_c4ea545c,False,[pending] lme-go-gym-more-frequently-than-previously (strength 0.70),"[""answer_d3bf812b_2""]","[""longmemeval_c4ea545c::obs_1::0""]",[],True,2,1,True,False,1,True,False,True,False,True,False,True,False,True,False
primary_contract,consolidation_queue_lite,c6853660,longmemeval_c6853660,False,[pending] lme-mostly-increase-or-decrease-limit-number-cups-coffee-morning (strength 0.70),"[""answer_626e93c4_2""]","[""longmemeval_c6853660::obs_1::0""]",[],True,2,1,True,False,1,True,False,True,False,True,False,True,False,True,False
primary_contract,consolidation_queue_lite,c7dc5443,longmemeval_c7dc5443,False,[pending] lme-record-recreational-volleyball-league (strength 0.70),"[""answer_0cdbca92_2""]","[""longmemeval_c7dc5443::obs_1::0""]",[],True,2,1,True,False,1,True,False,True,False,True,False,True,False,True,False
primary_contract,consolidation_queue_lite,cc5ded98,longmemeval_cc5ded98,False,[pending] lme-much-time-dedicate-coding-exercises-each-day (strength 0.70),"[""answer_a5b68517_2""]","[""longmemeval_cc5ded98::obs_1::0""]",[],True,2,1,True,False,1,True,False,True,False,True,False,True,False,True,False
primary_contract,consolidation_queue_lite,ce6d2d27,longmemeval_ce6d2d27,False,[pending] lme-day-week-take-cocktail-making-class (strength 0.70),"[""answer_73540165_2""]","[""longmemeval_ce6d2d27::obs_1::0""]",[],True,2,1,True,False,1,True,False,True,False,True,False,True,False,True,False
primary_contract,consolidation_queue_lite,cf22b7bf,longmemeval_cf22b7bf,False,[pending] lme-much-weight-lost-since-started-going-gym-consistently (strength 0.70),"[""answer_ae3a122b_2""]","[""longmemeval_cf22b7bf::obs_1::0""]",[],True,2,1,True,False,1,True,False,True,False,True,False,True,False,True,False
primary_contract,consolidation_queue_lite,d7c942c3,longmemeval_d7c942c3,False,[pending] lme-mom-using-same-grocery-list-method-as (strength 0.70),"[""answer_eecb10d9_2""]","[""longmemeval_d7c942c3::obs_1::0""]",[],True,2,1,True,False,1,True,False,True,False,True,False,True,False,True,False
primary_contract,consolidation_queue_lite,dad224aa,longmemeval_dad224aa,False,[pending] lme-time-wake-up-saturday-mornings (strength 0.70),"[""answer_4a97ae40_2""]","[""longmemeval_dad224aa::obs_1::0""]",[],True,2,1,True,False,1,True,False,True,False,True,False,True,False,True,False
primary_contract,consolidation_queue_lite,db467c8c,longmemeval_db467c8c,False,[pending] lme-long-parents-been-staying-us (strength 0.70),"[""answer_611b6e83_2""]","[""longmemeval_db467c8c::obs_1::0""]",[],True,2,1,True,False,1,True,False,True,False,True,False,True,False,True,False
primary_contract,consolidation_queue_lite,dfde3500,longmemeval_dfde3500,False,[pending] lme-day-week-meet-previous-language-exchange-tutor-juan (strength 0.70),"[""answer_35d6c0be_2""]","[""longmemeval_dfde3500::obs_1::0""]",[],True,2,1,True,False,1,True,False,True,False,True,False,True,False,True,False
primary_contract,consolidation_queue_lite,e493bb7c,longmemeval_e493bb7c,False,[pending] lme-painting-ethereal-dreams-by-emma-taylor-hanging (strength 0.70),"[""answer_1a374afa_2""]","[""longmemeval_e493bb7c::obs_1::0""]",[],True,2,1,True,False,1,True,False,True,False,True,False,True,False,True,False
primary_contract,consolidation_queue_lite,e61a7584,longmemeval_e61a7584,False,[pending] lme-long-cat-luna (strength 0.70),"[""answer_f25c32f5_2""]","[""longmemeval_e61a7584::obs_1::0""]",[],True,2,1,True,False,1,True,False,True,False,True,False,True,False,True,False
primary_contract,consolidation_queue_lite,e66b632c,longmemeval_e66b632c,False,[pending] lme-previous-personal-best-time-charity-5k-run (strength 0.70),"[""answer_ac0140ce_2""]","[""longmemeval_e66b632c::obs_1::0""]",[],True,2,1,True,False,1,True,False,True,False,True,False,True,False,True,False
primary_contract,consolidation_queue_lite,eace081b,longmemeval_eace081b,False,[pending] lme-planning-stay-birthday-trip-hawaii (strength 0.70),"[""answer_8a791264_2""]","[""longmemeval_eace081b::obs_1::0""]",[],True,2,1,True,False,1,True,False,True,False,True,False,True,False,True,False
primary_contract,consolidation_queue_lite,ed4ddc30,longmemeval_ed4ddc30,False,[pending] lme-dozen-eggs-we-stocked-up-our-refrigerator (strength 0.70),"[""answer_babbaccb_2""]","[""longmemeval_ed4ddc30::obs_1::0""]",[],True,2,1,True,False,1,True,False,True,False,True,False,True,False,True,False
primary_contract,consolidation_queue_lite,f685340e,longmemeval_f685340e,False,[pending] lme-often-play-tennis-friends-at-local-park-previously (strength 0.70),"[""answer_25df025b_2""]","[""longmemeval_f685340e::obs_1::0""]",[],True,2,1,True,False,1,True,False,True,False,True,False,True,False,True,False
primary_contract,consolidation_queue_lite,f9e8c073,longmemeval_f9e8c073,False,[pending] lme-sessions-bereavement-support-group-attend (strength 0.70),"[""answer_b191df5b_2""]","[""longmemeval_f9e8c073::obs_1::0""]",[],True,2,1,True,False,1,True,False,True,False,True,False,True,False,True,False
primary_contract,cq_no_contestation_demotion,01493427,longmemeval_01493427,False,[pending] lme-new-postcards-added-collection-since-started-collecting-again (strength 0.70),"[""answer_a7b44747_2""]","[""longmemeval_01493427::obs_1::0""]",[],True,2,1,True,False,1,True,False,True,False,True,False,True,False,True,False
primary_contract,cq_no_contestation_demotion,031748ae,longmemeval_031748ae,False,[pending] lme-engineers-lead-just-started-new-role-as-senior-software-engineer (strength 0.70),"[""answer_8748f791_2""]","[""longmemeval_031748ae::obs_1::0""]",[],True,2,1,True,False,1,True,False,True,False,True,False,True,False,True,False
primary_contract,cq_no_contestation_demotion,06db6396,longmemeval_06db6396,False,[pending] lme-projects-completed-since-starting-painting-classes (strength 0.70),"[""answer_da72b1b4_2""]","[""longmemeval_06db6396::obs_1::0""]",[],True,2,1,True,False,1,True,False,True,False,True,False,True,False,True,False
primary_contract,cq_no_contestation_demotion,07741c44,longmemeval_07741c44,False,[pending] lme-initially-keep-old-sneakers (strength 0.70),"[""answer_7e9ad7b4_2""]","[""longmemeval_07741c44::obs_1::0""]",[],True,2,1,True,False,1,True,False,True,False,True,False,True,False,True,False
primary_contract,cq_no_contestation_demotion,07741c45,longmemeval_07741c45,False,[pending] lme-keep-old-sneakers (strength 0.70),"[""answer_7e9ad7b4_2""]","[""longmemeval_07741c45::obs_1::0""]",[],True,2,1,True,False,1,True,False,True,False,True,False,True,False,True,False
primary_contract,cq_no_contestation_demotion,08e075c7,longmemeval_08e075c7,False,[pending] lme-long-been-using-fitbit-charge (strength 0.70),"[""answer_cdbe2250_2""]","[""longmemeval_08e075c7::obs_1::0""]",[],True,2,1,True,False,1,True,False,True,False,True,False,True,False,True,False
primary_contract,cq_no_contestation_demotion,0977f2af,longmemeval_0977f2af,False,[pending] lme-new-kitchen-gadget-invest-before-getting-air-fryer (strength 0.70),"[""answer_3bf5b73b_2""]","[""longmemeval_0977f2af::obs_1::0""]",[],True,2,1,True,False,1,True,False,True,False,True,False,True,False,True,False
primary_contract,cq_no_contestation_demotion,0ddfec37,longmemeval_0ddfec37,False,[pending] lme-autographed-baseballs-added-collection-first-three-months-collection (strength 0.70),"[""answer_a22b654d_2""]","[""longmemeval_0ddfec37::obs_1::0""]",[],True,2,1,True,False,1,True,False,True,False,True,False,True,False,True,False
primary_contract,cq_no_contestation_demotion,0e4e4c46,longmemeval_0e4e4c46,False,[pending] lme-highest-score-ticket-ride (strength 0.70),"[""answer_f2f998c7_2""]","[""longmemeval_0e4e4c46::obs_1::0""]",[],True,2,1,True,False,1,True,False,True,False,True,False,True,False,True,False
primary_contract,cq_no_contestation_demotion,0f05491a,longmemeval_0f05491a,False,[pending] lme-stars-need-reach-gold-level-starbucks-rewards-app (strength 0.70),"[""answer_d6d2eba8_2""]","[""longmemeval_0f05491a::obs_1::0""]",[],True,2,1,True,False,1,True,False,True,False,True,False,True,False,True,False
primary_contract,cq_no_contestation_demotion,10e09553,longmemeval_10e09553,False,[pending] lme-largemouth-bass-catch-alex-earlier-fishing-trip-lake-michigan-before-22-trip (strength 0.70),"[""answer_67be2c38_2""]","[""longmemeval_10e09553::obs_1::0""]",[],True,2,1,True,False,1,True,False,True,False,True,False,True,False,True,False
primary_contract,cq_no_contestation_demotion,184da446,longmemeval_184da446,False,[pending] lme-pages-short-history-nearly-everything-read-so-far (strength 0.70),"[""answer_e2f4f947_2""]","[""longmemeval_184da446::obs_1::0""]",[],True,2,1,True,False,1,True,False,True,False,True,False,True,False,True,False
primary_contract,cq_no_contestation_demotion,18bc8abd,longmemeval_18bc8abd,False,[pending] lme-brand-bbq-sauce-obsessed (strength 0.70),"[""answer_fff743f5_2""]","[""longmemeval_18bc8abd::obs_1::0""]",[],True,2,1,True,False,1,True,False,True,False,True,False,True,False,True,False
primary_contract,cq_no_contestation_demotion,1cea1afa,longmemeval_1cea1afa,False,[pending] lme-instagram-followers (strength 0.70),"[""answer_79c395a9_2""]","[""longmemeval_1cea1afa::obs_1::0""]",[],True,2,1,True,False,1,True,False,True,False,True,False,True,False,True,False
primary_contract,cq_no_contestation_demotion,2133c1b5,longmemeval_2133c1b5,False,[pending] lme-long-been-living-apartment-harajuku (strength 0.70),"[""answer_52382508_2""]","[""longmemeval_2133c1b5::obs_1::0""]",[],True,2,1,True,False,1,True,False,True,False,True,False,True,False,True,False
primary_contract,cq_no_contestation_demotion,22d2cb42,longmemeval_22d2cb42,False,[pending] lme-get-guitar-serviced (strength 0.70),"[""answer_bcce0b73_2""]","[""longmemeval_22d2cb42::obs_1::0""]",[],True,2,1,True,False,1,True,False,True,False,True,False,True,False,True,False
primary_contract,cq_no_contestation_demotion,26bdc477,longmemeval_26bdc477,False,[pending] lme-trips-taken-canon-eos-80d-camera (strength 0.70),"[""answer_f762ad8d_2""]","[""longmemeval_26bdc477::obs_1::0""]",[],True,2,1,True,False,1,True,False,True,False,True,False,True,False,True,False
primary_contract,cq_no_contestation_demotion,3ba21379,longmemeval_3ba21379,False,[pending] lme-type-vehicle-model-working (strength 0.70),"[""answer_cd345582_2""]","[""longmemeval_3ba21379::obs_1::0""]",[],True,2,1,True,False,1,True,False,True,False,True,False,True,False,True,False
primary_contract,cq_no_contestation_demotion,41698283,longmemeval_41698283,False,[pending] lme-type-camera-lens-purchase-most (strength 0.70),"[""answer_c7ddc051_2""]","[""longmemeval_41698283::obs_1::0""]",[],True,2,1,True,False,1,True,False,True,False,True,False,True,False,True,False
primary_contract,cq_no_contestation_demotion,42ec0761,longmemeval_42ec0761,False,[pending] lme-spare-screwdriver-opening-up-laptop (strength 0.70),"[""answer_e3892371_2""]","[""longmemeval_42ec0761::obs_1::0""]",[],True,2,1,True,False,1,True,False,True,False,True,False,True,False,True,False
primary_contract,cq_no_contestation_demotion,45dc21b6,longmemeval_45dc21b6,False,[pending] lme-emma-recipes-tried-out (strength 0.70),"[""answer_07664d43_2""]","[""longmemeval_45dc21b6::obs_1::0""]",[],True,2,1,True,False,1,True,False,True,False,True,False,True,False,True,False
primary_contract,cq_no_contestation_demotion,4b24c848,longmemeval_4b24c848,False,[pending] lme-tops-bought-so-far (strength 0.70),"[""answer_2cec623b_2""]","[""longmemeval_4b24c848::obs_1::0""]",[],True,2,1,True,False,1,True,False,True,False,True,False,True,False,True,False
primary_contract,cq_no_contestation_demotion,4d6b87c8,longmemeval_4d6b87c8,False,[pending] lme-titles-watch-list (strength 0.70),"[""answer_766ab8da_2""]","[""longmemeval_4d6b87c8::obs_1::0""]",[],True,2,1,True,False,1,True,False,True,False,True,False,True,False,True,False
primary_contract,cq_no_contestation_demotion,50635ada,longmemeval_50635ada,False,[pending] lme-previous-frequent-flyer-status-united-airlines-before-got-status (strength 0.70),"[""answer_dcd74827_2""]","[""longmemeval_50635ada::obs_1::0""]",[],True,2,1,True,False,1,True,False,True,False,True,False,True,False,True,False
primary_contract,cq_no_contestation_demotion,5831f84d,longmemeval_5831f84d,False,[pending] lme-crash-course-videos-watched-past-few-weeks (strength 0.70),"[""answer_8d63a897_2""]","[""longmemeval_5831f84d::obs_1::0""]",[],True,2,1,True,False,1,True,False,True,False,True,False,True,False,True,False
primary_contract,cq_no_contestation_demotion,59524333,longmemeval_59524333,False,[pending] lme-time-usually-go-gym (strength 0.70),"[""answer_b28f2c7a_2""]","[""longmemeval_59524333::obs_1::0""]",[],True,2,1,True,False,1,True,False,True,False,True,False,True,False,True,False
primary_contract,cq_no_contestation_demotion,5a4f22c0,longmemeval_5a4f22c0,False,[pending] lme-company-rachel-old-colleague-previous-company-working-at (strength 0.70),"[""answer_b0f3dfff_2""]","[""longmemeval_5a4f22c0::obs_1::0""]",[],True,2,1,True,False,1,True,False,True,False,True,False,True,False,True,False
primary_contract,cq_no_contestation_demotion,5c40ec5b,longmemeval_5c40ec5b,False,[pending] lme-times-met-up-alex-germany (strength 0.70),"[""answer_1cb52d0a_2""]","[""longmemeval_5c40ec5b::obs_1::0""]",[],True,2,1,True,False,1,True,False,True,False,True,False,True,False,True,False
primary_contract,cq_no_contestation_demotion,603deb26,longmemeval_603deb26,False,[pending] lme-times-tried-making-negroni-at-home-since-friend-emma-showed-make-it (strength 0.70),"[""answer_8afdebac_2""]","[""longmemeval_603deb26::obs_1::0""]",[],True,2,1,True,False,1,True,False,True,False,True,False,True,False,True,False
primary_contract,cq_no_contestation_demotion,6071bd76,longmemeval_6071bd76,False,[pending] lme-coffee-water-ratio-french-press-switch-more-water-per-tablespoon-coffee-or (strength 0.70),"[""answer_4dac77cb_2""]","[""longmemeval_6071bd76::obs_1::0""]",[],True,2,1,True,False,1,True,False,True,False,True,False,True,False,True,False
primary_contract,cq_no_contestation_demotion,618f13b2,longmemeval_618f13b2,False,[pending] lme-times-worn-new-black-converse-chuck-taylor-all-star-sneakers (strength 0.70),"[""answer_caf5b52e_2""]","[""longmemeval_618f13b2::obs_1::0""]",[],True,2,1,True,False,1,True,False,True,False,True,False,True,False,True,False
primary_contract,cq_no_contestation_demotion,69fee5aa,longmemeval_69fee5aa,False,[pending] lme-pre-1920-american-coins-collection (strength 0.70),"[""answer_d6028d6e_2""]","[""longmemeval_69fee5aa::obs_1::0""]",[],True,2,1,True,False,1,True,False,True,False,True,False,True,False,True,False
primary_contract,cq_no_contestation_demotion,6a1eabeb,longmemeval_6a1eabeb,False,[pending] lme-personal-best-time-charity-5k-run (strength 0.70),"[""answer_a25d4a91_2""]","[""longmemeval_6a1eabeb::obs_1::0""]",[],True,2,1,True,False,1,True,False,True,False,True,False,True,False,True,False
primary_contract,cq_no_contestation_demotion,6a27ffc2,longmemeval_6a27ffc2,False,[pending] lme-videos-corey-schafer-python-programming-series-completed-so-far (strength 0.70),"[""answer_77f32504_2""]","[""longmemeval_6a27ffc2::obs_1::0""]",[],True,2,1,True,False,1,True,False,True,False,True,False,True,False,True,False
primary_contract,cq_no_contestation_demotion,6aeb4375,longmemeval_6aeb4375,False,[pending] lme-korean-restaurants-tried-city (strength 0.70),"[""answer_3f9693b7_2""]","[""longmemeval_6aeb4375::obs_1::0""]",[],True,2,1,True,False,1,True,False,True,False,True,False,True,False,True,False
primary_contract,cq_no_contestation_demotion,71315a70,longmemeval_71315a70,False,[pending] lme-hours-spent-abstract-ocean-sculpture (strength 0.70),"[""answer_c44b9df4_2""]","[""longmemeval_71315a70::obs_1::0""]",[],True,2,1,True,False,1,True,False,True,False,True,False,True,False,True,False
primary_contract,cq_no_contestation_demotion,72e3ee87,longmemeval_72e3ee87,False,[pending] lme-episodes-science-series-completed-crash-course (strength 0.70),"[""answer_d7de9a6a_2""]","[""longmemeval_72e3ee87::obs_1::0""]",[],True,2,1,True,False,1,True,False,True,False,True,False,True,False,True,False
primary_contract,cq_no_contestation_demotion,7401057b,longmemeval_7401057b,False,[pending] lme-free-night-stays-can-redeem-at-any-hilton-property-accumulated-points (strength 0.70),"[""answer_94650bfa_2""]","[""longmemeval_7401057b::obs_1::0""]",[],True,2,1,True,False,1,True,False,True,False,True,False,True,False,True,False
primary_contract,cq_no_contestation_demotion,7a87bd0c,longmemeval_7a87bd0c,False,[pending] lme-long-been-sticking-daily-tidying-routine (strength 0.70),"[""answer_d08a934d_2""]","[""longmemeval_7a87bd0c::obs_1::0""]",[],True,2,1,True,False,1,True,False,True,False,True,False,True,False,True,False
primary_contract,cq_no_contestation_demotion,7e974930,longmemeval_7e974930,False,[pending] lme-much-earn-at-downtown-farmers-market-most-visit (strength 0.70),"[""answer_c9f5693c_2""]","[""longmemeval_7e974930::obs_1::0""]",[],True,2,1,True,False,1,True,False,True,False,True,False,True,False,True,False
primary_contract,cq_no_contestation_demotion,830ce83f,longmemeval_830ce83f,False,[pending] lme-rachel-move-her-relocation (strength 0.70),"[""answer_0b1a0942_2""]","[""longmemeval_830ce83f::obs_1::0""]",[],True,2,1,True,False,1,True,False,True,False,True,False,True,False,True,False
primary_contract,cq_no_contestation_demotion,852ce960,longmemeval_852ce960,False,[pending] lme-amount-pre-approved-got-mortgage-wells-fargo (strength 0.70),"[""answer_3a6f1e82_2""]","[""longmemeval_852ce960::obs_1::0""]",[],True,2,1,True,False,1,True,False,True,False,True,False,True,False,True,False
primary_contract,cq_no_contestation_demotion,89941a93,longmemeval_89941a93,False,[pending] lme-bikes-own (strength 0.70),"[""answer_e1403127_2""]","[""longmemeval_89941a93::obs_1::0""]",[],True,2,1,True,False,1,True,False,True,False,True,False,True,False,True,False
primary_contract,cq_no_contestation_demotion,89941a94,longmemeval_89941a94,False,[pending] lme-before-purchased-gravel-bike-other-bikes-addition-mountain-bike-commuter-bike (strength 0.70),"[""answer_e1403127_2""]","[""longmemeval_89941a94::obs_1::0""]",[],True,2,1,True,False,1,True,False,True,False,True,False,True,False,True,False
primary_contract,cq_no_contestation_demotion,8fb83627,longmemeval_8fb83627,False,[pending] lme-issues-national-geographic-finished-reading (strength 0.70),"[""answer_966cecbb_2""]","[""longmemeval_8fb83627::obs_1::0""]",[],True,2,1,True,False,1,True,False,True,False,True,False,True,False,True,False
primary_contract,cq_no_contestation_demotion,945e3d21,longmemeval_945e3d21,False,[pending] lme-often-attend-yoga-classes-help-anxiety (strength 0.70),"[""answer_6a4f8626_2""]","[""longmemeval_945e3d21::obs_1::0""]",[],True,2,1,True,False,1,True,False,True,False,True,False,True,False,True,False
primary_contract,cq_no_contestation_demotion,9bbe84a2,longmemeval_9bbe84a2,False,[pending] lme-previous-goal-apex-legends-level-before-updated-goal (strength 0.70),"[""answer_c6a0c6c2_2""]","[""longmemeval_9bbe84a2::obs_1::0""]",[],True,2,1,True,False,1,True,False,True,False,True,False,True,False,True,False
primary_contract,cq_no_contestation_demotion,9ea5eabc,longmemeval_9ea5eabc,False,[pending] lme-go-most-family-trip (strength 0.70),"[""answer_02e66dec_2""]","[""longmemeval_9ea5eabc::obs_1::0""]",[],True,2,1,True,False,1,True,False,True,False,True,False,True,False,True,False
primary_contract,cq_no_contestation_demotion,a1eacc2a,longmemeval_a1eacc2a,False,[pending] lme-short-stories-written-since-started-writing-regularly (strength 0.70),"[""answer_0eb23770_2""]","[""longmemeval_a1eacc2a::obs_1::0""]",[],True,2,1,True,False,1,True,False,True,False,True,False,True,False,True,False
primary_contract,cq_no_contestation_demotion,a2f3aa27,longmemeval_a2f3aa27,False,[pending] lme-followers-instagram-now (strength 0.70),"[""answer_5126c02d_2""]","[""longmemeval_a2f3aa27::obs_1::0""]",[],True,2,1,True,False,1,True,False,True,False,True,False,True,False,True,False
primary_contract,cq_no_contestation_demotion,affe2881,longmemeval_affe2881,False,[pending] lme-different-species-birds-seen-local-park (strength 0.70),"[""answer_90de9b4d_2""]","[""longmemeval_affe2881::obs_1::0""]",[],True,2,1,True,False,1,True,False,True,False,True,False,True,False,True,False
primary_contract,cq_no_contestation_demotion,b01defab,longmemeval_b01defab,False,[pending] lme-finish-reading-nightingale-by-kristin-hannah (strength 0.70),"[""answer_8c0712af_2""]","[""longmemeval_b01defab::obs_1::0""]",[],True,2,1,True,False,1,True,False,True,False,True,False,True,False,True,False
primary_contract,cq_no_contestation_demotion,b6019101,longmemeval_b6019101,False,[pending] lme-mcu-films-watch-last-months (strength 0.70),"[""answer_67074b4b_2""]","[""longmemeval_b6019101::obs_1::0""]",[],True,2,1,True,False,1,True,False,True,False,True,False,True,False,True,False
primary_contract,cq_no_contestation_demotion,ba61f0b9,longmemeval_ba61f0b9,False,[pending] lme-women-team-led-by-former-manager-rachel (strength 0.70),"[""answer_f377cda7_2""]","[""longmemeval_ba61f0b9::obs_1::0""]",[],True,2,1,True,False,1,True,False,True,False,True,False,True,False,True,False
primary_contract,cq_no_contestation_demotion,c4ea545c,longmemeval_c4ea545c,False,[pending] lme-go-gym-more-frequently-than-previously (strength 0.70),"[""answer_d3bf812b_2""]","[""longmemeval_c4ea545c::obs_1::0""]",[],True,2,1,True,False,1,True,False,True,False,True,False,True,False,True,False
primary_contract,cq_no_contestation_demotion,c6853660,longmemeval_c6853660,False,[pending] lme-mostly-increase-or-decrease-limit-number-cups-coffee-morning (strength 0.70),"[""answer_626e93c4_2""]","[""longmemeval_c6853660::obs_1::0""]",[],True,2,1,True,False,1,True,False,True,False,True,False,True,False,True,False
primary_contract,cq_no_contestation_demotion,c7dc5443,longmemeval_c7dc5443,False,[pending] lme-record-recreational-volleyball-league (strength 0.70),"[""answer_0cdbca92_2""]","[""longmemeval_c7dc5443::obs_1::0""]",[],True,2,1,True,False,1,True,False,True,False,True,False,True,False,True,False
primary_contract,cq_no_contestation_demotion,cc5ded98,longmemeval_cc5ded98,False,[pending] lme-much-time-dedicate-coding-exercises-each-day (strength 0.70),"[""answer_a5b68517_2""]","[""longmemeval_cc5ded98::obs_1::0""]",[],True,2,1,True,False,1,True,False,True,False,True,False,True,False,True,False
primary_contract,cq_no_contestation_demotion,ce6d2d27,longmemeval_ce6d2d27,False,[pending] lme-day-week-take-cocktail-making-class (strength 0.70),"[""answer_73540165_2""]","[""longmemeval_ce6d2d27::obs_1::0""]",[],True,2,1,True,False,1,True,False,True,False,True,False,True,False,True,False
primary_contract,cq_no_contestation_demotion,cf22b7bf,longmemeval_cf22b7bf,False,[pending] lme-much-weight-lost-since-started-going-gym-consistently (strength 0.70),"[""answer_ae3a122b_2""]","[""longmemeval_cf22b7bf::obs_1::0""]",[],True,2,1,True,False,1,True,False,True,False,True,False,True,False,True,False
primary_contract,cq_no_contestation_demotion,d7c942c3,longmemeval_d7c942c3,False,[pending] lme-mom-using-same-grocery-list-method-as (strength 0.70),"[""answer_eecb10d9_2""]","[""longmemeval_d7c942c3::obs_1::0""]",[],True,2,1,True,False,1,True,False,True,False,True,False,True,False,True,False
primary_contract,cq_no_contestation_demotion,dad224aa,longmemeval_dad224aa,False,[pending] lme-time-wake-up-saturday-mornings (strength 0.70),"[""answer_4a97ae40_2""]","[""longmemeval_dad224aa::obs_1::0""]",[],True,2,1,True,False,1,True,False,True,False,True,False,True,False,True,False
primary_contract,cq_no_contestation_demotion,db467c8c,longmemeval_db467c8c,False,[pending] lme-long-parents-been-staying-us (strength 0.70),"[""answer_611b6e83_2""]","[""longmemeval_db467c8c::obs_1::0""]",[],True,2,1,True,False,1,True,False,True,False,True,False,True,False,True,False
primary_contract,cq_no_contestation_demotion,dfde3500,longmemeval_dfde3500,False,[pending] lme-day-week-meet-previous-language-exchange-tutor-juan (strength 0.70),"[""answer_35d6c0be_2""]","[""longmemeval_dfde3500::obs_1::0""]",[],True,2,1,True,False,1,True,False,True,False,True,False,True,False,True,False
primary_contract,cq_no_contestation_demotion,e493bb7c,longmemeval_e493bb7c,False,[pending] lme-painting-ethereal-dreams-by-emma-taylor-hanging (strength 0.70),"[""answer_1a374afa_2""]","[""longmemeval_e493bb7c::obs_1::0""]",[],True,2,1,True,False,1,True,False,True,False,True,False,True,False,True,False
primary_contract,cq_no_contestation_demotion,e61a7584,longmemeval_e61a7584,False,[pending] lme-long-cat-luna (strength 0.70),"[""answer_f25c32f5_2""]","[""longmemeval_e61a7584::obs_1::0""]",[],True,2,1,True,False,1,True,False,True,False,True,False,True,False,True,False
primary_contract,cq_no_contestation_demotion,e66b632c,longmemeval_e66b632c,False,[pending] lme-previous-personal-best-time-charity-5k-run (strength 0.70),"[""answer_ac0140ce_2""]","[""longmemeval_e66b632c::obs_1::0""]",[],True,2,1,True,False,1,True,False,True,False,True,False,True,False,True,False
primary_contract,cq_no_contestation_demotion,eace081b,longmemeval_eace081b,False,[pending] lme-planning-stay-birthday-trip-hawaii (strength 0.70),"[""answer_8a791264_2""]","[""longmemeval_eace081b::obs_1::0""]",[],True,2,1,True,False,1,True,False,True,False,True,False,True,False,True,False
primary_contract,cq_no_contestation_demotion,ed4ddc30,longmemeval_ed4ddc30,False,[pending] lme-dozen-eggs-we-stocked-up-our-refrigerator (strength 0.70),"[""answer_babbaccb_2""]","[""longmemeval_ed4ddc30::obs_1::0""]",[],True,2,1,True,False,1,True,False,True,False,True,False,True,False,True,False
primary_contract,cq_no_contestation_demotion,f685340e,longmemeval_f685340e,False,[pending] lme-often-play-tennis-friends-at-local-park-previously (strength 0.70),"[""answer_25df025b_2""]","[""longmemeval_f685340e::obs_1::0""]",[],True,2,1,True,False,1,True,False,True,False,True,False,True,False,True,False
primary_contract,cq_no_contestation_demotion,f9e8c073,longmemeval_f9e8c073,False,[pending] lme-sessions-bereavement-support-group-attend (strength 0.70),"[""answer_b191df5b_2""]","[""longmemeval_f9e8c073::obs_1::0""]",[],True,2,1,True,False,1,True,False,True,False,True,False,True,False,True,False
primary_contract,cq_no_wider_scope_pending_override,01493427,longmemeval_01493427,False,[pending] lme-new-postcards-added-collection-since-started-collecting-again (strength 0.70),"[""answer_a7b44747_2""]","[""longmemeval_01493427::obs_1::0""]",[],True,2,1,True,False,1,True,False,True,False,True,False,True,False,True,False
primary_contract,cq_no_wider_scope_pending_override,031748ae,longmemeval_031748ae,False,[pending] lme-engineers-lead-just-started-new-role-as-senior-software-engineer (strength 0.70),"[""answer_8748f791_2""]","[""longmemeval_031748ae::obs_1::0""]",[],True,2,1,True,False,1,True,False,True,False,True,False,True,False,True,False
primary_contract,cq_no_wider_scope_pending_override,06db6396,longmemeval_06db6396,False,[pending] lme-projects-completed-since-starting-painting-classes (strength 0.70),"[""answer_da72b1b4_2""]","[""longmemeval_06db6396::obs_1::0""]",[],True,2,1,True,False,1,True,False,True,False,True,False,True,False,True,False
primary_contract,cq_no_wider_scope_pending_override,07741c44,longmemeval_07741c44,False,[pending] lme-initially-keep-old-sneakers (strength 0.70),"[""answer_7e9ad7b4_2""]","[""longmemeval_07741c44::obs_1::0""]",[],True,2,1,True,False,1,True,False,True,False,True,False,True,False,True,False
primary_contract,cq_no_wider_scope_pending_override,07741c45,longmemeval_07741c45,False,[pending] lme-keep-old-sneakers (strength 0.70),"[""answer_7e9ad7b4_2""]","[""longmemeval_07741c45::obs_1::0""]",[],True,2,1,True,False,1,True,False,True,False,True,False,True,False,True,False
primary_contract,cq_no_wider_scope_pending_override,08e075c7,longmemeval_08e075c7,False,[pending] lme-long-been-using-fitbit-charge (strength 0.70),"[""answer_cdbe2250_2""]","[""longmemeval_08e075c7::obs_1::0""]",[],True,2,1,True,False,1,True,False,True,False,True,False,True,False,True,False
primary_contract,cq_no_wider_scope_pending_override,0977f2af,longmemeval_0977f2af,False,[pending] lme-new-kitchen-gadget-invest-before-getting-air-fryer (strength 0.70),"[""answer_3bf5b73b_2""]","[""longmemeval_0977f2af::obs_1::0""]",[],True,2,1,True,False,1,True,False,True,False,True,False,True,False,True,False
primary_contract,cq_no_wider_scope_pending_override,0ddfec37,longmemeval_0ddfec37,False,[pending] lme-autographed-baseballs-added-collection-first-three-months-collection (strength 0.70),"[""answer_a22b654d_2""]","[""longmemeval_0ddfec37::obs_1::0""]",[],True,2,1,True,False,1,True,False,True,False,True,False,True,False,True,False
primary_contract,cq_no_wider_scope_pending_override,0e4e4c46,longmemeval_0e4e4c46,False,[pending] lme-highest-score-ticket-ride (strength 0.70),"[""answer_f2f998c7_2""]","[""longmemeval_0e4e4c46::obs_1::0""]",[],True,2,1,True,False,1,True,False,True,False,True,False,True,False,True,False
primary_contract,cq_no_wider_scope_pending_override,0f05491a,longmemeval_0f05491a,False,[pending] lme-stars-need-reach-gold-level-starbucks-rewards-app (strength 0.70),"[""answer_d6d2eba8_2""]","[""longmemeval_0f05491a::obs_1::0""]",[],True,2,1,True,False,1,True,False,True,False,True,False,True,False,True,False
primary_contract,cq_no_wider_scope_pending_override,10e09553,longmemeval_10e09553,False,[pending] lme-largemouth-bass-catch-alex-earlier-fishing-trip-lake-michigan-before-22-trip (strength 0.70),"[""answer_67be2c38_2""]","[""longmemeval_10e09553::obs_1::0""]",[],True,2,1,True,False,1,True,False,True,False,True,False,True,False,True,False
primary_contract,cq_no_wider_scope_pending_override,184da446,longmemeval_184da446,False,[pending] lme-pages-short-history-nearly-everything-read-so-far (strength 0.70),"[""answer_e2f4f947_2""]","[""longmemeval_184da446::obs_1::0""]",[],True,2,1,True,False,1,True,False,True,False,True,False,True,False,True,False
primary_contract,cq_no_wider_scope_pending_override,18bc8abd,longmemeval_18bc8abd,False,[pending] lme-brand-bbq-sauce-obsessed (strength 0.70),"[""answer_fff743f5_2""]","[""longmemeval_18bc8abd::obs_1::0""]",[],True,2,1,True,False,1,True,False,True,False,True,False,True,False,True,False
primary_contract,cq_no_wider_scope_pending_override,1cea1afa,longmemeval_1cea1afa,False,[pending] lme-instagram-followers (strength 0.70),"[""answer_79c395a9_2""]","[""longmemeval_1cea1afa::obs_1::0""]",[],True,2,1,True,False,1,True,False,True,False,True,False,True,False,True,False
primary_contract,cq_no_wider_scope_pending_override,2133c1b5,longmemeval_2133c1b5,False,[pending] lme-long-been-living-apartment-harajuku (strength 0.70),"[""answer_52382508_2""]","[""longmemeval_2133c1b5::obs_1::0""]",[],True,2,1,True,False,1,True,False,True,False,True,False,True,False,True,False
primary_contract,cq_no_wider_scope_pending_override,22d2cb42,longmemeval_22d2cb42,False,[pending] lme-get-guitar-serviced (strength 0.70),"[""answer_bcce0b73_2""]","[""longmemeval_22d2cb42::obs_1::0""]",[],True,2,1,True,False,1,True,False,True,False,True,False,True,False,True,False
primary_contract,cq_no_wider_scope_pending_override,26bdc477,longmemeval_26bdc477,False,[pending] lme-trips-taken-canon-eos-80d-camera (strength 0.70),"[""answer_f762ad8d_2""]","[""longmemeval_26bdc477::obs_1::0""]",[],True,2,1,True,False,1,True,False,True,False,True,False,True,False,True,False
primary_contract,cq_no_wider_scope_pending_override,3ba21379,longmemeval_3ba21379,False,[pending] lme-type-vehicle-model-working (strength 0.70),"[""answer_cd345582_2""]","[""longmemeval_3ba21379::obs_1::0""]",[],True,2,1,True,False,1,True,False,True,False,True,False,True,False,True,False
primary_contract,cq_no_wider_scope_pending_override,41698283,longmemeval_41698283,False,[pending] lme-type-camera-lens-purchase-most (strength 0.70),"[""answer_c7ddc051_2""]","[""longmemeval_41698283::obs_1::0""]",[],True,2,1,True,False,1,True,False,True,False,True,False,True,False,True,False
primary_contract,cq_no_wider_scope_pending_override,42ec0761,longmemeval_42ec0761,False,[pending] lme-spare-screwdriver-opening-up-laptop (strength 0.70),"[""answer_e3892371_2""]","[""longmemeval_42ec0761::obs_1::0""]",[],True,2,1,True,False,1,True,False,True,False,True,False,True,False,True,False
primary_contract,cq_no_wider_scope_pending_override,45dc21b6,longmemeval_45dc21b6,False,[pending] lme-emma-recipes-tried-out (strength 0.70),"[""answer_07664d43_2""]","[""longmemeval_45dc21b6::obs_1::0""]",[],True,2,1,True,False,1,True,False,True,False,True,False,True,False,True,False
primary_contract,cq_no_wider_scope_pending_override,4b24c848,longmemeval_4b24c848,False,[pending] lme-tops-bought-so-far (strength 0.70),"[""answer_2cec623b_2""]","[""longmemeval_4b24c848::obs_1::0""]",[],True,2,1,True,False,1,True,False,True,False,True,False,True,False,True,False
primary_contract,cq_no_wider_scope_pending_override,4d6b87c8,longmemeval_4d6b87c8,False,[pending] lme-titles-watch-list (strength 0.70),"[""answer_766ab8da_2""]","[""longmemeval_4d6b87c8::obs_1::0""]",[],True,2,1,True,False,1,True,False,True,False,True,False,True,False,True,False
primary_contract,cq_no_wider_scope_pending_override,50635ada,longmemeval_50635ada,False,[pending] lme-previous-frequent-flyer-status-united-airlines-before-got-status (strength 0.70),"[""answer_dcd74827_2""]","[""longmemeval_50635ada::obs_1::0""]",[],True,2,1,True,False,1,True,False,True,False,True,False,True,False,True,False
primary_contract,cq_no_wider_scope_pending_override,5831f84d,longmemeval_5831f84d,False,[pending] lme-crash-course-videos-watched-past-few-weeks (strength 0.70),"[""answer_8d63a897_2""]","[""longmemeval_5831f84d::obs_1::0""]",[],True,2,1,True,False,1,True,False,True,False,True,False,True,False,True,False
primary_contract,cq_no_wider_scope_pending_override,59524333,longmemeval_59524333,False,[pending] lme-time-usually-go-gym (strength 0.70),"[""answer_b28f2c7a_2""]","[""longmemeval_59524333::obs_1::0""]",[],True,2,1,True,False,1,True,False,True,False,True,False,True,False,True,False
primary_contract,cq_no_wider_scope_pending_override,5a4f22c0,longmemeval_5a4f22c0,False,[pending] lme-company-rachel-old-colleague-previous-company-working-at (strength 0.70),"[""answer_b0f3dfff_2""]","[""longmemeval_5a4f22c0::obs_1::0""]",[],True,2,1,True,False,1,True,False,True,False,True,False,True,False,True,False
primary_contract,cq_no_wider_scope_pending_override,5c40ec5b,longmemeval_5c40ec5b,False,[pending] lme-times-met-up-alex-germany (strength 0.70),"[""answer_1cb52d0a_2""]","[""longmemeval_5c40ec5b::obs_1::0""]",[],True,2,1,True,False,1,True,False,True,False,True,False,True,False,True,False
primary_contract,cq_no_wider_scope_pending_override,603deb26,longmemeval_603deb26,False,[pending] lme-times-tried-making-negroni-at-home-since-friend-emma-showed-make-it (strength 0.70),"[""answer_8afdebac_2""]","[""longmemeval_603deb26::obs_1::0""]",[],True,2,1,True,False,1,True,False,True,False,True,False,True,False,True,False
primary_contract,cq_no_wider_scope_pending_override,6071bd76,longmemeval_6071bd76,False,[pending] lme-coffee-water-ratio-french-press-switch-more-water-per-tablespoon-coffee-or (strength 0.70),"[""answer_4dac77cb_2""]","[""longmemeval_6071bd76::obs_1::0""]",[],True,2,1,True,False,1,True,False,True,False,True,False,True,False,True,False
primary_contract,cq_no_wider_scope_pending_override,618f13b2,longmemeval_618f13b2,False,[pending] lme-times-worn-new-black-converse-chuck-taylor-all-star-sneakers (strength 0.70),"[""answer_caf5b52e_2""]","[""longmemeval_618f13b2::obs_1::0""]",[],True,2,1,True,False,1,True,False,True,False,True,False,True,False,True,False
primary_contract,cq_no_wider_scope_pending_override,69fee5aa,longmemeval_69fee5aa,False,[pending] lme-pre-1920-american-coins-collection (strength 0.70),"[""answer_d6028d6e_2""]","[""longmemeval_69fee5aa::obs_1::0""]",[],True,2,1,True,False,1,True,False,True,False,True,False,True,False,True,False
primary_contract,cq_no_wider_scope_pending_override,6a1eabeb,longmemeval_6a1eabeb,False,[pending] lme-personal-best-time-charity-5k-run (strength 0.70),"[""answer_a25d4a91_2""]","[""longmemeval_6a1eabeb::obs_1::0""]",[],True,2,1,True,False,1,True,False,True,False,True,False,True,False,True,False
primary_contract,cq_no_wider_scope_pending_override,6a27ffc2,longmemeval_6a27ffc2,False,[pending] lme-videos-corey-schafer-python-programming-series-completed-so-far (strength 0.70),"[""answer_77f32504_2""]","[""longmemeval_6a27ffc2::obs_1::0""]",[],True,2,1,True,False,1,True,False,True,False,True,False,True,False,True,False
primary_contract,cq_no_wider_scope_pending_override,6aeb4375,longmemeval_6aeb4375,False,[pending] lme-korean-restaurants-tried-city (strength 0.70),"[""answer_3f9693b7_2""]","[""longmemeval_6aeb4375::obs_1::0""]",[],True,2,1,True,False,1,True,False,True,False,True,False,True,False,True,False
primary_contract,cq_no_wider_scope_pending_override,71315a70,longmemeval_71315a70,False,[pending] lme-hours-spent-abstract-ocean-sculpture (strength 0.70),"[""answer_c44b9df4_2""]","[""longmemeval_71315a70::obs_1::0""]",[],True,2,1,True,False,1,True,False,True,False,True,False,True,False,True,False
primary_contract,cq_no_wider_scope_pending_override,72e3ee87,longmemeval_72e3ee87,False,[pending] lme-episodes-science-series-completed-crash-course (strength 0.70),"[""answer_d7de9a6a_2""]","[""longmemeval_72e3ee87::obs_1::0""]",[],True,2,1,True,False,1,True,False,True,False,True,False,True,False,True,False
primary_contract,cq_no_wider_scope_pending_override,7401057b,longmemeval_7401057b,False,[pending] lme-free-night-stays-can-redeem-at-any-hilton-property-accumulated-points (strength 0.70),"[""answer_94650bfa_2""]","[""longmemeval_7401057b::obs_1::0""]",[],True,2,1,True,False,1,True,False,True,False,True,False,True,False,True,False
primary_contract,cq_no_wider_scope_pending_override,7a87bd0c,longmemeval_7a87bd0c,False,[pending] lme-long-been-sticking-daily-tidying-routine (strength 0.70),"[""answer_d08a934d_2""]","[""longmemeval_7a87bd0c::obs_1::0""]",[],True,2,1,True,False,1,True,False,True,False,True,False,True,False,True,False
primary_contract,cq_no_wider_scope_pending_override,7e974930,longmemeval_7e974930,False,[pending] lme-much-earn-at-downtown-farmers-market-most-visit (strength 0.70),"[""answer_c9f5693c_2""]","[""longmemeval_7e974930::obs_1::0""]",[],True,2,1,True,False,1,True,False,True,False,True,False,True,False,True,False
primary_contract,cq_no_wider_scope_pending_override,830ce83f,longmemeval_830ce83f,False,[pending] lme-rachel-move-her-relocation (strength 0.70),"[""answer_0b1a0942_2""]","[""longmemeval_830ce83f::obs_1::0""]",[],True,2,1,True,False,1,True,False,True,False,True,False,True,False,True,False
primary_contract,cq_no_wider_scope_pending_override,852ce960,longmemeval_852ce960,False,[pending] lme-amount-pre-approved-got-mortgage-wells-fargo (strength 0.70),"[""answer_3a6f1e82_2""]","[""longmemeval_852ce960::obs_1::0""]",[],True,2,1,True,False,1,True,False,True,False,True,False,True,False,True,False
primary_contract,cq_no_wider_scope_pending_override,89941a93,longmemeval_89941a93,False,[pending] lme-bikes-own (strength 0.70),"[""answer_e1403127_2""]","[""longmemeval_89941a93::obs_1::0""]",[],True,2,1,True,False,1,True,False,True,False,True,False,True,False,True,False
primary_contract,cq_no_wider_scope_pending_override,89941a94,longmemeval_89941a94,False,[pending] lme-before-purchased-gravel-bike-other-bikes-addition-mountain-bike-commuter-bike (strength 0.70),"[""answer_e1403127_2""]","[""longmemeval_89941a94::obs_1::0""]",[],True,2,1,True,False,1,True,False,True,False,True,False,True,False,True,False
primary_contract,cq_no_wider_scope_pending_override,8fb83627,longmemeval_8fb83627,False,[pending] lme-issues-national-geographic-finished-reading (strength 0.70),"[""answer_966cecbb_2""]","[""longmemeval_8fb83627::obs_1::0""]",[],True,2,1,True,False,1,True,False,True,False,True,False,True,False,True,False
primary_contract,cq_no_wider_scope_pending_override,945e3d21,longmemeval_945e3d21,False,[pending] lme-often-attend-yoga-classes-help-anxiety (strength 0.70),"[""answer_6a4f8626_2""]","[""longmemeval_945e3d21::obs_1::0""]",[],True,2,1,True,False,1,True,False,True,False,True,False,True,False,True,False
primary_contract,cq_no_wider_scope_pending_override,9bbe84a2,longmemeval_9bbe84a2,False,[pending] lme-previous-goal-apex-legends-level-before-updated-goal (strength 0.70),"[""answer_c6a0c6c2_2""]","[""longmemeval_9bbe84a2::obs_1::0""]",[],True,2,1,True,False,1,True,False,True,False,True,False,True,False,True,False
primary_contract,cq_no_wider_scope_pending_override,9ea5eabc,longmemeval_9ea5eabc,False,[pending] lme-go-most-family-trip (strength 0.70),"[""answer_02e66dec_2""]","[""longmemeval_9ea5eabc::obs_1::0""]",[],True,2,1,True,False,1,True,False,True,False,True,False,True,False,True,False
primary_contract,cq_no_wider_scope_pending_override,a1eacc2a,longmemeval_a1eacc2a,False,[pending] lme-short-stories-written-since-started-writing-regularly (strength 0.70),"[""answer_0eb23770_2""]","[""longmemeval_a1eacc2a::obs_1::0""]",[],True,2,1,True,False,1,True,False,True,False,True,False,True,False,True,False
primary_contract,cq_no_wider_scope_pending_override,a2f3aa27,longmemeval_a2f3aa27,False,[pending] lme-followers-instagram-now (strength 0.70),"[""answer_5126c02d_2""]","[""longmemeval_a2f3aa27::obs_1::0""]",[],True,2,1,True,False,1,True,False,True,False,True,False,True,False,True,False
primary_contract,cq_no_wider_scope_pending_override,affe2881,longmemeval_affe2881,False,[pending] lme-different-species-birds-seen-local-park (strength 0.70),"[""answer_90de9b4d_2""]","[""longmemeval_affe2881::obs_1::0""]",[],True,2,1,True,False,1,True,False,True,False,True,False,True,False,True,False
primary_contract,cq_no_wider_scope_pending_override,b01defab,longmemeval_b01defab,False,[pending] lme-finish-reading-nightingale-by-kristin-hannah (strength 0.70),"[""answer_8c0712af_2""]","[""longmemeval_b01defab::obs_1::0""]",[],True,2,1,True,False,1,True,False,True,False,True,False,True,False,True,False
primary_contract,cq_no_wider_scope_pending_override,b6019101,longmemeval_b6019101,False,[pending] lme-mcu-films-watch-last-months (strength 0.70),"[""answer_67074b4b_2""]","[""longmemeval_b6019101::obs_1::0""]",[],True,2,1,True,False,1,True,False,True,False,True,False,True,False,True,False
primary_contract,cq_no_wider_scope_pending_override,ba61f0b9,longmemeval_ba61f0b9,False,[pending] lme-women-team-led-by-former-manager-rachel (strength 0.70),"[""answer_f377cda7_2""]","[""longmemeval_ba61f0b9::obs_1::0""]",[],True,2,1,True,False,1,True,False,True,False,True,False,True,False,True,False
primary_contract,cq_no_wider_scope_pending_override,c4ea545c,longmemeval_c4ea545c,False,[pending] lme-go-gym-more-frequently-than-previously (strength 0.70),"[""answer_d3bf812b_2""]","[""longmemeval_c4ea545c::obs_1::0""]",[],True,2,1,True,False,1,True,False,True,False,True,False,True,False,True,False
primary_contract,cq_no_wider_scope_pending_override,c6853660,longmemeval_c6853660,False,[pending] lme-mostly-increase-or-decrease-limit-number-cups-coffee-morning (strength 0.70),"[""answer_626e93c4_2""]","[""longmemeval_c6853660::obs_1::0""]",[],True,2,1,True,False,1,True,False,True,False,True,False,True,False,True,False
primary_contract,cq_no_wider_scope_pending_override,c7dc5443,longmemeval_c7dc5443,False,[pending] lme-record-recreational-volleyball-league (strength 0.70),"[""answer_0cdbca92_2""]","[""longmemeval_c7dc5443::obs_1::0""]",[],True,2,1,True,False,1,True,False,True,False,True,False,True,False,True,False
primary_contract,cq_no_wider_scope_pending_override,cc5ded98,longmemeval_cc5ded98,False,[pending] lme-much-time-dedicate-coding-exercises-each-day (strength 0.70),"[""answer_a5b68517_2""]","[""longmemeval_cc5ded98::obs_1::0""]",[],True,2,1,True,False,1,True,False,True,False,True,False,True,False,True,False
primary_contract,cq_no_wider_scope_pending_override,ce6d2d27,longmemeval_ce6d2d27,False,[pending] lme-day-week-take-cocktail-making-class (strength 0.70),"[""answer_73540165_2""]","[""longmemeval_ce6d2d27::obs_1::0""]",[],True,2,1,True,False,1,True,False,True,False,True,False,True,False,True,False
primary_contract,cq_no_wider_scope_pending_override,cf22b7bf,longmemeval_cf22b7bf,False,[pending] lme-much-weight-lost-since-started-going-gym-consistently (strength 0.70),"[""answer_ae3a122b_2""]","[""longmemeval_cf22b7bf::obs_1::0""]",[],True,2,1,True,False,1,True,False,True,False,True,False,True,False,True,False
primary_contract,cq_no_wider_scope_pending_override,d7c942c3,longmemeval_d7c942c3,False,[pending] lme-mom-using-same-grocery-list-method-as (strength 0.70),"[""answer_eecb10d9_2""]","[""longmemeval_d7c942c3::obs_1::0""]",[],True,2,1,True,False,1,True,False,True,False,True,False,True,False,True,False
primary_contract,cq_no_wider_scope_pending_override,dad224aa,longmemeval_dad224aa,False,[pending] lme-time-wake-up-saturday-mornings (strength 0.70),"[""answer_4a97ae40_2""]","[""longmemeval_dad224aa::obs_1::0""]",[],True,2,1,True,False,1,True,False,True,False,True,False,True,False,True,False
primary_contract,cq_no_wider_scope_pending_override,db467c8c,longmemeval_db467c8c,False,[pending] lme-long-parents-been-staying-us (strength 0.70),"[""answer_611b6e83_2""]","[""longmemeval_db467c8c::obs_1::0""]",[],True,2,1,True,False,1,True,False,True,False,True,False,True,False,True,False
primary_contract,cq_no_wider_scope_pending_override,dfde3500,longmemeval_dfde3500,False,[pending] lme-day-week-meet-previous-language-exchange-tutor-juan (strength 0.70),"[""answer_35d6c0be_2""]","[""longmemeval_dfde3500::obs_1::0""]",[],True,2,1,True,False,1,True,False,True,False,True,False,True,False,True,False
primary_contract,cq_no_wider_scope_pending_override,e493bb7c,longmemeval_e493bb7c,False,[pending] lme-painting-ethereal-dreams-by-emma-taylor-hanging (strength 0.70),"[""answer_1a374afa_2""]","[""longmemeval_e493bb7c::obs_1::0""]",[],True,2,1,True,False,1,True,False,True,False,True,False,True,False,True,False
primary_contract,cq_no_wider_scope_pending_override,e61a7584,longmemeval_e61a7584,False,[pending] lme-long-cat-luna (strength 0.70),"[""answer_f25c32f5_2""]","[""longmemeval_e61a7584::obs_1::0""]",[],True,2,1,True,False,1,True,False,True,False,True,False,True,False,True,False
primary_contract,cq_no_wider_scope_pending_override,e66b632c,longmemeval_e66b632c,False,[pending] lme-previous-personal-best-time-charity-5k-run (strength 0.70),"[""answer_ac0140ce_2""]","[""longmemeval_e66b632c::obs_1::0""]",[],True,2,1,True,False,1,True,False,True,False,True,False,True,False,True,False
primary_contract,cq_no_wider_scope_pending_override,eace081b,longmemeval_eace081b,False,[pending] lme-planning-stay-birthday-trip-hawaii (strength 0.70),"[""answer_8a791264_2""]","[""longmemeval_eace081b::obs_1::0""]",[],True,2,1,True,False,1,True,False,True,False,True,False,True,False,True,False
primary_contract,cq_no_wider_scope_pending_override,ed4ddc30,longmemeval_ed4ddc30,False,[pending] lme-dozen-eggs-we-stocked-up-our-refrigerator (strength 0.70),"[""answer_babbaccb_2""]","[""longmemeval_ed4ddc30::obs_1::0""]",[],True,2,1,True,False,1,True,False,True,False,True,False,True,False,True,False
primary_contract,cq_no_wider_scope_pending_override,f685340e,longmemeval_f685340e,False,[pending] lme-often-play-tennis-friends-at-local-park-previously (strength 0.70),"[""answer_25df025b_2""]","[""longmemeval_f685340e::obs_1::0""]",[],True,2,1,True,False,1,True,False,True,False,True,False,True,False,True,False
primary_contract,cq_no_wider_scope_pending_override,f9e8c073,longmemeval_f9e8c073,False,[pending] lme-sessions-bereavement-support-group-attend (strength 0.70),"[""answer_b191df5b_2""]","[""longmemeval_f9e8c073::obs_1::0""]",[],True,2,1,True,False,1,True,False,True,False,True,False,True,False,True,False
primary_contract,cq_no_pending_lookup_use,01493427,longmemeval_01493427,False,No usable memory available.,[],[],[],False,2,0,False,False,,False,False,False,False,False,False,False,False,False,False
primary_contract,cq_no_pending_lookup_use,031748ae,longmemeval_031748ae,False,No usable memory available.,[],[],[],False,2,0,False,False,,False,False,False,False,False,False,False,False,False,False
primary_contract,cq_no_pending_lookup_use,06db6396,longmemeval_06db6396,False,No usable memory available.,[],[],[],False,2,0,False,False,,False,False,False,False,False,False,False,False,False,False
primary_contract,cq_no_pending_lookup_use,07741c44,longmemeval_07741c44,False,No usable memory available.,[],[],[],False,2,0,False,False,,False,False,False,False,False,False,False,False,False,False
primary_contract,cq_no_pending_lookup_use,07741c45,longmemeval_07741c45,False,No usable memory available.,[],[],[],False,2,0,False,False,,False,False,False,False,False,False,False,False,False,False
primary_contract,cq_no_pending_lookup_use,08e075c7,longmemeval_08e075c7,False,No usable memory available.,[],[],[],False,2,0,False,False,,False,False,False,False,False,False,False,False,False,False
primary_contract,cq_no_pending_lookup_use,0977f2af,longmemeval_0977f2af,False,No usable memory available.,[],[],[],False,2,0,False,False,,False,False,False,False,False,False,False,False,False,False
primary_contract,cq_no_pending_lookup_use,0ddfec37,longmemeval_0ddfec37,False,No usable memory available.,[],[],[],False,2,0,False,False,,False,False,False,False,False,False,False,False,False,False
primary_contract,cq_no_pending_lookup_use,0e4e4c46,longmemeval_0e4e4c46,False,No usable memory available.,[],[],[],False,2,0,False,False,,False,False,False,False,False,False,False,False,False,False
primary_contract,cq_no_pending_lookup_use,0f05491a,longmemeval_0f05491a,False,No usable memory available.,[],[],[],False,2,0,False,False,,False,False,False,False,False,False,False,False,False,False
primary_contract,cq_no_pending_lookup_use,10e09553,longmemeval_10e09553,False,No usable memory available.,[],[],[],False,2,0,False,False,,False,False,False,False,False,False,False,False,False,False
primary_contract,cq_no_pending_lookup_use,184da446,longmemeval_184da446,False,No usable memory available.,[],[],[],False,2,0,False,False,,False,False,False,False,False,False,False,False,False,False
primary_contract,cq_no_pending_lookup_use,18bc8abd,longmemeval_18bc8abd,False,No usable memory available.,[],[],[],False,2,0,False,False,,False,False,False,False,False,False,False,False,False,False
primary_contract,cq_no_pending_lookup_use,1cea1afa,longmemeval_1cea1afa,False,No usable memory available.,[],[],[],False,2,0,False,False,,False,False,False,False,False,False,False,False,False,False
primary_contract,cq_no_pending_lookup_use,2133c1b5,longmemeval_2133c1b5,False,No usable memory available.,[],[],[],False,2,0,False,False,,False,False,False,False,False,False,False,False,False,False
primary_contract,cq_no_pending_lookup_use,22d2cb42,longmemeval_22d2cb42,False,No usable memory available.,[],[],[],False,2,0,False,False,,False,False,False,False,False,False,False,False,False,False
primary_contract,cq_no_pending_lookup_use,26bdc477,longmemeval_26bdc477,False,No usable memory available.,[],[],[],False,2,0,False,False,,False,False,False,False,False,False,False,False,False,False
primary_contract,cq_no_pending_lookup_use,3ba21379,longmemeval_3ba21379,False,No usable memory available.,[],[],[],False,2,0,False,False,,False,False,False,False,False,False,False,False,False,False
primary_contract,cq_no_pending_lookup_use,41698283,longmemeval_41698283,False,No usable memory available.,[],[],[],False,2,0,False,False,,False,False,False,False,False,False,False,False,False,False
primary_contract,cq_no_pending_lookup_use,42ec0761,longmemeval_42ec0761,False,No usable memory available.,[],[],[],False,2,0,False,False,,False,False,False,False,False,False,False,False,False,False
primary_contract,cq_no_pending_lookup_use,45dc21b6,longmemeval_45dc21b6,False,No usable memory available.,[],[],[],False,2,0,False,False,,False,False,False,False,False,False,False,False,False,False
primary_contract,cq_no_pending_lookup_use,4b24c848,longmemeval_4b24c848,False,No usable memory available.,[],[],[],False,2,0,False,False,,False,False,False,False,False,False,False,False,False,False
primary_contract,cq_no_pending_lookup_use,4d6b87c8,longmemeval_4d6b87c8,False,No usable memory available.,[],[],[],False,2,0,False,False,,False,False,False,False,False,False,False,False,False,False
primary_contract,cq_no_pending_lookup_use,50635ada,longmemeval_50635ada,False,No usable memory available.,[],[],[],False,2,0,False,False,,False,False,False,False,False,False,False,False,False,False
primary_contract,cq_no_pending_lookup_use,5831f84d,longmemeval_5831f84d,False,No usable memory available.,[],[],[],False,2,0,False,False,,False,False,False,False,False,False,False,False,False,False
primary_contract,cq_no_pending_lookup_use,59524333,longmemeval_59524333,False,No usable memory available.,[],[],[],False,2,0,False,False,,False,False,False,False,False,False,False,False,False,False
primary_contract,cq_no_pending_lookup_use,5a4f22c0,longmemeval_5a4f22c0,False,No usable memory available.,[],[],[],False,2,0,False,False,,False,False,False,False,False,False,False,False,False,False
primary_contract,cq_no_pending_lookup_use,5c40ec5b,longmemeval_5c40ec5b,False,No usable memory available.,[],[],[],False,2,0,False,False,,False,False,False,False,False,False,False,False,False,False
primary_contract,cq_no_pending_lookup_use,603deb26,longmemeval_603deb26,False,No usable memory available.,[],[],[],False,2,0,False,False,,False,False,False,False,False,False,False,False,False,False
primary_contract,cq_no_pending_lookup_use,6071bd76,longmemeval_6071bd76,False,No usable memory available.,[],[],[],False,2,0,False,False,,False,False,False,False,False,False,False,False,False,False
primary_contract,cq_no_pending_lookup_use,618f13b2,longmemeval_618f13b2,False,No usable memory available.,[],[],[],False,2,0,False,False,,False,False,False,False,False,False,False,False,False,False
primary_contract,cq_no_pending_lookup_use,69fee5aa,longmemeval_69fee5aa,False,No usable memory available.,[],[],[],False,2,0,False,False,,False,False,False,False,False,False,False,False,False,False
primary_contract,cq_no_pending_lookup_use,6a1eabeb,longmemeval_6a1eabeb,False,No usable memory available.,[],[],[],False,2,0,False,False,,False,False,False,False,False,False,False,False,False,False
primary_contract,cq_no_pending_lookup_use,6a27ffc2,longmemeval_6a27ffc2,False,No usable memory available.,[],[],[],False,2,0,False,False,,False,False,False,False,False,False,False,False,False,False
primary_contract,cq_no_pending_lookup_use,6aeb4375,longmemeval_6aeb4375,False,No usable memory available.,[],[],[],False,2,0,False,False,,False,False,False,False,False,False,False,False,False,False
primary_contract,cq_no_pending_lookup_use,71315a70,longmemeval_71315a70,False,No usable memory available.,[],[],[],False,2,0,False,False,,False,False,False,False,False,False,False,False,False,False
primary_contract,cq_no_pending_lookup_use,72e3ee87,longmemeval_72e3ee87,False,No usable memory available.,[],[],[],False,2,0,False,False,,False,False,False,False,False,False,False,False,False,False
primary_contract,cq_no_pending_lookup_use,7401057b,longmemeval_7401057b,False,No usable memory available.,[],[],[],False,2,0,False,False,,False,False,False,False,False,False,False,False,False,False
primary_contract,cq_no_pending_lookup_use,7a87bd0c,longmemeval_7a87bd0c,False,No usable memory available.,[],[],[],False,2,0,False,False,,False,False,False,False,False,False,False,False,False,False
primary_contract,cq_no_pending_lookup_use,7e974930,longmemeval_7e974930,False,No usable memory available.,[],[],[],False,2,0,False,False,,False,False,False,False,False,False,False,False,False,False
primary_contract,cq_no_pending_lookup_use,830ce83f,longmemeval_830ce83f,False,No usable memory available.,[],[],[],False,2,0,False,False,,False,False,False,False,False,False,False,False,False,False
primary_contract,cq_no_pending_lookup_use,852ce960,longmemeval_852ce960,False,No usable memory available.,[],[],[],False,2,0,False,False,,False,False,False,False,False,False,False,False,False,False
primary_contract,cq_no_pending_lookup_use,89941a93,longmemeval_89941a93,False,No usable memory available.,[],[],[],False,2,0,False,False,,False,False,False,False,False,False,False,False,False,False
primary_contract,cq_no_pending_lookup_use,89941a94,longmemeval_89941a94,False,No usable memory available.,[],[],[],False,2,0,False,False,,False,False,False,False,False,False,False,False,False,False
primary_contract,cq_no_pending_lookup_use,8fb83627,longmemeval_8fb83627,False,No usable memory available.,[],[],[],False,2,0,False,False,,False,False,False,False,False,False,False,False,False,False
primary_contract,cq_no_pending_lookup_use,945e3d21,longmemeval_945e3d21,False,No usable memory available.,[],[],[],False,2,0,False,False,,False,False,False,False,False,False,False,False,False,False
primary_contract,cq_no_pending_lookup_use,9bbe84a2,longmemeval_9bbe84a2,False,No usable memory available.,[],[],[],False,2,0,False,False,,False,False,False,False,False,False,False,False,False,False
primary_contract,cq_no_pending_lookup_use,9ea5eabc,longmemeval_9ea5eabc,False,No usable memory available.,[],[],[],False,2,0,False,False,,False,False,False,False,False,False,False,False,False,False
primary_contract,cq_no_pending_lookup_use,a1eacc2a,longmemeval_a1eacc2a,False,No usable memory available.,[],[],[],False,2,0,False,False,,False,False,False,False,False,False,False,False,False,False
primary_contract,cq_no_pending_lookup_use,a2f3aa27,longmemeval_a2f3aa27,False,No usable memory available.,[],[],[],False,2,0,False,False,,False,False,False,False,False,False,False,False,False,False
primary_contract,cq_no_pending_lookup_use,affe2881,longmemeval_affe2881,False,No usable memory available.,[],[],[],False,2,0,False,False,,False,False,False,False,False,False,False,False,False,False
primary_contract,cq_no_pending_lookup_use,b01defab,longmemeval_b01defab,False,No usable memory available.,[],[],[],False,2,0,False,False,,False,False,False,False,False,False,False,False,False,False
primary_contract,cq_no_pending_lookup_use,b6019101,longmemeval_b6019101,False,No usable memory available.,[],[],[],False,2,0,False,False,,False,False,False,False,False,False,False,False,False,False
primary_contract,cq_no_pending_lookup_use,ba61f0b9,longmemeval_ba61f0b9,False,No usable memory available.,[],[],[],False,2,0,False,False,,False,False,False,False,False,False,False,False,False,False
primary_contract,cq_no_pending_lookup_use,c4ea545c,longmemeval_c4ea545c,False,No usable memory available.,[],[],[],False,2,0,False,False,,False,False,False,False,False,False,False,False,False,False
primary_contract,cq_no_pending_lookup_use,c6853660,longmemeval_c6853660,False,No usable memory available.,[],[],[],False,2,0,False,False,,False,False,False,False,False,False,False,False,False,False
primary_contract,cq_no_pending_lookup_use,c7dc5443,longmemeval_c7dc5443,False,No usable memory available.,[],[],[],False,2,0,False,False,,False,False,False,False,False,False,False,False,False,False
primary_contract,cq_no_pending_lookup_use,cc5ded98,longmemeval_cc5ded98,False,No usable memory available.,[],[],[],False,2,0,False,False,,False,False,False,False,False,False,False,False,False,False
primary_contract,cq_no_pending_lookup_use,ce6d2d27,longmemeval_ce6d2d27,False,No usable memory available.,[],[],[],False,2,0,False,False,,False,False,False,False,False,False,False,False,False,False
primary_contract,cq_no_pending_lookup_use,cf22b7bf,longmemeval_cf22b7bf,False,No usable memory available.,[],[],[],False,2,0,False,False,,False,False,False,False,False,False,False,False,False,False
primary_contract,cq_no_pending_lookup_use,d7c942c3,longmemeval_d7c942c3,False,No usable memory available.,[],[],[],False,2,0,False,False,,False,False,False,False,False,False,False,False,False,False
primary_contract,cq_no_pending_lookup_use,dad224aa,longmemeval_dad224aa,False,No usable memory available.,[],[],[],False,2,0,False,False,,False,False,False,False,False,False,False,False,False,False
primary_contract,cq_no_pending_lookup_use,db467c8c,longmemeval_db467c8c,False,No usable memory available.,[],[],[],False,2,0,False,False,,False,False,False,False,False,False,False,False,False,False
primary_contract,cq_no_pending_lookup_use,dfde3500,longmemeval_dfde3500,False,No usable memory available.,[],[],[],False,2,0,False,False,,False,False,False,False,False,False,False,False,False,False
primary_contract,cq_no_pending_lookup_use,e493bb7c,longmemeval_e493bb7c,False,No usable memory available.,[],[],[],False,2,0,False,False,,False,False,False,False,False,False,False,False,False,False
primary_contract,cq_no_pending_lookup_use,e61a7584,longmemeval_e61a7584,False,No usable memory available.,[],[],[],False,2,0,False,False,,False,False,False,False,False,False,False,False,False,False
primary_contract,cq_no_pending_lookup_use,e66b632c,longmemeval_e66b632c,False,No usable memory available.,[],[],[],False,2,0,False,False,,False,False,False,False,False,False,False,False,False,False
primary_contract,cq_no_pending_lookup_use,eace081b,longmemeval_eace081b,False,No usable memory available.,[],[],[],False,2,0,False,False,,False,False,False,False,False,False,False,False,False,False
primary_contract,cq_no_pending_lookup_use,ed4ddc30,longmemeval_ed4ddc30,False,No usable memory available.,[],[],[],False,2,0,False,False,,False,False,False,False,False,False,False,False,False,False
primary_contract,cq_no_pending_lookup_use,f685340e,longmemeval_f685340e,False,No usable memory available.,[],[],[],False,2,0,False,False,,False,False,False,False,False,False,False,False,False,False
primary_contract,cq_no_pending_lookup_use,f9e8c073,longmemeval_f9e8c073,False,No usable memory available.,[],[],[],False,2,0,False,False,,False,False,False,False,False,False,False,False,False,False
primary_contract,cq_no_source_independence_gate,01493427,longmemeval_01493427,False,[pending] lme-new-postcards-added-collection-since-started-collecting-again (strength 0.70),"[""answer_a7b44747_2""]","[""longmemeval_01493427::obs_1::0""]",[],True,2,1,True,False,1,True,False,True,False,True,False,True,False,True,False
primary_contract,cq_no_source_independence_gate,031748ae,longmemeval_031748ae,False,[pending] lme-engineers-lead-just-started-new-role-as-senior-software-engineer (strength 0.70),"[""answer_8748f791_2""]","[""longmemeval_031748ae::obs_1::0""]",[],True,2,1,True,False,1,True,False,True,False,True,False,True,False,True,False
primary_contract,cq_no_source_independence_gate,06db6396,longmemeval_06db6396,False,[pending] lme-projects-completed-since-starting-painting-classes (strength 0.70),"[""answer_da72b1b4_2""]","[""longmemeval_06db6396::obs_1::0""]",[],True,2,1,True,False,1,True,False,True,False,True,False,True,False,True,False
primary_contract,cq_no_source_independence_gate,07741c44,longmemeval_07741c44,False,[pending] lme-initially-keep-old-sneakers (strength 0.70),"[""answer_7e9ad7b4_2""]","[""longmemeval_07741c44::obs_1::0""]",[],True,2,1,True,False,1,True,False,True,False,True,False,True,False,True,False
primary_contract,cq_no_source_independence_gate,07741c45,longmemeval_07741c45,False,[pending] lme-keep-old-sneakers (strength 0.70),"[""answer_7e9ad7b4_2""]","[""longmemeval_07741c45::obs_1::0""]",[],True,2,1,True,False,1,True,False,True,False,True,False,True,False,True,False
primary_contract,cq_no_source_independence_gate,08e075c7,longmemeval_08e075c7,False,[pending] lme-long-been-using-fitbit-charge (strength 0.70),"[""answer_cdbe2250_2""]","[""longmemeval_08e075c7::obs_1::0""]",[],True,2,1,True,False,1,True,False,True,False,True,False,True,False,True,False
primary_contract,cq_no_source_independence_gate,0977f2af,longmemeval_0977f2af,False,[pending] lme-new-kitchen-gadget-invest-before-getting-air-fryer (strength 0.70),"[""answer_3bf5b73b_2""]","[""longmemeval_0977f2af::obs_1::0""]",[],True,2,1,True,False,1,True,False,True,False,True,False,True,False,True,False
primary_contract,cq_no_source_independence_gate,0ddfec37,longmemeval_0ddfec37,False,[pending] lme-autographed-baseballs-added-collection-first-three-months-collection (strength 0.70),"[""answer_a22b654d_2""]","[""longmemeval_0ddfec37::obs_1::0""]",[],True,2,1,True,False,1,True,False,True,False,True,False,True,False,True,False
primary_contract,cq_no_source_independence_gate,0e4e4c46,longmemeval_0e4e4c46,False,[pending] lme-highest-score-ticket-ride (strength 0.70),"[""answer_f2f998c7_2""]","[""longmemeval_0e4e4c46::obs_1::0""]",[],True,2,1,True,False,1,True,False,True,False,True,False,True,False,True,False
primary_contract,cq_no_source_independence_gate,0f05491a,longmemeval_0f05491a,False,[pending] lme-stars-need-reach-gold-level-starbucks-rewards-app (strength 0.70),"[""answer_d6d2eba8_2""]","[""longmemeval_0f05491a::obs_1::0""]",[],True,2,1,True,False,1,True,False,True,False,True,False,True,False,True,False
primary_contract,cq_no_source_independence_gate,10e09553,longmemeval_10e09553,False,[pending] lme-largemouth-bass-catch-alex-earlier-fishing-trip-lake-michigan-before-22-trip (strength 0.70),"[""answer_67be2c38_2""]","[""longmemeval_10e09553::obs_1::0""]",[],True,2,1,True,False,1,True,False,True,False,True,False,True,False,True,False
primary_contract,cq_no_source_independence_gate,184da446,longmemeval_184da446,False,[pending] lme-pages-short-history-nearly-everything-read-so-far (strength 0.70),"[""answer_e2f4f947_2""]","[""longmemeval_184da446::obs_1::0""]",[],True,2,1,True,False,1,True,False,True,False,True,False,True,False,True,False
primary_contract,cq_no_source_independence_gate,18bc8abd,longmemeval_18bc8abd,False,[pending] lme-brand-bbq-sauce-obsessed (strength 0.70),"[""answer_fff743f5_2""]","[""longmemeval_18bc8abd::obs_1::0""]",[],True,2,1,True,False,1,True,False,True,False,True,False,True,False,True,False
primary_contract,cq_no_source_independence_gate,1cea1afa,longmemeval_1cea1afa,False,[pending] lme-instagram-followers (strength 0.70),"[""answer_79c395a9_2""]","[""longmemeval_1cea1afa::obs_1::0""]",[],True,2,1,True,False,1,True,False,True,False,True,False,True,False,True,False
primary_contract,cq_no_source_independence_gate,2133c1b5,longmemeval_2133c1b5,False,[pending] lme-long-been-living-apartment-harajuku (strength 0.70),"[""answer_52382508_2""]","[""longmemeval_2133c1b5::obs_1::0""]",[],True,2,1,True,False,1,True,False,True,False,True,False,True,False,True,False
primary_contract,cq_no_source_independence_gate,22d2cb42,longmemeval_22d2cb42,False,[pending] lme-get-guitar-serviced (strength 0.70),"[""answer_bcce0b73_2""]","[""longmemeval_22d2cb42::obs_1::0""]",[],True,2,1,True,False,1,True,False,True,False,True,False,True,False,True,False
primary_contract,cq_no_source_independence_gate,26bdc477,longmemeval_26bdc477,False,[pending] lme-trips-taken-canon-eos-80d-camera (strength 0.70),"[""answer_f762ad8d_2""]","[""longmemeval_26bdc477::obs_1::0""]",[],True,2,1,True,False,1,True,False,True,False,True,False,True,False,True,False
primary_contract,cq_no_source_independence_gate,3ba21379,longmemeval_3ba21379,False,[pending] lme-type-vehicle-model-working (strength 0.70),"[""answer_cd345582_2""]","[""longmemeval_3ba21379::obs_1::0""]",[],True,2,1,True,False,1,True,False,True,False,True,False,True,False,True,False
primary_contract,cq_no_source_independence_gate,41698283,longmemeval_41698283,False,[pending] lme-type-camera-lens-purchase-most (strength 0.70),"[""answer_c7ddc051_2""]","[""longmemeval_41698283::obs_1::0""]",[],True,2,1,True,False,1,True,False,True,False,True,False,True,False,True,False
primary_contract,cq_no_source_independence_gate,42ec0761,longmemeval_42ec0761,False,[pending] lme-spare-screwdriver-opening-up-laptop (strength 0.70),"[""answer_e3892371_2""]","[""longmemeval_42ec0761::obs_1::0""]",[],True,2,1,True,False,1,True,False,True,False,True,False,True,False,True,False
primary_contract,cq_no_source_independence_gate,45dc21b6,longmemeval_45dc21b6,False,[pending] lme-emma-recipes-tried-out (strength 0.70),"[""answer_07664d43_2""]","[""longmemeval_45dc21b6::obs_1::0""]",[],True,2,1,True,False,1,True,False,True,False,True,False,True,False,True,False
primary_contract,cq_no_source_independence_gate,4b24c848,longmemeval_4b24c848,False,[pending] lme-tops-bought-so-far (strength 0.70),"[""answer_2cec623b_2""]","[""longmemeval_4b24c848::obs_1::0""]",[],True,2,1,True,False,1,True,False,True,False,True,False,True,False,True,False
primary_contract,cq_no_source_independence_gate,4d6b87c8,longmemeval_4d6b87c8,False,[pending] lme-titles-watch-list (strength 0.70),"[""answer_766ab8da_2""]","[""longmemeval_4d6b87c8::obs_1::0""]",[],True,2,1,True,False,1,True,False,True,False,True,False,True,False,True,False
primary_contract,cq_no_source_independence_gate,50635ada,longmemeval_50635ada,False,[pending] lme-previous-frequent-flyer-status-united-airlines-before-got-status (strength 0.70),"[""answer_dcd74827_2""]","[""longmemeval_50635ada::obs_1::0""]",[],True,2,1,True,False,1,True,False,True,False,True,False,True,False,True,False
primary_contract,cq_no_source_independence_gate,5831f84d,longmemeval_5831f84d,False,[pending] lme-crash-course-videos-watched-past-few-weeks (strength 0.70),"[""answer_8d63a897_2""]","[""longmemeval_5831f84d::obs_1::0""]",[],True,2,1,True,False,1,True,False,True,False,True,False,True,False,True,False
primary_contract,cq_no_source_independence_gate,59524333,longmemeval_59524333,False,[pending] lme-time-usually-go-gym (strength 0.70),"[""answer_b28f2c7a_2""]","[""longmemeval_59524333::obs_1::0""]",[],True,2,1,True,False,1,True,False,True,False,True,False,True,False,True,False
primary_contract,cq_no_source_independence_gate,5a4f22c0,longmemeval_5a4f22c0,False,[pending] lme-company-rachel-old-colleague-previous-company-working-at (strength 0.70),"[""answer_b0f3dfff_2""]","[""longmemeval_5a4f22c0::obs_1::0""]",[],True,2,1,True,False,1,True,False,True,False,True,False,True,False,True,False
primary_contract,cq_no_source_independence_gate,5c40ec5b,longmemeval_5c40ec5b,False,[pending] lme-times-met-up-alex-germany (strength 0.70),"[""answer_1cb52d0a_2""]","[""longmemeval_5c40ec5b::obs_1::0""]",[],True,2,1,True,False,1,True,False,True,False,True,False,True,False,True,False
primary_contract,cq_no_source_independence_gate,603deb26,longmemeval_603deb26,False,[pending] lme-times-tried-making-negroni-at-home-since-friend-emma-showed-make-it (strength 0.70),"[""answer_8afdebac_2""]","[""longmemeval_603deb26::obs_1::0""]",[],True,2,1,True,False,1,True,False,True,False,True,False,True,False,True,False
primary_contract,cq_no_source_independence_gate,6071bd76,longmemeval_6071bd76,False,[pending] lme-coffee-water-ratio-french-press-switch-more-water-per-tablespoon-coffee-or (strength 0.70),"[""answer_4dac77cb_2""]","[""longmemeval_6071bd76::obs_1::0""]",[],True,2,1,True,False,1,True,False,True,False,True,False,True,False,True,False
primary_contract,cq_no_source_independence_gate,618f13b2,longmemeval_618f13b2,False,[pending] lme-times-worn-new-black-converse-chuck-taylor-all-star-sneakers (strength 0.70),"[""answer_caf5b52e_2""]","[""longmemeval_618f13b2::obs_1::0""]",[],True,2,1,True,False,1,True,False,True,False,True,False,True,False,True,False
primary_contract,cq_no_source_independence_gate,69fee5aa,longmemeval_69fee5aa,False,[pending] lme-pre-1920-american-coins-collection (strength 0.70),"[""answer_d6028d6e_2""]","[""longmemeval_69fee5aa::obs_1::0""]",[],True,2,1,True,False,1,True,False,True,False,True,False,True,False,True,False
primary_contract,cq_no_source_independence_gate,6a1eabeb,longmemeval_6a1eabeb,False,[pending] lme-personal-best-time-charity-5k-run (strength 0.70),"[""answer_a25d4a91_2""]","[""longmemeval_6a1eabeb::obs_1::0""]",[],True,2,1,True,False,1,True,False,True,False,True,False,True,False,True,False
primary_contract,cq_no_source_independence_gate,6a27ffc2,longmemeval_6a27ffc2,False,[pending] lme-videos-corey-schafer-python-programming-series-completed-so-far (strength 0.70),"[""answer_77f32504_2""]","[""longmemeval_6a27ffc2::obs_1::0""]",[],True,2,1,True,False,1,True,False,True,False,True,False,True,False,True,False
primary_contract,cq_no_source_independence_gate,6aeb4375,longmemeval_6aeb4375,False,[pending] lme-korean-restaurants-tried-city (strength 0.70),"[""answer_3f9693b7_2""]","[""longmemeval_6aeb4375::obs_1::0""]",[],True,2,1,True,False,1,True,False,True,False,True,False,True,False,True,False
primary_contract,cq_no_source_independence_gate,71315a70,longmemeval_71315a70,False,[pending] lme-hours-spent-abstract-ocean-sculpture (strength 0.70),"[""answer_c44b9df4_2""]","[""longmemeval_71315a70::obs_1::0""]",[],True,2,1,True,False,1,True,False,True,False,True,False,True,False,True,False
primary_contract,cq_no_source_independence_gate,72e3ee87,longmemeval_72e3ee87,False,[pending] lme-episodes-science-series-completed-crash-course (strength 0.70),"[""answer_d7de9a6a_2""]","[""longmemeval_72e3ee87::obs_1::0""]",[],True,2,1,True,False,1,True,False,True,False,True,False,True,False,True,False
primary_contract,cq_no_source_independence_gate,7401057b,longmemeval_7401057b,False,[pending] lme-free-night-stays-can-redeem-at-any-hilton-property-accumulated-points (strength 0.70),"[""answer_94650bfa_2""]","[""longmemeval_7401057b::obs_1::0""]",[],True,2,1,True,False,1,True,False,True,False,True,False,True,False,True,False
primary_contract,cq_no_source_independence_gate,7a87bd0c,longmemeval_7a87bd0c,False,[pending] lme-long-been-sticking-daily-tidying-routine (strength 0.70),"[""answer_d08a934d_2""]","[""longmemeval_7a87bd0c::obs_1::0""]",[],True,2,1,True,False,1,True,False,True,False,True,False,True,False,True,False
primary_contract,cq_no_source_independence_gate,7e974930,longmemeval_7e974930,False,[pending] lme-much-earn-at-downtown-farmers-market-most-visit (strength 0.70),"[""answer_c9f5693c_2""]","[""longmemeval_7e974930::obs_1::0""]",[],True,2,1,True,False,1,True,False,True,False,True,False,True,False,True,False
primary_contract,cq_no_source_independence_gate,830ce83f,longmemeval_830ce83f,False,[pending] lme-rachel-move-her-relocation (strength 0.70),"[""answer_0b1a0942_2""]","[""longmemeval_830ce83f::obs_1::0""]",[],True,2,1,True,False,1,True,False,True,False,True,False,True,False,True,False
primary_contract,cq_no_source_independence_gate,852ce960,longmemeval_852ce960,False,[pending] lme-amount-pre-approved-got-mortgage-wells-fargo (strength 0.70),"[""answer_3a6f1e82_2""]","[""longmemeval_852ce960::obs_1::0""]",[],True,2,1,True,False,1,True,False,True,False,True,False,True,False,True,False
primary_contract,cq_no_source_independence_gate,89941a93,longmemeval_89941a93,False,[pending] lme-bikes-own (strength 0.70),"[""answer_e1403127_2""]","[""longmemeval_89941a93::obs_1::0""]",[],True,2,1,True,False,1,True,False,True,False,True,False,True,False,True,False
primary_contract,cq_no_source_independence_gate,89941a94,longmemeval_89941a94,False,[pending] lme-before-purchased-gravel-bike-other-bikes-addition-mountain-bike-commuter-bike (strength 0.70),"[""answer_e1403127_2""]","[""longmemeval_89941a94::obs_1::0""]",[],True,2,1,True,False,1,True,False,True,False,True,False,True,False,True,False
primary_contract,cq_no_source_independence_gate,8fb83627,longmemeval_8fb83627,False,[pending] lme-issues-national-geographic-finished-reading (strength 0.70),"[""answer_966cecbb_2""]","[""longmemeval_8fb83627::obs_1::0""]",[],True,2,1,True,False,1,True,False,True,False,True,False,True,False,True,False
primary_contract,cq_no_source_independence_gate,945e3d21,longmemeval_945e3d21,False,[pending] lme-often-attend-yoga-classes-help-anxiety (strength 0.70),"[""answer_6a4f8626_2""]","[""longmemeval_945e3d21::obs_1::0""]",[],True,2,1,True,False,1,True,False,True,False,True,False,True,False,True,False
primary_contract,cq_no_source_independence_gate,9bbe84a2,longmemeval_9bbe84a2,False,[pending] lme-previous-goal-apex-legends-level-before-updated-goal (strength 0.70),"[""answer_c6a0c6c2_2""]","[""longmemeval_9bbe84a2::obs_1::0""]",[],True,2,1,True,False,1,True,False,True,False,True,False,True,False,True,False
primary_contract,cq_no_source_independence_gate,9ea5eabc,longmemeval_9ea5eabc,False,[pending] lme-go-most-family-trip (strength 0.70),"[""answer_02e66dec_2""]","[""longmemeval_9ea5eabc::obs_1::0""]",[],True,2,1,True,False,1,True,False,True,False,True,False,True,False,True,False
primary_contract,cq_no_source_independence_gate,a1eacc2a,longmemeval_a1eacc2a,False,[pending] lme-short-stories-written-since-started-writing-regularly (strength 0.70),"[""answer_0eb23770_2""]","[""longmemeval_a1eacc2a::obs_1::0""]",[],True,2,1,True,False,1,True,False,True,False,True,False,True,False,True,False
primary_contract,cq_no_source_independence_gate,a2f3aa27,longmemeval_a2f3aa27,False,[pending] lme-followers-instagram-now (strength 0.70),"[""answer_5126c02d_2""]","[""longmemeval_a2f3aa27::obs_1::0""]",[],True,2,1,True,False,1,True,False,True,False,True,False,True,False,True,False
primary_contract,cq_no_source_independence_gate,affe2881,longmemeval_affe2881,False,[pending] lme-different-species-birds-seen-local-park (strength 0.70),"[""answer_90de9b4d_2""]","[""longmemeval_affe2881::obs_1::0""]",[],True,2,1,True,False,1,True,False,True,False,True,False,True,False,True,False
primary_contract,cq_no_source_independence_gate,b01defab,longmemeval_b01defab,False,[pending] lme-finish-reading-nightingale-by-kristin-hannah (strength 0.70),"[""answer_8c0712af_2""]","[""longmemeval_b01defab::obs_1::0""]",[],True,2,1,True,False,1,True,False,True,False,True,False,True,False,True,False
primary_contract,cq_no_source_independence_gate,b6019101,longmemeval_b6019101,False,[pending] lme-mcu-films-watch-last-months (strength 0.70),"[""answer_67074b4b_2""]","[""longmemeval_b6019101::obs_1::0""]",[],True,2,1,True,False,1,True,False,True,False,True,False,True,False,True,False
primary_contract,cq_no_source_independence_gate,ba61f0b9,longmemeval_ba61f0b9,False,[pending] lme-women-team-led-by-former-manager-rachel (strength 0.70),"[""answer_f377cda7_2""]","[""longmemeval_ba61f0b9::obs_1::0""]",[],True,2,1,True,False,1,True,False,True,False,True,False,True,False,True,False
primary_contract,cq_no_source_independence_gate,c4ea545c,longmemeval_c4ea545c,False,[pending] lme-go-gym-more-frequently-than-previously (strength 0.70),"[""answer_d3bf812b_2""]","[""longmemeval_c4ea545c::obs_1::0""]",[],True,2,1,True,False,1,True,False,True,False,True,False,True,False,True,False
primary_contract,cq_no_source_independence_gate,c6853660,longmemeval_c6853660,False,[pending] lme-mostly-increase-or-decrease-limit-number-cups-coffee-morning (strength 0.70),"[""answer_626e93c4_2""]","[""longmemeval_c6853660::obs_1::0""]",[],True,2,1,True,False,1,True,False,True,False,True,False,True,False,True,False
primary_contract,cq_no_source_independence_gate,c7dc5443,longmemeval_c7dc5443,False,[pending] lme-record-recreational-volleyball-league (strength 0.70),"[""answer_0cdbca92_2""]","[""longmemeval_c7dc5443::obs_1::0""]",[],True,2,1,True,False,1,True,False,True,False,True,False,True,False,True,False
primary_contract,cq_no_source_independence_gate,cc5ded98,longmemeval_cc5ded98,False,[pending] lme-much-time-dedicate-coding-exercises-each-day (strength 0.70),"[""answer_a5b68517_2""]","[""longmemeval_cc5ded98::obs_1::0""]",[],True,2,1,True,False,1,True,False,True,False,True,False,True,False,True,False
primary_contract,cq_no_source_independence_gate,ce6d2d27,longmemeval_ce6d2d27,False,[pending] lme-day-week-take-cocktail-making-class (strength 0.70),"[""answer_73540165_2""]","[""longmemeval_ce6d2d27::obs_1::0""]",[],True,2,1,True,False,1,True,False,True,False,True,False,True,False,True,False
primary_contract,cq_no_source_independence_gate,cf22b7bf,longmemeval_cf22b7bf,False,[pending] lme-much-weight-lost-since-started-going-gym-consistently (strength 0.70),"[""answer_ae3a122b_2""]","[""longmemeval_cf22b7bf::obs_1::0""]",[],True,2,1,True,False,1,True,False,True,False,True,False,True,False,True,False
primary_contract,cq_no_source_independence_gate,d7c942c3,longmemeval_d7c942c3,False,[pending] lme-mom-using-same-grocery-list-method-as (strength 0.70),"[""answer_eecb10d9_2""]","[""longmemeval_d7c942c3::obs_1::0""]",[],True,2,1,True,False,1,True,False,True,False,True,False,True,False,True,False
primary_contract,cq_no_source_independence_gate,dad224aa,longmemeval_dad224aa,False,[pending] lme-time-wake-up-saturday-mornings (strength 0.70),"[""answer_4a97ae40_2""]","[""longmemeval_dad224aa::obs_1::0""]",[],True,2,1,True,False,1,True,False,True,False,True,False,True,False,True,False
primary_contract,cq_no_source_independence_gate,db467c8c,longmemeval_db467c8c,False,[pending] lme-long-parents-been-staying-us (strength 0.70),"[""answer_611b6e83_2""]","[""longmemeval_db467c8c::obs_1::0""]",[],True,2,1,True,False,1,True,False,True,False,True,False,True,False,True,False
primary_contract,cq_no_source_independence_gate,dfde3500,longmemeval_dfde3500,False,[pending] lme-day-week-meet-previous-language-exchange-tutor-juan (strength 0.70),"[""answer_35d6c0be_2""]","[""longmemeval_dfde3500::obs_1::0""]",[],True,2,1,True,False,1,True,False,True,False,True,False,True,False,True,False
primary_contract,cq_no_source_independence_gate,e493bb7c,longmemeval_e493bb7c,False,[pending] lme-painting-ethereal-dreams-by-emma-taylor-hanging (strength 0.70),"[""answer_1a374afa_2""]","[""longmemeval_e493bb7c::obs_1::0""]",[],True,2,1,True,False,1,True,False,True,False,True,False,True,False,True,False
primary_contract,cq_no_source_independence_gate,e61a7584,longmemeval_e61a7584,False,[pending] lme-long-cat-luna (strength 0.70),"[""answer_f25c32f5_2""]","[""longmemeval_e61a7584::obs_1::0""]",[],True,2,1,True,False,1,True,False,True,False,True,False,True,False,True,False
primary_contract,cq_no_source_independence_gate,e66b632c,longmemeval_e66b632c,False,[pending] lme-previous-personal-best-time-charity-5k-run (strength 0.70),"[""answer_ac0140ce_2""]","[""longmemeval_e66b632c::obs_1::0""]",[],True,2,1,True,False,1,True,False,True,False,True,False,True,False,True,False
primary_contract,cq_no_source_independence_gate,eace081b,longmemeval_eace081b,False,[pending] lme-planning-stay-birthday-trip-hawaii (strength 0.70),"[""answer_8a791264_2""]","[""longmemeval_eace081b::obs_1::0""]",[],True,2,1,True,False,1,True,False,True,False,True,False,True,False,True,False
primary_contract,cq_no_source_independence_gate,ed4ddc30,longmemeval_ed4ddc30,False,[pending] lme-dozen-eggs-we-stocked-up-our-refrigerator (strength 0.70),"[""answer_babbaccb_2""]","[""longmemeval_ed4ddc30::obs_1::0""]",[],True,2,1,True,False,1,True,False,True,False,True,False,True,False,True,False
primary_contract,cq_no_source_independence_gate,f685340e,longmemeval_f685340e,False,[pending] lme-often-play-tennis-friends-at-local-park-previously (strength 0.70),"[""answer_25df025b_2""]","[""longmemeval_f685340e::obs_1::0""]",[],True,2,1,True,False,1,True,False,True,False,True,False,True,False,True,False
primary_contract,cq_no_source_independence_gate,f9e8c073,longmemeval_f9e8c073,False,[pending] lme-sessions-bereavement-support-group-attend (strength 0.70),"[""answer_b191df5b_2""]","[""longmemeval_f9e8c073::obs_1::0""]",[],True,2,1,True,False,1,True,False,True,False,True,False,True,False,True,False
primary_contract,naive_eager_write_lite,01493427,longmemeval_01493427,False,[durable] lme-new-postcards-added-collection-since-started-collecting-again (confidence 0.73),"[""answer_a7b44747_1"", ""answer_a7b44747_2""]","[""longmemeval_01493427::obs_0::0"", ""longmemeval_01493427::obs_1::0""]","[""memory-longmemeval_01493427::obs_0::0""]",False,2,2,True,True,1,True,False,True,True,True,True,True,True,True,True
primary_contract,naive_eager_write_lite,031748ae,longmemeval_031748ae,False,[durable] lme-engineers-lead-just-started-new-role-as-senior-software-engineer (confidence 0.73),"[""answer_8748f791_1"", ""answer_8748f791_2""]","[""longmemeval_031748ae::obs_0::0"", ""longmemeval_031748ae::obs_1::0""]","[""memory-longmemeval_031748ae::obs_0::0""]",False,2,2,True,True,1,True,False,True,True,True,True,True,True,True,True
primary_contract,naive_eager_write_lite,06db6396,longmemeval_06db6396,False,[durable] lme-projects-completed-since-starting-painting-classes (confidence 0.73),"[""answer_da72b1b4_1"", ""answer_da72b1b4_2""]","[""longmemeval_06db6396::obs_0::0"", ""longmemeval_06db6396::obs_1::0""]","[""memory-longmemeval_06db6396::obs_0::0""]",False,2,2,True,True,1,True,False,True,True,True,True,True,True,True,True
primary_contract,naive_eager_write_lite,07741c44,longmemeval_07741c44,False,[durable] lme-initially-keep-old-sneakers (confidence 0.73),"[""answer_7e9ad7b4_1"", ""answer_7e9ad7b4_2""]","[""longmemeval_07741c44::obs_0::0"", ""longmemeval_07741c44::obs_1::0""]","[""memory-longmemeval_07741c44::obs_0::0""]",False,2,2,True,True,1,True,False,True,True,True,True,True,True,True,True
primary_contract,naive_eager_write_lite,07741c45,longmemeval_07741c45,False,[durable] lme-keep-old-sneakers (confidence 0.73),"[""answer_7e9ad7b4_1"", ""answer_7e9ad7b4_2""]","[""longmemeval_07741c45::obs_0::0"", ""longmemeval_07741c45::obs_1::0""]","[""memory-longmemeval_07741c45::obs_0::0""]",False,2,2,True,True,1,True,False,True,True,True,True,True,True,True,True
primary_contract,naive_eager_write_lite,08e075c7,longmemeval_08e075c7,False,[durable] lme-long-been-using-fitbit-charge (confidence 0.73),"[""answer_cdbe2250_1"", ""answer_cdbe2250_2""]","[""longmemeval_08e075c7::obs_0::0"", ""longmemeval_08e075c7::obs_1::0""]","[""memory-longmemeval_08e075c7::obs_0::0""]",False,2,2,True,True,1,True,False,True,True,True,True,True,True,True,True
primary_contract,naive_eager_write_lite,0977f2af,longmemeval_0977f2af,False,[durable] lme-new-kitchen-gadget-invest-before-getting-air-fryer (confidence 0.73),"[""answer_3bf5b73b_1"", ""answer_3bf5b73b_2""]","[""longmemeval_0977f2af::obs_0::0"", ""longmemeval_0977f2af::obs_1::0""]","[""memory-longmemeval_0977f2af::obs_0::0""]",False,2,2,True,True,1,True,False,True,True,True,True,True,True,True,True
primary_contract,naive_eager_write_lite,0ddfec37,longmemeval_0ddfec37,False,[durable] lme-autographed-baseballs-added-collection-first-three-months-collection (confidence 0.73),"[""answer_a22b654d_1"", ""answer_a22b654d_2""]","[""longmemeval_0ddfec37::obs_0::0"", ""longmemeval_0ddfec37::obs_1::0""]","[""memory-longmemeval_0ddfec37::obs_0::0""]",False,2,2,True,True,1,True,False,True,True,True,True,True,True,True,True
primary_contract,naive_eager_write_lite,0e4e4c46,longmemeval_0e4e4c46,False,[durable] lme-highest-score-ticket-ride (confidence 0.73),"[""answer_f2f998c7_1"", ""answer_f2f998c7_2""]","[""longmemeval_0e4e4c46::obs_0::0"", ""longmemeval_0e4e4c46::obs_1::0""]","[""memory-longmemeval_0e4e4c46::obs_0::0""]",False,2,2,True,True,1,True,False,True,True,True,True,True,True,True,True
primary_contract,naive_eager_write_lite,0f05491a,longmemeval_0f05491a,False,[durable] lme-stars-need-reach-gold-level-starbucks-rewards-app (confidence 0.73),"[""answer_d6d2eba8_1"", ""answer_d6d2eba8_2""]","[""longmemeval_0f05491a::obs_0::0"", ""longmemeval_0f05491a::obs_1::0""]","[""memory-longmemeval_0f05491a::obs_0::0""]",False,2,2,True,True,1,True,False,True,True,True,True,True,True,True,True
primary_contract,naive_eager_write_lite,10e09553,longmemeval_10e09553,False,[durable] lme-largemouth-bass-catch-alex-earlier-fishing-trip-lake-michigan-before-22-trip (confidence 0.73),"[""answer_67be2c38_1"", ""answer_67be2c38_2""]","[""longmemeval_10e09553::obs_0::0"", ""longmemeval_10e09553::obs_1::0""]","[""memory-longmemeval_10e09553::obs_0::0""]",False,2,2,True,True,1,True,False,True,True,True,True,True,True,True,True
primary_contract,naive_eager_write_lite,184da446,longmemeval_184da446,False,[durable] lme-pages-short-history-nearly-everything-read-so-far (confidence 0.73),"[""answer_e2f4f947_1"", ""answer_e2f4f947_2""]","[""longmemeval_184da446::obs_0::0"", ""longmemeval_184da446::obs_1::0""]","[""memory-longmemeval_184da446::obs_0::0""]",False,2,2,True,True,1,True,False,True,True,True,True,True,True,True,True
primary_contract,naive_eager_write_lite,18bc8abd,longmemeval_18bc8abd,False,[durable] lme-brand-bbq-sauce-obsessed (confidence 0.73),"[""answer_fff743f5_1"", ""answer_fff743f5_2""]","[""longmemeval_18bc8abd::obs_0::0"", ""longmemeval_18bc8abd::obs_1::0""]","[""memory-longmemeval_18bc8abd::obs_0::0""]",False,2,2,True,True,1,True,False,True,True,True,True,True,True,True,True
primary_contract,naive_eager_write_lite,1cea1afa,longmemeval_1cea1afa,False,[durable] lme-instagram-followers (confidence 0.73),"[""answer_79c395a9_1"", ""answer_79c395a9_2""]","[""longmemeval_1cea1afa::obs_0::0"", ""longmemeval_1cea1afa::obs_1::0""]","[""memory-longmemeval_1cea1afa::obs_0::0""]",False,2,2,True,True,1,True,False,True,True,True,True,True,True,True,True
primary_contract,naive_eager_write_lite,2133c1b5,longmemeval_2133c1b5,False,[durable] lme-long-been-living-apartment-harajuku (confidence 0.73),"[""answer_52382508_1"", ""answer_52382508_2""]","[""longmemeval_2133c1b5::obs_0::0"", ""longmemeval_2133c1b5::obs_1::0""]","[""memory-longmemeval_2133c1b5::obs_0::0""]",False,2,2,True,True,1,True,False,True,True,True,True,True,True,True,True
primary_contract,naive_eager_write_lite,22d2cb42,longmemeval_22d2cb42,False,[durable] lme-get-guitar-serviced (confidence 0.73),"[""answer_bcce0b73_1"", ""answer_bcce0b73_2""]","[""longmemeval_22d2cb42::obs_0::0"", ""longmemeval_22d2cb42::obs_1::0""]","[""memory-longmemeval_22d2cb42::obs_0::0""]",False,2,2,True,True,1,True,False,True,True,True,True,True,True,True,True
primary_contract,naive_eager_write_lite,26bdc477,longmemeval_26bdc477,False,[durable] lme-trips-taken-canon-eos-80d-camera (confidence 0.73),"[""answer_f762ad8d_1"", ""answer_f762ad8d_2""]","[""longmemeval_26bdc477::obs_0::0"", ""longmemeval_26bdc477::obs_1::0""]","[""memory-longmemeval_26bdc477::obs_0::0""]",False,2,2,True,True,1,True,False,True,True,True,True,True,True,True,True
primary_contract,naive_eager_write_lite,3ba21379,longmemeval_3ba21379,False,[durable] lme-type-vehicle-model-working (confidence 0.73),"[""answer_cd345582_1"", ""answer_cd345582_2""]","[""longmemeval_3ba21379::obs_0::0"", ""longmemeval_3ba21379::obs_1::0""]","[""memory-longmemeval_3ba21379::obs_0::0""]",False,2,2,True,True,1,True,False,True,True,True,True,True,True,True,True
primary_contract,naive_eager_write_lite,41698283,longmemeval_41698283,False,[durable] lme-type-camera-lens-purchase-most (confidence 0.73),"[""answer_c7ddc051_1"", ""answer_c7ddc051_2""]","[""longmemeval_41698283::obs_0::0"", ""longmemeval_41698283::obs_1::0""]","[""memory-longmemeval_41698283::obs_0::0""]",False,2,2,True,True,1,True,False,True,True,True,True,True,True,True,True
primary_contract,naive_eager_write_lite,42ec0761,longmemeval_42ec0761,False,[durable] lme-spare-screwdriver-opening-up-laptop (confidence 0.73),"[""answer_e3892371_1"", ""answer_e3892371_2""]","[""longmemeval_42ec0761::obs_0::0"", ""longmemeval_42ec0761::obs_1::0""]","[""memory-longmemeval_42ec0761::obs_0::0""]",False,2,2,True,True,1,True,False,True,True,True,True,True,True,True,True
primary_contract,naive_eager_write_lite,45dc21b6,longmemeval_45dc21b6,False,[durable] lme-emma-recipes-tried-out (confidence 0.73),"[""answer_07664d43_1"", ""answer_07664d43_2""]","[""longmemeval_45dc21b6::obs_0::0"", ""longmemeval_45dc21b6::obs_1::0""]","[""memory-longmemeval_45dc21b6::obs_0::0""]",False,2,2,True,True,1,True,False,True,True,True,True,True,True,True,True
primary_contract,naive_eager_write_lite,4b24c848,longmemeval_4b24c848,False,[durable] lme-tops-bought-so-far (confidence 0.73),"[""answer_2cec623b_1"", ""answer_2cec623b_2""]","[""longmemeval_4b24c848::obs_0::0"", ""longmemeval_4b24c848::obs_1::0""]","[""memory-longmemeval_4b24c848::obs_0::0""]",False,2,2,True,True,1,True,False,True,True,True,True,True,True,True,True
primary_contract,naive_eager_write_lite,4d6b87c8,longmemeval_4d6b87c8,False,[durable] lme-titles-watch-list (confidence 0.73),"[""answer_766ab8da_1"", ""answer_766ab8da_2""]","[""longmemeval_4d6b87c8::obs_0::0"", ""longmemeval_4d6b87c8::obs_1::0""]","[""memory-longmemeval_4d6b87c8::obs_0::0""]",False,2,2,True,True,1,True,False,True,True,True,True,True,True,True,True
primary_contract,naive_eager_write_lite,50635ada,longmemeval_50635ada,False,[durable] lme-previous-frequent-flyer-status-united-airlines-before-got-status (confidence 0.73),"[""answer_dcd74827_1"", ""answer_dcd74827_2""]","[""longmemeval_50635ada::obs_0::0"", ""longmemeval_50635ada::obs_1::0""]","[""memory-longmemeval_50635ada::obs_0::0""]",False,2,2,True,True,1,True,False,True,True,True,True,True,True,True,True
primary_contract,naive_eager_write_lite,5831f84d,longmemeval_5831f84d,False,[durable] lme-crash-course-videos-watched-past-few-weeks (confidence 0.73),"[""answer_8d63a897_1"", ""answer_8d63a897_2""]","[""longmemeval_5831f84d::obs_0::0"", ""longmemeval_5831f84d::obs_1::0""]","[""memory-longmemeval_5831f84d::obs_0::0""]",False,2,2,True,True,1,True,False,True,True,True,True,True,True,True,True
primary_contract,naive_eager_write_lite,59524333,longmemeval_59524333,False,[durable] lme-time-usually-go-gym (confidence 0.73),"[""answer_b28f2c7a_1"", ""answer_b28f2c7a_2""]","[""longmemeval_59524333::obs_0::0"", ""longmemeval_59524333::obs_1::0""]","[""memory-longmemeval_59524333::obs_0::0""]",False,2,2,True,True,1,True,False,True,True,True,True,True,True,True,True
primary_contract,naive_eager_write_lite,5a4f22c0,longmemeval_5a4f22c0,False,[durable] lme-company-rachel-old-colleague-previous-company-working-at (confidence 0.73),"[""answer_b0f3dfff_1"", ""answer_b0f3dfff_2""]","[""longmemeval_5a4f22c0::obs_0::0"", ""longmemeval_5a4f22c0::obs_1::0""]","[""memory-longmemeval_5a4f22c0::obs_0::0""]",False,2,2,True,True,1,True,False,True,True,True,True,True,True,True,True
primary_contract,naive_eager_write_lite,5c40ec5b,longmemeval_5c40ec5b,False,[durable] lme-times-met-up-alex-germany (confidence 0.73),"[""answer_1cb52d0a_1"", ""answer_1cb52d0a_2""]","[""longmemeval_5c40ec5b::obs_0::0"", ""longmemeval_5c40ec5b::obs_1::0""]","[""memory-longmemeval_5c40ec5b::obs_0::0""]",False,2,2,True,True,1,True,False,True,True,True,True,True,True,True,True
primary_contract,naive_eager_write_lite,603deb26,longmemeval_603deb26,False,[durable] lme-times-tried-making-negroni-at-home-since-friend-emma-showed-make-it (confidence 0.73),"[""answer_8afdebac_1"", ""answer_8afdebac_2""]","[""longmemeval_603deb26::obs_0::0"", ""longmemeval_603deb26::obs_1::0""]","[""memory-longmemeval_603deb26::obs_0::0""]",False,2,2,True,True,1,True,False,True,True,True,True,True,True,True,True
primary_contract,naive_eager_write_lite,6071bd76,longmemeval_6071bd76,False,[durable] lme-coffee-water-ratio-french-press-switch-more-water-per-tablespoon-coffee-or (confidence 0.73),"[""answer_4dac77cb_1"", ""answer_4dac77cb_2""]","[""longmemeval_6071bd76::obs_0::0"", ""longmemeval_6071bd76::obs_1::0""]","[""memory-longmemeval_6071bd76::obs_0::0""]",False,2,2,True,True,1,True,False,True,True,True,True,True,True,True,True
primary_contract,naive_eager_write_lite,618f13b2,longmemeval_618f13b2,False,[durable] lme-times-worn-new-black-converse-chuck-taylor-all-star-sneakers (confidence 0.73),"[""answer_caf5b52e_1"", ""answer_caf5b52e_2""]","[""longmemeval_618f13b2::obs_0::0"", ""longmemeval_618f13b2::obs_1::0""]","[""memory-longmemeval_618f13b2::obs_0::0""]",False,2,2,True,True,1,True,False,True,True,True,True,True,True,True,True
primary_contract,naive_eager_write_lite,69fee5aa,longmemeval_69fee5aa,False,[durable] lme-pre-1920-american-coins-collection (confidence 0.73),"[""answer_d6028d6e_1"", ""answer_d6028d6e_2""]","[""longmemeval_69fee5aa::obs_0::0"", ""longmemeval_69fee5aa::obs_1::0""]","[""memory-longmemeval_69fee5aa::obs_0::0""]",False,2,2,True,True,1,True,False,True,True,True,True,True,True,True,True
primary_contract,naive_eager_write_lite,6a1eabeb,longmemeval_6a1eabeb,False,[durable] lme-personal-best-time-charity-5k-run (confidence 0.73),"[""answer_a25d4a91_1"", ""answer_a25d4a91_2""]","[""longmemeval_6a1eabeb::obs_0::0"", ""longmemeval_6a1eabeb::obs_1::0""]","[""memory-longmemeval_6a1eabeb::obs_0::0""]",False,2,2,True,True,1,True,False,True,True,True,True,True,True,True,True
primary_contract,naive_eager_write_lite,6a27ffc2,longmemeval_6a27ffc2,False,[durable] lme-videos-corey-schafer-python-programming-series-completed-so-far (confidence 0.73),"[""answer_77f32504_1"", ""answer_77f32504_2""]","[""longmemeval_6a27ffc2::obs_0::0"", ""longmemeval_6a27ffc2::obs_1::0""]","[""memory-longmemeval_6a27ffc2::obs_0::0""]",False,2,2,True,True,1,True,False,True,True,True,True,True,True,True,True
primary_contract,naive_eager_write_lite,6aeb4375,longmemeval_6aeb4375,False,[durable] lme-korean-restaurants-tried-city (confidence 0.73),"[""answer_3f9693b7_1"", ""answer_3f9693b7_2""]","[""longmemeval_6aeb4375::obs_0::0"", ""longmemeval_6aeb4375::obs_1::0""]","[""memory-longmemeval_6aeb4375::obs_0::0""]",False,2,2,True,True,1,True,False,True,True,True,True,True,True,True,True
primary_contract,naive_eager_write_lite,71315a70,longmemeval_71315a70,False,[durable] lme-hours-spent-abstract-ocean-sculpture (confidence 0.73),"[""answer_c44b9df4_1"", ""answer_c44b9df4_2""]","[""longmemeval_71315a70::obs_0::0"", ""longmemeval_71315a70::obs_1::0""]","[""memory-longmemeval_71315a70::obs_0::0""]",False,2,2,True,True,1,True,False,True,True,True,True,True,True,True,True
primary_contract,naive_eager_write_lite,72e3ee87,longmemeval_72e3ee87,False,[durable] lme-episodes-science-series-completed-crash-course (confidence 0.73),"[""answer_d7de9a6a_1"", ""answer_d7de9a6a_2""]","[""longmemeval_72e3ee87::obs_0::0"", ""longmemeval_72e3ee87::obs_1::0""]","[""memory-longmemeval_72e3ee87::obs_0::0""]",False,2,2,True,True,1,True,False,True,True,True,True,True,True,True,True
primary_contract,naive_eager_write_lite,7401057b,longmemeval_7401057b,False,[durable] lme-free-night-stays-can-redeem-at-any-hilton-property-accumulated-points (confidence 0.73),"[""answer_94650bfa_1"", ""answer_94650bfa_2""]","[""longmemeval_7401057b::obs_0::0"", ""longmemeval_7401057b::obs_1::0""]","[""memory-longmemeval_7401057b::obs_0::0""]",False,2,2,True,True,1,True,False,True,True,True,True,True,True,True,True
primary_contract,naive_eager_write_lite,7a87bd0c,longmemeval_7a87bd0c,False,[durable] lme-long-been-sticking-daily-tidying-routine (confidence 0.73),"[""answer_d08a934d_1"", ""answer_d08a934d_2""]","[""longmemeval_7a87bd0c::obs_0::0"", ""longmemeval_7a87bd0c::obs_1::0""]","[""memory-longmemeval_7a87bd0c::obs_0::0""]",False,2,2,True,True,1,True,False,True,True,True,True,True,True,True,True
primary_contract,naive_eager_write_lite,7e974930,longmemeval_7e974930,False,[durable] lme-much-earn-at-downtown-farmers-market-most-visit (confidence 0.73),"[""answer_c9f5693c_1"", ""answer_c9f5693c_2""]","[""longmemeval_7e974930::obs_0::0"", ""longmemeval_7e974930::obs_1::0""]","[""memory-longmemeval_7e974930::obs_0::0""]",False,2,2,True,True,1,True,False,True,True,True,True,True,True,True,True
primary_contract,naive_eager_write_lite,830ce83f,longmemeval_830ce83f,False,[durable] lme-rachel-move-her-relocation (confidence 0.73),"[""answer_0b1a0942_1"", ""answer_0b1a0942_2""]","[""longmemeval_830ce83f::obs_0::0"", ""longmemeval_830ce83f::obs_1::0""]","[""memory-longmemeval_830ce83f::obs_0::0""]",False,2,2,True,True,1,True,False,True,True,True,True,True,True,True,True
primary_contract,naive_eager_write_lite,852ce960,longmemeval_852ce960,False,[durable] lme-amount-pre-approved-got-mortgage-wells-fargo (confidence 0.73),"[""answer_3a6f1e82_1"", ""answer_3a6f1e82_2""]","[""longmemeval_852ce960::obs_0::0"", ""longmemeval_852ce960::obs_1::0""]","[""memory-longmemeval_852ce960::obs_0::0""]",False,2,2,True,True,1,True,False,True,True,True,True,True,True,True,True
primary_contract,naive_eager_write_lite,89941a93,longmemeval_89941a93,False,[durable] lme-bikes-own (confidence 0.73),"[""answer_e1403127_1"", ""answer_e1403127_2""]","[""longmemeval_89941a93::obs_0::0"", ""longmemeval_89941a93::obs_1::0""]","[""memory-longmemeval_89941a93::obs_0::0""]",False,2,2,True,True,1,True,False,True,True,True,True,True,True,True,True
primary_contract,naive_eager_write_lite,89941a94,longmemeval_89941a94,False,[durable] lme-before-purchased-gravel-bike-other-bikes-addition-mountain-bike-commuter-bike (confidence 0.73),"[""answer_e1403127_1"", ""answer_e1403127_2""]","[""longmemeval_89941a94::obs_0::0"", ""longmemeval_89941a94::obs_1::0""]","[""memory-longmemeval_89941a94::obs_0::0""]",False,2,2,True,True,1,True,False,True,True,True,True,True,True,True,True
primary_contract,naive_eager_write_lite,8fb83627,longmemeval_8fb83627,False,[durable] lme-issues-national-geographic-finished-reading (confidence 0.73),"[""answer_966cecbb_1"", ""answer_966cecbb_2""]","[""longmemeval_8fb83627::obs_0::0"", ""longmemeval_8fb83627::obs_1::0""]","[""memory-longmemeval_8fb83627::obs_0::0""]",False,2,2,True,True,1,True,False,True,True,True,True,True,True,True,True
primary_contract,naive_eager_write_lite,945e3d21,longmemeval_945e3d21,False,[durable] lme-often-attend-yoga-classes-help-anxiety (confidence 0.73),"[""answer_6a4f8626_1"", ""answer_6a4f8626_2""]","[""longmemeval_945e3d21::obs_0::0"", ""longmemeval_945e3d21::obs_1::0""]","[""memory-longmemeval_945e3d21::obs_0::0""]",False,2,2,True,True,1,True,False,True,True,True,True,True,True,True,True
primary_contract,naive_eager_write_lite,9bbe84a2,longmemeval_9bbe84a2,False,[durable] lme-previous-goal-apex-legends-level-before-updated-goal (confidence 0.73),"[""answer_c6a0c6c2_1"", ""answer_c6a0c6c2_2""]","[""longmemeval_9bbe84a2::obs_0::0"", ""longmemeval_9bbe84a2::obs_1::0""]","[""memory-longmemeval_9bbe84a2::obs_0::0""]",False,2,2,True,True,1,True,False,True,True,True,True,True,True,True,True
primary_contract,naive_eager_write_lite,9ea5eabc,longmemeval_9ea5eabc,False,[durable] lme-go-most-family-trip (confidence 0.73),"[""answer_02e66dec_1"", ""answer_02e66dec_2""]","[""longmemeval_9ea5eabc::obs_0::0"", ""longmemeval_9ea5eabc::obs_1::0""]","[""memory-longmemeval_9ea5eabc::obs_0::0""]",False,2,2,True,True,1,True,False,True,True,True,True,True,True,True,True
primary_contract,naive_eager_write_lite,a1eacc2a,longmemeval_a1eacc2a,False,[durable] lme-short-stories-written-since-started-writing-regularly (confidence 0.73),"[""answer_0eb23770_1"", ""answer_0eb23770_2""]","[""longmemeval_a1eacc2a::obs_0::0"", ""longmemeval_a1eacc2a::obs_1::0""]","[""memory-longmemeval_a1eacc2a::obs_0::0""]",False,2,2,True,True,1,True,False,True,True,True,True,True,True,True,True
primary_contract,naive_eager_write_lite,a2f3aa27,longmemeval_a2f3aa27,False,[durable] lme-followers-instagram-now (confidence 0.73),"[""answer_5126c02d_1"", ""answer_5126c02d_2""]","[""longmemeval_a2f3aa27::obs_0::0"", ""longmemeval_a2f3aa27::obs_1::0""]","[""memory-longmemeval_a2f3aa27::obs_0::0""]",False,2,2,True,True,1,True,False,True,True,True,True,True,True,True,True
primary_contract,naive_eager_write_lite,affe2881,longmemeval_affe2881,False,[durable] lme-different-species-birds-seen-local-park (confidence 0.73),"[""answer_90de9b4d_1"", ""answer_90de9b4d_2""]","[""longmemeval_affe2881::obs_0::0"", ""longmemeval_affe2881::obs_1::0""]","[""memory-longmemeval_affe2881::obs_0::0""]",False,2,2,True,True,1,True,False,True,True,True,True,True,True,True,True
primary_contract,naive_eager_write_lite,b01defab,longmemeval_b01defab,False,[durable] lme-finish-reading-nightingale-by-kristin-hannah (confidence 0.73),"[""answer_8c0712af_1"", ""answer_8c0712af_2""]","[""longmemeval_b01defab::obs_0::0"", ""longmemeval_b01defab::obs_1::0""]","[""memory-longmemeval_b01defab::obs_0::0""]",False,2,2,True,True,1,True,False,True,True,True,True,True,True,True,True
primary_contract,naive_eager_write_lite,b6019101,longmemeval_b6019101,False,[durable] lme-mcu-films-watch-last-months (confidence 0.73),"[""answer_67074b4b_1"", ""answer_67074b4b_2""]","[""longmemeval_b6019101::obs_0::0"", ""longmemeval_b6019101::obs_1::0""]","[""memory-longmemeval_b6019101::obs_0::0""]",False,2,2,True,True,1,True,False,True,True,True,True,True,True,True,True
primary_contract,naive_eager_write_lite,ba61f0b9,longmemeval_ba61f0b9,False,[durable] lme-women-team-led-by-former-manager-rachel (confidence 0.73),"[""answer_f377cda7_1"", ""answer_f377cda7_2""]","[""longmemeval_ba61f0b9::obs_0::0"", ""longmemeval_ba61f0b9::obs_1::0""]","[""memory-longmemeval_ba61f0b9::obs_0::0""]",False,2,2,True,True,1,True,False,True,True,True,True,True,True,True,True
primary_contract,naive_eager_write_lite,c4ea545c,longmemeval_c4ea545c,False,[durable] lme-go-gym-more-frequently-than-previously (confidence 0.73),"[""answer_d3bf812b_1"", ""answer_d3bf812b_2""]","[""longmemeval_c4ea545c::obs_0::0"", ""longmemeval_c4ea545c::obs_1::0""]","[""memory-longmemeval_c4ea545c::obs_0::0""]",False,2,2,True,True,1,True,False,True,True,True,True,True,True,True,True
primary_contract,naive_eager_write_lite,c6853660,longmemeval_c6853660,False,[durable] lme-mostly-increase-or-decrease-limit-number-cups-coffee-morning (confidence 0.73),"[""answer_626e93c4_1"", ""answer_626e93c4_2""]","[""longmemeval_c6853660::obs_0::0"", ""longmemeval_c6853660::obs_1::0""]","[""memory-longmemeval_c6853660::obs_0::0""]",False,2,2,True,True,1,True,False,True,True,True,True,True,True,True,True
primary_contract,naive_eager_write_lite,c7dc5443,longmemeval_c7dc5443,False,[durable] lme-record-recreational-volleyball-league (confidence 0.73),"[""answer_0cdbca92_1"", ""answer_0cdbca92_2""]","[""longmemeval_c7dc5443::obs_0::0"", ""longmemeval_c7dc5443::obs_1::0""]","[""memory-longmemeval_c7dc5443::obs_0::0""]",False,2,2,True,True,1,True,False,True,True,True,True,True,True,True,True
primary_contract,naive_eager_write_lite,cc5ded98,longmemeval_cc5ded98,False,[durable] lme-much-time-dedicate-coding-exercises-each-day (confidence 0.73),"[""answer_a5b68517_1"", ""answer_a5b68517_2""]","[""longmemeval_cc5ded98::obs_0::0"", ""longmemeval_cc5ded98::obs_1::0""]","[""memory-longmemeval_cc5ded98::obs_0::0""]",False,2,2,True,True,1,True,False,True,True,True,True,True,True,True,True
primary_contract,naive_eager_write_lite,ce6d2d27,longmemeval_ce6d2d27,False,[durable] lme-day-week-take-cocktail-making-class (confidence 0.73),"[""answer_73540165_1"", ""answer_73540165_2""]","[""longmemeval_ce6d2d27::obs_0::0"", ""longmemeval_ce6d2d27::obs_1::0""]","[""memory-longmemeval_ce6d2d27::obs_0::0""]",False,2,2,True,True,1,True,False,True,True,True,True,True,True,True,True
primary_contract,naive_eager_write_lite,cf22b7bf,longmemeval_cf22b7bf,False,[durable] lme-much-weight-lost-since-started-going-gym-consistently (confidence 0.73),"[""answer_ae3a122b_1"", ""answer_ae3a122b_2""]","[""longmemeval_cf22b7bf::obs_0::0"", ""longmemeval_cf22b7bf::obs_1::0""]","[""memory-longmemeval_cf22b7bf::obs_0::0""]",False,2,2,True,True,1,True,False,True,True,True,True,True,True,True,True
primary_contract,naive_eager_write_lite,d7c942c3,longmemeval_d7c942c3,False,[durable] lme-mom-using-same-grocery-list-method-as (confidence 0.73),"[""answer_eecb10d9_1"", ""answer_eecb10d9_2""]","[""longmemeval_d7c942c3::obs_0::0"", ""longmemeval_d7c942c3::obs_1::0""]","[""memory-longmemeval_d7c942c3::obs_0::0""]",False,2,2,True,True,1,True,False,True,True,True,True,True,True,True,True
primary_contract,naive_eager_write_lite,dad224aa,longmemeval_dad224aa,False,[durable] lme-time-wake-up-saturday-mornings (confidence 0.73),"[""answer_4a97ae40_1"", ""answer_4a97ae40_2""]","[""longmemeval_dad224aa::obs_0::0"", ""longmemeval_dad224aa::obs_1::0""]","[""memory-longmemeval_dad224aa::obs_0::0""]",False,2,2,True,True,1,True,False,True,True,True,True,True,True,True,True
primary_contract,naive_eager_write_lite,db467c8c,longmemeval_db467c8c,False,[durable] lme-long-parents-been-staying-us (confidence 0.73),"[""answer_611b6e83_1"", ""answer_611b6e83_2""]","[""longmemeval_db467c8c::obs_0::0"", ""longmemeval_db467c8c::obs_1::0""]","[""memory-longmemeval_db467c8c::obs_0::0""]",False,2,2,True,True,1,True,False,True,True,True,True,True,True,True,True
primary_contract,naive_eager_write_lite,dfde3500,longmemeval_dfde3500,False,[durable] lme-day-week-meet-previous-language-exchange-tutor-juan (confidence 0.73),"[""answer_35d6c0be_1"", ""answer_35d6c0be_2""]","[""longmemeval_dfde3500::obs_0::0"", ""longmemeval_dfde3500::obs_1::0""]","[""memory-longmemeval_dfde3500::obs_0::0""]",False,2,2,True,True,1,True,False,True,True,True,True,True,True,True,True
primary_contract,naive_eager_write_lite,e493bb7c,longmemeval_e493bb7c,False,[durable] lme-painting-ethereal-dreams-by-emma-taylor-hanging (confidence 0.73),"[""answer_1a374afa_1"", ""answer_1a374afa_2""]","[""longmemeval_e493bb7c::obs_0::0"", ""longmemeval_e493bb7c::obs_1::0""]","[""memory-longmemeval_e493bb7c::obs_0::0""]",False,2,2,True,True,1,True,False,True,True,True,True,True,True,True,True
primary_contract,naive_eager_write_lite,e61a7584,longmemeval_e61a7584,False,[durable] lme-long-cat-luna (confidence 0.73),"[""answer_f25c32f5_1"", ""answer_f25c32f5_2""]","[""longmemeval_e61a7584::obs_0::0"", ""longmemeval_e61a7584::obs_1::0""]","[""memory-longmemeval_e61a7584::obs_0::0""]",False,2,2,True,True,1,True,False,True,True,True,True,True,True,True,True
primary_contract,naive_eager_write_lite,e66b632c,longmemeval_e66b632c,False,[durable] lme-previous-personal-best-time-charity-5k-run (confidence 0.73),"[""answer_ac0140ce_1"", ""answer_ac0140ce_2""]","[""longmemeval_e66b632c::obs_0::0"", ""longmemeval_e66b632c::obs_1::0""]","[""memory-longmemeval_e66b632c::obs_0::0""]",False,2,2,True,True,1,True,False,True,True,True,True,True,True,True,True
primary_contract,naive_eager_write_lite,eace081b,longmemeval_eace081b,False,[durable] lme-planning-stay-birthday-trip-hawaii (confidence 0.73),"[""answer_8a791264_1"", ""answer_8a791264_2""]","[""longmemeval_eace081b::obs_0::0"", ""longmemeval_eace081b::obs_1::0""]","[""memory-longmemeval_eace081b::obs_0::0""]",False,2,2,True,True,1,True,False,True,True,True,True,True,True,True,True
primary_contract,naive_eager_write_lite,ed4ddc30,longmemeval_ed4ddc30,False,[durable] lme-dozen-eggs-we-stocked-up-our-refrigerator (confidence 0.73),"[""answer_babbaccb_1"", ""answer_babbaccb_2""]","[""longmemeval_ed4ddc30::obs_0::0"", ""longmemeval_ed4ddc30::obs_1::0""]","[""memory-longmemeval_ed4ddc30::obs_0::0""]",False,2,2,True,True,1,True,False,True,True,True,True,True,True,True,True
primary_contract,naive_eager_write_lite,f685340e,longmemeval_f685340e,False,[durable] lme-often-play-tennis-friends-at-local-park-previously (confidence 0.73),"[""answer_25df025b_1"", ""answer_25df025b_2""]","[""longmemeval_f685340e::obs_0::0"", ""longmemeval_f685340e::obs_1::0""]","[""memory-longmemeval_f685340e::obs_0::0""]",False,2,2,True,True,1,True,False,True,True,True,True,True,True,True,True
primary_contract,naive_eager_write_lite,f9e8c073,longmemeval_f9e8c073,False,[durable] lme-sessions-bereavement-support-group-attend (confidence 0.73),"[""answer_b191df5b_1"", ""answer_b191df5b_2""]","[""longmemeval_f9e8c073::obs_0::0"", ""longmemeval_f9e8c073::obs_1::0""]","[""memory-longmemeval_f9e8c073::obs_0::0""]",False,2,2,True,True,1,True,False,True,True,True,True,True,True,True,True
primary_contract,no_memory_lite,01493427,longmemeval_01493427,False,No memory available.,[],[],[],False,2,0,False,False,,False,False,False,False,False,False,False,False,False,False
primary_contract,no_memory_lite,031748ae,longmemeval_031748ae,False,No memory available.,[],[],[],False,2,0,False,False,,False,False,False,False,False,False,False,False,False,False
primary_contract,no_memory_lite,06db6396,longmemeval_06db6396,False,No memory available.,[],[],[],False,2,0,False,False,,False,False,False,False,False,False,False,False,False,False
primary_contract,no_memory_lite,07741c44,longmemeval_07741c44,False,No memory available.,[],[],[],False,2,0,False,False,,False,False,False,False,False,False,False,False,False,False
primary_contract,no_memory_lite,07741c45,longmemeval_07741c45,False,No memory available.,[],[],[],False,2,0,False,False,,False,False,False,False,False,False,False,False,False,False
primary_contract,no_memory_lite,08e075c7,longmemeval_08e075c7,False,No memory available.,[],[],[],False,2,0,False,False,,False,False,False,False,False,False,False,False,False,False
primary_contract,no_memory_lite,0977f2af,longmemeval_0977f2af,False,No memory available.,[],[],[],False,2,0,False,False,,False,False,False,False,False,False,False,False,False,False
primary_contract,no_memory_lite,0ddfec37,longmemeval_0ddfec37,False,No memory available.,[],[],[],False,2,0,False,False,,False,False,False,False,False,False,False,False,False,False
primary_contract,no_memory_lite,0e4e4c46,longmemeval_0e4e4c46,False,No memory available.,[],[],[],False,2,0,False,False,,False,False,False,False,False,False,False,False,False,False
primary_contract,no_memory_lite,0f05491a,longmemeval_0f05491a,False,No memory available.,[],[],[],False,2,0,False,False,,False,False,False,False,False,False,False,False,False,False
primary_contract,no_memory_lite,10e09553,longmemeval_10e09553,False,No memory available.,[],[],[],False,2,0,False,False,,False,False,False,False,False,False,False,False,False,False
primary_contract,no_memory_lite,184da446,longmemeval_184da446,False,No memory available.,[],[],[],False,2,0,False,False,,False,False,False,False,False,False,False,False,False,False
primary_contract,no_memory_lite,18bc8abd,longmemeval_18bc8abd,False,No memory available.,[],[],[],False,2,0,False,False,,False,False,False,False,False,False,False,False,False,False
primary_contract,no_memory_lite,1cea1afa,longmemeval_1cea1afa,False,No memory available.,[],[],[],False,2,0,False,False,,False,False,False,False,False,False,False,False,False,False
primary_contract,no_memory_lite,2133c1b5,longmemeval_2133c1b5,False,No memory available.,[],[],[],False,2,0,False,False,,False,False,False,False,False,False,False,False,False,False
primary_contract,no_memory_lite,22d2cb42,longmemeval_22d2cb42,False,No memory available.,[],[],[],False,2,0,False,False,,False,False,False,False,False,False,False,False,False,False
primary_contract,no_memory_lite,26bdc477,longmemeval_26bdc477,False,No memory available.,[],[],[],False,2,0,False,False,,False,False,False,False,False,False,False,False,False,False
primary_contract,no_memory_lite,3ba21379,longmemeval_3ba21379,False,No memory available.,[],[],[],False,2,0,False,False,,False,False,False,False,False,False,False,False,False,False
primary_contract,no_memory_lite,41698283,longmemeval_41698283,False,No memory available.,[],[],[],False,2,0,False,False,,False,False,False,False,False,False,False,False,False,False
primary_contract,no_memory_lite,42ec0761,longmemeval_42ec0761,False,No memory available.,[],[],[],False,2,0,False,False,,False,False,False,False,False,False,False,False,False,False
primary_contract,no_memory_lite,45dc21b6,longmemeval_45dc21b6,False,No memory available.,[],[],[],False,2,0,False,False,,False,False,False,False,False,False,False,False,False,False
primary_contract,no_memory_lite,4b24c848,longmemeval_4b24c848,False,No memory available.,[],[],[],False,2,0,False,False,,False,False,False,False,False,False,False,False,False,False
primary_contract,no_memory_lite,4d6b87c8,longmemeval_4d6b87c8,False,No memory available.,[],[],[],False,2,0,False,False,,False,False,False,False,False,False,False,False,False,False
primary_contract,no_memory_lite,50635ada,longmemeval_50635ada,False,No memory available.,[],[],[],False,2,0,False,False,,False,False,False,False,False,False,False,False,False,False
primary_contract,no_memory_lite,5831f84d,longmemeval_5831f84d,False,No memory available.,[],[],[],False,2,0,False,False,,False,False,False,False,False,False,False,False,False,False
primary_contract,no_memory_lite,59524333,longmemeval_59524333,False,No memory available.,[],[],[],False,2,0,False,False,,False,False,False,False,False,False,False,False,False,False
primary_contract,no_memory_lite,5a4f22c0,longmemeval_5a4f22c0,False,No memory available.,[],[],[],False,2,0,False,False,,False,False,False,False,False,False,False,False,False,False
primary_contract,no_memory_lite,5c40ec5b,longmemeval_5c40ec5b,False,No memory available.,[],[],[],False,2,0,False,False,,False,False,False,False,False,False,False,False,False,False
primary_contract,no_memory_lite,603deb26,longmemeval_603deb26,False,No memory available.,[],[],[],False,2,0,False,False,,False,False,False,False,False,False,False,False,False,False
primary_contract,no_memory_lite,6071bd76,longmemeval_6071bd76,False,No memory available.,[],[],[],False,2,0,False,False,,False,False,False,False,False,False,False,False,False,False
primary_contract,no_memory_lite,618f13b2,longmemeval_618f13b2,False,No memory available.,[],[],[],False,2,0,False,False,,False,False,False,False,False,False,False,False,False,False
primary_contract,no_memory_lite,69fee5aa,longmemeval_69fee5aa,False,No memory available.,[],[],[],False,2,0,False,False,,False,False,False,False,False,False,False,False,False,False
primary_contract,no_memory_lite,6a1eabeb,longmemeval_6a1eabeb,False,No memory available.,[],[],[],False,2,0,False,False,,False,False,False,False,False,False,False,False,False,False
primary_contract,no_memory_lite,6a27ffc2,longmemeval_6a27ffc2,False,No memory available.,[],[],[],False,2,0,False,False,,False,False,False,False,False,False,False,False,False,False
primary_contract,no_memory_lite,6aeb4375,longmemeval_6aeb4375,False,No memory available.,[],[],[],False,2,0,False,False,,False,False,False,False,False,False,False,False,False,False
primary_contract,no_memory_lite,71315a70,longmemeval_71315a70,False,No memory available.,[],[],[],False,2,0,False,False,,False,False,False,False,False,False,False,False,False,False
primary_contract,no_memory_lite,72e3ee87,longmemeval_72e3ee87,False,No memory available.,[],[],[],False,2,0,False,False,,False,False,False,False,False,False,False,False,False,False
primary_contract,no_memory_lite,7401057b,longmemeval_7401057b,False,No memory available.,[],[],[],False,2,0,False,False,,False,False,False,False,False,False,False,False,False,False
primary_contract,no_memory_lite,7a87bd0c,longmemeval_7a87bd0c,False,No memory available.,[],[],[],False,2,0,False,False,,False,False,False,False,False,False,False,False,False,False
primary_contract,no_memory_lite,7e974930,longmemeval_7e974930,False,No memory available.,[],[],[],False,2,0,False,False,,False,False,False,False,False,False,False,False,False,False
primary_contract,no_memory_lite,830ce83f,longmemeval_830ce83f,False,No memory available.,[],[],[],False,2,0,False,False,,False,False,False,False,False,False,False,False,False,False
primary_contract,no_memory_lite,852ce960,longmemeval_852ce960,False,No memory available.,[],[],[],False,2,0,False,False,,False,False,False,False,False,False,False,False,False,False
primary_contract,no_memory_lite,89941a93,longmemeval_89941a93,False,No memory available.,[],[],[],False,2,0,False,False,,False,False,False,False,False,False,False,False,False,False
primary_contract,no_memory_lite,89941a94,longmemeval_89941a94,False,No memory available.,[],[],[],False,2,0,False,False,,False,False,False,False,False,False,False,False,False,False
primary_contract,no_memory_lite,8fb83627,longmemeval_8fb83627,False,No memory available.,[],[],[],False,2,0,False,False,,False,False,False,False,False,False,False,False,False,False
primary_contract,no_memory_lite,945e3d21,longmemeval_945e3d21,False,No memory available.,[],[],[],False,2,0,False,False,,False,False,False,False,False,False,False,False,False,False
primary_contract,no_memory_lite,9bbe84a2,longmemeval_9bbe84a2,False,No memory available.,[],[],[],False,2,0,False,False,,False,False,False,False,False,False,False,False,False,False
primary_contract,no_memory_lite,9ea5eabc,longmemeval_9ea5eabc,False,No memory available.,[],[],[],False,2,0,False,False,,False,False,False,False,False,False,False,False,False,False
primary_contract,no_memory_lite,a1eacc2a,longmemeval_a1eacc2a,False,No memory available.,[],[],[],False,2,0,False,False,,False,False,False,False,False,False,False,False,False,False
primary_contract,no_memory_lite,a2f3aa27,longmemeval_a2f3aa27,False,No memory available.,[],[],[],False,2,0,False,False,,False,False,False,False,False,False,False,False,False,False
primary_contract,no_memory_lite,affe2881,longmemeval_affe2881,False,No memory available.,[],[],[],False,2,0,False,False,,False,False,False,False,False,False,False,False,False,False
primary_contract,no_memory_lite,b01defab,longmemeval_b01defab,False,No memory available.,[],[],[],False,2,0,False,False,,False,False,False,False,False,False,False,False,False,False
primary_contract,no_memory_lite,b6019101,longmemeval_b6019101,False,No memory available.,[],[],[],False,2,0,False,False,,False,False,False,False,False,False,False,False,False,False
primary_contract,no_memory_lite,ba61f0b9,longmemeval_ba61f0b9,False,No memory available.,[],[],[],False,2,0,False,False,,False,False,False,False,False,False,False,False,False,False
primary_contract,no_memory_lite,c4ea545c,longmemeval_c4ea545c,False,No memory available.,[],[],[],False,2,0,False,False,,False,False,False,False,False,False,False,False,False,False
primary_contract,no_memory_lite,c6853660,longmemeval_c6853660,False,No memory available.,[],[],[],False,2,0,False,False,,False,False,False,False,False,False,False,False,False,False
primary_contract,no_memory_lite,c7dc5443,longmemeval_c7dc5443,False,No memory available.,[],[],[],False,2,0,False,False,,False,False,False,False,False,False,False,False,False,False
primary_contract,no_memory_lite,cc5ded98,longmemeval_cc5ded98,False,No memory available.,[],[],[],False,2,0,False,False,,False,False,False,False,False,False,False,False,False,False
primary_contract,no_memory_lite,ce6d2d27,longmemeval_ce6d2d27,False,No memory available.,[],[],[],False,2,0,False,False,,False,False,False,False,False,False,False,False,False,False
primary_contract,no_memory_lite,cf22b7bf,longmemeval_cf22b7bf,False,No memory available.,[],[],[],False,2,0,False,False,,False,False,False,False,False,False,False,False,False,False
primary_contract,no_memory_lite,d7c942c3,longmemeval_d7c942c3,False,No memory available.,[],[],[],False,2,0,False,False,,False,False,False,False,False,False,False,False,False,False
primary_contract,no_memory_lite,dad224aa,longmemeval_dad224aa,False,No memory available.,[],[],[],False,2,0,False,False,,False,False,False,False,False,False,False,False,False,False
primary_contract,no_memory_lite,db467c8c,longmemeval_db467c8c,False,No memory available.,[],[],[],False,2,0,False,False,,False,False,False,False,False,False,False,False,False,False
primary_contract,no_memory_lite,dfde3500,longmemeval_dfde3500,False,No memory available.,[],[],[],False,2,0,False,False,,False,False,False,False,False,False,False,False,False,False
primary_contract,no_memory_lite,e493bb7c,longmemeval_e493bb7c,False,No memory available.,[],[],[],False,2,0,False,False,,False,False,False,False,False,False,False,False,False,False
primary_contract,no_memory_lite,e61a7584,longmemeval_e61a7584,False,No memory available.,[],[],[],False,2,0,False,False,,False,False,False,False,False,False,False,False,False,False
primary_contract,no_memory_lite,e66b632c,longmemeval_e66b632c,False,No memory available.,[],[],[],False,2,0,False,False,,False,False,False,False,False,False,False,False,False,False
primary_contract,no_memory_lite,eace081b,longmemeval_eace081b,False,No memory available.,[],[],[],False,2,0,False,False,,False,False,False,False,False,False,False,False,False,False
primary_contract,no_memory_lite,ed4ddc30,longmemeval_ed4ddc30,False,No memory available.,[],[],[],False,2,0,False,False,,False,False,False,False,False,False,False,False,False,False
primary_contract,no_memory_lite,f685340e,longmemeval_f685340e,False,No memory available.,[],[],[],False,2,0,False,False,,False,False,False,False,False,False,False,False,False,False
primary_contract,no_memory_lite,f9e8c073,longmemeval_f9e8c073,False,No memory available.,[],[],[],False,2,0,False,False,,False,False,False,False,False,False,False,False,False,False
primary_contract,mem0_lite,01493427,longmemeval_01493427,False,[durable] lme-new-postcards-added-collection-since-started-collecting-again (confidence 0.73),"[""answer_a7b44747_1"", ""answer_a7b44747_2""]","[""longmemeval_01493427::obs_0::0"", ""longmemeval_01493427::obs_1::0""]","[""memory-longmemeval_01493427::obs_0::0""]",False,2,2,True,True,1,True,False,True,True,True,True,True,True,True,True
primary_contract,mem0_lite,031748ae,longmemeval_031748ae,False,[durable] lme-engineers-lead-just-started-new-role-as-senior-software-engineer (confidence 0.73),"[""answer_8748f791_1"", ""answer_8748f791_2""]","[""longmemeval_031748ae::obs_0::0"", ""longmemeval_031748ae::obs_1::0""]","[""memory-longmemeval_031748ae::obs_0::0""]",False,2,2,True,True,1,True,False,True,True,True,True,True,True,True,True
primary_contract,mem0_lite,06db6396,longmemeval_06db6396,False,[durable] lme-projects-completed-since-starting-painting-classes (confidence 0.73),"[""answer_da72b1b4_1"", ""answer_da72b1b4_2""]","[""longmemeval_06db6396::obs_0::0"", ""longmemeval_06db6396::obs_1::0""]","[""memory-longmemeval_06db6396::obs_0::0""]",False,2,2,True,True,1,True,False,True,True,True,True,True,True,True,True
primary_contract,mem0_lite,07741c44,longmemeval_07741c44,False,[durable] lme-initially-keep-old-sneakers (confidence 0.73),"[""answer_7e9ad7b4_1"", ""answer_7e9ad7b4_2""]","[""longmemeval_07741c44::obs_0::0"", ""longmemeval_07741c44::obs_1::0""]","[""memory-longmemeval_07741c44::obs_0::0""]",False,2,2,True,True,1,True,False,True,True,True,True,True,True,True,True
primary_contract,mem0_lite,07741c45,longmemeval_07741c45,False,[durable] lme-keep-old-sneakers (confidence 0.73),"[""answer_7e9ad7b4_1"", ""answer_7e9ad7b4_2""]","[""longmemeval_07741c45::obs_0::0"", ""longmemeval_07741c45::obs_1::0""]","[""memory-longmemeval_07741c45::obs_0::0""]",False,2,2,True,True,1,True,False,True,True,True,True,True,True,True,True
primary_contract,mem0_lite,08e075c7,longmemeval_08e075c7,False,[durable] lme-long-been-using-fitbit-charge (confidence 0.73),"[""answer_cdbe2250_1"", ""answer_cdbe2250_2""]","[""longmemeval_08e075c7::obs_0::0"", ""longmemeval_08e075c7::obs_1::0""]","[""memory-longmemeval_08e075c7::obs_0::0""]",False,2,2,True,True,1,True,False,True,True,True,True,True,True,True,True
primary_contract,mem0_lite,0977f2af,longmemeval_0977f2af,False,[durable] lme-new-kitchen-gadget-invest-before-getting-air-fryer (confidence 0.73),"[""answer_3bf5b73b_1"", ""answer_3bf5b73b_2""]","[""longmemeval_0977f2af::obs_0::0"", ""longmemeval_0977f2af::obs_1::0""]","[""memory-longmemeval_0977f2af::obs_0::0""]",False,2,2,True,True,1,True,False,True,True,True,True,True,True,True,True
primary_contract,mem0_lite,0ddfec37,longmemeval_0ddfec37,False,[durable] lme-autographed-baseballs-added-collection-first-three-months-collection (confidence 0.73),"[""answer_a22b654d_1"", ""answer_a22b654d_2""]","[""longmemeval_0ddfec37::obs_0::0"", ""longmemeval_0ddfec37::obs_1::0""]","[""memory-longmemeval_0ddfec37::obs_0::0""]",False,2,2,True,True,1,True,False,True,True,True,True,True,True,True,True
primary_contract,mem0_lite,0e4e4c46,longmemeval_0e4e4c46,False,[durable] lme-highest-score-ticket-ride (confidence 0.73),"[""answer_f2f998c7_1"", ""answer_f2f998c7_2""]","[""longmemeval_0e4e4c46::obs_0::0"", ""longmemeval_0e4e4c46::obs_1::0""]","[""memory-longmemeval_0e4e4c46::obs_0::0""]",False,2,2,True,True,1,True,False,True,True,True,True,True,True,True,True
primary_contract,mem0_lite,0f05491a,longmemeval_0f05491a,False,[durable] lme-stars-need-reach-gold-level-starbucks-rewards-app (confidence 0.73),"[""answer_d6d2eba8_1"", ""answer_d6d2eba8_2""]","[""longmemeval_0f05491a::obs_0::0"", ""longmemeval_0f05491a::obs_1::0""]","[""memory-longmemeval_0f05491a::obs_0::0""]",False,2,2,True,True,1,True,False,True,True,True,True,True,True,True,True
primary_contract,mem0_lite,10e09553,longmemeval_10e09553,False,[durable] lme-largemouth-bass-catch-alex-earlier-fishing-trip-lake-michigan-before-22-trip (confidence 0.73),"[""answer_67be2c38_1"", ""answer_67be2c38_2""]","[""longmemeval_10e09553::obs_0::0"", ""longmemeval_10e09553::obs_1::0""]","[""memory-longmemeval_10e09553::obs_0::0""]",False,2,2,True,True,1,True,False,True,True,True,True,True,True,True,True
primary_contract,mem0_lite,184da446,longmemeval_184da446,False,[durable] lme-pages-short-history-nearly-everything-read-so-far (confidence 0.73),"[""answer_e2f4f947_1"", ""answer_e2f4f947_2""]","[""longmemeval_184da446::obs_0::0"", ""longmemeval_184da446::obs_1::0""]","[""memory-longmemeval_184da446::obs_0::0""]",False,2,2,True,True,1,True,False,True,True,True,True,True,True,True,True
primary_contract,mem0_lite,18bc8abd,longmemeval_18bc8abd,False,[durable] lme-brand-bbq-sauce-obsessed (confidence 0.73),"[""answer_fff743f5_1"", ""answer_fff743f5_2""]","[""longmemeval_18bc8abd::obs_0::0"", ""longmemeval_18bc8abd::obs_1::0""]","[""memory-longmemeval_18bc8abd::obs_0::0""]",False,2,2,True,True,1,True,False,True,True,True,True,True,True,True,True
primary_contract,mem0_lite,1cea1afa,longmemeval_1cea1afa,False,[durable] lme-instagram-followers (confidence 0.73),"[""answer_79c395a9_1"", ""answer_79c395a9_2""]","[""longmemeval_1cea1afa::obs_0::0"", ""longmemeval_1cea1afa::obs_1::0""]","[""memory-longmemeval_1cea1afa::obs_0::0""]",False,2,2,True,True,1,True,False,True,True,True,True,True,True,True,True
primary_contract,mem0_lite,2133c1b5,longmemeval_2133c1b5,False,[durable] lme-long-been-living-apartment-harajuku (confidence 0.73),"[""answer_52382508_1"", ""answer_52382508_2""]","[""longmemeval_2133c1b5::obs_0::0"", ""longmemeval_2133c1b5::obs_1::0""]","[""memory-longmemeval_2133c1b5::obs_0::0""]",False,2,2,True,True,1,True,False,True,True,True,True,True,True,True,True
primary_contract,mem0_lite,22d2cb42,longmemeval_22d2cb42,False,[durable] lme-get-guitar-serviced (confidence 0.73),"[""answer_bcce0b73_1"", ""answer_bcce0b73_2""]","[""longmemeval_22d2cb42::obs_0::0"", ""longmemeval_22d2cb42::obs_1::0""]","[""memory-longmemeval_22d2cb42::obs_0::0""]",False,2,2,True,True,1,True,False,True,True,True,True,True,True,True,True
primary_contract,mem0_lite,26bdc477,longmemeval_26bdc477,False,[durable] lme-trips-taken-canon-eos-80d-camera (confidence 0.73),"[""answer_f762ad8d_1"", ""answer_f762ad8d_2""]","[""longmemeval_26bdc477::obs_0::0"", ""longmemeval_26bdc477::obs_1::0""]","[""memory-longmemeval_26bdc477::obs_0::0""]",False,2,2,True,True,1,True,False,True,True,True,True,True,True,True,True
primary_contract,mem0_lite,3ba21379,longmemeval_3ba21379,False,[durable] lme-type-vehicle-model-working (confidence 0.73),"[""answer_cd345582_1"", ""answer_cd345582_2""]","[""longmemeval_3ba21379::obs_0::0"", ""longmemeval_3ba21379::obs_1::0""]","[""memory-longmemeval_3ba21379::obs_0::0""]",False,2,2,True,True,1,True,False,True,True,True,True,True,True,True,True
primary_contract,mem0_lite,41698283,longmemeval_41698283,False,[durable] lme-type-camera-lens-purchase-most (confidence 0.73),"[""answer_c7ddc051_1"", ""answer_c7ddc051_2""]","[""longmemeval_41698283::obs_0::0"", ""longmemeval_41698283::obs_1::0""]","[""memory-longmemeval_41698283::obs_0::0""]",False,2,2,True,True,1,True,False,True,True,True,True,True,True,True,True
primary_contract,mem0_lite,42ec0761,longmemeval_42ec0761,False,[durable] lme-spare-screwdriver-opening-up-laptop (confidence 0.73),"[""answer_e3892371_1"", ""answer_e3892371_2""]","[""longmemeval_42ec0761::obs_0::0"", ""longmemeval_42ec0761::obs_1::0""]","[""memory-longmemeval_42ec0761::obs_0::0""]",False,2,2,True,True,1,True,False,True,True,True,True,True,True,True,True
primary_contract,mem0_lite,45dc21b6,longmemeval_45dc21b6,False,[durable] lme-emma-recipes-tried-out (confidence 0.73),"[""answer_07664d43_1"", ""answer_07664d43_2""]","[""longmemeval_45dc21b6::obs_0::0"", ""longmemeval_45dc21b6::obs_1::0""]","[""memory-longmemeval_45dc21b6::obs_0::0""]",False,2,2,True,True,1,True,False,True,True,True,True,True,True,True,True
primary_contract,mem0_lite,4b24c848,longmemeval_4b24c848,False,[durable] lme-tops-bought-so-far (confidence 0.73),"[""answer_2cec623b_1"", ""answer_2cec623b_2""]","[""longmemeval_4b24c848::obs_0::0"", ""longmemeval_4b24c848::obs_1::0""]","[""memory-longmemeval_4b24c848::obs_0::0""]",False,2,2,True,True,1,True,False,True,True,True,True,True,True,True,True
primary_contract,mem0_lite,4d6b87c8,longmemeval_4d6b87c8,False,[durable] lme-titles-watch-list (confidence 0.73),"[""answer_766ab8da_1"", ""answer_766ab8da_2""]","[""longmemeval_4d6b87c8::obs_0::0"", ""longmemeval_4d6b87c8::obs_1::0""]","[""memory-longmemeval_4d6b87c8::obs_0::0""]",False,2,2,True,True,1,True,False,True,True,True,True,True,True,True,True
primary_contract,mem0_lite,50635ada,longmemeval_50635ada,False,[durable] lme-previous-frequent-flyer-status-united-airlines-before-got-status (confidence 0.73),"[""answer_dcd74827_1"", ""answer_dcd74827_2""]","[""longmemeval_50635ada::obs_0::0"", ""longmemeval_50635ada::obs_1::0""]","[""memory-longmemeval_50635ada::obs_0::0""]",False,2,2,True,True,1,True,False,True,True,True,True,True,True,True,True
primary_contract,mem0_lite,5831f84d,longmemeval_5831f84d,False,[durable] lme-crash-course-videos-watched-past-few-weeks (confidence 0.73),"[""answer_8d63a897_1"", ""answer_8d63a897_2""]","[""longmemeval_5831f84d::obs_0::0"", ""longmemeval_5831f84d::obs_1::0""]","[""memory-longmemeval_5831f84d::obs_0::0""]",False,2,2,True,True,1,True,False,True,True,True,True,True,True,True,True
primary_contract,mem0_lite,59524333,longmemeval_59524333,False,[durable] lme-time-usually-go-gym (confidence 0.73),"[""answer_b28f2c7a_1"", ""answer_b28f2c7a_2""]","[""longmemeval_59524333::obs_0::0"", ""longmemeval_59524333::obs_1::0""]","[""memory-longmemeval_59524333::obs_0::0""]",False,2,2,True,True,1,True,False,True,True,True,True,True,True,True,True
primary_contract,mem0_lite,5a4f22c0,longmemeval_5a4f22c0,False,[durable] lme-company-rachel-old-colleague-previous-company-working-at (confidence 0.73),"[""answer_b0f3dfff_1"", ""answer_b0f3dfff_2""]","[""longmemeval_5a4f22c0::obs_0::0"", ""longmemeval_5a4f22c0::obs_1::0""]","[""memory-longmemeval_5a4f22c0::obs_0::0""]",False,2,2,True,True,1,True,False,True,True,True,True,True,True,True,True
primary_contract,mem0_lite,5c40ec5b,longmemeval_5c40ec5b,False,[durable] lme-times-met-up-alex-germany (confidence 0.73),"[""answer_1cb52d0a_1"", ""answer_1cb52d0a_2""]","[""longmemeval_5c40ec5b::obs_0::0"", ""longmemeval_5c40ec5b::obs_1::0""]","[""memory-longmemeval_5c40ec5b::obs_0::0""]",False,2,2,True,True,1,True,False,True,True,True,True,True,True,True,True
primary_contract,mem0_lite,603deb26,longmemeval_603deb26,False,[durable] lme-times-tried-making-negroni-at-home-since-friend-emma-showed-make-it (confidence 0.73),"[""answer_8afdebac_1"", ""answer_8afdebac_2""]","[""longmemeval_603deb26::obs_0::0"", ""longmemeval_603deb26::obs_1::0""]","[""memory-longmemeval_603deb26::obs_0::0""]",False,2,2,True,True,1,True,False,True,True,True,True,True,True,True,True
primary_contract,mem0_lite,6071bd76,longmemeval_6071bd76,False,[durable] lme-coffee-water-ratio-french-press-switch-more-water-per-tablespoon-coffee-or (confidence 0.73),"[""answer_4dac77cb_1"", ""answer_4dac77cb_2""]","[""longmemeval_6071bd76::obs_0::0"", ""longmemeval_6071bd76::obs_1::0""]","[""memory-longmemeval_6071bd76::obs_0::0""]",False,2,2,True,True,1,True,False,True,True,True,True,True,True,True,True
primary_contract,mem0_lite,618f13b2,longmemeval_618f13b2,False,[durable] lme-times-worn-new-black-converse-chuck-taylor-all-star-sneakers (confidence 0.73),"[""answer_caf5b52e_1"", ""answer_caf5b52e_2""]","[""longmemeval_618f13b2::obs_0::0"", ""longmemeval_618f13b2::obs_1::0""]","[""memory-longmemeval_618f13b2::obs_0::0""]",False,2,2,True,True,1,True,False,True,True,True,True,True,True,True,True
primary_contract,mem0_lite,69fee5aa,longmemeval_69fee5aa,False,[durable] lme-pre-1920-american-coins-collection (confidence 0.73),"[""answer_d6028d6e_1"", ""answer_d6028d6e_2""]","[""longmemeval_69fee5aa::obs_0::0"", ""longmemeval_69fee5aa::obs_1::0""]","[""memory-longmemeval_69fee5aa::obs_0::0""]",False,2,2,True,True,1,True,False,True,True,True,True,True,True,True,True
primary_contract,mem0_lite,6a1eabeb,longmemeval_6a1eabeb,False,[durable] lme-personal-best-time-charity-5k-run (confidence 0.73),"[""answer_a25d4a91_1"", ""answer_a25d4a91_2""]","[""longmemeval_6a1eabeb::obs_0::0"", ""longmemeval_6a1eabeb::obs_1::0""]","[""memory-longmemeval_6a1eabeb::obs_0::0""]",False,2,2,True,True,1,True,False,True,True,True,True,True,True,True,True
primary_contract,mem0_lite,6a27ffc2,longmemeval_6a27ffc2,False,[durable] lme-videos-corey-schafer-python-programming-series-completed-so-far (confidence 0.73),"[""answer_77f32504_1"", ""answer_77f32504_2""]","[""longmemeval_6a27ffc2::obs_0::0"", ""longmemeval_6a27ffc2::obs_1::0""]","[""memory-longmemeval_6a27ffc2::obs_0::0""]",False,2,2,True,True,1,True,False,True,True,True,True,True,True,True,True
primary_contract,mem0_lite,6aeb4375,longmemeval_6aeb4375,False,[durable] lme-korean-restaurants-tried-city (confidence 0.73),"[""answer_3f9693b7_1"", ""answer_3f9693b7_2""]","[""longmemeval_6aeb4375::obs_0::0"", ""longmemeval_6aeb4375::obs_1::0""]","[""memory-longmemeval_6aeb4375::obs_0::0""]",False,2,2,True,True,1,True,False,True,True,True,True,True,True,True,True
primary_contract,mem0_lite,71315a70,longmemeval_71315a70,False,[durable] lme-hours-spent-abstract-ocean-sculpture (confidence 0.73),"[""answer_c44b9df4_1"", ""answer_c44b9df4_2""]","[""longmemeval_71315a70::obs_0::0"", ""longmemeval_71315a70::obs_1::0""]","[""memory-longmemeval_71315a70::obs_0::0""]",False,2,2,True,True,1,True,False,True,True,True,True,True,True,True,True
primary_contract,mem0_lite,72e3ee87,longmemeval_72e3ee87,False,[durable] lme-episodes-science-series-completed-crash-course (confidence 0.73),"[""answer_d7de9a6a_1"", ""answer_d7de9a6a_2""]","[""longmemeval_72e3ee87::obs_0::0"", ""longmemeval_72e3ee87::obs_1::0""]","[""memory-longmemeval_72e3ee87::obs_0::0""]",False,2,2,True,True,1,True,False,True,True,True,True,True,True,True,True
primary_contract,mem0_lite,7401057b,longmemeval_7401057b,False,[durable] lme-free-night-stays-can-redeem-at-any-hilton-property-accumulated-points (confidence 0.73),"[""answer_94650bfa_1"", ""answer_94650bfa_2""]","[""longmemeval_7401057b::obs_0::0"", ""longmemeval_7401057b::obs_1::0""]","[""memory-longmemeval_7401057b::obs_0::0""]",False,2,2,True,True,1,True,False,True,True,True,True,True,True,True,True
primary_contract,mem0_lite,7a87bd0c,longmemeval_7a87bd0c,False,[durable] lme-long-been-sticking-daily-tidying-routine (confidence 0.73),"[""answer_d08a934d_1"", ""answer_d08a934d_2""]","[""longmemeval_7a87bd0c::obs_0::0"", ""longmemeval_7a87bd0c::obs_1::0""]","[""memory-longmemeval_7a87bd0c::obs_0::0""]",False,2,2,True,True,1,True,False,True,True,True,True,True,True,True,True
primary_contract,mem0_lite,7e974930,longmemeval_7e974930,False,[durable] lme-much-earn-at-downtown-farmers-market-most-visit (confidence 0.73),"[""answer_c9f5693c_1"", ""answer_c9f5693c_2""]","[""longmemeval_7e974930::obs_0::0"", ""longmemeval_7e974930::obs_1::0""]","[""memory-longmemeval_7e974930::obs_0::0""]",False,2,2,True,True,1,True,False,True,True,True,True,True,True,True,True
primary_contract,mem0_lite,830ce83f,longmemeval_830ce83f,False,[durable] lme-rachel-move-her-relocation (confidence 0.73),"[""answer_0b1a0942_1"", ""answer_0b1a0942_2""]","[""longmemeval_830ce83f::obs_0::0"", ""longmemeval_830ce83f::obs_1::0""]","[""memory-longmemeval_830ce83f::obs_0::0""]",False,2,2,True,True,1,True,False,True,True,True,True,True,True,True,True
primary_contract,mem0_lite,852ce960,longmemeval_852ce960,False,[durable] lme-amount-pre-approved-got-mortgage-wells-fargo (confidence 0.73),"[""answer_3a6f1e82_1"", ""answer_3a6f1e82_2""]","[""longmemeval_852ce960::obs_0::0"", ""longmemeval_852ce960::obs_1::0""]","[""memory-longmemeval_852ce960::obs_0::0""]",False,2,2,True,True,1,True,False,True,True,True,True,True,True,True,True
primary_contract,mem0_lite,89941a93,longmemeval_89941a93,False,[durable] lme-bikes-own (confidence 0.73),"[""answer_e1403127_1"", ""answer_e1403127_2""]","[""longmemeval_89941a93::obs_0::0"", ""longmemeval_89941a93::obs_1::0""]","[""memory-longmemeval_89941a93::obs_0::0""]",False,2,2,True,True,1,True,False,True,True,True,True,True,True,True,True
primary_contract,mem0_lite,89941a94,longmemeval_89941a94,False,[durable] lme-before-purchased-gravel-bike-other-bikes-addition-mountain-bike-commuter-bike (confidence 0.73),"[""answer_e1403127_1"", ""answer_e1403127_2""]","[""longmemeval_89941a94::obs_0::0"", ""longmemeval_89941a94::obs_1::0""]","[""memory-longmemeval_89941a94::obs_0::0""]",False,2,2,True,True,1,True,False,True,True,True,True,True,True,True,True
primary_contract,mem0_lite,8fb83627,longmemeval_8fb83627,False,[durable] lme-issues-national-geographic-finished-reading (confidence 0.73),"[""answer_966cecbb_1"", ""answer_966cecbb_2""]","[""longmemeval_8fb83627::obs_0::0"", ""longmemeval_8fb83627::obs_1::0""]","[""memory-longmemeval_8fb83627::obs_0::0""]",False,2,2,True,True,1,True,False,True,True,True,True,True,True,True,True
primary_contract,mem0_lite,945e3d21,longmemeval_945e3d21,False,[durable] lme-often-attend-yoga-classes-help-anxiety (confidence 0.73),"[""answer_6a4f8626_1"", ""answer_6a4f8626_2""]","[""longmemeval_945e3d21::obs_0::0"", ""longmemeval_945e3d21::obs_1::0""]","[""memory-longmemeval_945e3d21::obs_0::0""]",False,2,2,True,True,1,True,False,True,True,True,True,True,True,True,True
primary_contract,mem0_lite,9bbe84a2,longmemeval_9bbe84a2,False,[durable] lme-previous-goal-apex-legends-level-before-updated-goal (confidence 0.73),"[""answer_c6a0c6c2_1"", ""answer_c6a0c6c2_2""]","[""longmemeval_9bbe84a2::obs_0::0"", ""longmemeval_9bbe84a2::obs_1::0""]","[""memory-longmemeval_9bbe84a2::obs_0::0""]",False,2,2,True,True,1,True,False,True,True,True,True,True,True,True,True
primary_contract,mem0_lite,9ea5eabc,longmemeval_9ea5eabc,False,[durable] lme-go-most-family-trip (confidence 0.73),"[""answer_02e66dec_1"", ""answer_02e66dec_2""]","[""longmemeval_9ea5eabc::obs_0::0"", ""longmemeval_9ea5eabc::obs_1::0""]","[""memory-longmemeval_9ea5eabc::obs_0::0""]",False,2,2,True,True,1,True,False,True,True,True,True,True,True,True,True
primary_contract,mem0_lite,a1eacc2a,longmemeval_a1eacc2a,False,[durable] lme-short-stories-written-since-started-writing-regularly (confidence 0.73),"[""answer_0eb23770_1"", ""answer_0eb23770_2""]","[""longmemeval_a1eacc2a::obs_0::0"", ""longmemeval_a1eacc2a::obs_1::0""]","[""memory-longmemeval_a1eacc2a::obs_0::0""]",False,2,2,True,True,1,True,False,True,True,True,True,True,True,True,True
primary_contract,mem0_lite,a2f3aa27,longmemeval_a2f3aa27,False,[durable] lme-followers-instagram-now (confidence 0.73),"[""answer_5126c02d_1"", ""answer_5126c02d_2""]","[""longmemeval_a2f3aa27::obs_0::0"", ""longmemeval_a2f3aa27::obs_1::0""]","[""memory-longmemeval_a2f3aa27::obs_0::0""]",False,2,2,True,True,1,True,False,True,True,True,True,True,True,True,True
primary_contract,mem0_lite,affe2881,longmemeval_affe2881,False,[durable] lme-different-species-birds-seen-local-park (confidence 0.73),"[""answer_90de9b4d_1"", ""answer_90de9b4d_2""]","[""longmemeval_affe2881::obs_0::0"", ""longmemeval_affe2881::obs_1::0""]","[""memory-longmemeval_affe2881::obs_0::0""]",False,2,2,True,True,1,True,False,True,True,True,True,True,True,True,True
primary_contract,mem0_lite,b01defab,longmemeval_b01defab,False,[durable] lme-finish-reading-nightingale-by-kristin-hannah (confidence 0.73),"[""answer_8c0712af_1"", ""answer_8c0712af_2""]","[""longmemeval_b01defab::obs_0::0"", ""longmemeval_b01defab::obs_1::0""]","[""memory-longmemeval_b01defab::obs_0::0""]",False,2,2,True,True,1,True,False,True,True,True,True,True,True,True,True
primary_contract,mem0_lite,b6019101,longmemeval_b6019101,False,[durable] lme-mcu-films-watch-last-months (confidence 0.73),"[""answer_67074b4b_1"", ""answer_67074b4b_2""]","[""longmemeval_b6019101::obs_0::0"", ""longmemeval_b6019101::obs_1::0""]","[""memory-longmemeval_b6019101::obs_0::0""]",False,2,2,True,True,1,True,False,True,True,True,True,True,True,True,True
primary_contract,mem0_lite,ba61f0b9,longmemeval_ba61f0b9,False,[durable] lme-women-team-led-by-former-manager-rachel (confidence 0.73),"[""answer_f377cda7_1"", ""answer_f377cda7_2""]","[""longmemeval_ba61f0b9::obs_0::0"", ""longmemeval_ba61f0b9::obs_1::0""]","[""memory-longmemeval_ba61f0b9::obs_0::0""]",False,2,2,True,True,1,True,False,True,True,True,True,True,True,True,True
primary_contract,mem0_lite,c4ea545c,longmemeval_c4ea545c,False,[durable] lme-go-gym-more-frequently-than-previously (confidence 0.73),"[""answer_d3bf812b_1"", ""answer_d3bf812b_2""]","[""longmemeval_c4ea545c::obs_0::0"", ""longmemeval_c4ea545c::obs_1::0""]","[""memory-longmemeval_c4ea545c::obs_0::0""]",False,2,2,True,True,1,True,False,True,True,True,True,True,True,True,True
primary_contract,mem0_lite,c6853660,longmemeval_c6853660,False,[durable] lme-mostly-increase-or-decrease-limit-number-cups-coffee-morning (confidence 0.73),"[""answer_626e93c4_1"", ""answer_626e93c4_2""]","[""longmemeval_c6853660::obs_0::0"", ""longmemeval_c6853660::obs_1::0""]","[""memory-longmemeval_c6853660::obs_0::0""]",False,2,2,True,True,1,True,False,True,True,True,True,True,True,True,True
primary_contract,mem0_lite,c7dc5443,longmemeval_c7dc5443,False,[durable] lme-record-recreational-volleyball-league (confidence 0.73),"[""answer_0cdbca92_1"", ""answer_0cdbca92_2""]","[""longmemeval_c7dc5443::obs_0::0"", ""longmemeval_c7dc5443::obs_1::0""]","[""memory-longmemeval_c7dc5443::obs_0::0""]",False,2,2,True,True,1,True,False,True,True,True,True,True,True,True,True
primary_contract,mem0_lite,cc5ded98,longmemeval_cc5ded98,False,[durable] lme-much-time-dedicate-coding-exercises-each-day (confidence 0.73),"[""answer_a5b68517_1"", ""answer_a5b68517_2""]","[""longmemeval_cc5ded98::obs_0::0"", ""longmemeval_cc5ded98::obs_1::0""]","[""memory-longmemeval_cc5ded98::obs_0::0""]",False,2,2,True,True,1,True,False,True,True,True,True,True,True,True,True
primary_contract,mem0_lite,ce6d2d27,longmemeval_ce6d2d27,False,[durable] lme-day-week-take-cocktail-making-class (confidence 0.73),"[""answer_73540165_1"", ""answer_73540165_2""]","[""longmemeval_ce6d2d27::obs_0::0"", ""longmemeval_ce6d2d27::obs_1::0""]","[""memory-longmemeval_ce6d2d27::obs_0::0""]",False,2,2,True,True,1,True,False,True,True,True,True,True,True,True,True
primary_contract,mem0_lite,cf22b7bf,longmemeval_cf22b7bf,False,[durable] lme-much-weight-lost-since-started-going-gym-consistently (confidence 0.73),"[""answer_ae3a122b_1"", ""answer_ae3a122b_2""]","[""longmemeval_cf22b7bf::obs_0::0"", ""longmemeval_cf22b7bf::obs_1::0""]","[""memory-longmemeval_cf22b7bf::obs_0::0""]",False,2,2,True,True,1,True,False,True,True,True,True,True,True,True,True
primary_contract,mem0_lite,d7c942c3,longmemeval_d7c942c3,False,[durable] lme-mom-using-same-grocery-list-method-as (confidence 0.73),"[""answer_eecb10d9_1"", ""answer_eecb10d9_2""]","[""longmemeval_d7c942c3::obs_0::0"", ""longmemeval_d7c942c3::obs_1::0""]","[""memory-longmemeval_d7c942c3::obs_0::0""]",False,2,2,True,True,1,True,False,True,True,True,True,True,True,True,True
primary_contract,mem0_lite,dad224aa,longmemeval_dad224aa,False,[durable] lme-time-wake-up-saturday-mornings (confidence 0.73),"[""answer_4a97ae40_1"", ""answer_4a97ae40_2""]","[""longmemeval_dad224aa::obs_0::0"", ""longmemeval_dad224aa::obs_1::0""]","[""memory-longmemeval_dad224aa::obs_0::0""]",False,2,2,True,True,1,True,False,True,True,True,True,True,True,True,True
primary_contract,mem0_lite,db467c8c,longmemeval_db467c8c,False,[durable] lme-long-parents-been-staying-us (confidence 0.73),"[""answer_611b6e83_1"", ""answer_611b6e83_2""]","[""longmemeval_db467c8c::obs_0::0"", ""longmemeval_db467c8c::obs_1::0""]","[""memory-longmemeval_db467c8c::obs_0::0""]",False,2,2,True,True,1,True,False,True,True,True,True,True,True,True,True
primary_contract,mem0_lite,dfde3500,longmemeval_dfde3500,False,[durable] lme-day-week-meet-previous-language-exchange-tutor-juan (confidence 0.73),"[""answer_35d6c0be_1"", ""answer_35d6c0be_2""]","[""longmemeval_dfde3500::obs_0::0"", ""longmemeval_dfde3500::obs_1::0""]","[""memory-longmemeval_dfde3500::obs_0::0""]",False,2,2,True,True,1,True,False,True,True,True,True,True,True,True,True
primary_contract,mem0_lite,e493bb7c,longmemeval_e493bb7c,False,[durable] lme-painting-ethereal-dreams-by-emma-taylor-hanging (confidence 0.73),"[""answer_1a374afa_1"", ""answer_1a374afa_2""]","[""longmemeval_e493bb7c::obs_0::0"", ""longmemeval_e493bb7c::obs_1::0""]","[""memory-longmemeval_e493bb7c::obs_0::0""]",False,2,2,True,True,1,True,False,True,True,True,True,True,True,True,True
primary_contract,mem0_lite,e61a7584,longmemeval_e61a7584,False,[durable] lme-long-cat-luna (confidence 0.73),"[""answer_f25c32f5_1"", ""answer_f25c32f5_2""]","[""longmemeval_e61a7584::obs_0::0"", ""longmemeval_e61a7584::obs_1::0""]","[""memory-longmemeval_e61a7584::obs_0::0""]",False,2,2,True,True,1,True,False,True,True,True,True,True,True,True,True
primary_contract,mem0_lite,e66b632c,longmemeval_e66b632c,False,[durable] lme-previous-personal-best-time-charity-5k-run (confidence 0.73),"[""answer_ac0140ce_1"", ""answer_ac0140ce_2""]","[""longmemeval_e66b632c::obs_0::0"", ""longmemeval_e66b632c::obs_1::0""]","[""memory-longmemeval_e66b632c::obs_0::0""]",False,2,2,True,True,1,True,False,True,True,True,True,True,True,True,True
primary_contract,mem0_lite,eace081b,longmemeval_eace081b,False,[durable] lme-planning-stay-birthday-trip-hawaii (confidence 0.73),"[""answer_8a791264_1"", ""answer_8a791264_2""]","[""longmemeval_eace081b::obs_0::0"", ""longmemeval_eace081b::obs_1::0""]","[""memory-longmemeval_eace081b::obs_0::0""]",False,2,2,True,True,1,True,False,True,True,True,True,True,True,True,True
primary_contract,mem0_lite,ed4ddc30,longmemeval_ed4ddc30,False,[durable] lme-dozen-eggs-we-stocked-up-our-refrigerator (confidence 0.73),"[""answer_babbaccb_1"", ""answer_babbaccb_2""]","[""longmemeval_ed4ddc30::obs_0::0"", ""longmemeval_ed4ddc30::obs_1::0""]","[""memory-longmemeval_ed4ddc30::obs_0::0""]",False,2,2,True,True,1,True,False,True,True,True,True,True,True,True,True
primary_contract,mem0_lite,f685340e,longmemeval_f685340e,False,[durable] lme-often-play-tennis-friends-at-local-park-previously (confidence 0.73),"[""answer_25df025b_1"", ""answer_25df025b_2""]","[""longmemeval_f685340e::obs_0::0"", ""longmemeval_f685340e::obs_1::0""]","[""memory-longmemeval_f685340e::obs_0::0""]",False,2,2,True,True,1,True,False,True,True,True,True,True,True,True,True
primary_contract,mem0_lite,f9e8c073,longmemeval_f9e8c073,False,[durable] lme-sessions-bereavement-support-group-attend (confidence 0.73),"[""answer_b191df5b_1"", ""answer_b191df5b_2""]","[""longmemeval_f9e8c073::obs_0::0"", ""longmemeval_f9e8c073::obs_1::0""]","[""memory-longmemeval_f9e8c073::obs_0::0""]",False,2,2,True,True,1,True,False,True,True,True,True,True,True,True,True
primary_contract,cq_pending_multi_evidence,01493427,longmemeval_01493427,False,[pending-multi] 2 candidate(s): lme-new-postcards-added-collection-since-started-collecting-again; lme-new-postcards-added-collection-since-started-collecting-again,"[""answer_a7b44747_2"", ""answer_a7b44747_1""]","[""longmemeval_01493427::obs_1::0"", ""longmemeval_01493427::obs_0::0""]",[],True,2,2,True,True,1,True,False,True,True,True,True,True,True,True,True
primary_contract,cq_pending_multi_evidence,031748ae,longmemeval_031748ae,False,[pending-multi] 2 candidate(s): lme-engineers-lead-just-started-new-role-as-senior-software-engineer; lme-engineers-lead-just-started-new-role-as-senior-software-engineer,"[""answer_8748f791_2"", ""answer_8748f791_1""]","[""longmemeval_031748ae::obs_1::0"", ""longmemeval_031748ae::obs_0::0""]",[],True,2,2,True,True,1,True,False,True,True,True,True,True,True,True,True
primary_contract,cq_pending_multi_evidence,06db6396,longmemeval_06db6396,False,[pending-multi] 2 candidate(s): lme-projects-completed-since-starting-painting-classes; lme-projects-completed-since-starting-painting-classes,"[""answer_da72b1b4_2"", ""answer_da72b1b4_1""]","[""longmemeval_06db6396::obs_1::0"", ""longmemeval_06db6396::obs_0::0""]",[],True,2,2,True,True,1,True,False,True,True,True,True,True,True,True,True
primary_contract,cq_pending_multi_evidence,07741c44,longmemeval_07741c44,False,[pending-multi] 2 candidate(s): lme-initially-keep-old-sneakers; lme-initially-keep-old-sneakers,"[""answer_7e9ad7b4_2"", ""answer_7e9ad7b4_1""]","[""longmemeval_07741c44::obs_1::0"", ""longmemeval_07741c44::obs_0::0""]",[],True,2,2,True,True,1,True,False,True,True,True,True,True,True,True,True
primary_contract,cq_pending_multi_evidence,07741c45,longmemeval_07741c45,False,[pending-multi] 2 candidate(s): lme-keep-old-sneakers; lme-keep-old-sneakers,"[""answer_7e9ad7b4_2"", ""answer_7e9ad7b4_1""]","[""longmemeval_07741c45::obs_1::0"", ""longmemeval_07741c45::obs_0::0""]",[],True,2,2,True,True,1,True,False,True,True,True,True,True,True,True,True
primary_contract,cq_pending_multi_evidence,08e075c7,longmemeval_08e075c7,False,[pending-multi] 2 candidate(s): lme-long-been-using-fitbit-charge; lme-long-been-using-fitbit-charge,"[""answer_cdbe2250_2"", ""answer_cdbe2250_1""]","[""longmemeval_08e075c7::obs_1::0"", ""longmemeval_08e075c7::obs_0::0""]",[],True,2,2,True,True,1,True,False,True,True,True,True,True,True,True,True
primary_contract,cq_pending_multi_evidence,0977f2af,longmemeval_0977f2af,False,[pending-multi] 2 candidate(s): lme-new-kitchen-gadget-invest-before-getting-air-fryer; lme-new-kitchen-gadget-invest-before-getting-air-fryer,"[""answer_3bf5b73b_2"", ""answer_3bf5b73b_1""]","[""longmemeval_0977f2af::obs_1::0"", ""longmemeval_0977f2af::obs_0::0""]",[],True,2,2,True,True,1,True,False,True,True,True,True,True,True,True,True
primary_contract,cq_pending_multi_evidence,0ddfec37,longmemeval_0ddfec37,False,[pending-multi] 2 candidate(s): lme-autographed-baseballs-added-collection-first-three-months-collection; lme-autographed-baseballs-added-collection-first-three-months-collection,"[""answer_a22b654d_2"", ""answer_a22b654d_1""]","[""longmemeval_0ddfec37::obs_1::0"", ""longmemeval_0ddfec37::obs_0::0""]",[],True,2,2,True,True,1,True,False,True,True,True,True,True,True,True,True
primary_contract,cq_pending_multi_evidence,0e4e4c46,longmemeval_0e4e4c46,False,[pending-multi] 2 candidate(s): lme-highest-score-ticket-ride; lme-highest-score-ticket-ride,"[""answer_f2f998c7_2"", ""answer_f2f998c7_1""]","[""longmemeval_0e4e4c46::obs_1::0"", ""longmemeval_0e4e4c46::obs_0::0""]",[],True,2,2,True,True,1,True,False,True,True,True,True,True,True,True,True
primary_contract,cq_pending_multi_evidence,0f05491a,longmemeval_0f05491a,False,[pending-multi] 2 candidate(s): lme-stars-need-reach-gold-level-starbucks-rewards-app; lme-stars-need-reach-gold-level-starbucks-rewards-app,"[""answer_d6d2eba8_2"", ""answer_d6d2eba8_1""]","[""longmemeval_0f05491a::obs_1::0"", ""longmemeval_0f05491a::obs_0::0""]",[],True,2,2,True,True,1,True,False,True,True,True,True,True,True,True,True
primary_contract,cq_pending_multi_evidence,10e09553,longmemeval_10e09553,False,[pending-multi] 2 candidate(s): lme-largemouth-bass-catch-alex-earlier-fishing-trip-lake-michigan-before-22-trip; lme-largemouth-bass-catch-alex-earlier-fishing-trip-lake-michigan-before-22-trip,"[""answer_67be2c38_2"", ""answer_67be2c38_1""]","[""longmemeval_10e09553::obs_1::0"", ""longmemeval_10e09553::obs_0::0""]",[],True,2,2,True,True,1,True,False,True,True,True,True,True,True,True,True
primary_contract,cq_pending_multi_evidence,184da446,longmemeval_184da446,False,[pending-multi] 2 candidate(s): lme-pages-short-history-nearly-everything-read-so-far; lme-pages-short-history-nearly-everything-read-so-far,"[""answer_e2f4f947_2"", ""answer_e2f4f947_1""]","[""longmemeval_184da446::obs_1::0"", ""longmemeval_184da446::obs_0::0""]",[],True,2,2,True,True,1,True,False,True,True,True,True,True,True,True,True
primary_contract,cq_pending_multi_evidence,18bc8abd,longmemeval_18bc8abd,False,[pending-multi] 2 candidate(s): lme-brand-bbq-sauce-obsessed; lme-brand-bbq-sauce-obsessed,"[""answer_fff743f5_2"", ""answer_fff743f5_1""]","[""longmemeval_18bc8abd::obs_1::0"", ""longmemeval_18bc8abd::obs_0::0""]",[],True,2,2,True,True,1,True,False,True,True,True,True,True,True,True,True
primary_contract,cq_pending_multi_evidence,1cea1afa,longmemeval_1cea1afa,False,[pending-multi] 2 candidate(s): lme-instagram-followers; lme-instagram-followers,"[""answer_79c395a9_2"", ""answer_79c395a9_1""]","[""longmemeval_1cea1afa::obs_1::0"", ""longmemeval_1cea1afa::obs_0::0""]",[],True,2,2,True,True,1,True,False,True,True,True,True,True,True,True,True
primary_contract,cq_pending_multi_evidence,2133c1b5,longmemeval_2133c1b5,False,[pending-multi] 2 candidate(s): lme-long-been-living-apartment-harajuku; lme-long-been-living-apartment-harajuku,"[""answer_52382508_2"", ""answer_52382508_1""]","[""longmemeval_2133c1b5::obs_1::0"", ""longmemeval_2133c1b5::obs_0::0""]",[],True,2,2,True,True,1,True,False,True,True,True,True,True,True,True,True
primary_contract,cq_pending_multi_evidence,22d2cb42,longmemeval_22d2cb42,False,[pending-multi] 2 candidate(s): lme-get-guitar-serviced; lme-get-guitar-serviced,"[""answer_bcce0b73_2"", ""answer_bcce0b73_1""]","[""longmemeval_22d2cb42::obs_1::0"", ""longmemeval_22d2cb42::obs_0::0""]",[],True,2,2,True,True,1,True,False,True,True,True,True,True,True,True,True
primary_contract,cq_pending_multi_evidence,26bdc477,longmemeval_26bdc477,False,[pending-multi] 2 candidate(s): lme-trips-taken-canon-eos-80d-camera; lme-trips-taken-canon-eos-80d-camera,"[""answer_f762ad8d_2"", ""answer_f762ad8d_1""]","[""longmemeval_26bdc477::obs_1::0"", ""longmemeval_26bdc477::obs_0::0""]",[],True,2,2,True,True,1,True,False,True,True,True,True,True,True,True,True
primary_contract,cq_pending_multi_evidence,3ba21379,longmemeval_3ba21379,False,[pending-multi] 2 candidate(s): lme-type-vehicle-model-working; lme-type-vehicle-model-working,"[""answer_cd345582_2"", ""answer_cd345582_1""]","[""longmemeval_3ba21379::obs_1::0"", ""longmemeval_3ba21379::obs_0::0""]",[],True,2,2,True,True,1,True,False,True,True,True,True,True,True,True,True
primary_contract,cq_pending_multi_evidence,41698283,longmemeval_41698283,False,[pending-multi] 2 candidate(s): lme-type-camera-lens-purchase-most; lme-type-camera-lens-purchase-most,"[""answer_c7ddc051_2"", ""answer_c7ddc051_1""]","[""longmemeval_41698283::obs_1::0"", ""longmemeval_41698283::obs_0::0""]",[],True,2,2,True,True,1,True,False,True,True,True,True,True,True,True,True
primary_contract,cq_pending_multi_evidence,42ec0761,longmemeval_42ec0761,False,[pending-multi] 2 candidate(s): lme-spare-screwdriver-opening-up-laptop; lme-spare-screwdriver-opening-up-laptop,"[""answer_e3892371_2"", ""answer_e3892371_1""]","[""longmemeval_42ec0761::obs_1::0"", ""longmemeval_42ec0761::obs_0::0""]",[],True,2,2,True,True,1,True,False,True,True,True,True,True,True,True,True
primary_contract,cq_pending_multi_evidence,45dc21b6,longmemeval_45dc21b6,False,[pending-multi] 2 candidate(s): lme-emma-recipes-tried-out; lme-emma-recipes-tried-out,"[""answer_07664d43_2"", ""answer_07664d43_1""]","[""longmemeval_45dc21b6::obs_1::0"", ""longmemeval_45dc21b6::obs_0::0""]",[],True,2,2,True,True,1,True,False,True,True,True,True,True,True,True,True
primary_contract,cq_pending_multi_evidence,4b24c848,longmemeval_4b24c848,False,[pending-multi] 2 candidate(s): lme-tops-bought-so-far; lme-tops-bought-so-far,"[""answer_2cec623b_2"", ""answer_2cec623b_1""]","[""longmemeval_4b24c848::obs_1::0"", ""longmemeval_4b24c848::obs_0::0""]",[],True,2,2,True,True,1,True,False,True,True,True,True,True,True,True,True
primary_contract,cq_pending_multi_evidence,4d6b87c8,longmemeval_4d6b87c8,False,[pending-multi] 2 candidate(s): lme-titles-watch-list; lme-titles-watch-list,"[""answer_766ab8da_2"", ""answer_766ab8da_1""]","[""longmemeval_4d6b87c8::obs_1::0"", ""longmemeval_4d6b87c8::obs_0::0""]",[],True,2,2,True,True,1,True,False,True,True,True,True,True,True,True,True
primary_contract,cq_pending_multi_evidence,50635ada,longmemeval_50635ada,False,[pending-multi] 2 candidate(s): lme-previous-frequent-flyer-status-united-airlines-before-got-status; lme-previous-frequent-flyer-status-united-airlines-before-got-status,"[""answer_dcd74827_2"", ""answer_dcd74827_1""]","[""longmemeval_50635ada::obs_1::0"", ""longmemeval_50635ada::obs_0::0""]",[],True,2,2,True,True,1,True,False,True,True,True,True,True,True,True,True
primary_contract,cq_pending_multi_evidence,5831f84d,longmemeval_5831f84d,False,[pending-multi] 2 candidate(s): lme-crash-course-videos-watched-past-few-weeks; lme-crash-course-videos-watched-past-few-weeks,"[""answer_8d63a897_2"", ""answer_8d63a897_1""]","[""longmemeval_5831f84d::obs_1::0"", ""longmemeval_5831f84d::obs_0::0""]",[],True,2,2,True,True,1,True,False,True,True,True,True,True,True,True,True
primary_contract,cq_pending_multi_evidence,59524333,longmemeval_59524333,False,[pending-multi] 2 candidate(s): lme-time-usually-go-gym; lme-time-usually-go-gym,"[""answer_b28f2c7a_2"", ""answer_b28f2c7a_1""]","[""longmemeval_59524333::obs_1::0"", ""longmemeval_59524333::obs_0::0""]",[],True,2,2,True,True,1,True,False,True,True,True,True,True,True,True,True
primary_contract,cq_pending_multi_evidence,5a4f22c0,longmemeval_5a4f22c0,False,[pending-multi] 2 candidate(s): lme-company-rachel-old-colleague-previous-company-working-at; lme-company-rachel-old-colleague-previous-company-working-at,"[""answer_b0f3dfff_2"", ""answer_b0f3dfff_1""]","[""longmemeval_5a4f22c0::obs_1::0"", ""longmemeval_5a4f22c0::obs_0::0""]",[],True,2,2,True,True,1,True,False,True,True,True,True,True,True,True,True
primary_contract,cq_pending_multi_evidence,5c40ec5b,longmemeval_5c40ec5b,False,[pending-multi] 2 candidate(s): lme-times-met-up-alex-germany; lme-times-met-up-alex-germany,"[""answer_1cb52d0a_2"", ""answer_1cb52d0a_1""]","[""longmemeval_5c40ec5b::obs_1::0"", ""longmemeval_5c40ec5b::obs_0::0""]",[],True,2,2,True,True,1,True,False,True,True,True,True,True,True,True,True
primary_contract,cq_pending_multi_evidence,603deb26,longmemeval_603deb26,False,[pending-multi] 2 candidate(s): lme-times-tried-making-negroni-at-home-since-friend-emma-showed-make-it; lme-times-tried-making-negroni-at-home-since-friend-emma-showed-make-it,"[""answer_8afdebac_2"", ""answer_8afdebac_1""]","[""longmemeval_603deb26::obs_1::0"", ""longmemeval_603deb26::obs_0::0""]",[],True,2,2,True,True,1,True,False,True,True,True,True,True,True,True,True
primary_contract,cq_pending_multi_evidence,6071bd76,longmemeval_6071bd76,False,[pending-multi] 2 candidate(s): lme-coffee-water-ratio-french-press-switch-more-water-per-tablespoon-coffee-or; lme-coffee-water-ratio-french-press-switch-more-water-per-tablespoon-coffee-or,"[""answer_4dac77cb_2"", ""answer_4dac77cb_1""]","[""longmemeval_6071bd76::obs_1::0"", ""longmemeval_6071bd76::obs_0::0""]",[],True,2,2,True,True,1,True,False,True,True,True,True,True,True,True,True
primary_contract,cq_pending_multi_evidence,618f13b2,longmemeval_618f13b2,False,[pending-multi] 2 candidate(s): lme-times-worn-new-black-converse-chuck-taylor-all-star-sneakers; lme-times-worn-new-black-converse-chuck-taylor-all-star-sneakers,"[""answer_caf5b52e_2"", ""answer_caf5b52e_1""]","[""longmemeval_618f13b2::obs_1::0"", ""longmemeval_618f13b2::obs_0::0""]",[],True,2,2,True,True,1,True,False,True,True,True,True,True,True,True,True
primary_contract,cq_pending_multi_evidence,69fee5aa,longmemeval_69fee5aa,False,[pending-multi] 2 candidate(s): lme-pre-1920-american-coins-collection; lme-pre-1920-american-coins-collection,"[""answer_d6028d6e_2"", ""answer_d6028d6e_1""]","[""longmemeval_69fee5aa::obs_1::0"", ""longmemeval_69fee5aa::obs_0::0""]",[],True,2,2,True,True,1,True,False,True,True,True,True,True,True,True,True
primary_contract,cq_pending_multi_evidence,6a1eabeb,longmemeval_6a1eabeb,False,[pending-multi] 2 candidate(s): lme-personal-best-time-charity-5k-run; lme-personal-best-time-charity-5k-run,"[""answer_a25d4a91_2"", ""answer_a25d4a91_1""]","[""longmemeval_6a1eabeb::obs_1::0"", ""longmemeval_6a1eabeb::obs_0::0""]",[],True,2,2,True,True,1,True,False,True,True,True,True,True,True,True,True
primary_contract,cq_pending_multi_evidence,6a27ffc2,longmemeval_6a27ffc2,False,[pending-multi] 2 candidate(s): lme-videos-corey-schafer-python-programming-series-completed-so-far; lme-videos-corey-schafer-python-programming-series-completed-so-far,"[""answer_77f32504_2"", ""answer_77f32504_1""]","[""longmemeval_6a27ffc2::obs_1::0"", ""longmemeval_6a27ffc2::obs_0::0""]",[],True,2,2,True,True,1,True,False,True,True,True,True,True,True,True,True
primary_contract,cq_pending_multi_evidence,6aeb4375,longmemeval_6aeb4375,False,[pending-multi] 2 candidate(s): lme-korean-restaurants-tried-city; lme-korean-restaurants-tried-city,"[""answer_3f9693b7_2"", ""answer_3f9693b7_1""]","[""longmemeval_6aeb4375::obs_1::0"", ""longmemeval_6aeb4375::obs_0::0""]",[],True,2,2,True,True,1,True,False,True,True,True,True,True,True,True,True
primary_contract,cq_pending_multi_evidence,71315a70,longmemeval_71315a70,False,[pending-multi] 2 candidate(s): lme-hours-spent-abstract-ocean-sculpture; lme-hours-spent-abstract-ocean-sculpture,"[""answer_c44b9df4_2"", ""answer_c44b9df4_1""]","[""longmemeval_71315a70::obs_1::0"", ""longmemeval_71315a70::obs_0::0""]",[],True,2,2,True,True,1,True,False,True,True,True,True,True,True,True,True
primary_contract,cq_pending_multi_evidence,72e3ee87,longmemeval_72e3ee87,False,[pending-multi] 2 candidate(s): lme-episodes-science-series-completed-crash-course; lme-episodes-science-series-completed-crash-course,"[""answer_d7de9a6a_2"", ""answer_d7de9a6a_1""]","[""longmemeval_72e3ee87::obs_1::0"", ""longmemeval_72e3ee87::obs_0::0""]",[],True,2,2,True,True,1,True,False,True,True,True,True,True,True,True,True
primary_contract,cq_pending_multi_evidence,7401057b,longmemeval_7401057b,False,[pending-multi] 2 candidate(s): lme-free-night-stays-can-redeem-at-any-hilton-property-accumulated-points; lme-free-night-stays-can-redeem-at-any-hilton-property-accumulated-points,"[""answer_94650bfa_2"", ""answer_94650bfa_1""]","[""longmemeval_7401057b::obs_1::0"", ""longmemeval_7401057b::obs_0::0""]",[],True,2,2,True,True,1,True,False,True,True,True,True,True,True,True,True
primary_contract,cq_pending_multi_evidence,7a87bd0c,longmemeval_7a87bd0c,False,[pending-multi] 2 candidate(s): lme-long-been-sticking-daily-tidying-routine; lme-long-been-sticking-daily-tidying-routine,"[""answer_d08a934d_2"", ""answer_d08a934d_1""]","[""longmemeval_7a87bd0c::obs_1::0"", ""longmemeval_7a87bd0c::obs_0::0""]",[],True,2,2,True,True,1,True,False,True,True,True,True,True,True,True,True
primary_contract,cq_pending_multi_evidence,7e974930,longmemeval_7e974930,False,[pending-multi] 2 candidate(s): lme-much-earn-at-downtown-farmers-market-most-visit; lme-much-earn-at-downtown-farmers-market-most-visit,"[""answer_c9f5693c_2"", ""answer_c9f5693c_1""]","[""longmemeval_7e974930::obs_1::0"", ""longmemeval_7e974930::obs_0::0""]",[],True,2,2,True,True,1,True,False,True,True,True,True,True,True,True,True
primary_contract,cq_pending_multi_evidence,830ce83f,longmemeval_830ce83f,False,[pending-multi] 2 candidate(s): lme-rachel-move-her-relocation; lme-rachel-move-her-relocation,"[""answer_0b1a0942_2"", ""answer_0b1a0942_1""]","[""longmemeval_830ce83f::obs_1::0"", ""longmemeval_830ce83f::obs_0::0""]",[],True,2,2,True,True,1,True,False,True,True,True,True,True,True,True,True
primary_contract,cq_pending_multi_evidence,852ce960,longmemeval_852ce960,False,[pending-multi] 2 candidate(s): lme-amount-pre-approved-got-mortgage-wells-fargo; lme-amount-pre-approved-got-mortgage-wells-fargo,"[""answer_3a6f1e82_2"", ""answer_3a6f1e82_1""]","[""longmemeval_852ce960::obs_1::0"", ""longmemeval_852ce960::obs_0::0""]",[],True,2,2,True,True,1,True,False,True,True,True,True,True,True,True,True
primary_contract,cq_pending_multi_evidence,89941a93,longmemeval_89941a93,False,[pending-multi] 2 candidate(s): lme-bikes-own; lme-bikes-own,"[""answer_e1403127_2"", ""answer_e1403127_1""]","[""longmemeval_89941a93::obs_1::0"", ""longmemeval_89941a93::obs_0::0""]",[],True,2,2,True,True,1,True,False,True,True,True,True,True,True,True,True
primary_contract,cq_pending_multi_evidence,89941a94,longmemeval_89941a94,False,[pending-multi] 2 candidate(s): lme-before-purchased-gravel-bike-other-bikes-addition-mountain-bike-commuter-bike; lme-before-purchased-gravel-bike-other-bikes-addition-mountain-bike-commuter-bike,"[""answer_e1403127_2"", ""answer_e1403127_1""]","[""longmemeval_89941a94::obs_1::0"", ""longmemeval_89941a94::obs_0::0""]",[],True,2,2,True,True,1,True,False,True,True,True,True,True,True,True,True
primary_contract,cq_pending_multi_evidence,8fb83627,longmemeval_8fb83627,False,[pending-multi] 2 candidate(s): lme-issues-national-geographic-finished-reading; lme-issues-national-geographic-finished-reading,"[""answer_966cecbb_2"", ""answer_966cecbb_1""]","[""longmemeval_8fb83627::obs_1::0"", ""longmemeval_8fb83627::obs_0::0""]",[],True,2,2,True,True,1,True,False,True,True,True,True,True,True,True,True
primary_contract,cq_pending_multi_evidence,945e3d21,longmemeval_945e3d21,False,[pending-multi] 2 candidate(s): lme-often-attend-yoga-classes-help-anxiety; lme-often-attend-yoga-classes-help-anxiety,"[""answer_6a4f8626_2"", ""answer_6a4f8626_1""]","[""longmemeval_945e3d21::obs_1::0"", ""longmemeval_945e3d21::obs_0::0""]",[],True,2,2,True,True,1,True,False,True,True,True,True,True,True,True,True
primary_contract,cq_pending_multi_evidence,9bbe84a2,longmemeval_9bbe84a2,False,[pending-multi] 2 candidate(s): lme-previous-goal-apex-legends-level-before-updated-goal; lme-previous-goal-apex-legends-level-before-updated-goal,"[""answer_c6a0c6c2_2"", ""answer_c6a0c6c2_1""]","[""longmemeval_9bbe84a2::obs_1::0"", ""longmemeval_9bbe84a2::obs_0::0""]",[],True,2,2,True,True,1,True,False,True,True,True,True,True,True,True,True
primary_contract,cq_pending_multi_evidence,9ea5eabc,longmemeval_9ea5eabc,False,[pending-multi] 2 candidate(s): lme-go-most-family-trip; lme-go-most-family-trip,"[""answer_02e66dec_2"", ""answer_02e66dec_1""]","[""longmemeval_9ea5eabc::obs_1::0"", ""longmemeval_9ea5eabc::obs_0::0""]",[],True,2,2,True,True,1,True,False,True,True,True,True,True,True,True,True
primary_contract,cq_pending_multi_evidence,a1eacc2a,longmemeval_a1eacc2a,False,[pending-multi] 2 candidate(s): lme-short-stories-written-since-started-writing-regularly; lme-short-stories-written-since-started-writing-regularly,"[""answer_0eb23770_2"", ""answer_0eb23770_1""]","[""longmemeval_a1eacc2a::obs_1::0"", ""longmemeval_a1eacc2a::obs_0::0""]",[],True,2,2,True,True,1,True,False,True,True,True,True,True,True,True,True
primary_contract,cq_pending_multi_evidence,a2f3aa27,longmemeval_a2f3aa27,False,[pending-multi] 2 candidate(s): lme-followers-instagram-now; lme-followers-instagram-now,"[""answer_5126c02d_2"", ""answer_5126c02d_1""]","[""longmemeval_a2f3aa27::obs_1::0"", ""longmemeval_a2f3aa27::obs_0::0""]",[],True,2,2,True,True,1,True,False,True,True,True,True,True,True,True,True
primary_contract,cq_pending_multi_evidence,affe2881,longmemeval_affe2881,False,[pending-multi] 2 candidate(s): lme-different-species-birds-seen-local-park; lme-different-species-birds-seen-local-park,"[""answer_90de9b4d_2"", ""answer_90de9b4d_1""]","[""longmemeval_affe2881::obs_1::0"", ""longmemeval_affe2881::obs_0::0""]",[],True,2,2,True,True,1,True,False,True,True,True,True,True,True,True,True
primary_contract,cq_pending_multi_evidence,b01defab,longmemeval_b01defab,False,[pending-multi] 2 candidate(s): lme-finish-reading-nightingale-by-kristin-hannah; lme-finish-reading-nightingale-by-kristin-hannah,"[""answer_8c0712af_2"", ""answer_8c0712af_1""]","[""longmemeval_b01defab::obs_1::0"", ""longmemeval_b01defab::obs_0::0""]",[],True,2,2,True,True,1,True,False,True,True,True,True,True,True,True,True
primary_contract,cq_pending_multi_evidence,b6019101,longmemeval_b6019101,False,[pending-multi] 2 candidate(s): lme-mcu-films-watch-last-months; lme-mcu-films-watch-last-months,"[""answer_67074b4b_2"", ""answer_67074b4b_1""]","[""longmemeval_b6019101::obs_1::0"", ""longmemeval_b6019101::obs_0::0""]",[],True,2,2,True,True,1,True,False,True,True,True,True,True,True,True,True
primary_contract,cq_pending_multi_evidence,ba61f0b9,longmemeval_ba61f0b9,False,[pending-multi] 2 candidate(s): lme-women-team-led-by-former-manager-rachel; lme-women-team-led-by-former-manager-rachel,"[""answer_f377cda7_2"", ""answer_f377cda7_1""]","[""longmemeval_ba61f0b9::obs_1::0"", ""longmemeval_ba61f0b9::obs_0::0""]",[],True,2,2,True,True,1,True,False,True,True,True,True,True,True,True,True
primary_contract,cq_pending_multi_evidence,c4ea545c,longmemeval_c4ea545c,False,[pending-multi] 2 candidate(s): lme-go-gym-more-frequently-than-previously; lme-go-gym-more-frequently-than-previously,"[""answer_d3bf812b_2"", ""answer_d3bf812b_1""]","[""longmemeval_c4ea545c::obs_1::0"", ""longmemeval_c4ea545c::obs_0::0""]",[],True,2,2,True,True,1,True,False,True,True,True,True,True,True,True,True
primary_contract,cq_pending_multi_evidence,c6853660,longmemeval_c6853660,False,[pending-multi] 2 candidate(s): lme-mostly-increase-or-decrease-limit-number-cups-coffee-morning; lme-mostly-increase-or-decrease-limit-number-cups-coffee-morning,"[""answer_626e93c4_2"", ""answer_626e93c4_1""]","[""longmemeval_c6853660::obs_1::0"", ""longmemeval_c6853660::obs_0::0""]",[],True,2,2,True,True,1,True,False,True,True,True,True,True,True,True,True
primary_contract,cq_pending_multi_evidence,c7dc5443,longmemeval_c7dc5443,False,[pending-multi] 2 candidate(s): lme-record-recreational-volleyball-league; lme-record-recreational-volleyball-league,"[""answer_0cdbca92_2"", ""answer_0cdbca92_1""]","[""longmemeval_c7dc5443::obs_1::0"", ""longmemeval_c7dc5443::obs_0::0""]",[],True,2,2,True,True,1,True,False,True,True,True,True,True,True,True,True
primary_contract,cq_pending_multi_evidence,cc5ded98,longmemeval_cc5ded98,False,[pending-multi] 2 candidate(s): lme-much-time-dedicate-coding-exercises-each-day; lme-much-time-dedicate-coding-exercises-each-day,"[""answer_a5b68517_2"", ""answer_a5b68517_1""]","[""longmemeval_cc5ded98::obs_1::0"", ""longmemeval_cc5ded98::obs_0::0""]",[],True,2,2,True,True,1,True,False,True,True,True,True,True,True,True,True
primary_contract,cq_pending_multi_evidence,ce6d2d27,longmemeval_ce6d2d27,False,[pending-multi] 2 candidate(s): lme-day-week-take-cocktail-making-class; lme-day-week-take-cocktail-making-class,"[""answer_73540165_2"", ""answer_73540165_1""]","[""longmemeval_ce6d2d27::obs_1::0"", ""longmemeval_ce6d2d27::obs_0::0""]",[],True,2,2,True,True,1,True,False,True,True,True,True,True,True,True,True
primary_contract,cq_pending_multi_evidence,cf22b7bf,longmemeval_cf22b7bf,False,[pending-multi] 2 candidate(s): lme-much-weight-lost-since-started-going-gym-consistently; lme-much-weight-lost-since-started-going-gym-consistently,"[""answer_ae3a122b_2"", ""answer_ae3a122b_1""]","[""longmemeval_cf22b7bf::obs_1::0"", ""longmemeval_cf22b7bf::obs_0::0""]",[],True,2,2,True,True,1,True,False,True,True,True,True,True,True,True,True
primary_contract,cq_pending_multi_evidence,d7c942c3,longmemeval_d7c942c3,False,[pending-multi] 2 candidate(s): lme-mom-using-same-grocery-list-method-as; lme-mom-using-same-grocery-list-method-as,"[""answer_eecb10d9_2"", ""answer_eecb10d9_1""]","[""longmemeval_d7c942c3::obs_1::0"", ""longmemeval_d7c942c3::obs_0::0""]",[],True,2,2,True,True,1,True,False,True,True,True,True,True,True,True,True
primary_contract,cq_pending_multi_evidence,dad224aa,longmemeval_dad224aa,False,[pending-multi] 2 candidate(s): lme-time-wake-up-saturday-mornings; lme-time-wake-up-saturday-mornings,"[""answer_4a97ae40_2"", ""answer_4a97ae40_1""]","[""longmemeval_dad224aa::obs_1::0"", ""longmemeval_dad224aa::obs_0::0""]",[],True,2,2,True,True,1,True,False,True,True,True,True,True,True,True,True
primary_contract,cq_pending_multi_evidence,db467c8c,longmemeval_db467c8c,False,[pending-multi] 2 candidate(s): lme-long-parents-been-staying-us; lme-long-parents-been-staying-us,"[""answer_611b6e83_2"", ""answer_611b6e83_1""]","[""longmemeval_db467c8c::obs_1::0"", ""longmemeval_db467c8c::obs_0::0""]",[],True,2,2,True,True,1,True,False,True,True,True,True,True,True,True,True
primary_contract,cq_pending_multi_evidence,dfde3500,longmemeval_dfde3500,False,[pending-multi] 2 candidate(s): lme-day-week-meet-previous-language-exchange-tutor-juan; lme-day-week-meet-previous-language-exchange-tutor-juan,"[""answer_35d6c0be_2"", ""answer_35d6c0be_1""]","[""longmemeval_dfde3500::obs_1::0"", ""longmemeval_dfde3500::obs_0::0""]",[],True,2,2,True,True,1,True,False,True,True,True,True,True,True,True,True
primary_contract,cq_pending_multi_evidence,e493bb7c,longmemeval_e493bb7c,False,[pending-multi] 2 candidate(s): lme-painting-ethereal-dreams-by-emma-taylor-hanging; lme-painting-ethereal-dreams-by-emma-taylor-hanging,"[""answer_1a374afa_2"", ""answer_1a374afa_1""]","[""longmemeval_e493bb7c::obs_1::0"", ""longmemeval_e493bb7c::obs_0::0""]",[],True,2,2,True,True,1,True,False,True,True,True,True,True,True,True,True
primary_contract,cq_pending_multi_evidence,e61a7584,longmemeval_e61a7584,False,[pending-multi] 2 candidate(s): lme-long-cat-luna; lme-long-cat-luna,"[""answer_f25c32f5_2"", ""answer_f25c32f5_1""]","[""longmemeval_e61a7584::obs_1::0"", ""longmemeval_e61a7584::obs_0::0""]",[],True,2,2,True,True,1,True,False,True,True,True,True,True,True,True,True
primary_contract,cq_pending_multi_evidence,e66b632c,longmemeval_e66b632c,False,[pending-multi] 2 candidate(s): lme-previous-personal-best-time-charity-5k-run; lme-previous-personal-best-time-charity-5k-run,"[""answer_ac0140ce_2"", ""answer_ac0140ce_1""]","[""longmemeval_e66b632c::obs_1::0"", ""longmemeval_e66b632c::obs_0::0""]",[],True,2,2,True,True,1,True,False,True,True,True,True,True,True,True,True
primary_contract,cq_pending_multi_evidence,eace081b,longmemeval_eace081b,False,[pending-multi] 2 candidate(s): lme-planning-stay-birthday-trip-hawaii; lme-planning-stay-birthday-trip-hawaii,"[""answer_8a791264_2"", ""answer_8a791264_1""]","[""longmemeval_eace081b::obs_1::0"", ""longmemeval_eace081b::obs_0::0""]",[],True,2,2,True,True,1,True,False,True,True,True,True,True,True,True,True
primary_contract,cq_pending_multi_evidence,ed4ddc30,longmemeval_ed4ddc30,False,[pending-multi] 2 candidate(s): lme-dozen-eggs-we-stocked-up-our-refrigerator; lme-dozen-eggs-we-stocked-up-our-refrigerator,"[""answer_babbaccb_2"", ""answer_babbaccb_1""]","[""longmemeval_ed4ddc30::obs_1::0"", ""longmemeval_ed4ddc30::obs_0::0""]",[],True,2,2,True,True,1,True,False,True,True,True,True,True,True,True,True
primary_contract,cq_pending_multi_evidence,f685340e,longmemeval_f685340e,False,[pending-multi] 2 candidate(s): lme-often-play-tennis-friends-at-local-park-previously; lme-often-play-tennis-friends-at-local-park-previously,"[""answer_25df025b_2"", ""answer_25df025b_1""]","[""longmemeval_f685340e::obs_1::0"", ""longmemeval_f685340e::obs_0::0""]",[],True,2,2,True,True,1,True,False,True,True,True,True,True,True,True,True
primary_contract,cq_pending_multi_evidence,f9e8c073,longmemeval_f9e8c073,False,[pending-multi] 2 candidate(s): lme-sessions-bereavement-support-group-attend; lme-sessions-bereavement-support-group-attend,"[""answer_b191df5b_2"", ""answer_b191df5b_1""]","[""longmemeval_f9e8c073::obs_1::0"", ""longmemeval_f9e8c073::obs_0::0""]",[],True,2,2,True,True,1,True,False,True,True,True,True,True,True,True,True
primary_contract,reflection_eager_write_cardinality_capped,01493427,longmemeval_01493427,False,[durable-capped] lme-new-postcards-added-collection-since-started-collecting-again (confidence 0.73),"[""answer_a7b44747_2""]","[""longmemeval_01493427::obs_1::0""]","[""memory-longmemeval_01493427::obs_0::0""]",False,2,1,True,False,1,True,False,True,False,True,False,True,False,True,False
primary_contract,reflection_eager_write_cardinality_capped,031748ae,longmemeval_031748ae,False,[durable-capped] lme-engineers-lead-just-started-new-role-as-senior-software-engineer (confidence 0.73),"[""answer_8748f791_2""]","[""longmemeval_031748ae::obs_1::0""]","[""memory-longmemeval_031748ae::obs_0::0""]",False,2,1,True,False,1,True,False,True,False,True,False,True,False,True,False
primary_contract,reflection_eager_write_cardinality_capped,06db6396,longmemeval_06db6396,False,[durable-capped] lme-projects-completed-since-starting-painting-classes (confidence 0.73),"[""answer_da72b1b4_2""]","[""longmemeval_06db6396::obs_1::0""]","[""memory-longmemeval_06db6396::obs_0::0""]",False,2,1,True,False,1,True,False,True,False,True,False,True,False,True,False
primary_contract,reflection_eager_write_cardinality_capped,07741c44,longmemeval_07741c44,False,[durable-capped] lme-initially-keep-old-sneakers (confidence 0.73),"[""answer_7e9ad7b4_2""]","[""longmemeval_07741c44::obs_1::0""]","[""memory-longmemeval_07741c44::obs_0::0""]",False,2,1,True,False,1,True,False,True,False,True,False,True,False,True,False
primary_contract,reflection_eager_write_cardinality_capped,07741c45,longmemeval_07741c45,False,[durable-capped] lme-keep-old-sneakers (confidence 0.73),"[""answer_7e9ad7b4_2""]","[""longmemeval_07741c45::obs_1::0""]","[""memory-longmemeval_07741c45::obs_0::0""]",False,2,1,True,False,1,True,False,True,False,True,False,True,False,True,False
primary_contract,reflection_eager_write_cardinality_capped,08e075c7,longmemeval_08e075c7,False,[durable-capped] lme-long-been-using-fitbit-charge (confidence 0.73),"[""answer_cdbe2250_2""]","[""longmemeval_08e075c7::obs_1::0""]","[""memory-longmemeval_08e075c7::obs_0::0""]",False,2,1,True,False,1,True,False,True,False,True,False,True,False,True,False
primary_contract,reflection_eager_write_cardinality_capped,0977f2af,longmemeval_0977f2af,False,[durable-capped] lme-new-kitchen-gadget-invest-before-getting-air-fryer (confidence 0.73),"[""answer_3bf5b73b_2""]","[""longmemeval_0977f2af::obs_1::0""]","[""memory-longmemeval_0977f2af::obs_0::0""]",False,2,1,True,False,1,True,False,True,False,True,False,True,False,True,False
primary_contract,reflection_eager_write_cardinality_capped,0ddfec37,longmemeval_0ddfec37,False,[durable-capped] lme-autographed-baseballs-added-collection-first-three-months-collection (confidence 0.73),"[""answer_a22b654d_2""]","[""longmemeval_0ddfec37::obs_1::0""]","[""memory-longmemeval_0ddfec37::obs_0::0""]",False,2,1,True,False,1,True,False,True,False,True,False,True,False,True,False
primary_contract,reflection_eager_write_cardinality_capped,0e4e4c46,longmemeval_0e4e4c46,False,[durable-capped] lme-highest-score-ticket-ride (confidence 0.73),"[""answer_f2f998c7_2""]","[""longmemeval_0e4e4c46::obs_1::0""]","[""memory-longmemeval_0e4e4c46::obs_0::0""]",False,2,1,True,False,1,True,False,True,False,True,False,True,False,True,False
primary_contract,reflection_eager_write_cardinality_capped,0f05491a,longmemeval_0f05491a,False,[durable-capped] lme-stars-need-reach-gold-level-starbucks-rewards-app (confidence 0.73),"[""answer_d6d2eba8_2""]","[""longmemeval_0f05491a::obs_1::0""]","[""memory-longmemeval_0f05491a::obs_0::0""]",False,2,1,True,False,1,True,False,True,False,True,False,True,False,True,False
primary_contract,reflection_eager_write_cardinality_capped,10e09553,longmemeval_10e09553,False,[durable-capped] lme-largemouth-bass-catch-alex-earlier-fishing-trip-lake-michigan-before-22-trip (confidence 0.73),"[""answer_67be2c38_2""]","[""longmemeval_10e09553::obs_1::0""]","[""memory-longmemeval_10e09553::obs_0::0""]",False,2,1,True,False,1,True,False,True,False,True,False,True,False,True,False
primary_contract,reflection_eager_write_cardinality_capped,184da446,longmemeval_184da446,False,[durable-capped] lme-pages-short-history-nearly-everything-read-so-far (confidence 0.73),"[""answer_e2f4f947_2""]","[""longmemeval_184da446::obs_1::0""]","[""memory-longmemeval_184da446::obs_0::0""]",False,2,1,True,False,1,True,False,True,False,True,False,True,False,True,False
primary_contract,reflection_eager_write_cardinality_capped,18bc8abd,longmemeval_18bc8abd,False,[durable-capped] lme-brand-bbq-sauce-obsessed (confidence 0.73),"[""answer_fff743f5_2""]","[""longmemeval_18bc8abd::obs_1::0""]","[""memory-longmemeval_18bc8abd::obs_0::0""]",False,2,1,True,False,1,True,False,True,False,True,False,True,False,True,False
primary_contract,reflection_eager_write_cardinality_capped,1cea1afa,longmemeval_1cea1afa,False,[durable-capped] lme-instagram-followers (confidence 0.73),"[""answer_79c395a9_2""]","[""longmemeval_1cea1afa::obs_1::0""]","[""memory-longmemeval_1cea1afa::obs_0::0""]",False,2,1,True,False,1,True,False,True,False,True,False,True,False,True,False
primary_contract,reflection_eager_write_cardinality_capped,2133c1b5,longmemeval_2133c1b5,False,[durable-capped] lme-long-been-living-apartment-harajuku (confidence 0.73),"[""answer_52382508_2""]","[""longmemeval_2133c1b5::obs_1::0""]","[""memory-longmemeval_2133c1b5::obs_0::0""]",False,2,1,True,False,1,True,False,True,False,True,False,True,False,True,False
primary_contract,reflection_eager_write_cardinality_capped,22d2cb42,longmemeval_22d2cb42,False,[durable-capped] lme-get-guitar-serviced (confidence 0.73),"[""answer_bcce0b73_2""]","[""longmemeval_22d2cb42::obs_1::0""]","[""memory-longmemeval_22d2cb42::obs_0::0""]",False,2,1,True,False,1,True,False,True,False,True,False,True,False,True,False
primary_contract,reflection_eager_write_cardinality_capped,26bdc477,longmemeval_26bdc477,False,[durable-capped] lme-trips-taken-canon-eos-80d-camera (confidence 0.73),"[""answer_f762ad8d_2""]","[""longmemeval_26bdc477::obs_1::0""]","[""memory-longmemeval_26bdc477::obs_0::0""]",False,2,1,True,False,1,True,False,True,False,True,False,True,False,True,False
primary_contract,reflection_eager_write_cardinality_capped,3ba21379,longmemeval_3ba21379,False,[durable-capped] lme-type-vehicle-model-working (confidence 0.73),"[""answer_cd345582_2""]","[""longmemeval_3ba21379::obs_1::0""]","[""memory-longmemeval_3ba21379::obs_0::0""]",False,2,1,True,False,1,True,False,True,False,True,False,True,False,True,False
primary_contract,reflection_eager_write_cardinality_capped,41698283,longmemeval_41698283,False,[durable-capped] lme-type-camera-lens-purchase-most (confidence 0.73),"[""answer_c7ddc051_2""]","[""longmemeval_41698283::obs_1::0""]","[""memory-longmemeval_41698283::obs_0::0""]",False,2,1,True,False,1,True,False,True,False,True,False,True,False,True,False
primary_contract,reflection_eager_write_cardinality_capped,42ec0761,longmemeval_42ec0761,False,[durable-capped] lme-spare-screwdriver-opening-up-laptop (confidence 0.73),"[""answer_e3892371_2""]","[""longmemeval_42ec0761::obs_1::0""]","[""memory-longmemeval_42ec0761::obs_0::0""]",False,2,1,True,False,1,True,False,True,False,True,False,True,False,True,False
primary_contract,reflection_eager_write_cardinality_capped,45dc21b6,longmemeval_45dc21b6,False,[durable-capped] lme-emma-recipes-tried-out (confidence 0.73),"[""answer_07664d43_2""]","[""longmemeval_45dc21b6::obs_1::0""]","[""memory-longmemeval_45dc21b6::obs_0::0""]",False,2,1,True,False,1,True,False,True,False,True,False,True,False,True,False
primary_contract,reflection_eager_write_cardinality_capped,4b24c848,longmemeval_4b24c848,False,[durable-capped] lme-tops-bought-so-far (confidence 0.73),"[""answer_2cec623b_2""]","[""longmemeval_4b24c848::obs_1::0""]","[""memory-longmemeval_4b24c848::obs_0::0""]",False,2,1,True,False,1,True,False,True,False,True,False,True,False,True,False
primary_contract,reflection_eager_write_cardinality_capped,4d6b87c8,longmemeval_4d6b87c8,False,[durable-capped] lme-titles-watch-list (confidence 0.73),"[""answer_766ab8da_2""]","[""longmemeval_4d6b87c8::obs_1::0""]","[""memory-longmemeval_4d6b87c8::obs_0::0""]",False,2,1,True,False,1,True,False,True,False,True,False,True,False,True,False
primary_contract,reflection_eager_write_cardinality_capped,50635ada,longmemeval_50635ada,False,[durable-capped] lme-previous-frequent-flyer-status-united-airlines-before-got-status (confidence 0.73),"[""answer_dcd74827_2""]","[""longmemeval_50635ada::obs_1::0""]","[""memory-longmemeval_50635ada::obs_0::0""]",False,2,1,True,False,1,True,False,True,False,True,False,True,False,True,False
primary_contract,reflection_eager_write_cardinality_capped,5831f84d,longmemeval_5831f84d,False,[durable-capped] lme-crash-course-videos-watched-past-few-weeks (confidence 0.73),"[""answer_8d63a897_2""]","[""longmemeval_5831f84d::obs_1::0""]","[""memory-longmemeval_5831f84d::obs_0::0""]",False,2,1,True,False,1,True,False,True,False,True,False,True,False,True,False
primary_contract,reflection_eager_write_cardinality_capped,59524333,longmemeval_59524333,False,[durable-capped] lme-time-usually-go-gym (confidence 0.73),"[""answer_b28f2c7a_2""]","[""longmemeval_59524333::obs_1::0""]","[""memory-longmemeval_59524333::obs_0::0""]",False,2,1,True,False,1,True,False,True,False,True,False,True,False,True,False
primary_contract,reflection_eager_write_cardinality_capped,5a4f22c0,longmemeval_5a4f22c0,False,[durable-capped] lme-company-rachel-old-colleague-previous-company-working-at (confidence 0.73),"[""answer_b0f3dfff_2""]","[""longmemeval_5a4f22c0::obs_1::0""]","[""memory-longmemeval_5a4f22c0::obs_0::0""]",False,2,1,True,False,1,True,False,True,False,True,False,True,False,True,False
primary_contract,reflection_eager_write_cardinality_capped,5c40ec5b,longmemeval_5c40ec5b,False,[durable-capped] lme-times-met-up-alex-germany (confidence 0.73),"[""answer_1cb52d0a_2""]","[""longmemeval_5c40ec5b::obs_1::0""]","[""memory-longmemeval_5c40ec5b::obs_0::0""]",False,2,1,True,False,1,True,False,True,False,True,False,True,False,True,False
primary_contract,reflection_eager_write_cardinality_capped,603deb26,longmemeval_603deb26,False,[durable-capped] lme-times-tried-making-negroni-at-home-since-friend-emma-showed-make-it (confidence 0.73),"[""answer_8afdebac_2""]","[""longmemeval_603deb26::obs_1::0""]","[""memory-longmemeval_603deb26::obs_0::0""]",False,2,1,True,False,1,True,False,True,False,True,False,True,False,True,False
primary_contract,reflection_eager_write_cardinality_capped,6071bd76,longmemeval_6071bd76,False,[durable-capped] lme-coffee-water-ratio-french-press-switch-more-water-per-tablespoon-coffee-or (confidence 0.73),"[""answer_4dac77cb_2""]","[""longmemeval_6071bd76::obs_1::0""]","[""memory-longmemeval_6071bd76::obs_0::0""]",False,2,1,True,False,1,True,False,True,False,True,False,True,False,True,False
primary_contract,reflection_eager_write_cardinality_capped,618f13b2,longmemeval_618f13b2,False,[durable-capped] lme-times-worn-new-black-converse-chuck-taylor-all-star-sneakers (confidence 0.73),"[""answer_caf5b52e_2""]","[""longmemeval_618f13b2::obs_1::0""]","[""memory-longmemeval_618f13b2::obs_0::0""]",False,2,1,True,False,1,True,False,True,False,True,False,True,False,True,False
primary_contract,reflection_eager_write_cardinality_capped,69fee5aa,longmemeval_69fee5aa,False,[durable-capped] lme-pre-1920-american-coins-collection (confidence 0.73),"[""answer_d6028d6e_2""]","[""longmemeval_69fee5aa::obs_1::0""]","[""memory-longmemeval_69fee5aa::obs_0::0""]",False,2,1,True,False,1,True,False,True,False,True,False,True,False,True,False
primary_contract,reflection_eager_write_cardinality_capped,6a1eabeb,longmemeval_6a1eabeb,False,[durable-capped] lme-personal-best-time-charity-5k-run (confidence 0.73),"[""answer_a25d4a91_2""]","[""longmemeval_6a1eabeb::obs_1::0""]","[""memory-longmemeval_6a1eabeb::obs_0::0""]",False,2,1,True,False,1,True,False,True,False,True,False,True,False,True,False
primary_contract,reflection_eager_write_cardinality_capped,6a27ffc2,longmemeval_6a27ffc2,False,[durable-capped] lme-videos-corey-schafer-python-programming-series-completed-so-far (confidence 0.73),"[""answer_77f32504_2""]","[""longmemeval_6a27ffc2::obs_1::0""]","[""memory-longmemeval_6a27ffc2::obs_0::0""]",False,2,1,True,False,1,True,False,True,False,True,False,True,False,True,False
primary_contract,reflection_eager_write_cardinality_capped,6aeb4375,longmemeval_6aeb4375,False,[durable-capped] lme-korean-restaurants-tried-city (confidence 0.73),"[""answer_3f9693b7_2""]","[""longmemeval_6aeb4375::obs_1::0""]","[""memory-longmemeval_6aeb4375::obs_0::0""]",False,2,1,True,False,1,True,False,True,False,True,False,True,False,True,False
primary_contract,reflection_eager_write_cardinality_capped,71315a70,longmemeval_71315a70,False,[durable-capped] lme-hours-spent-abstract-ocean-sculpture (confidence 0.73),"[""answer_c44b9df4_2""]","[""longmemeval_71315a70::obs_1::0""]","[""memory-longmemeval_71315a70::obs_0::0""]",False,2,1,True,False,1,True,False,True,False,True,False,True,False,True,False
primary_contract,reflection_eager_write_cardinality_capped,72e3ee87,longmemeval_72e3ee87,False,[durable-capped] lme-episodes-science-series-completed-crash-course (confidence 0.73),"[""answer_d7de9a6a_2""]","[""longmemeval_72e3ee87::obs_1::0""]","[""memory-longmemeval_72e3ee87::obs_0::0""]",False,2,1,True,False,1,True,False,True,False,True,False,True,False,True,False
primary_contract,reflection_eager_write_cardinality_capped,7401057b,longmemeval_7401057b,False,[durable-capped] lme-free-night-stays-can-redeem-at-any-hilton-property-accumulated-points (confidence 0.73),"[""answer_94650bfa_2""]","[""longmemeval_7401057b::obs_1::0""]","[""memory-longmemeval_7401057b::obs_0::0""]",False,2,1,True,False,1,True,False,True,False,True,False,True,False,True,False
primary_contract,reflection_eager_write_cardinality_capped,7a87bd0c,longmemeval_7a87bd0c,False,[durable-capped] lme-long-been-sticking-daily-tidying-routine (confidence 0.73),"[""answer_d08a934d_2""]","[""longmemeval_7a87bd0c::obs_1::0""]","[""memory-longmemeval_7a87bd0c::obs_0::0""]",False,2,1,True,False,1,True,False,True,False,True,False,True,False,True,False
primary_contract,reflection_eager_write_cardinality_capped,7e974930,longmemeval_7e974930,False,[durable-capped] lme-much-earn-at-downtown-farmers-market-most-visit (confidence 0.73),"[""answer_c9f5693c_2""]","[""longmemeval_7e974930::obs_1::0""]","[""memory-longmemeval_7e974930::obs_0::0""]",False,2,1,True,False,1,True,False,True,False,True,False,True,False,True,False
primary_contract,reflection_eager_write_cardinality_capped,830ce83f,longmemeval_830ce83f,False,[durable-capped] lme-rachel-move-her-relocation (confidence 0.73),"[""answer_0b1a0942_2""]","[""longmemeval_830ce83f::obs_1::0""]","[""memory-longmemeval_830ce83f::obs_0::0""]",False,2,1,True,False,1,True,False,True,False,True,False,True,False,True,False
primary_contract,reflection_eager_write_cardinality_capped,852ce960,longmemeval_852ce960,False,[durable-capped] lme-amount-pre-approved-got-mortgage-wells-fargo (confidence 0.73),"[""answer_3a6f1e82_2""]","[""longmemeval_852ce960::obs_1::0""]","[""memory-longmemeval_852ce960::obs_0::0""]",False,2,1,True,False,1,True,False,True,False,True,False,True,False,True,False
primary_contract,reflection_eager_write_cardinality_capped,89941a93,longmemeval_89941a93,False,[durable-capped] lme-bikes-own (confidence 0.73),"[""answer_e1403127_2""]","[""longmemeval_89941a93::obs_1::0""]","[""memory-longmemeval_89941a93::obs_0::0""]",False,2,1,True,False,1,True,False,True,False,True,False,True,False,True,False
primary_contract,reflection_eager_write_cardinality_capped,89941a94,longmemeval_89941a94,False,[durable-capped] lme-before-purchased-gravel-bike-other-bikes-addition-mountain-bike-commuter-bike (confidence 0.73),"[""answer_e1403127_2""]","[""longmemeval_89941a94::obs_1::0""]","[""memory-longmemeval_89941a94::obs_0::0""]",False,2,1,True,False,1,True,False,True,False,True,False,True,False,True,False
primary_contract,reflection_eager_write_cardinality_capped,8fb83627,longmemeval_8fb83627,False,[durable-capped] lme-issues-national-geographic-finished-reading (confidence 0.73),"[""answer_966cecbb_2""]","[""longmemeval_8fb83627::obs_1::0""]","[""memory-longmemeval_8fb83627::obs_0::0""]",False,2,1,True,False,1,True,False,True,False,True,False,True,False,True,False
primary_contract,reflection_eager_write_cardinality_capped,945e3d21,longmemeval_945e3d21,False,[durable-capped] lme-often-attend-yoga-classes-help-anxiety (confidence 0.73),"[""answer_6a4f8626_2""]","[""longmemeval_945e3d21::obs_1::0""]","[""memory-longmemeval_945e3d21::obs_0::0""]",False,2,1,True,False,1,True,False,True,False,True,False,True,False,True,False
primary_contract,reflection_eager_write_cardinality_capped,9bbe84a2,longmemeval_9bbe84a2,False,[durable-capped] lme-previous-goal-apex-legends-level-before-updated-goal (confidence 0.73),"[""answer_c6a0c6c2_2""]","[""longmemeval_9bbe84a2::obs_1::0""]","[""memory-longmemeval_9bbe84a2::obs_0::0""]",False,2,1,True,False,1,True,False,True,False,True,False,True,False,True,False
primary_contract,reflection_eager_write_cardinality_capped,9ea5eabc,longmemeval_9ea5eabc,False,[durable-capped] lme-go-most-family-trip (confidence 0.73),"[""answer_02e66dec_2""]","[""longmemeval_9ea5eabc::obs_1::0""]","[""memory-longmemeval_9ea5eabc::obs_0::0""]",False,2,1,True,False,1,True,False,True,False,True,False,True,False,True,False
primary_contract,reflection_eager_write_cardinality_capped,a1eacc2a,longmemeval_a1eacc2a,False,[durable-capped] lme-short-stories-written-since-started-writing-regularly (confidence 0.73),"[""answer_0eb23770_2""]","[""longmemeval_a1eacc2a::obs_1::0""]","[""memory-longmemeval_a1eacc2a::obs_0::0""]",False,2,1,True,False,1,True,False,True,False,True,False,True,False,True,False
primary_contract,reflection_eager_write_cardinality_capped,a2f3aa27,longmemeval_a2f3aa27,False,[durable-capped] lme-followers-instagram-now (confidence 0.73),"[""answer_5126c02d_2""]","[""longmemeval_a2f3aa27::obs_1::0""]","[""memory-longmemeval_a2f3aa27::obs_0::0""]",False,2,1,True,False,1,True,False,True,False,True,False,True,False,True,False
primary_contract,reflection_eager_write_cardinality_capped,affe2881,longmemeval_affe2881,False,[durable-capped] lme-different-species-birds-seen-local-park (confidence 0.73),"[""answer_90de9b4d_2""]","[""longmemeval_affe2881::obs_1::0""]","[""memory-longmemeval_affe2881::obs_0::0""]",False,2,1,True,False,1,True,False,True,False,True,False,True,False,True,False
primary_contract,reflection_eager_write_cardinality_capped,b01defab,longmemeval_b01defab,False,[durable-capped] lme-finish-reading-nightingale-by-kristin-hannah (confidence 0.73),"[""answer_8c0712af_2""]","[""longmemeval_b01defab::obs_1::0""]","[""memory-longmemeval_b01defab::obs_0::0""]",False,2,1,True,False,1,True,False,True,False,True,False,True,False,True,False
primary_contract,reflection_eager_write_cardinality_capped,b6019101,longmemeval_b6019101,False,[durable-capped] lme-mcu-films-watch-last-months (confidence 0.73),"[""answer_67074b4b_2""]","[""longmemeval_b6019101::obs_1::0""]","[""memory-longmemeval_b6019101::obs_0::0""]",False,2,1,True,False,1,True,False,True,False,True,False,True,False,True,False
primary_contract,reflection_eager_write_cardinality_capped,ba61f0b9,longmemeval_ba61f0b9,False,[durable-capped] lme-women-team-led-by-former-manager-rachel (confidence 0.73),"[""answer_f377cda7_2""]","[""longmemeval_ba61f0b9::obs_1::0""]","[""memory-longmemeval_ba61f0b9::obs_0::0""]",False,2,1,True,False,1,True,False,True,False,True,False,True,False,True,False
primary_contract,reflection_eager_write_cardinality_capped,c4ea545c,longmemeval_c4ea545c,False,[durable-capped] lme-go-gym-more-frequently-than-previously (confidence 0.73),"[""answer_d3bf812b_2""]","[""longmemeval_c4ea545c::obs_1::0""]","[""memory-longmemeval_c4ea545c::obs_0::0""]",False,2,1,True,False,1,True,False,True,False,True,False,True,False,True,False
primary_contract,reflection_eager_write_cardinality_capped,c6853660,longmemeval_c6853660,False,[durable-capped] lme-mostly-increase-or-decrease-limit-number-cups-coffee-morning (confidence 0.73),"[""answer_626e93c4_2""]","[""longmemeval_c6853660::obs_1::0""]","[""memory-longmemeval_c6853660::obs_0::0""]",False,2,1,True,False,1,True,False,True,False,True,False,True,False,True,False
primary_contract,reflection_eager_write_cardinality_capped,c7dc5443,longmemeval_c7dc5443,False,[durable-capped] lme-record-recreational-volleyball-league (confidence 0.73),"[""answer_0cdbca92_2""]","[""longmemeval_c7dc5443::obs_1::0""]","[""memory-longmemeval_c7dc5443::obs_0::0""]",False,2,1,True,False,1,True,False,True,False,True,False,True,False,True,False
primary_contract,reflection_eager_write_cardinality_capped,cc5ded98,longmemeval_cc5ded98,False,[durable-capped] lme-much-time-dedicate-coding-exercises-each-day (confidence 0.73),"[""answer_a5b68517_2""]","[""longmemeval_cc5ded98::obs_1::0""]","[""memory-longmemeval_cc5ded98::obs_0::0""]",False,2,1,True,False,1,True,False,True,False,True,False,True,False,True,False
primary_contract,reflection_eager_write_cardinality_capped,ce6d2d27,longmemeval_ce6d2d27,False,[durable-capped] lme-day-week-take-cocktail-making-class (confidence 0.73),"[""answer_73540165_2""]","[""longmemeval_ce6d2d27::obs_1::0""]","[""memory-longmemeval_ce6d2d27::obs_0::0""]",False,2,1,True,False,1,True,False,True,False,True,False,True,False,True,False
primary_contract,reflection_eager_write_cardinality_capped,cf22b7bf,longmemeval_cf22b7bf,False,[durable-capped] lme-much-weight-lost-since-started-going-gym-consistently (confidence 0.73),"[""answer_ae3a122b_2""]","[""longmemeval_cf22b7bf::obs_1::0""]","[""memory-longmemeval_cf22b7bf::obs_0::0""]",False,2,1,True,False,1,True,False,True,False,True,False,True,False,True,False
primary_contract,reflection_eager_write_cardinality_capped,d7c942c3,longmemeval_d7c942c3,False,[durable-capped] lme-mom-using-same-grocery-list-method-as (confidence 0.73),"[""answer_eecb10d9_2""]","[""longmemeval_d7c942c3::obs_1::0""]","[""memory-longmemeval_d7c942c3::obs_0::0""]",False,2,1,True,False,1,True,False,True,False,True,False,True,False,True,False
primary_contract,reflection_eager_write_cardinality_capped,dad224aa,longmemeval_dad224aa,False,[durable-capped] lme-time-wake-up-saturday-mornings (confidence 0.73),"[""answer_4a97ae40_2""]","[""longmemeval_dad224aa::obs_1::0""]","[""memory-longmemeval_dad224aa::obs_0::0""]",False,2,1,True,False,1,True,False,True,False,True,False,True,False,True,False
primary_contract,reflection_eager_write_cardinality_capped,db467c8c,longmemeval_db467c8c,False,[durable-capped] lme-long-parents-been-staying-us (confidence 0.73),"[""answer_611b6e83_2""]","[""longmemeval_db467c8c::obs_1::0""]","[""memory-longmemeval_db467c8c::obs_0::0""]",False,2,1,True,False,1,True,False,True,False,True,False,True,False,True,False
primary_contract,reflection_eager_write_cardinality_capped,dfde3500,longmemeval_dfde3500,False,[durable-capped] lme-day-week-meet-previous-language-exchange-tutor-juan (confidence 0.73),"[""answer_35d6c0be_2""]","[""longmemeval_dfde3500::obs_1::0""]","[""memory-longmemeval_dfde3500::obs_0::0""]",False,2,1,True,False,1,True,False,True,False,True,False,True,False,True,False
primary_contract,reflection_eager_write_cardinality_capped,e493bb7c,longmemeval_e493bb7c,False,[durable-capped] lme-painting-ethereal-dreams-by-emma-taylor-hanging (confidence 0.73),"[""answer_1a374afa_2""]","[""longmemeval_e493bb7c::obs_1::0""]","[""memory-longmemeval_e493bb7c::obs_0::0""]",False,2,1,True,False,1,True,False,True,False,True,False,True,False,True,False
primary_contract,reflection_eager_write_cardinality_capped,e61a7584,longmemeval_e61a7584,False,[durable-capped] lme-long-cat-luna (confidence 0.73),"[""answer_f25c32f5_2""]","[""longmemeval_e61a7584::obs_1::0""]","[""memory-longmemeval_e61a7584::obs_0::0""]",False,2,1,True,False,1,True,False,True,False,True,False,True,False,True,False
primary_contract,reflection_eager_write_cardinality_capped,e66b632c,longmemeval_e66b632c,False,[durable-capped] lme-previous-personal-best-time-charity-5k-run (confidence 0.73),"[""answer_ac0140ce_2""]","[""longmemeval_e66b632c::obs_1::0""]","[""memory-longmemeval_e66b632c::obs_0::0""]",False,2,1,True,False,1,True,False,True,False,True,False,True,False,True,False
primary_contract,reflection_eager_write_cardinality_capped,eace081b,longmemeval_eace081b,False,[durable-capped] lme-planning-stay-birthday-trip-hawaii (confidence 0.73),"[""answer_8a791264_2""]","[""longmemeval_eace081b::obs_1::0""]","[""memory-longmemeval_eace081b::obs_0::0""]",False,2,1,True,False,1,True,False,True,False,True,False,True,False,True,False
primary_contract,reflection_eager_write_cardinality_capped,ed4ddc30,longmemeval_ed4ddc30,False,[durable-capped] lme-dozen-eggs-we-stocked-up-our-refrigerator (confidence 0.73),"[""answer_babbaccb_2""]","[""longmemeval_ed4ddc30::obs_1::0""]","[""memory-longmemeval_ed4ddc30::obs_0::0""]",False,2,1,True,False,1,True,False,True,False,True,False,True,False,True,False
primary_contract,reflection_eager_write_cardinality_capped,f685340e,longmemeval_f685340e,False,[durable-capped] lme-often-play-tennis-friends-at-local-park-previously (confidence 0.73),"[""answer_25df025b_2""]","[""longmemeval_f685340e::obs_1::0""]","[""memory-longmemeval_f685340e::obs_0::0""]",False,2,1,True,False,1,True,False,True,False,True,False,True,False,True,False
primary_contract,reflection_eager_write_cardinality_capped,f9e8c073,longmemeval_f9e8c073,False,[durable-capped] lme-sessions-bereavement-support-group-attend (confidence 0.73),"[""answer_b191df5b_2""]","[""longmemeval_f9e8c073::obs_1::0""]","[""memory-longmemeval_f9e8c073::obs_0::0""]",False,2,1,True,False,1,True,False,True,False,True,False,True,False,True,False
path_a_only_denominator,reflection_eager_write_lite,01493427,longmemeval_01493427,False,[durable] lme-new-postcards-added-collection-since-started-collecting-again (confidence 0.73),"[""answer_a7b44747_1"", ""answer_a7b44747_2""]","[""longmemeval_01493427::obs_0::0"", ""longmemeval_01493427::obs_1::0""]","[""memory-longmemeval_01493427::obs_0::0""]",False,2,2,True,True,1,True,False,True,True,True,True,True,True,True,True
path_a_only_denominator,reflection_eager_write_lite,031748ae,longmemeval_031748ae,False,[durable] lme-engineers-lead-just-started-new-role-as-senior-software-engineer (confidence 0.73),"[""answer_8748f791_1"", ""answer_8748f791_2""]","[""longmemeval_031748ae::obs_0::0"", ""longmemeval_031748ae::obs_1::0""]","[""memory-longmemeval_031748ae::obs_0::0""]",False,2,2,True,True,1,True,False,True,True,True,True,True,True,True,True
path_a_only_denominator,reflection_eager_write_lite,06db6396,longmemeval_06db6396,False,[durable] lme-projects-completed-since-starting-painting-classes (confidence 0.73),"[""answer_da72b1b4_1"", ""answer_da72b1b4_2""]","[""longmemeval_06db6396::obs_0::0"", ""longmemeval_06db6396::obs_1::0""]","[""memory-longmemeval_06db6396::obs_0::0""]",False,2,2,True,True,1,True,False,True,True,True,True,True,True,True,True
path_a_only_denominator,reflection_eager_write_lite,07741c44,longmemeval_07741c44,False,[durable] lme-initially-keep-old-sneakers (confidence 0.73),"[""answer_7e9ad7b4_1"", ""answer_7e9ad7b4_2""]","[""longmemeval_07741c44::obs_0::0"", ""longmemeval_07741c44::obs_1::0""]","[""memory-longmemeval_07741c44::obs_0::0""]",False,2,2,True,True,1,True,False,True,True,True,True,True,True,True,True
path_a_only_denominator,reflection_eager_write_lite,07741c45,longmemeval_07741c45,False,[durable] lme-keep-old-sneakers (confidence 0.73),"[""answer_7e9ad7b4_1"", ""answer_7e9ad7b4_2""]","[""longmemeval_07741c45::obs_0::0"", ""longmemeval_07741c45::obs_1::0""]","[""memory-longmemeval_07741c45::obs_0::0""]",False,2,2,True,True,1,True,False,True,True,True,True,True,True,True,True
path_a_only_denominator,reflection_eager_write_lite,08e075c7,longmemeval_08e075c7,False,[durable] lme-long-been-using-fitbit-charge (confidence 0.73),"[""answer_cdbe2250_1"", ""answer_cdbe2250_2""]","[""longmemeval_08e075c7::obs_0::0"", ""longmemeval_08e075c7::obs_1::0""]","[""memory-longmemeval_08e075c7::obs_0::0""]",False,2,2,True,True,1,True,False,True,True,True,True,True,True,True,True
path_a_only_denominator,reflection_eager_write_lite,0977f2af,longmemeval_0977f2af,False,[durable] lme-new-kitchen-gadget-invest-before-getting-air-fryer (confidence 0.73),"[""answer_3bf5b73b_1"", ""answer_3bf5b73b_2""]","[""longmemeval_0977f2af::obs_0::0"", ""longmemeval_0977f2af::obs_1::0""]","[""memory-longmemeval_0977f2af::obs_0::0""]",False,2,2,True,True,1,True,False,True,True,True,True,True,True,True,True
path_a_only_denominator,reflection_eager_write_lite,0ddfec37,longmemeval_0ddfec37,False,[durable] lme-autographed-baseballs-added-collection-first-three-months-collection (confidence 0.73),"[""answer_a22b654d_1"", ""answer_a22b654d_2""]","[""longmemeval_0ddfec37::obs_0::0"", ""longmemeval_0ddfec37::obs_1::0""]","[""memory-longmemeval_0ddfec37::obs_0::0""]",False,2,2,True,True,1,True,False,True,True,True,True,True,True,True,True
path_a_only_denominator,reflection_eager_write_lite,0e4e4c46,longmemeval_0e4e4c46,False,[durable] lme-highest-score-ticket-ride (confidence 0.73),"[""answer_f2f998c7_1"", ""answer_f2f998c7_2""]","[""longmemeval_0e4e4c46::obs_0::0"", ""longmemeval_0e4e4c46::obs_1::0""]","[""memory-longmemeval_0e4e4c46::obs_0::0""]",False,2,2,True,True,1,True,False,True,True,True,True,True,True,True,True
path_a_only_denominator,reflection_eager_write_lite,0f05491a,longmemeval_0f05491a,False,[durable] lme-stars-need-reach-gold-level-starbucks-rewards-app (confidence 0.73),"[""answer_d6d2eba8_1"", ""answer_d6d2eba8_2""]","[""longmemeval_0f05491a::obs_0::0"", ""longmemeval_0f05491a::obs_1::0""]","[""memory-longmemeval_0f05491a::obs_0::0""]",False,2,2,True,True,1,True,False,True,True,True,True,True,True,True,True
path_a_only_denominator,reflection_eager_write_lite,10e09553,longmemeval_10e09553,False,[durable] lme-largemouth-bass-catch-alex-earlier-fishing-trip-lake-michigan-before-22-trip (confidence 0.73),"[""answer_67be2c38_1"", ""answer_67be2c38_2""]","[""longmemeval_10e09553::obs_0::0"", ""longmemeval_10e09553::obs_1::0""]","[""memory-longmemeval_10e09553::obs_0::0""]",False,2,2,True,True,1,True,False,True,True,True,True,True,True,True,True
path_a_only_denominator,reflection_eager_write_lite,184da446,longmemeval_184da446,False,[durable] lme-pages-short-history-nearly-everything-read-so-far (confidence 0.73),"[""answer_e2f4f947_1"", ""answer_e2f4f947_2""]","[""longmemeval_184da446::obs_0::0"", ""longmemeval_184da446::obs_1::0""]","[""memory-longmemeval_184da446::obs_0::0""]",False,2,2,True,True,1,True,False,True,True,True,True,True,True,True,True
path_a_only_denominator,reflection_eager_write_lite,18bc8abd,longmemeval_18bc8abd,False,[durable] lme-brand-bbq-sauce-obsessed (confidence 0.73),"[""answer_fff743f5_1"", ""answer_fff743f5_2""]","[""longmemeval_18bc8abd::obs_0::0"", ""longmemeval_18bc8abd::obs_1::0""]","[""memory-longmemeval_18bc8abd::obs_0::0""]",False,2,2,True,True,1,True,False,True,True,True,True,True,True,True,True
path_a_only_denominator,reflection_eager_write_lite,1cea1afa,longmemeval_1cea1afa,False,[durable] lme-instagram-followers (confidence 0.73),"[""answer_79c395a9_1"", ""answer_79c395a9_2""]","[""longmemeval_1cea1afa::obs_0::0"", ""longmemeval_1cea1afa::obs_1::0""]","[""memory-longmemeval_1cea1afa::obs_0::0""]",False,2,2,True,True,1,True,False,True,True,True,True,True,True,True,True
path_a_only_denominator,reflection_eager_write_lite,2133c1b5,longmemeval_2133c1b5,False,[durable] lme-long-been-living-apartment-harajuku (confidence 0.73),"[""answer_52382508_1"", ""answer_52382508_2""]","[""longmemeval_2133c1b5::obs_0::0"", ""longmemeval_2133c1b5::obs_1::0""]","[""memory-longmemeval_2133c1b5::obs_0::0""]",False,2,2,True,True,1,True,False,True,True,True,True,True,True,True,True
path_a_only_denominator,reflection_eager_write_lite,22d2cb42,longmemeval_22d2cb42,False,[durable] lme-get-guitar-serviced (confidence 0.73),"[""answer_bcce0b73_1"", ""answer_bcce0b73_2""]","[""longmemeval_22d2cb42::obs_0::0"", ""longmemeval_22d2cb42::obs_1::0""]","[""memory-longmemeval_22d2cb42::obs_0::0""]",False,2,2,True,True,1,True,False,True,True,True,True,True,True,True,True
path_a_only_denominator,reflection_eager_write_lite,2698e78f,longmemeval_2698e78f,False,[durable] lme-often-see-therapist-dr-smith (confidence 0.73),"[""answer_9282283d_1"", ""answer_9282283d_2""]","[""longmemeval_2698e78f::obs_0::0"", ""longmemeval_2698e78f::obs_1::0""]","[""memory-longmemeval_2698e78f::obs_0::0""]",False,2,2,True,True,1,True,False,True,True,True,True,True,True,True,True
path_a_only_denominator,reflection_eager_write_lite,26bdc477,longmemeval_26bdc477,False,[durable] lme-trips-taken-canon-eos-80d-camera (confidence 0.73),"[""answer_f762ad8d_1"", ""answer_f762ad8d_2""]","[""longmemeval_26bdc477::obs_0::0"", ""longmemeval_26bdc477::obs_1::0""]","[""memory-longmemeval_26bdc477::obs_0::0""]",False,2,2,True,True,1,True,False,True,True,True,True,True,True,True,True
path_a_only_denominator,reflection_eager_write_lite,3ba21379,longmemeval_3ba21379,False,[durable] lme-type-vehicle-model-working (confidence 0.73),"[""answer_cd345582_1"", ""answer_cd345582_2""]","[""longmemeval_3ba21379::obs_0::0"", ""longmemeval_3ba21379::obs_1::0""]","[""memory-longmemeval_3ba21379::obs_0::0""]",False,2,2,True,True,1,True,False,True,True,True,True,True,True,True,True
path_a_only_denominator,reflection_eager_write_lite,41698283,longmemeval_41698283,False,[durable] lme-type-camera-lens-purchase-most (confidence 0.73),"[""answer_c7ddc051_1"", ""answer_c7ddc051_2""]","[""longmemeval_41698283::obs_0::0"", ""longmemeval_41698283::obs_1::0""]","[""memory-longmemeval_41698283::obs_0::0""]",False,2,2,True,True,1,True,False,True,True,True,True,True,True,True,True
path_a_only_denominator,reflection_eager_write_lite,42ec0761,longmemeval_42ec0761,False,[durable] lme-spare-screwdriver-opening-up-laptop (confidence 0.73),"[""answer_e3892371_1"", ""answer_e3892371_2""]","[""longmemeval_42ec0761::obs_0::0"", ""longmemeval_42ec0761::obs_1::0""]","[""memory-longmemeval_42ec0761::obs_0::0""]",False,2,2,True,True,1,True,False,True,True,True,True,True,True,True,True
path_a_only_denominator,reflection_eager_write_lite,45dc21b6,longmemeval_45dc21b6,False,[durable] lme-emma-recipes-tried-out (confidence 0.73),"[""answer_07664d43_1"", ""answer_07664d43_2""]","[""longmemeval_45dc21b6::obs_0::0"", ""longmemeval_45dc21b6::obs_1::0""]","[""memory-longmemeval_45dc21b6::obs_0::0""]",False,2,2,True,True,1,True,False,True,True,True,True,True,True,True,True
path_a_only_denominator,reflection_eager_write_lite,4b24c848,longmemeval_4b24c848,False,[durable] lme-tops-bought-so-far (confidence 0.73),"[""answer_2cec623b_1"", ""answer_2cec623b_2""]","[""longmemeval_4b24c848::obs_0::0"", ""longmemeval_4b24c848::obs_1::0""]","[""memory-longmemeval_4b24c848::obs_0::0""]",False,2,2,True,True,1,True,False,True,True,True,True,True,True,True,True
path_a_only_denominator,reflection_eager_write_lite,4d6b87c8,longmemeval_4d6b87c8,False,[durable] lme-titles-watch-list (confidence 0.73),"[""answer_766ab8da_1"", ""answer_766ab8da_2""]","[""longmemeval_4d6b87c8::obs_0::0"", ""longmemeval_4d6b87c8::obs_1::0""]","[""memory-longmemeval_4d6b87c8::obs_0::0""]",False,2,2,True,True,1,True,False,True,True,True,True,True,True,True,True
path_a_only_denominator,reflection_eager_write_lite,50635ada,longmemeval_50635ada,False,[durable] lme-previous-frequent-flyer-status-united-airlines-before-got-status (confidence 0.73),"[""answer_dcd74827_1"", ""answer_dcd74827_2""]","[""longmemeval_50635ada::obs_0::0"", ""longmemeval_50635ada::obs_1::0""]","[""memory-longmemeval_50635ada::obs_0::0""]",False,2,2,True,True,1,True,False,True,True,True,True,True,True,True,True
path_a_only_denominator,reflection_eager_write_lite,5831f84d,longmemeval_5831f84d,False,[durable] lme-crash-course-videos-watched-past-few-weeks (confidence 0.73),"[""answer_8d63a897_1"", ""answer_8d63a897_2""]","[""longmemeval_5831f84d::obs_0::0"", ""longmemeval_5831f84d::obs_1::0""]","[""memory-longmemeval_5831f84d::obs_0::0""]",False,2,2,True,True,1,True,False,True,True,True,True,True,True,True,True
path_a_only_denominator,reflection_eager_write_lite,59524333,longmemeval_59524333,False,[durable] lme-time-usually-go-gym (confidence 0.73),"[""answer_b28f2c7a_1"", ""answer_b28f2c7a_2""]","[""longmemeval_59524333::obs_0::0"", ""longmemeval_59524333::obs_1::0""]","[""memory-longmemeval_59524333::obs_0::0""]",False,2,2,True,True,1,True,False,True,True,True,True,True,True,True,True
path_a_only_denominator,reflection_eager_write_lite,5a4f22c0,longmemeval_5a4f22c0,False,[durable] lme-company-rachel-old-colleague-previous-company-working-at (confidence 0.73),"[""answer_b0f3dfff_1"", ""answer_b0f3dfff_2""]","[""longmemeval_5a4f22c0::obs_0::0"", ""longmemeval_5a4f22c0::obs_1::0""]","[""memory-longmemeval_5a4f22c0::obs_0::0""]",False,2,2,True,True,1,True,False,True,True,True,True,True,True,True,True
path_a_only_denominator,reflection_eager_write_lite,5c40ec5b,longmemeval_5c40ec5b,False,[durable] lme-times-met-up-alex-germany (confidence 0.73),"[""answer_1cb52d0a_1"", ""answer_1cb52d0a_2""]","[""longmemeval_5c40ec5b::obs_0::0"", ""longmemeval_5c40ec5b::obs_1::0""]","[""memory-longmemeval_5c40ec5b::obs_0::0""]",False,2,2,True,True,1,True,False,True,True,True,True,True,True,True,True
path_a_only_denominator,reflection_eager_write_lite,603deb26,longmemeval_603deb26,False,[durable] lme-times-tried-making-negroni-at-home-since-friend-emma-showed-make-it (confidence 0.73),"[""answer_8afdebac_1"", ""answer_8afdebac_2""]","[""longmemeval_603deb26::obs_0::0"", ""longmemeval_603deb26::obs_1::0""]","[""memory-longmemeval_603deb26::obs_0::0""]",False,2,2,True,True,1,True,False,True,True,True,True,True,True,True,True
path_a_only_denominator,reflection_eager_write_lite,6071bd76,longmemeval_6071bd76,False,[durable] lme-coffee-water-ratio-french-press-switch-more-water-per-tablespoon-coffee-or (confidence 0.73),"[""answer_4dac77cb_1"", ""answer_4dac77cb_2""]","[""longmemeval_6071bd76::obs_0::0"", ""longmemeval_6071bd76::obs_1::0""]","[""memory-longmemeval_6071bd76::obs_0::0""]",False,2,2,True,True,1,True,False,True,True,True,True,True,True,True,True
path_a_only_denominator,reflection_eager_write_lite,618f13b2,longmemeval_618f13b2,False,[durable] lme-times-worn-new-black-converse-chuck-taylor-all-star-sneakers (confidence 0.73),"[""answer_caf5b52e_1"", ""answer_caf5b52e_2""]","[""longmemeval_618f13b2::obs_0::0"", ""longmemeval_618f13b2::obs_1::0""]","[""memory-longmemeval_618f13b2::obs_0::0""]",False,2,2,True,True,1,True,False,True,True,True,True,True,True,True,True
path_a_only_denominator,reflection_eager_write_lite,69fee5aa,longmemeval_69fee5aa,False,[durable] lme-pre-1920-american-coins-collection (confidence 0.73),"[""answer_d6028d6e_1"", ""answer_d6028d6e_2""]","[""longmemeval_69fee5aa::obs_0::0"", ""longmemeval_69fee5aa::obs_1::0""]","[""memory-longmemeval_69fee5aa::obs_0::0""]",False,2,2,True,True,1,True,False,True,True,True,True,True,True,True,True
path_a_only_denominator,reflection_eager_write_lite,6a1eabeb,longmemeval_6a1eabeb,False,[durable] lme-personal-best-time-charity-5k-run (confidence 0.73),"[""answer_a25d4a91_1"", ""answer_a25d4a91_2""]","[""longmemeval_6a1eabeb::obs_0::0"", ""longmemeval_6a1eabeb::obs_1::0""]","[""memory-longmemeval_6a1eabeb::obs_0::0""]",False,2,2,True,True,1,True,False,True,True,True,True,True,True,True,True
path_a_only_denominator,reflection_eager_write_lite,6a27ffc2,longmemeval_6a27ffc2,False,[durable] lme-videos-corey-schafer-python-programming-series-completed-so-far (confidence 0.73),"[""answer_77f32504_1"", ""answer_77f32504_2""]","[""longmemeval_6a27ffc2::obs_0::0"", ""longmemeval_6a27ffc2::obs_1::0""]","[""memory-longmemeval_6a27ffc2::obs_0::0""]",False,2,2,True,True,1,True,False,True,True,True,True,True,True,True,True
path_a_only_denominator,reflection_eager_write_lite,6aeb4375,longmemeval_6aeb4375,False,[durable] lme-korean-restaurants-tried-city (confidence 0.73),"[""answer_3f9693b7_1"", ""answer_3f9693b7_2""]","[""longmemeval_6aeb4375::obs_0::0"", ""longmemeval_6aeb4375::obs_1::0""]","[""memory-longmemeval_6aeb4375::obs_0::0""]",False,2,2,True,True,1,True,False,True,True,True,True,True,True,True,True
path_a_only_denominator,reflection_eager_write_lite,71315a70,longmemeval_71315a70,False,[durable] lme-hours-spent-abstract-ocean-sculpture (confidence 0.73),"[""answer_c44b9df4_1"", ""answer_c44b9df4_2""]","[""longmemeval_71315a70::obs_0::0"", ""longmemeval_71315a70::obs_1::0""]","[""memory-longmemeval_71315a70::obs_0::0""]",False,2,2,True,True,1,True,False,True,True,True,True,True,True,True,True
path_a_only_denominator,reflection_eager_write_lite,72e3ee87,longmemeval_72e3ee87,False,[durable] lme-episodes-science-series-completed-crash-course (confidence 0.73),"[""answer_d7de9a6a_1"", ""answer_d7de9a6a_2""]","[""longmemeval_72e3ee87::obs_0::0"", ""longmemeval_72e3ee87::obs_1::0""]","[""memory-longmemeval_72e3ee87::obs_0::0""]",False,2,2,True,True,1,True,False,True,True,True,True,True,True,True,True
path_a_only_denominator,reflection_eager_write_lite,7401057b,longmemeval_7401057b,False,[durable] lme-free-night-stays-can-redeem-at-any-hilton-property-accumulated-points (confidence 0.73),"[""answer_94650bfa_1"", ""answer_94650bfa_2""]","[""longmemeval_7401057b::obs_0::0"", ""longmemeval_7401057b::obs_1::0""]","[""memory-longmemeval_7401057b::obs_0::0""]",False,2,2,True,True,1,True,False,True,True,True,True,True,True,True,True
path_a_only_denominator,reflection_eager_write_lite,7a87bd0c,longmemeval_7a87bd0c,False,[durable] lme-long-been-sticking-daily-tidying-routine (confidence 0.73),"[""answer_d08a934d_1"", ""answer_d08a934d_2""]","[""longmemeval_7a87bd0c::obs_0::0"", ""longmemeval_7a87bd0c::obs_1::0""]","[""memory-longmemeval_7a87bd0c::obs_0::0""]",False,2,2,True,True,1,True,False,True,True,True,True,True,True,True,True
path_a_only_denominator,reflection_eager_write_lite,7e974930,longmemeval_7e974930,False,[durable] lme-much-earn-at-downtown-farmers-market-most-visit (confidence 0.73),"[""answer_c9f5693c_1"", ""answer_c9f5693c_2""]","[""longmemeval_7e974930::obs_0::0"", ""longmemeval_7e974930::obs_1::0""]","[""memory-longmemeval_7e974930::obs_0::0""]",False,2,2,True,True,1,True,False,True,True,True,True,True,True,True,True
path_a_only_denominator,reflection_eager_write_lite,830ce83f,longmemeval_830ce83f,False,[durable] lme-rachel-move-her-relocation (confidence 0.73),"[""answer_0b1a0942_1"", ""answer_0b1a0942_2""]","[""longmemeval_830ce83f::obs_0::0"", ""longmemeval_830ce83f::obs_1::0""]","[""memory-longmemeval_830ce83f::obs_0::0""]",False,2,2,True,True,1,True,False,True,True,True,True,True,True,True,True
path_a_only_denominator,reflection_eager_write_lite,852ce960,longmemeval_852ce960,False,[durable] lme-amount-pre-approved-got-mortgage-wells-fargo (confidence 0.73),"[""answer_3a6f1e82_1"", ""answer_3a6f1e82_2""]","[""longmemeval_852ce960::obs_0::0"", ""longmemeval_852ce960::obs_1::0""]","[""memory-longmemeval_852ce960::obs_0::0""]",False,2,2,True,True,1,True,False,True,True,True,True,True,True,True,True
path_a_only_denominator,reflection_eager_write_lite,89941a93,longmemeval_89941a93,False,[durable] lme-bikes-own (confidence 0.73),"[""answer_e1403127_1"", ""answer_e1403127_2""]","[""longmemeval_89941a93::obs_0::0"", ""longmemeval_89941a93::obs_1::0""]","[""memory-longmemeval_89941a93::obs_0::0""]",False,2,2,True,True,1,True,False,True,True,True,True,True,True,True,True
path_a_only_denominator,reflection_eager_write_lite,89941a94,longmemeval_89941a94,False,[durable] lme-before-purchased-gravel-bike-other-bikes-addition-mountain-bike-commuter-bike (confidence 0.73),"[""answer_e1403127_1"", ""answer_e1403127_2""]","[""longmemeval_89941a94::obs_0::0"", ""longmemeval_89941a94::obs_1::0""]","[""memory-longmemeval_89941a94::obs_0::0""]",False,2,2,True,True,1,True,False,True,True,True,True,True,True,True,True
path_a_only_denominator,reflection_eager_write_lite,8fb83627,longmemeval_8fb83627,False,[durable] lme-issues-national-geographic-finished-reading (confidence 0.73),"[""answer_966cecbb_1"", ""answer_966cecbb_2""]","[""longmemeval_8fb83627::obs_0::0"", ""longmemeval_8fb83627::obs_1::0""]","[""memory-longmemeval_8fb83627::obs_0::0""]",False,2,2,True,True,1,True,False,True,True,True,True,True,True,True,True
path_a_only_denominator,reflection_eager_write_lite,945e3d21,longmemeval_945e3d21,False,[durable] lme-often-attend-yoga-classes-help-anxiety (confidence 0.73),"[""answer_6a4f8626_1"", ""answer_6a4f8626_2""]","[""longmemeval_945e3d21::obs_0::0"", ""longmemeval_945e3d21::obs_1::0""]","[""memory-longmemeval_945e3d21::obs_0::0""]",False,2,2,True,True,1,True,False,True,True,True,True,True,True,True,True
path_a_only_denominator,reflection_eager_write_lite,9bbe84a2,longmemeval_9bbe84a2,False,[durable] lme-previous-goal-apex-legends-level-before-updated-goal (confidence 0.73),"[""answer_c6a0c6c2_1"", ""answer_c6a0c6c2_2""]","[""longmemeval_9bbe84a2::obs_0::0"", ""longmemeval_9bbe84a2::obs_1::0""]","[""memory-longmemeval_9bbe84a2::obs_0::0""]",False,2,2,True,True,1,True,False,True,True,True,True,True,True,True,True
path_a_only_denominator,reflection_eager_write_lite,9ea5eabc,longmemeval_9ea5eabc,False,[durable] lme-go-most-family-trip (confidence 0.73),"[""answer_02e66dec_1"", ""answer_02e66dec_2""]","[""longmemeval_9ea5eabc::obs_0::0"", ""longmemeval_9ea5eabc::obs_1::0""]","[""memory-longmemeval_9ea5eabc::obs_0::0""]",False,2,2,True,True,1,True,False,True,True,True,True,True,True,True,True
path_a_only_denominator,reflection_eager_write_lite,a1eacc2a,longmemeval_a1eacc2a,False,[durable] lme-short-stories-written-since-started-writing-regularly (confidence 0.73),"[""answer_0eb23770_1"", ""answer_0eb23770_2""]","[""longmemeval_a1eacc2a::obs_0::0"", ""longmemeval_a1eacc2a::obs_1::0""]","[""memory-longmemeval_a1eacc2a::obs_0::0""]",False,2,2,True,True,1,True,False,True,True,True,True,True,True,True,True
path_a_only_denominator,reflection_eager_write_lite,a2f3aa27,longmemeval_a2f3aa27,False,[durable] lme-followers-instagram-now (confidence 0.73),"[""answer_5126c02d_1"", ""answer_5126c02d_2""]","[""longmemeval_a2f3aa27::obs_0::0"", ""longmemeval_a2f3aa27::obs_1::0""]","[""memory-longmemeval_a2f3aa27::obs_0::0""]",False,2,2,True,True,1,True,False,True,True,True,True,True,True,True,True
path_a_only_denominator,reflection_eager_write_lite,affe2881,longmemeval_affe2881,False,[durable] lme-different-species-birds-seen-local-park (confidence 0.73),"[""answer_90de9b4d_1"", ""answer_90de9b4d_2""]","[""longmemeval_affe2881::obs_0::0"", ""longmemeval_affe2881::obs_1::0""]","[""memory-longmemeval_affe2881::obs_0::0""]",False,2,2,True,True,1,True,False,True,True,True,True,True,True,True,True
path_a_only_denominator,reflection_eager_write_lite,b01defab,longmemeval_b01defab,False,[durable] lme-finish-reading-nightingale-by-kristin-hannah (confidence 0.73),"[""answer_8c0712af_1"", ""answer_8c0712af_2""]","[""longmemeval_b01defab::obs_0::0"", ""longmemeval_b01defab::obs_1::0""]","[""memory-longmemeval_b01defab::obs_0::0""]",False,2,2,True,True,1,True,False,True,True,True,True,True,True,True,True
path_a_only_denominator,reflection_eager_write_lite,b6019101,longmemeval_b6019101,False,[durable] lme-mcu-films-watch-last-months (confidence 0.73),"[""answer_67074b4b_1"", ""answer_67074b4b_2""]","[""longmemeval_b6019101::obs_0::0"", ""longmemeval_b6019101::obs_1::0""]","[""memory-longmemeval_b6019101::obs_0::0""]",False,2,2,True,True,1,True,False,True,True,True,True,True,True,True,True
path_a_only_denominator,reflection_eager_write_lite,ba61f0b9,longmemeval_ba61f0b9,False,[durable] lme-women-team-led-by-former-manager-rachel (confidence 0.73),"[""answer_f377cda7_1"", ""answer_f377cda7_2""]","[""longmemeval_ba61f0b9::obs_0::0"", ""longmemeval_ba61f0b9::obs_1::0""]","[""memory-longmemeval_ba61f0b9::obs_0::0""]",False,2,2,True,True,1,True,False,True,True,True,True,True,True,True,True
path_a_only_denominator,reflection_eager_write_lite,c4ea545c,longmemeval_c4ea545c,False,[durable] lme-go-gym-more-frequently-than-previously (confidence 0.73),"[""answer_d3bf812b_1"", ""answer_d3bf812b_2""]","[""longmemeval_c4ea545c::obs_0::0"", ""longmemeval_c4ea545c::obs_1::0""]","[""memory-longmemeval_c4ea545c::obs_0::0""]",False,2,2,True,True,1,True,False,True,True,True,True,True,True,True,True
path_a_only_denominator,reflection_eager_write_lite,c6853660,longmemeval_c6853660,False,[durable] lme-mostly-increase-or-decrease-limit-number-cups-coffee-morning (confidence 0.73),"[""answer_626e93c4_1"", ""answer_626e93c4_2""]","[""longmemeval_c6853660::obs_0::0"", ""longmemeval_c6853660::obs_1::0""]","[""memory-longmemeval_c6853660::obs_0::0""]",False,2,2,True,True,1,True,False,True,True,True,True,True,True,True,True
path_a_only_denominator,reflection_eager_write_lite,c7dc5443,longmemeval_c7dc5443,False,[durable] lme-record-recreational-volleyball-league (confidence 0.73),"[""answer_0cdbca92_1"", ""answer_0cdbca92_2""]","[""longmemeval_c7dc5443::obs_0::0"", ""longmemeval_c7dc5443::obs_1::0""]","[""memory-longmemeval_c7dc5443::obs_0::0""]",False,2,2,True,True,1,True,False,True,True,True,True,True,True,True,True
path_a_only_denominator,reflection_eager_write_lite,cc5ded98,longmemeval_cc5ded98,False,[durable] lme-much-time-dedicate-coding-exercises-each-day (confidence 0.73),"[""answer_a5b68517_1"", ""answer_a5b68517_2""]","[""longmemeval_cc5ded98::obs_0::0"", ""longmemeval_cc5ded98::obs_1::0""]","[""memory-longmemeval_cc5ded98::obs_0::0""]",False,2,2,True,True,1,True,False,True,True,True,True,True,True,True,True
path_a_only_denominator,reflection_eager_write_lite,ce6d2d27,longmemeval_ce6d2d27,False,[durable] lme-day-week-take-cocktail-making-class (confidence 0.73),"[""answer_73540165_1"", ""answer_73540165_2""]","[""longmemeval_ce6d2d27::obs_0::0"", ""longmemeval_ce6d2d27::obs_1::0""]","[""memory-longmemeval_ce6d2d27::obs_0::0""]",False,2,2,True,True,1,True,False,True,True,True,True,True,True,True,True
path_a_only_denominator,reflection_eager_write_lite,cf22b7bf,longmemeval_cf22b7bf,False,[durable] lme-much-weight-lost-since-started-going-gym-consistently (confidence 0.73),"[""answer_ae3a122b_1"", ""answer_ae3a122b_2""]","[""longmemeval_cf22b7bf::obs_0::0"", ""longmemeval_cf22b7bf::obs_1::0""]","[""memory-longmemeval_cf22b7bf::obs_0::0""]",False,2,2,True,True,1,True,False,True,True,True,True,True,True,True,True
path_a_only_denominator,reflection_eager_write_lite,d7c942c3,longmemeval_d7c942c3,False,[durable] lme-mom-using-same-grocery-list-method-as (confidence 0.73),"[""answer_eecb10d9_1"", ""answer_eecb10d9_2""]","[""longmemeval_d7c942c3::obs_0::0"", ""longmemeval_d7c942c3::obs_1::0""]","[""memory-longmemeval_d7c942c3::obs_0::0""]",False,2,2,True,True,1,True,False,True,True,True,True,True,True,True,True
path_a_only_denominator,reflection_eager_write_lite,dad224aa,longmemeval_dad224aa,False,[durable] lme-time-wake-up-saturday-mornings (confidence 0.73),"[""answer_4a97ae40_1"", ""answer_4a97ae40_2""]","[""longmemeval_dad224aa::obs_0::0"", ""longmemeval_dad224aa::obs_1::0""]","[""memory-longmemeval_dad224aa::obs_0::0""]",False,2,2,True,True,1,True,False,True,True,True,True,True,True,True,True
path_a_only_denominator,reflection_eager_write_lite,db467c8c,longmemeval_db467c8c,False,[durable] lme-long-parents-been-staying-us (confidence 0.73),"[""answer_611b6e83_1"", ""answer_611b6e83_2""]","[""longmemeval_db467c8c::obs_0::0"", ""longmemeval_db467c8c::obs_1::0""]","[""memory-longmemeval_db467c8c::obs_0::0""]",False,2,2,True,True,1,True,False,True,True,True,True,True,True,True,True
path_a_only_denominator,reflection_eager_write_lite,dfde3500,longmemeval_dfde3500,False,[durable] lme-day-week-meet-previous-language-exchange-tutor-juan (confidence 0.73),"[""answer_35d6c0be_1"", ""answer_35d6c0be_2""]","[""longmemeval_dfde3500::obs_0::0"", ""longmemeval_dfde3500::obs_1::0""]","[""memory-longmemeval_dfde3500::obs_0::0""]",False,2,2,True,True,1,True,False,True,True,True,True,True,True,True,True
path_a_only_denominator,reflection_eager_write_lite,e493bb7c,longmemeval_e493bb7c,False,[durable] lme-painting-ethereal-dreams-by-emma-taylor-hanging (confidence 0.73),"[""answer_1a374afa_1"", ""answer_1a374afa_2""]","[""longmemeval_e493bb7c::obs_0::0"", ""longmemeval_e493bb7c::obs_1::0""]","[""memory-longmemeval_e493bb7c::obs_0::0""]",False,2,2,True,True,1,True,False,True,True,True,True,True,True,True,True
path_a_only_denominator,reflection_eager_write_lite,e61a7584,longmemeval_e61a7584,False,[durable] lme-long-cat-luna (confidence 0.73),"[""answer_f25c32f5_1"", ""answer_f25c32f5_2""]","[""longmemeval_e61a7584::obs_0::0"", ""longmemeval_e61a7584::obs_1::0""]","[""memory-longmemeval_e61a7584::obs_0::0""]",False,2,2,True,True,1,True,False,True,True,True,True,True,True,True,True
path_a_only_denominator,reflection_eager_write_lite,e66b632c,longmemeval_e66b632c,False,[durable] lme-previous-personal-best-time-charity-5k-run (confidence 0.73),"[""answer_ac0140ce_1"", ""answer_ac0140ce_2""]","[""longmemeval_e66b632c::obs_0::0"", ""longmemeval_e66b632c::obs_1::0""]","[""memory-longmemeval_e66b632c::obs_0::0""]",False,2,2,True,True,1,True,False,True,True,True,True,True,True,True,True
path_a_only_denominator,reflection_eager_write_lite,eace081b,longmemeval_eace081b,False,[durable] lme-planning-stay-birthday-trip-hawaii (confidence 0.73),"[""answer_8a791264_1"", ""answer_8a791264_2""]","[""longmemeval_eace081b::obs_0::0"", ""longmemeval_eace081b::obs_1::0""]","[""memory-longmemeval_eace081b::obs_0::0""]",False,2,2,True,True,1,True,False,True,True,True,True,True,True,True,True
path_a_only_denominator,reflection_eager_write_lite,ed4ddc30,longmemeval_ed4ddc30,False,[durable] lme-dozen-eggs-we-stocked-up-our-refrigerator (confidence 0.73),"[""answer_babbaccb_1"", ""answer_babbaccb_2""]","[""longmemeval_ed4ddc30::obs_0::0"", ""longmemeval_ed4ddc30::obs_1::0""]","[""memory-longmemeval_ed4ddc30::obs_0::0""]",False,2,2,True,True,1,True,False,True,True,True,True,True,True,True,True
path_a_only_denominator,reflection_eager_write_lite,f685340e,longmemeval_f685340e,False,[durable] lme-often-play-tennis-friends-at-local-park-previously (confidence 0.73),"[""answer_25df025b_1"", ""answer_25df025b_2""]","[""longmemeval_f685340e::obs_0::0"", ""longmemeval_f685340e::obs_1::0""]","[""memory-longmemeval_f685340e::obs_0::0""]",False,2,2,True,True,1,True,False,True,True,True,True,True,True,True,True
path_a_only_denominator,reflection_eager_write_lite,f9e8c073,longmemeval_f9e8c073,False,[durable] lme-sessions-bereavement-support-group-attend (confidence 0.73),"[""answer_b191df5b_1"", ""answer_b191df5b_2""]","[""longmemeval_f9e8c073::obs_0::0"", ""longmemeval_f9e8c073::obs_1::0""]","[""memory-longmemeval_f9e8c073::obs_0::0""]",False,2,2,True,True,1,True,False,True,True,True,True,True,True,True,True
path_a_only_denominator,consolidation_queue_lite,01493427,longmemeval_01493427,False,[pending] lme-new-postcards-added-collection-since-started-collecting-again (strength 0.70),"[""answer_a7b44747_2""]","[""longmemeval_01493427::obs_1::0""]",[],True,2,1,True,False,1,True,False,True,False,True,False,True,False,True,False
path_a_only_denominator,consolidation_queue_lite,031748ae,longmemeval_031748ae,False,[pending] lme-engineers-lead-just-started-new-role-as-senior-software-engineer (strength 0.70),"[""answer_8748f791_2""]","[""longmemeval_031748ae::obs_1::0""]",[],True,2,1,True,False,1,True,False,True,False,True,False,True,False,True,False
path_a_only_denominator,consolidation_queue_lite,06db6396,longmemeval_06db6396,False,[pending] lme-projects-completed-since-starting-painting-classes (strength 0.70),"[""answer_da72b1b4_2""]","[""longmemeval_06db6396::obs_1::0""]",[],True,2,1,True,False,1,True,False,True,False,True,False,True,False,True,False
path_a_only_denominator,consolidation_queue_lite,07741c44,longmemeval_07741c44,False,[pending] lme-initially-keep-old-sneakers (strength 0.70),"[""answer_7e9ad7b4_2""]","[""longmemeval_07741c44::obs_1::0""]",[],True,2,1,True,False,1,True,False,True,False,True,False,True,False,True,False
path_a_only_denominator,consolidation_queue_lite,07741c45,longmemeval_07741c45,False,[pending] lme-keep-old-sneakers (strength 0.70),"[""answer_7e9ad7b4_2""]","[""longmemeval_07741c45::obs_1::0""]",[],True,2,1,True,False,1,True,False,True,False,True,False,True,False,True,False
path_a_only_denominator,consolidation_queue_lite,08e075c7,longmemeval_08e075c7,False,[pending] lme-long-been-using-fitbit-charge (strength 0.70),"[""answer_cdbe2250_2""]","[""longmemeval_08e075c7::obs_1::0""]",[],True,2,1,True,False,1,True,False,True,False,True,False,True,False,True,False
path_a_only_denominator,consolidation_queue_lite,0977f2af,longmemeval_0977f2af,False,[pending] lme-new-kitchen-gadget-invest-before-getting-air-fryer (strength 0.70),"[""answer_3bf5b73b_2""]","[""longmemeval_0977f2af::obs_1::0""]",[],True,2,1,True,False,1,True,False,True,False,True,False,True,False,True,False
path_a_only_denominator,consolidation_queue_lite,0ddfec37,longmemeval_0ddfec37,False,[pending] lme-autographed-baseballs-added-collection-first-three-months-collection (strength 0.70),"[""answer_a22b654d_2""]","[""longmemeval_0ddfec37::obs_1::0""]",[],True,2,1,True,False,1,True,False,True,False,True,False,True,False,True,False
path_a_only_denominator,consolidation_queue_lite,0e4e4c46,longmemeval_0e4e4c46,False,[pending] lme-highest-score-ticket-ride (strength 0.70),"[""answer_f2f998c7_2""]","[""longmemeval_0e4e4c46::obs_1::0""]",[],True,2,1,True,False,1,True,False,True,False,True,False,True,False,True,False
path_a_only_denominator,consolidation_queue_lite,0f05491a,longmemeval_0f05491a,False,[pending] lme-stars-need-reach-gold-level-starbucks-rewards-app (strength 0.70),"[""answer_d6d2eba8_2""]","[""longmemeval_0f05491a::obs_1::0""]",[],True,2,1,True,False,1,True,False,True,False,True,False,True,False,True,False
path_a_only_denominator,consolidation_queue_lite,10e09553,longmemeval_10e09553,False,[pending] lme-largemouth-bass-catch-alex-earlier-fishing-trip-lake-michigan-before-22-trip (strength 0.70),"[""answer_67be2c38_2""]","[""longmemeval_10e09553::obs_1::0""]",[],True,2,1,True,False,1,True,False,True,False,True,False,True,False,True,False
path_a_only_denominator,consolidation_queue_lite,184da446,longmemeval_184da446,False,[pending] lme-pages-short-history-nearly-everything-read-so-far (strength 0.70),"[""answer_e2f4f947_2""]","[""longmemeval_184da446::obs_1::0""]",[],True,2,1,True,False,1,True,False,True,False,True,False,True,False,True,False
path_a_only_denominator,consolidation_queue_lite,18bc8abd,longmemeval_18bc8abd,False,[pending] lme-brand-bbq-sauce-obsessed (strength 0.70),"[""answer_fff743f5_2""]","[""longmemeval_18bc8abd::obs_1::0""]",[],True,2,1,True,False,1,True,False,True,False,True,False,True,False,True,False
path_a_only_denominator,consolidation_queue_lite,1cea1afa,longmemeval_1cea1afa,False,[pending] lme-instagram-followers (strength 0.70),"[""answer_79c395a9_2""]","[""longmemeval_1cea1afa::obs_1::0""]",[],True,2,1,True,False,1,True,False,True,False,True,False,True,False,True,False
path_a_only_denominator,consolidation_queue_lite,2133c1b5,longmemeval_2133c1b5,False,[pending] lme-long-been-living-apartment-harajuku (strength 0.70),"[""answer_52382508_2""]","[""longmemeval_2133c1b5::obs_1::0""]",[],True,2,1,True,False,1,True,False,True,False,True,False,True,False,True,False
path_a_only_denominator,consolidation_queue_lite,22d2cb42,longmemeval_22d2cb42,False,[pending] lme-get-guitar-serviced (strength 0.70),"[""answer_bcce0b73_2""]","[""longmemeval_22d2cb42::obs_1::0""]",[],True,2,1,True,False,1,True,False,True,False,True,False,True,False,True,False
path_a_only_denominator,consolidation_queue_lite,2698e78f,longmemeval_2698e78f,False,[pending] lme-often-see-therapist-dr-smith (strength 0.70),"[""answer_9282283d_2""]","[""longmemeval_2698e78f::obs_1::0""]",[],True,2,1,True,False,1,True,False,True,False,True,False,True,False,True,False
path_a_only_denominator,consolidation_queue_lite,26bdc477,longmemeval_26bdc477,False,[pending] lme-trips-taken-canon-eos-80d-camera (strength 0.70),"[""answer_f762ad8d_2""]","[""longmemeval_26bdc477::obs_1::0""]",[],True,2,1,True,False,1,True,False,True,False,True,False,True,False,True,False
path_a_only_denominator,consolidation_queue_lite,3ba21379,longmemeval_3ba21379,False,[pending] lme-type-vehicle-model-working (strength 0.70),"[""answer_cd345582_2""]","[""longmemeval_3ba21379::obs_1::0""]",[],True,2,1,True,False,1,True,False,True,False,True,False,True,False,True,False
path_a_only_denominator,consolidation_queue_lite,41698283,longmemeval_41698283,False,[pending] lme-type-camera-lens-purchase-most (strength 0.70),"[""answer_c7ddc051_2""]","[""longmemeval_41698283::obs_1::0""]",[],True,2,1,True,False,1,True,False,True,False,True,False,True,False,True,False
path_a_only_denominator,consolidation_queue_lite,42ec0761,longmemeval_42ec0761,False,[pending] lme-spare-screwdriver-opening-up-laptop (strength 0.70),"[""answer_e3892371_2""]","[""longmemeval_42ec0761::obs_1::0""]",[],True,2,1,True,False,1,True,False,True,False,True,False,True,False,True,False
path_a_only_denominator,consolidation_queue_lite,45dc21b6,longmemeval_45dc21b6,False,[pending] lme-emma-recipes-tried-out (strength 0.70),"[""answer_07664d43_2""]","[""longmemeval_45dc21b6::obs_1::0""]",[],True,2,1,True,False,1,True,False,True,False,True,False,True,False,True,False
path_a_only_denominator,consolidation_queue_lite,4b24c848,longmemeval_4b24c848,False,[pending] lme-tops-bought-so-far (strength 0.70),"[""answer_2cec623b_2""]","[""longmemeval_4b24c848::obs_1::0""]",[],True,2,1,True,False,1,True,False,True,False,True,False,True,False,True,False
path_a_only_denominator,consolidation_queue_lite,4d6b87c8,longmemeval_4d6b87c8,False,[pending] lme-titles-watch-list (strength 0.70),"[""answer_766ab8da_2""]","[""longmemeval_4d6b87c8::obs_1::0""]",[],True,2,1,True,False,1,True,False,True,False,True,False,True,False,True,False
path_a_only_denominator,consolidation_queue_lite,50635ada,longmemeval_50635ada,False,[pending] lme-previous-frequent-flyer-status-united-airlines-before-got-status (strength 0.70),"[""answer_dcd74827_2""]","[""longmemeval_50635ada::obs_1::0""]",[],True,2,1,True,False,1,True,False,True,False,True,False,True,False,True,False
path_a_only_denominator,consolidation_queue_lite,5831f84d,longmemeval_5831f84d,False,[pending] lme-crash-course-videos-watched-past-few-weeks (strength 0.70),"[""answer_8d63a897_2""]","[""longmemeval_5831f84d::obs_1::0""]",[],True,2,1,True,False,1,True,False,True,False,True,False,True,False,True,False
path_a_only_denominator,consolidation_queue_lite,59524333,longmemeval_59524333,False,[pending] lme-time-usually-go-gym (strength 0.70),"[""answer_b28f2c7a_2""]","[""longmemeval_59524333::obs_1::0""]",[],True,2,1,True,False,1,True,False,True,False,True,False,True,False,True,False
path_a_only_denominator,consolidation_queue_lite,5a4f22c0,longmemeval_5a4f22c0,False,[pending] lme-company-rachel-old-colleague-previous-company-working-at (strength 0.70),"[""answer_b0f3dfff_2""]","[""longmemeval_5a4f22c0::obs_1::0""]",[],True,2,1,True,False,1,True,False,True,False,True,False,True,False,True,False
path_a_only_denominator,consolidation_queue_lite,5c40ec5b,longmemeval_5c40ec5b,False,[pending] lme-times-met-up-alex-germany (strength 0.70),"[""answer_1cb52d0a_2""]","[""longmemeval_5c40ec5b::obs_1::0""]",[],True,2,1,True,False,1,True,False,True,False,True,False,True,False,True,False
path_a_only_denominator,consolidation_queue_lite,603deb26,longmemeval_603deb26,False,[pending] lme-times-tried-making-negroni-at-home-since-friend-emma-showed-make-it (strength 0.70),"[""answer_8afdebac_2""]","[""longmemeval_603deb26::obs_1::0""]",[],True,2,1,True,False,1,True,False,True,False,True,False,True,False,True,False
path_a_only_denominator,consolidation_queue_lite,6071bd76,longmemeval_6071bd76,False,[pending] lme-coffee-water-ratio-french-press-switch-more-water-per-tablespoon-coffee-or (strength 0.70),"[""answer_4dac77cb_2""]","[""longmemeval_6071bd76::obs_1::0""]",[],True,2,1,True,False,1,True,False,True,False,True,False,True,False,True,False
path_a_only_denominator,consolidation_queue_lite,618f13b2,longmemeval_618f13b2,False,[pending] lme-times-worn-new-black-converse-chuck-taylor-all-star-sneakers (strength 0.70),"[""answer_caf5b52e_2""]","[""longmemeval_618f13b2::obs_1::0""]",[],True,2,1,True,False,1,True,False,True,False,True,False,True,False,True,False
path_a_only_denominator,consolidation_queue_lite,69fee5aa,longmemeval_69fee5aa,False,[pending] lme-pre-1920-american-coins-collection (strength 0.70),"[""answer_d6028d6e_2""]","[""longmemeval_69fee5aa::obs_1::0""]",[],True,2,1,True,False,1,True,False,True,False,True,False,True,False,True,False
path_a_only_denominator,consolidation_queue_lite,6a1eabeb,longmemeval_6a1eabeb,False,[pending] lme-personal-best-time-charity-5k-run (strength 0.70),"[""answer_a25d4a91_2""]","[""longmemeval_6a1eabeb::obs_1::0""]",[],True,2,1,True,False,1,True,False,True,False,True,False,True,False,True,False
path_a_only_denominator,consolidation_queue_lite,6a27ffc2,longmemeval_6a27ffc2,False,[pending] lme-videos-corey-schafer-python-programming-series-completed-so-far (strength 0.70),"[""answer_77f32504_2""]","[""longmemeval_6a27ffc2::obs_1::0""]",[],True,2,1,True,False,1,True,False,True,False,True,False,True,False,True,False
path_a_only_denominator,consolidation_queue_lite,6aeb4375,longmemeval_6aeb4375,False,[pending] lme-korean-restaurants-tried-city (strength 0.70),"[""answer_3f9693b7_2""]","[""longmemeval_6aeb4375::obs_1::0""]",[],True,2,1,True,False,1,True,False,True,False,True,False,True,False,True,False
path_a_only_denominator,consolidation_queue_lite,71315a70,longmemeval_71315a70,False,[pending] lme-hours-spent-abstract-ocean-sculpture (strength 0.70),"[""answer_c44b9df4_2""]","[""longmemeval_71315a70::obs_1::0""]",[],True,2,1,True,False,1,True,False,True,False,True,False,True,False,True,False
path_a_only_denominator,consolidation_queue_lite,72e3ee87,longmemeval_72e3ee87,False,[pending] lme-episodes-science-series-completed-crash-course (strength 0.70),"[""answer_d7de9a6a_2""]","[""longmemeval_72e3ee87::obs_1::0""]",[],True,2,1,True,False,1,True,False,True,False,True,False,True,False,True,False
path_a_only_denominator,consolidation_queue_lite,7401057b,longmemeval_7401057b,False,[pending] lme-free-night-stays-can-redeem-at-any-hilton-property-accumulated-points (strength 0.70),"[""answer_94650bfa_2""]","[""longmemeval_7401057b::obs_1::0""]",[],True,2,1,True,False,1,True,False,True,False,True,False,True,False,True,False
path_a_only_denominator,consolidation_queue_lite,7a87bd0c,longmemeval_7a87bd0c,False,[pending] lme-long-been-sticking-daily-tidying-routine (strength 0.70),"[""answer_d08a934d_2""]","[""longmemeval_7a87bd0c::obs_1::0""]",[],True,2,1,True,False,1,True,False,True,False,True,False,True,False,True,False
path_a_only_denominator,consolidation_queue_lite,7e974930,longmemeval_7e974930,False,[pending] lme-much-earn-at-downtown-farmers-market-most-visit (strength 0.70),"[""answer_c9f5693c_2""]","[""longmemeval_7e974930::obs_1::0""]",[],True,2,1,True,False,1,True,False,True,False,True,False,True,False,True,False
path_a_only_denominator,consolidation_queue_lite,830ce83f,longmemeval_830ce83f,False,[pending] lme-rachel-move-her-relocation (strength 0.70),"[""answer_0b1a0942_2""]","[""longmemeval_830ce83f::obs_1::0""]",[],True,2,1,True,False,1,True,False,True,False,True,False,True,False,True,False
path_a_only_denominator,consolidation_queue_lite,852ce960,longmemeval_852ce960,False,[pending] lme-amount-pre-approved-got-mortgage-wells-fargo (strength 0.70),"[""answer_3a6f1e82_2""]","[""longmemeval_852ce960::obs_1::0""]",[],True,2,1,True,False,1,True,False,True,False,True,False,True,False,True,False
path_a_only_denominator,consolidation_queue_lite,89941a93,longmemeval_89941a93,False,[pending] lme-bikes-own (strength 0.70),"[""answer_e1403127_2""]","[""longmemeval_89941a93::obs_1::0""]",[],True,2,1,True,False,1,True,False,True,False,True,False,True,False,True,False
path_a_only_denominator,consolidation_queue_lite,89941a94,longmemeval_89941a94,False,[pending] lme-before-purchased-gravel-bike-other-bikes-addition-mountain-bike-commuter-bike (strength 0.70),"[""answer_e1403127_2""]","[""longmemeval_89941a94::obs_1::0""]",[],True,2,1,True,False,1,True,False,True,False,True,False,True,False,True,False
path_a_only_denominator,consolidation_queue_lite,8fb83627,longmemeval_8fb83627,False,[pending] lme-issues-national-geographic-finished-reading (strength 0.70),"[""answer_966cecbb_2""]","[""longmemeval_8fb83627::obs_1::0""]",[],True,2,1,True,False,1,True,False,True,False,True,False,True,False,True,False
path_a_only_denominator,consolidation_queue_lite,945e3d21,longmemeval_945e3d21,False,[pending] lme-often-attend-yoga-classes-help-anxiety (strength 0.70),"[""answer_6a4f8626_2""]","[""longmemeval_945e3d21::obs_1::0""]",[],True,2,1,True,False,1,True,False,True,False,True,False,True,False,True,False
path_a_only_denominator,consolidation_queue_lite,9bbe84a2,longmemeval_9bbe84a2,False,[pending] lme-previous-goal-apex-legends-level-before-updated-goal (strength 0.70),"[""answer_c6a0c6c2_2""]","[""longmemeval_9bbe84a2::obs_1::0""]",[],True,2,1,True,False,1,True,False,True,False,True,False,True,False,True,False
path_a_only_denominator,consolidation_queue_lite,9ea5eabc,longmemeval_9ea5eabc,False,[pending] lme-go-most-family-trip (strength 0.70),"[""answer_02e66dec_2""]","[""longmemeval_9ea5eabc::obs_1::0""]",[],True,2,1,True,False,1,True,False,True,False,True,False,True,False,True,False
path_a_only_denominator,consolidation_queue_lite,a1eacc2a,longmemeval_a1eacc2a,False,[pending] lme-short-stories-written-since-started-writing-regularly (strength 0.70),"[""answer_0eb23770_2""]","[""longmemeval_a1eacc2a::obs_1::0""]",[],True,2,1,True,False,1,True,False,True,False,True,False,True,False,True,False
path_a_only_denominator,consolidation_queue_lite,a2f3aa27,longmemeval_a2f3aa27,False,[pending] lme-followers-instagram-now (strength 0.70),"[""answer_5126c02d_2""]","[""longmemeval_a2f3aa27::obs_1::0""]",[],True,2,1,True,False,1,True,False,True,False,True,False,True,False,True,False
path_a_only_denominator,consolidation_queue_lite,affe2881,longmemeval_affe2881,False,[pending] lme-different-species-birds-seen-local-park (strength 0.70),"[""answer_90de9b4d_2""]","[""longmemeval_affe2881::obs_1::0""]",[],True,2,1,True,False,1,True,False,True,False,True,False,True,False,True,False
path_a_only_denominator,consolidation_queue_lite,b01defab,longmemeval_b01defab,False,[pending] lme-finish-reading-nightingale-by-kristin-hannah (strength 0.70),"[""answer_8c0712af_2""]","[""longmemeval_b01defab::obs_1::0""]",[],True,2,1,True,False,1,True,False,True,False,True,False,True,False,True,False
path_a_only_denominator,consolidation_queue_lite,b6019101,longmemeval_b6019101,False,[pending] lme-mcu-films-watch-last-months (strength 0.70),"[""answer_67074b4b_2""]","[""longmemeval_b6019101::obs_1::0""]",[],True,2,1,True,False,1,True,False,True,False,True,False,True,False,True,False
path_a_only_denominator,consolidation_queue_lite,ba61f0b9,longmemeval_ba61f0b9,False,[pending] lme-women-team-led-by-former-manager-rachel (strength 0.70),"[""answer_f377cda7_2""]","[""longmemeval_ba61f0b9::obs_1::0""]",[],True,2,1,True,False,1,True,False,True,False,True,False,True,False,True,False
path_a_only_denominator,consolidation_queue_lite,c4ea545c,longmemeval_c4ea545c,False,[pending] lme-go-gym-more-frequently-than-previously (strength 0.70),"[""answer_d3bf812b_2""]","[""longmemeval_c4ea545c::obs_1::0""]",[],True,2,1,True,False,1,True,False,True,False,True,False,True,False,True,False
path_a_only_denominator,consolidation_queue_lite,c6853660,longmemeval_c6853660,False,[pending] lme-mostly-increase-or-decrease-limit-number-cups-coffee-morning (strength 0.70),"[""answer_626e93c4_2""]","[""longmemeval_c6853660::obs_1::0""]",[],True,2,1,True,False,1,True,False,True,False,True,False,True,False,True,False
path_a_only_denominator,consolidation_queue_lite,c7dc5443,longmemeval_c7dc5443,False,[pending] lme-record-recreational-volleyball-league (strength 0.70),"[""answer_0cdbca92_2""]","[""longmemeval_c7dc5443::obs_1::0""]",[],True,2,1,True,False,1,True,False,True,False,True,False,True,False,True,False
path_a_only_denominator,consolidation_queue_lite,cc5ded98,longmemeval_cc5ded98,False,[pending] lme-much-time-dedicate-coding-exercises-each-day (strength 0.70),"[""answer_a5b68517_2""]","[""longmemeval_cc5ded98::obs_1::0""]",[],True,2,1,True,False,1,True,False,True,False,True,False,True,False,True,False
path_a_only_denominator,consolidation_queue_lite,ce6d2d27,longmemeval_ce6d2d27,False,[pending] lme-day-week-take-cocktail-making-class (strength 0.70),"[""answer_73540165_2""]","[""longmemeval_ce6d2d27::obs_1::0""]",[],True,2,1,True,False,1,True,False,True,False,True,False,True,False,True,False
path_a_only_denominator,consolidation_queue_lite,cf22b7bf,longmemeval_cf22b7bf,False,[pending] lme-much-weight-lost-since-started-going-gym-consistently (strength 0.70),"[""answer_ae3a122b_2""]","[""longmemeval_cf22b7bf::obs_1::0""]",[],True,2,1,True,False,1,True,False,True,False,True,False,True,False,True,False
path_a_only_denominator,consolidation_queue_lite,d7c942c3,longmemeval_d7c942c3,False,[pending] lme-mom-using-same-grocery-list-method-as (strength 0.70),"[""answer_eecb10d9_2""]","[""longmemeval_d7c942c3::obs_1::0""]",[],True,2,1,True,False,1,True,False,True,False,True,False,True,False,True,False
path_a_only_denominator,consolidation_queue_lite,dad224aa,longmemeval_dad224aa,False,[pending] lme-time-wake-up-saturday-mornings (strength 0.70),"[""answer_4a97ae40_2""]","[""longmemeval_dad224aa::obs_1::0""]",[],True,2,1,True,False,1,True,False,True,False,True,False,True,False,True,False
path_a_only_denominator,consolidation_queue_lite,db467c8c,longmemeval_db467c8c,False,[pending] lme-long-parents-been-staying-us (strength 0.70),"[""answer_611b6e83_2""]","[""longmemeval_db467c8c::obs_1::0""]",[],True,2,1,True,False,1,True,False,True,False,True,False,True,False,True,False
path_a_only_denominator,consolidation_queue_lite,dfde3500,longmemeval_dfde3500,False,[pending] lme-day-week-meet-previous-language-exchange-tutor-juan (strength 0.70),"[""answer_35d6c0be_2""]","[""longmemeval_dfde3500::obs_1::0""]",[],True,2,1,True,False,1,True,False,True,False,True,False,True,False,True,False
path_a_only_denominator,consolidation_queue_lite,e493bb7c,longmemeval_e493bb7c,False,[pending] lme-painting-ethereal-dreams-by-emma-taylor-hanging (strength 0.70),"[""answer_1a374afa_2""]","[""longmemeval_e493bb7c::obs_1::0""]",[],True,2,1,True,False,1,True,False,True,False,True,False,True,False,True,False
path_a_only_denominator,consolidation_queue_lite,e61a7584,longmemeval_e61a7584,False,[pending] lme-long-cat-luna (strength 0.70),"[""answer_f25c32f5_2""]","[""longmemeval_e61a7584::obs_1::0""]",[],True,2,1,True,False,1,True,False,True,False,True,False,True,False,True,False
path_a_only_denominator,consolidation_queue_lite,e66b632c,longmemeval_e66b632c,False,[pending] lme-previous-personal-best-time-charity-5k-run (strength 0.70),"[""answer_ac0140ce_2""]","[""longmemeval_e66b632c::obs_1::0""]",[],True,2,1,True,False,1,True,False,True,False,True,False,True,False,True,False
path_a_only_denominator,consolidation_queue_lite,eace081b,longmemeval_eace081b,False,[pending] lme-planning-stay-birthday-trip-hawaii (strength 0.70),"[""answer_8a791264_2""]","[""longmemeval_eace081b::obs_1::0""]",[],True,2,1,True,False,1,True,False,True,False,True,False,True,False,True,False
path_a_only_denominator,consolidation_queue_lite,ed4ddc30,longmemeval_ed4ddc30,False,[pending] lme-dozen-eggs-we-stocked-up-our-refrigerator (strength 0.70),"[""answer_babbaccb_2""]","[""longmemeval_ed4ddc30::obs_1::0""]",[],True,2,1,True,False,1,True,False,True,False,True,False,True,False,True,False
path_a_only_denominator,consolidation_queue_lite,f685340e,longmemeval_f685340e,False,[pending] lme-often-play-tennis-friends-at-local-park-previously (strength 0.70),"[""answer_25df025b_2""]","[""longmemeval_f685340e::obs_1::0""]",[],True,2,1,True,False,1,True,False,True,False,True,False,True,False,True,False
path_a_only_denominator,consolidation_queue_lite,f9e8c073,longmemeval_f9e8c073,False,[pending] lme-sessions-bereavement-support-group-attend (strength 0.70),"[""answer_b191df5b_2""]","[""longmemeval_f9e8c073::obs_1::0""]",[],True,2,1,True,False,1,True,False,True,False,True,False,True,False,True,False
path_a_only_denominator,cq_no_contestation_demotion,01493427,longmemeval_01493427,False,[pending] lme-new-postcards-added-collection-since-started-collecting-again (strength 0.70),"[""answer_a7b44747_2""]","[""longmemeval_01493427::obs_1::0""]",[],True,2,1,True,False,1,True,False,True,False,True,False,True,False,True,False
path_a_only_denominator,cq_no_contestation_demotion,031748ae,longmemeval_031748ae,False,[pending] lme-engineers-lead-just-started-new-role-as-senior-software-engineer (strength 0.70),"[""answer_8748f791_2""]","[""longmemeval_031748ae::obs_1::0""]",[],True,2,1,True,False,1,True,False,True,False,True,False,True,False,True,False
path_a_only_denominator,cq_no_contestation_demotion,06db6396,longmemeval_06db6396,False,[pending] lme-projects-completed-since-starting-painting-classes (strength 0.70),"[""answer_da72b1b4_2""]","[""longmemeval_06db6396::obs_1::0""]",[],True,2,1,True,False,1,True,False,True,False,True,False,True,False,True,False
path_a_only_denominator,cq_no_contestation_demotion,07741c44,longmemeval_07741c44,False,[pending] lme-initially-keep-old-sneakers (strength 0.70),"[""answer_7e9ad7b4_2""]","[""longmemeval_07741c44::obs_1::0""]",[],True,2,1,True,False,1,True,False,True,False,True,False,True,False,True,False
path_a_only_denominator,cq_no_contestation_demotion,07741c45,longmemeval_07741c45,False,[pending] lme-keep-old-sneakers (strength 0.70),"[""answer_7e9ad7b4_2""]","[""longmemeval_07741c45::obs_1::0""]",[],True,2,1,True,False,1,True,False,True,False,True,False,True,False,True,False
path_a_only_denominator,cq_no_contestation_demotion,08e075c7,longmemeval_08e075c7,False,[pending] lme-long-been-using-fitbit-charge (strength 0.70),"[""answer_cdbe2250_2""]","[""longmemeval_08e075c7::obs_1::0""]",[],True,2,1,True,False,1,True,False,True,False,True,False,True,False,True,False
path_a_only_denominator,cq_no_contestation_demotion,0977f2af,longmemeval_0977f2af,False,[pending] lme-new-kitchen-gadget-invest-before-getting-air-fryer (strength 0.70),"[""answer_3bf5b73b_2""]","[""longmemeval_0977f2af::obs_1::0""]",[],True,2,1,True,False,1,True,False,True,False,True,False,True,False,True,False
path_a_only_denominator,cq_no_contestation_demotion,0ddfec37,longmemeval_0ddfec37,False,[pending] lme-autographed-baseballs-added-collection-first-three-months-collection (strength 0.70),"[""answer_a22b654d_2""]","[""longmemeval_0ddfec37::obs_1::0""]",[],True,2,1,True,False,1,True,False,True,False,True,False,True,False,True,False
path_a_only_denominator,cq_no_contestation_demotion,0e4e4c46,longmemeval_0e4e4c46,False,[pending] lme-highest-score-ticket-ride (strength 0.70),"[""answer_f2f998c7_2""]","[""longmemeval_0e4e4c46::obs_1::0""]",[],True,2,1,True,False,1,True,False,True,False,True,False,True,False,True,False
path_a_only_denominator,cq_no_contestation_demotion,0f05491a,longmemeval_0f05491a,False,[pending] lme-stars-need-reach-gold-level-starbucks-rewards-app (strength 0.70),"[""answer_d6d2eba8_2""]","[""longmemeval_0f05491a::obs_1::0""]",[],True,2,1,True,False,1,True,False,True,False,True,False,True,False,True,False
path_a_only_denominator,cq_no_contestation_demotion,10e09553,longmemeval_10e09553,False,[pending] lme-largemouth-bass-catch-alex-earlier-fishing-trip-lake-michigan-before-22-trip (strength 0.70),"[""answer_67be2c38_2""]","[""longmemeval_10e09553::obs_1::0""]",[],True,2,1,True,False,1,True,False,True,False,True,False,True,False,True,False
path_a_only_denominator,cq_no_contestation_demotion,184da446,longmemeval_184da446,False,[pending] lme-pages-short-history-nearly-everything-read-so-far (strength 0.70),"[""answer_e2f4f947_2""]","[""longmemeval_184da446::obs_1::0""]",[],True,2,1,True,False,1,True,False,True,False,True,False,True,False,True,False
path_a_only_denominator,cq_no_contestation_demotion,18bc8abd,longmemeval_18bc8abd,False,[pending] lme-brand-bbq-sauce-obsessed (strength 0.70),"[""answer_fff743f5_2""]","[""longmemeval_18bc8abd::obs_1::0""]",[],True,2,1,True,False,1,True,False,True,False,True,False,True,False,True,False
path_a_only_denominator,cq_no_contestation_demotion,1cea1afa,longmemeval_1cea1afa,False,[pending] lme-instagram-followers (strength 0.70),"[""answer_79c395a9_2""]","[""longmemeval_1cea1afa::obs_1::0""]",[],True,2,1,True,False,1,True,False,True,False,True,False,True,False,True,False
path_a_only_denominator,cq_no_contestation_demotion,2133c1b5,longmemeval_2133c1b5,False,[pending] lme-long-been-living-apartment-harajuku (strength 0.70),"[""answer_52382508_2""]","[""longmemeval_2133c1b5::obs_1::0""]",[],True,2,1,True,False,1,True,False,True,False,True,False,True,False,True,False
path_a_only_denominator,cq_no_contestation_demotion,22d2cb42,longmemeval_22d2cb42,False,[pending] lme-get-guitar-serviced (strength 0.70),"[""answer_bcce0b73_2""]","[""longmemeval_22d2cb42::obs_1::0""]",[],True,2,1,True,False,1,True,False,True,False,True,False,True,False,True,False
path_a_only_denominator,cq_no_contestation_demotion,2698e78f,longmemeval_2698e78f,False,[pending] lme-often-see-therapist-dr-smith (strength 0.70),"[""answer_9282283d_2""]","[""longmemeval_2698e78f::obs_1::0""]",[],True,2,1,True,False,1,True,False,True,False,True,False,True,False,True,False
path_a_only_denominator,cq_no_contestation_demotion,26bdc477,longmemeval_26bdc477,False,[pending] lme-trips-taken-canon-eos-80d-camera (strength 0.70),"[""answer_f762ad8d_2""]","[""longmemeval_26bdc477::obs_1::0""]",[],True,2,1,True,False,1,True,False,True,False,True,False,True,False,True,False
path_a_only_denominator,cq_no_contestation_demotion,3ba21379,longmemeval_3ba21379,False,[pending] lme-type-vehicle-model-working (strength 0.70),"[""answer_cd345582_2""]","[""longmemeval_3ba21379::obs_1::0""]",[],True,2,1,True,False,1,True,False,True,False,True,False,True,False,True,False
path_a_only_denominator,cq_no_contestation_demotion,41698283,longmemeval_41698283,False,[pending] lme-type-camera-lens-purchase-most (strength 0.70),"[""answer_c7ddc051_2""]","[""longmemeval_41698283::obs_1::0""]",[],True,2,1,True,False,1,True,False,True,False,True,False,True,False,True,False
path_a_only_denominator,cq_no_contestation_demotion,42ec0761,longmemeval_42ec0761,False,[pending] lme-spare-screwdriver-opening-up-laptop (strength 0.70),"[""answer_e3892371_2""]","[""longmemeval_42ec0761::obs_1::0""]",[],True,2,1,True,False,1,True,False,True,False,True,False,True,False,True,False
path_a_only_denominator,cq_no_contestation_demotion,45dc21b6,longmemeval_45dc21b6,False,[pending] lme-emma-recipes-tried-out (strength 0.70),"[""answer_07664d43_2""]","[""longmemeval_45dc21b6::obs_1::0""]",[],True,2,1,True,False,1,True,False,True,False,True,False,True,False,True,False
path_a_only_denominator,cq_no_contestation_demotion,4b24c848,longmemeval_4b24c848,False,[pending] lme-tops-bought-so-far (strength 0.70),"[""answer_2cec623b_2""]","[""longmemeval_4b24c848::obs_1::0""]",[],True,2,1,True,False,1,True,False,True,False,True,False,True,False,True,False
path_a_only_denominator,cq_no_contestation_demotion,4d6b87c8,longmemeval_4d6b87c8,False,[pending] lme-titles-watch-list (strength 0.70),"[""answer_766ab8da_2""]","[""longmemeval_4d6b87c8::obs_1::0""]",[],True,2,1,True,False,1,True,False,True,False,True,False,True,False,True,False
path_a_only_denominator,cq_no_contestation_demotion,50635ada,longmemeval_50635ada,False,[pending] lme-previous-frequent-flyer-status-united-airlines-before-got-status (strength 0.70),"[""answer_dcd74827_2""]","[""longmemeval_50635ada::obs_1::0""]",[],True,2,1,True,False,1,True,False,True,False,True,False,True,False,True,False
path_a_only_denominator,cq_no_contestation_demotion,5831f84d,longmemeval_5831f84d,False,[pending] lme-crash-course-videos-watched-past-few-weeks (strength 0.70),"[""answer_8d63a897_2""]","[""longmemeval_5831f84d::obs_1::0""]",[],True,2,1,True,False,1,True,False,True,False,True,False,True,False,True,False
path_a_only_denominator,cq_no_contestation_demotion,59524333,longmemeval_59524333,False,[pending] lme-time-usually-go-gym (strength 0.70),"[""answer_b28f2c7a_2""]","[""longmemeval_59524333::obs_1::0""]",[],True,2,1,True,False,1,True,False,True,False,True,False,True,False,True,False
path_a_only_denominator,cq_no_contestation_demotion,5a4f22c0,longmemeval_5a4f22c0,False,[pending] lme-company-rachel-old-colleague-previous-company-working-at (strength 0.70),"[""answer_b0f3dfff_2""]","[""longmemeval_5a4f22c0::obs_1::0""]",[],True,2,1,True,False,1,True,False,True,False,True,False,True,False,True,False
path_a_only_denominator,cq_no_contestation_demotion,5c40ec5b,longmemeval_5c40ec5b,False,[pending] lme-times-met-up-alex-germany (strength 0.70),"[""answer_1cb52d0a_2""]","[""longmemeval_5c40ec5b::obs_1::0""]",[],True,2,1,True,False,1,True,False,True,False,True,False,True,False,True,False
path_a_only_denominator,cq_no_contestation_demotion,603deb26,longmemeval_603deb26,False,[pending] lme-times-tried-making-negroni-at-home-since-friend-emma-showed-make-it (strength 0.70),"[""answer_8afdebac_2""]","[""longmemeval_603deb26::obs_1::0""]",[],True,2,1,True,False,1,True,False,True,False,True,False,True,False,True,False
path_a_only_denominator,cq_no_contestation_demotion,6071bd76,longmemeval_6071bd76,False,[pending] lme-coffee-water-ratio-french-press-switch-more-water-per-tablespoon-coffee-or (strength 0.70),"[""answer_4dac77cb_2""]","[""longmemeval_6071bd76::obs_1::0""]",[],True,2,1,True,False,1,True,False,True,False,True,False,True,False,True,False
path_a_only_denominator,cq_no_contestation_demotion,618f13b2,longmemeval_618f13b2,False,[pending] lme-times-worn-new-black-converse-chuck-taylor-all-star-sneakers (strength 0.70),"[""answer_caf5b52e_2""]","[""longmemeval_618f13b2::obs_1::0""]",[],True,2,1,True,False,1,True,False,True,False,True,False,True,False,True,False
path_a_only_denominator,cq_no_contestation_demotion,69fee5aa,longmemeval_69fee5aa,False,[pending] lme-pre-1920-american-coins-collection (strength 0.70),"[""answer_d6028d6e_2""]","[""longmemeval_69fee5aa::obs_1::0""]",[],True,2,1,True,False,1,True,False,True,False,True,False,True,False,True,False
path_a_only_denominator,cq_no_contestation_demotion,6a1eabeb,longmemeval_6a1eabeb,False,[pending] lme-personal-best-time-charity-5k-run (strength 0.70),"[""answer_a25d4a91_2""]","[""longmemeval_6a1eabeb::obs_1::0""]",[],True,2,1,True,False,1,True,False,True,False,True,False,True,False,True,False
path_a_only_denominator,cq_no_contestation_demotion,6a27ffc2,longmemeval_6a27ffc2,False,[pending] lme-videos-corey-schafer-python-programming-series-completed-so-far (strength 0.70),"[""answer_77f32504_2""]","[""longmemeval_6a27ffc2::obs_1::0""]",[],True,2,1,True,False,1,True,False,True,False,True,False,True,False,True,False
path_a_only_denominator,cq_no_contestation_demotion,6aeb4375,longmemeval_6aeb4375,False,[pending] lme-korean-restaurants-tried-city (strength 0.70),"[""answer_3f9693b7_2""]","[""longmemeval_6aeb4375::obs_1::0""]",[],True,2,1,True,False,1,True,False,True,False,True,False,True,False,True,False
path_a_only_denominator,cq_no_contestation_demotion,71315a70,longmemeval_71315a70,False,[pending] lme-hours-spent-abstract-ocean-sculpture (strength 0.70),"[""answer_c44b9df4_2""]","[""longmemeval_71315a70::obs_1::0""]",[],True,2,1,True,False,1,True,False,True,False,True,False,True,False,True,False
path_a_only_denominator,cq_no_contestation_demotion,72e3ee87,longmemeval_72e3ee87,False,[pending] lme-episodes-science-series-completed-crash-course (strength 0.70),"[""answer_d7de9a6a_2""]","[""longmemeval_72e3ee87::obs_1::0""]",[],True,2,1,True,False,1,True,False,True,False,True,False,True,False,True,False
path_a_only_denominator,cq_no_contestation_demotion,7401057b,longmemeval_7401057b,False,[pending] lme-free-night-stays-can-redeem-at-any-hilton-property-accumulated-points (strength 0.70),"[""answer_94650bfa_2""]","[""longmemeval_7401057b::obs_1::0""]",[],True,2,1,True,False,1,True,False,True,False,True,False,True,False,True,False
path_a_only_denominator,cq_no_contestation_demotion,7a87bd0c,longmemeval_7a87bd0c,False,[pending] lme-long-been-sticking-daily-tidying-routine (strength 0.70),"[""answer_d08a934d_2""]","[""longmemeval_7a87bd0c::obs_1::0""]",[],True,2,1,True,False,1,True,False,True,False,True,False,True,False,True,False
path_a_only_denominator,cq_no_contestation_demotion,7e974930,longmemeval_7e974930,False,[pending] lme-much-earn-at-downtown-farmers-market-most-visit (strength 0.70),"[""answer_c9f5693c_2""]","[""longmemeval_7e974930::obs_1::0""]",[],True,2,1,True,False,1,True,False,True,False,True,False,True,False,True,False
path_a_only_denominator,cq_no_contestation_demotion,830ce83f,longmemeval_830ce83f,False,[pending] lme-rachel-move-her-relocation (strength 0.70),"[""answer_0b1a0942_2""]","[""longmemeval_830ce83f::obs_1::0""]",[],True,2,1,True,False,1,True,False,True,False,True,False,True,False,True,False
path_a_only_denominator,cq_no_contestation_demotion,852ce960,longmemeval_852ce960,False,[pending] lme-amount-pre-approved-got-mortgage-wells-fargo (strength 0.70),"[""answer_3a6f1e82_2""]","[""longmemeval_852ce960::obs_1::0""]",[],True,2,1,True,False,1,True,False,True,False,True,False,True,False,True,False
path_a_only_denominator,cq_no_contestation_demotion,89941a93,longmemeval_89941a93,False,[pending] lme-bikes-own (strength 0.70),"[""answer_e1403127_2""]","[""longmemeval_89941a93::obs_1::0""]",[],True,2,1,True,False,1,True,False,True,False,True,False,True,False,True,False
path_a_only_denominator,cq_no_contestation_demotion,89941a94,longmemeval_89941a94,False,[pending] lme-before-purchased-gravel-bike-other-bikes-addition-mountain-bike-commuter-bike (strength 0.70),"[""answer_e1403127_2""]","[""longmemeval_89941a94::obs_1::0""]",[],True,2,1,True,False,1,True,False,True,False,True,False,True,False,True,False
path_a_only_denominator,cq_no_contestation_demotion,8fb83627,longmemeval_8fb83627,False,[pending] lme-issues-national-geographic-finished-reading (strength 0.70),"[""answer_966cecbb_2""]","[""longmemeval_8fb83627::obs_1::0""]",[],True,2,1,True,False,1,True,False,True,False,True,False,True,False,True,False
path_a_only_denominator,cq_no_contestation_demotion,945e3d21,longmemeval_945e3d21,False,[pending] lme-often-attend-yoga-classes-help-anxiety (strength 0.70),"[""answer_6a4f8626_2""]","[""longmemeval_945e3d21::obs_1::0""]",[],True,2,1,True,False,1,True,False,True,False,True,False,True,False,True,False
path_a_only_denominator,cq_no_contestation_demotion,9bbe84a2,longmemeval_9bbe84a2,False,[pending] lme-previous-goal-apex-legends-level-before-updated-goal (strength 0.70),"[""answer_c6a0c6c2_2""]","[""longmemeval_9bbe84a2::obs_1::0""]",[],True,2,1,True,False,1,True,False,True,False,True,False,True,False,True,False
path_a_only_denominator,cq_no_contestation_demotion,9ea5eabc,longmemeval_9ea5eabc,False,[pending] lme-go-most-family-trip (strength 0.70),"[""answer_02e66dec_2""]","[""longmemeval_9ea5eabc::obs_1::0""]",[],True,2,1,True,False,1,True,False,True,False,True,False,True,False,True,False
path_a_only_denominator,cq_no_contestation_demotion,a1eacc2a,longmemeval_a1eacc2a,False,[pending] lme-short-stories-written-since-started-writing-regularly (strength 0.70),"[""answer_0eb23770_2""]","[""longmemeval_a1eacc2a::obs_1::0""]",[],True,2,1,True,False,1,True,False,True,False,True,False,True,False,True,False
path_a_only_denominator,cq_no_contestation_demotion,a2f3aa27,longmemeval_a2f3aa27,False,[pending] lme-followers-instagram-now (strength 0.70),"[""answer_5126c02d_2""]","[""longmemeval_a2f3aa27::obs_1::0""]",[],True,2,1,True,False,1,True,False,True,False,True,False,True,False,True,False
path_a_only_denominator,cq_no_contestation_demotion,affe2881,longmemeval_affe2881,False,[pending] lme-different-species-birds-seen-local-park (strength 0.70),"[""answer_90de9b4d_2""]","[""longmemeval_affe2881::obs_1::0""]",[],True,2,1,True,False,1,True,False,True,False,True,False,True,False,True,False
path_a_only_denominator,cq_no_contestation_demotion,b01defab,longmemeval_b01defab,False,[pending] lme-finish-reading-nightingale-by-kristin-hannah (strength 0.70),"[""answer_8c0712af_2""]","[""longmemeval_b01defab::obs_1::0""]",[],True,2,1,True,False,1,True,False,True,False,True,False,True,False,True,False
path_a_only_denominator,cq_no_contestation_demotion,b6019101,longmemeval_b6019101,False,[pending] lme-mcu-films-watch-last-months (strength 0.70),"[""answer_67074b4b_2""]","[""longmemeval_b6019101::obs_1::0""]",[],True,2,1,True,False,1,True,False,True,False,True,False,True,False,True,False
path_a_only_denominator,cq_no_contestation_demotion,ba61f0b9,longmemeval_ba61f0b9,False,[pending] lme-women-team-led-by-former-manager-rachel (strength 0.70),"[""answer_f377cda7_2""]","[""longmemeval_ba61f0b9::obs_1::0""]",[],True,2,1,True,False,1,True,False,True,False,True,False,True,False,True,False
path_a_only_denominator,cq_no_contestation_demotion,c4ea545c,longmemeval_c4ea545c,False,[pending] lme-go-gym-more-frequently-than-previously (strength 0.70),"[""answer_d3bf812b_2""]","[""longmemeval_c4ea545c::obs_1::0""]",[],True,2,1,True,False,1,True,False,True,False,True,False,True,False,True,False
path_a_only_denominator,cq_no_contestation_demotion,c6853660,longmemeval_c6853660,False,[pending] lme-mostly-increase-or-decrease-limit-number-cups-coffee-morning (strength 0.70),"[""answer_626e93c4_2""]","[""longmemeval_c6853660::obs_1::0""]",[],True,2,1,True,False,1,True,False,True,False,True,False,True,False,True,False
path_a_only_denominator,cq_no_contestation_demotion,c7dc5443,longmemeval_c7dc5443,False,[pending] lme-record-recreational-volleyball-league (strength 0.70),"[""answer_0cdbca92_2""]","[""longmemeval_c7dc5443::obs_1::0""]",[],True,2,1,True,False,1,True,False,True,False,True,False,True,False,True,False
path_a_only_denominator,cq_no_contestation_demotion,cc5ded98,longmemeval_cc5ded98,False,[pending] lme-much-time-dedicate-coding-exercises-each-day (strength 0.70),"[""answer_a5b68517_2""]","[""longmemeval_cc5ded98::obs_1::0""]",[],True,2,1,True,False,1,True,False,True,False,True,False,True,False,True,False
path_a_only_denominator,cq_no_contestation_demotion,ce6d2d27,longmemeval_ce6d2d27,False,[pending] lme-day-week-take-cocktail-making-class (strength 0.70),"[""answer_73540165_2""]","[""longmemeval_ce6d2d27::obs_1::0""]",[],True,2,1,True,False,1,True,False,True,False,True,False,True,False,True,False
path_a_only_denominator,cq_no_contestation_demotion,cf22b7bf,longmemeval_cf22b7bf,False,[pending] lme-much-weight-lost-since-started-going-gym-consistently (strength 0.70),"[""answer_ae3a122b_2""]","[""longmemeval_cf22b7bf::obs_1::0""]",[],True,2,1,True,False,1,True,False,True,False,True,False,True,False,True,False
path_a_only_denominator,cq_no_contestation_demotion,d7c942c3,longmemeval_d7c942c3,False,[pending] lme-mom-using-same-grocery-list-method-as (strength 0.70),"[""answer_eecb10d9_2""]","[""longmemeval_d7c942c3::obs_1::0""]",[],True,2,1,True,False,1,True,False,True,False,True,False,True,False,True,False
path_a_only_denominator,cq_no_contestation_demotion,dad224aa,longmemeval_dad224aa,False,[pending] lme-time-wake-up-saturday-mornings (strength 0.70),"[""answer_4a97ae40_2""]","[""longmemeval_dad224aa::obs_1::0""]",[],True,2,1,True,False,1,True,False,True,False,True,False,True,False,True,False
path_a_only_denominator,cq_no_contestation_demotion,db467c8c,longmemeval_db467c8c,False,[pending] lme-long-parents-been-staying-us (strength 0.70),"[""answer_611b6e83_2""]","[""longmemeval_db467c8c::obs_1::0""]",[],True,2,1,True,False,1,True,False,True,False,True,False,True,False,True,False
path_a_only_denominator,cq_no_contestation_demotion,dfde3500,longmemeval_dfde3500,False,[pending] lme-day-week-meet-previous-language-exchange-tutor-juan (strength 0.70),"[""answer_35d6c0be_2""]","[""longmemeval_dfde3500::obs_1::0""]",[],True,2,1,True,False,1,True,False,True,False,True,False,True,False,True,False
path_a_only_denominator,cq_no_contestation_demotion,e493bb7c,longmemeval_e493bb7c,False,[pending] lme-painting-ethereal-dreams-by-emma-taylor-hanging (strength 0.70),"[""answer_1a374afa_2""]","[""longmemeval_e493bb7c::obs_1::0""]",[],True,2,1,True,False,1,True,False,True,False,True,False,True,False,True,False
path_a_only_denominator,cq_no_contestation_demotion,e61a7584,longmemeval_e61a7584,False,[pending] lme-long-cat-luna (strength 0.70),"[""answer_f25c32f5_2""]","[""longmemeval_e61a7584::obs_1::0""]",[],True,2,1,True,False,1,True,False,True,False,True,False,True,False,True,False
path_a_only_denominator,cq_no_contestation_demotion,e66b632c,longmemeval_e66b632c,False,[pending] lme-previous-personal-best-time-charity-5k-run (strength 0.70),"[""answer_ac0140ce_2""]","[""longmemeval_e66b632c::obs_1::0""]",[],True,2,1,True,False,1,True,False,True,False,True,False,True,False,True,False
path_a_only_denominator,cq_no_contestation_demotion,eace081b,longmemeval_eace081b,False,[pending] lme-planning-stay-birthday-trip-hawaii (strength 0.70),"[""answer_8a791264_2""]","[""longmemeval_eace081b::obs_1::0""]",[],True,2,1,True,False,1,True,False,True,False,True,False,True,False,True,False
path_a_only_denominator,cq_no_contestation_demotion,ed4ddc30,longmemeval_ed4ddc30,False,[pending] lme-dozen-eggs-we-stocked-up-our-refrigerator (strength 0.70),"[""answer_babbaccb_2""]","[""longmemeval_ed4ddc30::obs_1::0""]",[],True,2,1,True,False,1,True,False,True,False,True,False,True,False,True,False
path_a_only_denominator,cq_no_contestation_demotion,f685340e,longmemeval_f685340e,False,[pending] lme-often-play-tennis-friends-at-local-park-previously (strength 0.70),"[""answer_25df025b_2""]","[""longmemeval_f685340e::obs_1::0""]",[],True,2,1,True,False,1,True,False,True,False,True,False,True,False,True,False
path_a_only_denominator,cq_no_contestation_demotion,f9e8c073,longmemeval_f9e8c073,False,[pending] lme-sessions-bereavement-support-group-attend (strength 0.70),"[""answer_b191df5b_2""]","[""longmemeval_f9e8c073::obs_1::0""]",[],True,2,1,True,False,1,True,False,True,False,True,False,True,False,True,False
path_a_only_denominator,cq_no_wider_scope_pending_override,01493427,longmemeval_01493427,False,[pending] lme-new-postcards-added-collection-since-started-collecting-again (strength 0.70),"[""answer_a7b44747_2""]","[""longmemeval_01493427::obs_1::0""]",[],True,2,1,True,False,1,True,False,True,False,True,False,True,False,True,False
path_a_only_denominator,cq_no_wider_scope_pending_override,031748ae,longmemeval_031748ae,False,[pending] lme-engineers-lead-just-started-new-role-as-senior-software-engineer (strength 0.70),"[""answer_8748f791_2""]","[""longmemeval_031748ae::obs_1::0""]",[],True,2,1,True,False,1,True,False,True,False,True,False,True,False,True,False
path_a_only_denominator,cq_no_wider_scope_pending_override,06db6396,longmemeval_06db6396,False,[pending] lme-projects-completed-since-starting-painting-classes (strength 0.70),"[""answer_da72b1b4_2""]","[""longmemeval_06db6396::obs_1::0""]",[],True,2,1,True,False,1,True,False,True,False,True,False,True,False,True,False
path_a_only_denominator,cq_no_wider_scope_pending_override,07741c44,longmemeval_07741c44,False,[pending] lme-initially-keep-old-sneakers (strength 0.70),"[""answer_7e9ad7b4_2""]","[""longmemeval_07741c44::obs_1::0""]",[],True,2,1,True,False,1,True,False,True,False,True,False,True,False,True,False
path_a_only_denominator,cq_no_wider_scope_pending_override,07741c45,longmemeval_07741c45,False,[pending] lme-keep-old-sneakers (strength 0.70),"[""answer_7e9ad7b4_2""]","[""longmemeval_07741c45::obs_1::0""]",[],True,2,1,True,False,1,True,False,True,False,True,False,True,False,True,False
path_a_only_denominator,cq_no_wider_scope_pending_override,08e075c7,longmemeval_08e075c7,False,[pending] lme-long-been-using-fitbit-charge (strength 0.70),"[""answer_cdbe2250_2""]","[""longmemeval_08e075c7::obs_1::0""]",[],True,2,1,True,False,1,True,False,True,False,True,False,True,False,True,False
path_a_only_denominator,cq_no_wider_scope_pending_override,0977f2af,longmemeval_0977f2af,False,[pending] lme-new-kitchen-gadget-invest-before-getting-air-fryer (strength 0.70),"[""answer_3bf5b73b_2""]","[""longmemeval_0977f2af::obs_1::0""]",[],True,2,1,True,False,1,True,False,True,False,True,False,True,False,True,False
path_a_only_denominator,cq_no_wider_scope_pending_override,0ddfec37,longmemeval_0ddfec37,False,[pending] lme-autographed-baseballs-added-collection-first-three-months-collection (strength 0.70),"[""answer_a22b654d_2""]","[""longmemeval_0ddfec37::obs_1::0""]",[],True,2,1,True,False,1,True,False,True,False,True,False,True,False,True,False
path_a_only_denominator,cq_no_wider_scope_pending_override,0e4e4c46,longmemeval_0e4e4c46,False,[pending] lme-highest-score-ticket-ride (strength 0.70),"[""answer_f2f998c7_2""]","[""longmemeval_0e4e4c46::obs_1::0""]",[],True,2,1,True,False,1,True,False,True,False,True,False,True,False,True,False
path_a_only_denominator,cq_no_wider_scope_pending_override,0f05491a,longmemeval_0f05491a,False,[pending] lme-stars-need-reach-gold-level-starbucks-rewards-app (strength 0.70),"[""answer_d6d2eba8_2""]","[""longmemeval_0f05491a::obs_1::0""]",[],True,2,1,True,False,1,True,False,True,False,True,False,True,False,True,False
path_a_only_denominator,cq_no_wider_scope_pending_override,10e09553,longmemeval_10e09553,False,[pending] lme-largemouth-bass-catch-alex-earlier-fishing-trip-lake-michigan-before-22-trip (strength 0.70),"[""answer_67be2c38_2""]","[""longmemeval_10e09553::obs_1::0""]",[],True,2,1,True,False,1,True,False,True,False,True,False,True,False,True,False
path_a_only_denominator,cq_no_wider_scope_pending_override,184da446,longmemeval_184da446,False,[pending] lme-pages-short-history-nearly-everything-read-so-far (strength 0.70),"[""answer_e2f4f947_2""]","[""longmemeval_184da446::obs_1::0""]",[],True,2,1,True,False,1,True,False,True,False,True,False,True,False,True,False
path_a_only_denominator,cq_no_wider_scope_pending_override,18bc8abd,longmemeval_18bc8abd,False,[pending] lme-brand-bbq-sauce-obsessed (strength 0.70),"[""answer_fff743f5_2""]","[""longmemeval_18bc8abd::obs_1::0""]",[],True,2,1,True,False,1,True,False,True,False,True,False,True,False,True,False
path_a_only_denominator,cq_no_wider_scope_pending_override,1cea1afa,longmemeval_1cea1afa,False,[pending] lme-instagram-followers (strength 0.70),"[""answer_79c395a9_2""]","[""longmemeval_1cea1afa::obs_1::0""]",[],True,2,1,True,False,1,True,False,True,False,True,False,True,False,True,False
path_a_only_denominator,cq_no_wider_scope_pending_override,2133c1b5,longmemeval_2133c1b5,False,[pending] lme-long-been-living-apartment-harajuku (strength 0.70),"[""answer_52382508_2""]","[""longmemeval_2133c1b5::obs_1::0""]",[],True,2,1,True,False,1,True,False,True,False,True,False,True,False,True,False
path_a_only_denominator,cq_no_wider_scope_pending_override,22d2cb42,longmemeval_22d2cb42,False,[pending] lme-get-guitar-serviced (strength 0.70),"[""answer_bcce0b73_2""]","[""longmemeval_22d2cb42::obs_1::0""]",[],True,2,1,True,False,1,True,False,True,False,True,False,True,False,True,False
path_a_only_denominator,cq_no_wider_scope_pending_override,2698e78f,longmemeval_2698e78f,False,[pending] lme-often-see-therapist-dr-smith (strength 0.70),"[""answer_9282283d_2""]","[""longmemeval_2698e78f::obs_1::0""]",[],True,2,1,True,False,1,True,False,True,False,True,False,True,False,True,False
path_a_only_denominator,cq_no_wider_scope_pending_override,26bdc477,longmemeval_26bdc477,False,[pending] lme-trips-taken-canon-eos-80d-camera (strength 0.70),"[""answer_f762ad8d_2""]","[""longmemeval_26bdc477::obs_1::0""]",[],True,2,1,True,False,1,True,False,True,False,True,False,True,False,True,False
path_a_only_denominator,cq_no_wider_scope_pending_override,3ba21379,longmemeval_3ba21379,False,[pending] lme-type-vehicle-model-working (strength 0.70),"[""answer_cd345582_2""]","[""longmemeval_3ba21379::obs_1::0""]",[],True,2,1,True,False,1,True,False,True,False,True,False,True,False,True,False
path_a_only_denominator,cq_no_wider_scope_pending_override,41698283,longmemeval_41698283,False,[pending] lme-type-camera-lens-purchase-most (strength 0.70),"[""answer_c7ddc051_2""]","[""longmemeval_41698283::obs_1::0""]",[],True,2,1,True,False,1,True,False,True,False,True,False,True,False,True,False
path_a_only_denominator,cq_no_wider_scope_pending_override,42ec0761,longmemeval_42ec0761,False,[pending] lme-spare-screwdriver-opening-up-laptop (strength 0.70),"[""answer_e3892371_2""]","[""longmemeval_42ec0761::obs_1::0""]",[],True,2,1,True,False,1,True,False,True,False,True,False,True,False,True,False
path_a_only_denominator,cq_no_wider_scope_pending_override,45dc21b6,longmemeval_45dc21b6,False,[pending] lme-emma-recipes-tried-out (strength 0.70),"[""answer_07664d43_2""]","[""longmemeval_45dc21b6::obs_1::0""]",[],True,2,1,True,False,1,True,False,True,False,True,False,True,False,True,False
path_a_only_denominator,cq_no_wider_scope_pending_override,4b24c848,longmemeval_4b24c848,False,[pending] lme-tops-bought-so-far (strength 0.70),"[""answer_2cec623b_2""]","[""longmemeval_4b24c848::obs_1::0""]",[],True,2,1,True,False,1,True,False,True,False,True,False,True,False,True,False
path_a_only_denominator,cq_no_wider_scope_pending_override,4d6b87c8,longmemeval_4d6b87c8,False,[pending] lme-titles-watch-list (strength 0.70),"[""answer_766ab8da_2""]","[""longmemeval_4d6b87c8::obs_1::0""]",[],True,2,1,True,False,1,True,False,True,False,True,False,True,False,True,False
path_a_only_denominator,cq_no_wider_scope_pending_override,50635ada,longmemeval_50635ada,False,[pending] lme-previous-frequent-flyer-status-united-airlines-before-got-status (strength 0.70),"[""answer_dcd74827_2""]","[""longmemeval_50635ada::obs_1::0""]",[],True,2,1,True,False,1,True,False,True,False,True,False,True,False,True,False
path_a_only_denominator,cq_no_wider_scope_pending_override,5831f84d,longmemeval_5831f84d,False,[pending] lme-crash-course-videos-watched-past-few-weeks (strength 0.70),"[""answer_8d63a897_2""]","[""longmemeval_5831f84d::obs_1::0""]",[],True,2,1,True,False,1,True,False,True,False,True,False,True,False,True,False
path_a_only_denominator,cq_no_wider_scope_pending_override,59524333,longmemeval_59524333,False,[pending] lme-time-usually-go-gym (strength 0.70),"[""answer_b28f2c7a_2""]","[""longmemeval_59524333::obs_1::0""]",[],True,2,1,True,False,1,True,False,True,False,True,False,True,False,True,False
path_a_only_denominator,cq_no_wider_scope_pending_override,5a4f22c0,longmemeval_5a4f22c0,False,[pending] lme-company-rachel-old-colleague-previous-company-working-at (strength 0.70),"[""answer_b0f3dfff_2""]","[""longmemeval_5a4f22c0::obs_1::0""]",[],True,2,1,True,False,1,True,False,True,False,True,False,True,False,True,False
path_a_only_denominator,cq_no_wider_scope_pending_override,5c40ec5b,longmemeval_5c40ec5b,False,[pending] lme-times-met-up-alex-germany (strength 0.70),"[""answer_1cb52d0a_2""]","[""longmemeval_5c40ec5b::obs_1::0""]",[],True,2,1,True,False,1,True,False,True,False,True,False,True,False,True,False
path_a_only_denominator,cq_no_wider_scope_pending_override,603deb26,longmemeval_603deb26,False,[pending] lme-times-tried-making-negroni-at-home-since-friend-emma-showed-make-it (strength 0.70),"[""answer_8afdebac_2""]","[""longmemeval_603deb26::obs_1::0""]",[],True,2,1,True,False,1,True,False,True,False,True,False,True,False,True,False
path_a_only_denominator,cq_no_wider_scope_pending_override,6071bd76,longmemeval_6071bd76,False,[pending] lme-coffee-water-ratio-french-press-switch-more-water-per-tablespoon-coffee-or (strength 0.70),"[""answer_4dac77cb_2""]","[""longmemeval_6071bd76::obs_1::0""]",[],True,2,1,True,False,1,True,False,True,False,True,False,True,False,True,False
path_a_only_denominator,cq_no_wider_scope_pending_override,618f13b2,longmemeval_618f13b2,False,[pending] lme-times-worn-new-black-converse-chuck-taylor-all-star-sneakers (strength 0.70),"[""answer_caf5b52e_2""]","[""longmemeval_618f13b2::obs_1::0""]",[],True,2,1,True,False,1,True,False,True,False,True,False,True,False,True,False
path_a_only_denominator,cq_no_wider_scope_pending_override,69fee5aa,longmemeval_69fee5aa,False,[pending] lme-pre-1920-american-coins-collection (strength 0.70),"[""answer_d6028d6e_2""]","[""longmemeval_69fee5aa::obs_1::0""]",[],True,2,1,True,False,1,True,False,True,False,True,False,True,False,True,False
path_a_only_denominator,cq_no_wider_scope_pending_override,6a1eabeb,longmemeval_6a1eabeb,False,[pending] lme-personal-best-time-charity-5k-run (strength 0.70),"[""answer_a25d4a91_2""]","[""longmemeval_6a1eabeb::obs_1::0""]",[],True,2,1,True,False,1,True,False,True,False,True,False,True,False,True,False
path_a_only_denominator,cq_no_wider_scope_pending_override,6a27ffc2,longmemeval_6a27ffc2,False,[pending] lme-videos-corey-schafer-python-programming-series-completed-so-far (strength 0.70),"[""answer_77f32504_2""]","[""longmemeval_6a27ffc2::obs_1::0""]",[],True,2,1,True,False,1,True,False,True,False,True,False,True,False,True,False
path_a_only_denominator,cq_no_wider_scope_pending_override,6aeb4375,longmemeval_6aeb4375,False,[pending] lme-korean-restaurants-tried-city (strength 0.70),"[""answer_3f9693b7_2""]","[""longmemeval_6aeb4375::obs_1::0""]",[],True,2,1,True,False,1,True,False,True,False,True,False,True,False,True,False
path_a_only_denominator,cq_no_wider_scope_pending_override,71315a70,longmemeval_71315a70,False,[pending] lme-hours-spent-abstract-ocean-sculpture (strength 0.70),"[""answer_c44b9df4_2""]","[""longmemeval_71315a70::obs_1::0""]",[],True,2,1,True,False,1,True,False,True,False,True,False,True,False,True,False
path_a_only_denominator,cq_no_wider_scope_pending_override,72e3ee87,longmemeval_72e3ee87,False,[pending] lme-episodes-science-series-completed-crash-course (strength 0.70),"[""answer_d7de9a6a_2""]","[""longmemeval_72e3ee87::obs_1::0""]",[],True,2,1,True,False,1,True,False,True,False,True,False,True,False,True,False
path_a_only_denominator,cq_no_wider_scope_pending_override,7401057b,longmemeval_7401057b,False,[pending] lme-free-night-stays-can-redeem-at-any-hilton-property-accumulated-points (strength 0.70),"[""answer_94650bfa_2""]","[""longmemeval_7401057b::obs_1::0""]",[],True,2,1,True,False,1,True,False,True,False,True,False,True,False,True,False
path_a_only_denominator,cq_no_wider_scope_pending_override,7a87bd0c,longmemeval_7a87bd0c,False,[pending] lme-long-been-sticking-daily-tidying-routine (strength 0.70),"[""answer_d08a934d_2""]","[""longmemeval_7a87bd0c::obs_1::0""]",[],True,2,1,True,False,1,True,False,True,False,True,False,True,False,True,False
path_a_only_denominator,cq_no_wider_scope_pending_override,7e974930,longmemeval_7e974930,False,[pending] lme-much-earn-at-downtown-farmers-market-most-visit (strength 0.70),"[""answer_c9f5693c_2""]","[""longmemeval_7e974930::obs_1::0""]",[],True,2,1,True,False,1,True,False,True,False,True,False,True,False,True,False
path_a_only_denominator,cq_no_wider_scope_pending_override,830ce83f,longmemeval_830ce83f,False,[pending] lme-rachel-move-her-relocation (strength 0.70),"[""answer_0b1a0942_2""]","[""longmemeval_830ce83f::obs_1::0""]",[],True,2,1,True,False,1,True,False,True,False,True,False,True,False,True,False
path_a_only_denominator,cq_no_wider_scope_pending_override,852ce960,longmemeval_852ce960,False,[pending] lme-amount-pre-approved-got-mortgage-wells-fargo (strength 0.70),"[""answer_3a6f1e82_2""]","[""longmemeval_852ce960::obs_1::0""]",[],True,2,1,True,False,1,True,False,True,False,True,False,True,False,True,False
path_a_only_denominator,cq_no_wider_scope_pending_override,89941a93,longmemeval_89941a93,False,[pending] lme-bikes-own (strength 0.70),"[""answer_e1403127_2""]","[""longmemeval_89941a93::obs_1::0""]",[],True,2,1,True,False,1,True,False,True,False,True,False,True,False,True,False
path_a_only_denominator,cq_no_wider_scope_pending_override,89941a94,longmemeval_89941a94,False,[pending] lme-before-purchased-gravel-bike-other-bikes-addition-mountain-bike-commuter-bike (strength 0.70),"[""answer_e1403127_2""]","[""longmemeval_89941a94::obs_1::0""]",[],True,2,1,True,False,1,True,False,True,False,True,False,True,False,True,False
path_a_only_denominator,cq_no_wider_scope_pending_override,8fb83627,longmemeval_8fb83627,False,[pending] lme-issues-national-geographic-finished-reading (strength 0.70),"[""answer_966cecbb_2""]","[""longmemeval_8fb83627::obs_1::0""]",[],True,2,1,True,False,1,True,False,True,False,True,False,True,False,True,False
path_a_only_denominator,cq_no_wider_scope_pending_override,945e3d21,longmemeval_945e3d21,False,[pending] lme-often-attend-yoga-classes-help-anxiety (strength 0.70),"[""answer_6a4f8626_2""]","[""longmemeval_945e3d21::obs_1::0""]",[],True,2,1,True,False,1,True,False,True,False,True,False,True,False,True,False
path_a_only_denominator,cq_no_wider_scope_pending_override,9bbe84a2,longmemeval_9bbe84a2,False,[pending] lme-previous-goal-apex-legends-level-before-updated-goal (strength 0.70),"[""answer_c6a0c6c2_2""]","[""longmemeval_9bbe84a2::obs_1::0""]",[],True,2,1,True,False,1,True,False,True,False,True,False,True,False,True,False
path_a_only_denominator,cq_no_wider_scope_pending_override,9ea5eabc,longmemeval_9ea5eabc,False,[pending] lme-go-most-family-trip (strength 0.70),"[""answer_02e66dec_2""]","[""longmemeval_9ea5eabc::obs_1::0""]",[],True,2,1,True,False,1,True,False,True,False,True,False,True,False,True,False
path_a_only_denominator,cq_no_wider_scope_pending_override,a1eacc2a,longmemeval_a1eacc2a,False,[pending] lme-short-stories-written-since-started-writing-regularly (strength 0.70),"[""answer_0eb23770_2""]","[""longmemeval_a1eacc2a::obs_1::0""]",[],True,2,1,True,False,1,True,False,True,False,True,False,True,False,True,False
path_a_only_denominator,cq_no_wider_scope_pending_override,a2f3aa27,longmemeval_a2f3aa27,False,[pending] lme-followers-instagram-now (strength 0.70),"[""answer_5126c02d_2""]","[""longmemeval_a2f3aa27::obs_1::0""]",[],True,2,1,True,False,1,True,False,True,False,True,False,True,False,True,False
path_a_only_denominator,cq_no_wider_scope_pending_override,affe2881,longmemeval_affe2881,False,[pending] lme-different-species-birds-seen-local-park (strength 0.70),"[""answer_90de9b4d_2""]","[""longmemeval_affe2881::obs_1::0""]",[],True,2,1,True,False,1,True,False,True,False,True,False,True,False,True,False
path_a_only_denominator,cq_no_wider_scope_pending_override,b01defab,longmemeval_b01defab,False,[pending] lme-finish-reading-nightingale-by-kristin-hannah (strength 0.70),"[""answer_8c0712af_2""]","[""longmemeval_b01defab::obs_1::0""]",[],True,2,1,True,False,1,True,False,True,False,True,False,True,False,True,False
path_a_only_denominator,cq_no_wider_scope_pending_override,b6019101,longmemeval_b6019101,False,[pending] lme-mcu-films-watch-last-months (strength 0.70),"[""answer_67074b4b_2""]","[""longmemeval_b6019101::obs_1::0""]",[],True,2,1,True,False,1,True,False,True,False,True,False,True,False,True,False
path_a_only_denominator,cq_no_wider_scope_pending_override,ba61f0b9,longmemeval_ba61f0b9,False,[pending] lme-women-team-led-by-former-manager-rachel (strength 0.70),"[""answer_f377cda7_2""]","[""longmemeval_ba61f0b9::obs_1::0""]",[],True,2,1,True,False,1,True,False,True,False,True,False,True,False,True,False
path_a_only_denominator,cq_no_wider_scope_pending_override,c4ea545c,longmemeval_c4ea545c,False,[pending] lme-go-gym-more-frequently-than-previously (strength 0.70),"[""answer_d3bf812b_2""]","[""longmemeval_c4ea545c::obs_1::0""]",[],True,2,1,True,False,1,True,False,True,False,True,False,True,False,True,False
path_a_only_denominator,cq_no_wider_scope_pending_override,c6853660,longmemeval_c6853660,False,[pending] lme-mostly-increase-or-decrease-limit-number-cups-coffee-morning (strength 0.70),"[""answer_626e93c4_2""]","[""longmemeval_c6853660::obs_1::0""]",[],True,2,1,True,False,1,True,False,True,False,True,False,True,False,True,False
path_a_only_denominator,cq_no_wider_scope_pending_override,c7dc5443,longmemeval_c7dc5443,False,[pending] lme-record-recreational-volleyball-league (strength 0.70),"[""answer_0cdbca92_2""]","[""longmemeval_c7dc5443::obs_1::0""]",[],True,2,1,True,False,1,True,False,True,False,True,False,True,False,True,False
path_a_only_denominator,cq_no_wider_scope_pending_override,cc5ded98,longmemeval_cc5ded98,False,[pending] lme-much-time-dedicate-coding-exercises-each-day (strength 0.70),"[""answer_a5b68517_2""]","[""longmemeval_cc5ded98::obs_1::0""]",[],True,2,1,True,False,1,True,False,True,False,True,False,True,False,True,False
path_a_only_denominator,cq_no_wider_scope_pending_override,ce6d2d27,longmemeval_ce6d2d27,False,[pending] lme-day-week-take-cocktail-making-class (strength 0.70),"[""answer_73540165_2""]","[""longmemeval_ce6d2d27::obs_1::0""]",[],True,2,1,True,False,1,True,False,True,False,True,False,True,False,True,False
path_a_only_denominator,cq_no_wider_scope_pending_override,cf22b7bf,longmemeval_cf22b7bf,False,[pending] lme-much-weight-lost-since-started-going-gym-consistently (strength 0.70),"[""answer_ae3a122b_2""]","[""longmemeval_cf22b7bf::obs_1::0""]",[],True,2,1,True,False,1,True,False,True,False,True,False,True,False,True,False
path_a_only_denominator,cq_no_wider_scope_pending_override,d7c942c3,longmemeval_d7c942c3,False,[pending] lme-mom-using-same-grocery-list-method-as (strength 0.70),"[""answer_eecb10d9_2""]","[""longmemeval_d7c942c3::obs_1::0""]",[],True,2,1,True,False,1,True,False,True,False,True,False,True,False,True,False
path_a_only_denominator,cq_no_wider_scope_pending_override,dad224aa,longmemeval_dad224aa,False,[pending] lme-time-wake-up-saturday-mornings (strength 0.70),"[""answer_4a97ae40_2""]","[""longmemeval_dad224aa::obs_1::0""]",[],True,2,1,True,False,1,True,False,True,False,True,False,True,False,True,False
path_a_only_denominator,cq_no_wider_scope_pending_override,db467c8c,longmemeval_db467c8c,False,[pending] lme-long-parents-been-staying-us (strength 0.70),"[""answer_611b6e83_2""]","[""longmemeval_db467c8c::obs_1::0""]",[],True,2,1,True,False,1,True,False,True,False,True,False,True,False,True,False
path_a_only_denominator,cq_no_wider_scope_pending_override,dfde3500,longmemeval_dfde3500,False,[pending] lme-day-week-meet-previous-language-exchange-tutor-juan (strength 0.70),"[""answer_35d6c0be_2""]","[""longmemeval_dfde3500::obs_1::0""]",[],True,2,1,True,False,1,True,False,True,False,True,False,True,False,True,False
path_a_only_denominator,cq_no_wider_scope_pending_override,e493bb7c,longmemeval_e493bb7c,False,[pending] lme-painting-ethereal-dreams-by-emma-taylor-hanging (strength 0.70),"[""answer_1a374afa_2""]","[""longmemeval_e493bb7c::obs_1::0""]",[],True,2,1,True,False,1,True,False,True,False,True,False,True,False,True,False
path_a_only_denominator,cq_no_wider_scope_pending_override,e61a7584,longmemeval_e61a7584,False,[pending] lme-long-cat-luna (strength 0.70),"[""answer_f25c32f5_2""]","[""longmemeval_e61a7584::obs_1::0""]",[],True,2,1,True,False,1,True,False,True,False,True,False,True,False,True,False
path_a_only_denominator,cq_no_wider_scope_pending_override,e66b632c,longmemeval_e66b632c,False,[pending] lme-previous-personal-best-time-charity-5k-run (strength 0.70),"[""answer_ac0140ce_2""]","[""longmemeval_e66b632c::obs_1::0""]",[],True,2,1,True,False,1,True,False,True,False,True,False,True,False,True,False
path_a_only_denominator,cq_no_wider_scope_pending_override,eace081b,longmemeval_eace081b,False,[pending] lme-planning-stay-birthday-trip-hawaii (strength 0.70),"[""answer_8a791264_2""]","[""longmemeval_eace081b::obs_1::0""]",[],True,2,1,True,False,1,True,False,True,False,True,False,True,False,True,False
path_a_only_denominator,cq_no_wider_scope_pending_override,ed4ddc30,longmemeval_ed4ddc30,False,[pending] lme-dozen-eggs-we-stocked-up-our-refrigerator (strength 0.70),"[""answer_babbaccb_2""]","[""longmemeval_ed4ddc30::obs_1::0""]",[],True,2,1,True,False,1,True,False,True,False,True,False,True,False,True,False
path_a_only_denominator,cq_no_wider_scope_pending_override,f685340e,longmemeval_f685340e,False,[pending] lme-often-play-tennis-friends-at-local-park-previously (strength 0.70),"[""answer_25df025b_2""]","[""longmemeval_f685340e::obs_1::0""]",[],True,2,1,True,False,1,True,False,True,False,True,False,True,False,True,False
path_a_only_denominator,cq_no_wider_scope_pending_override,f9e8c073,longmemeval_f9e8c073,False,[pending] lme-sessions-bereavement-support-group-attend (strength 0.70),"[""answer_b191df5b_2""]","[""longmemeval_f9e8c073::obs_1::0""]",[],True,2,1,True,False,1,True,False,True,False,True,False,True,False,True,False
path_a_only_denominator,cq_no_pending_lookup_use,01493427,longmemeval_01493427,False,No usable memory available.,[],[],[],False,2,0,False,False,,False,False,False,False,False,False,False,False,False,False
path_a_only_denominator,cq_no_pending_lookup_use,031748ae,longmemeval_031748ae,False,No usable memory available.,[],[],[],False,2,0,False,False,,False,False,False,False,False,False,False,False,False,False
path_a_only_denominator,cq_no_pending_lookup_use,06db6396,longmemeval_06db6396,False,No usable memory available.,[],[],[],False,2,0,False,False,,False,False,False,False,False,False,False,False,False,False
path_a_only_denominator,cq_no_pending_lookup_use,07741c44,longmemeval_07741c44,False,No usable memory available.,[],[],[],False,2,0,False,False,,False,False,False,False,False,False,False,False,False,False
path_a_only_denominator,cq_no_pending_lookup_use,07741c45,longmemeval_07741c45,False,No usable memory available.,[],[],[],False,2,0,False,False,,False,False,False,False,False,False,False,False,False,False
path_a_only_denominator,cq_no_pending_lookup_use,08e075c7,longmemeval_08e075c7,False,No usable memory available.,[],[],[],False,2,0,False,False,,False,False,False,False,False,False,False,False,False,False
path_a_only_denominator,cq_no_pending_lookup_use,0977f2af,longmemeval_0977f2af,False,No usable memory available.,[],[],[],False,2,0,False,False,,False,False,False,False,False,False,False,False,False,False
path_a_only_denominator,cq_no_pending_lookup_use,0ddfec37,longmemeval_0ddfec37,False,No usable memory available.,[],[],[],False,2,0,False,False,,False,False,False,False,False,False,False,False,False,False
path_a_only_denominator,cq_no_pending_lookup_use,0e4e4c46,longmemeval_0e4e4c46,False,No usable memory available.,[],[],[],False,2,0,False,False,,False,False,False,False,False,False,False,False,False,False
path_a_only_denominator,cq_no_pending_lookup_use,0f05491a,longmemeval_0f05491a,False,No usable memory available.,[],[],[],False,2,0,False,False,,False,False,False,False,False,False,False,False,False,False
path_a_only_denominator,cq_no_pending_lookup_use,10e09553,longmemeval_10e09553,False,No usable memory available.,[],[],[],False,2,0,False,False,,False,False,False,False,False,False,False,False,False,False
path_a_only_denominator,cq_no_pending_lookup_use,184da446,longmemeval_184da446,False,No usable memory available.,[],[],[],False,2,0,False,False,,False,False,False,False,False,False,False,False,False,False
path_a_only_denominator,cq_no_pending_lookup_use,18bc8abd,longmemeval_18bc8abd,False,No usable memory available.,[],[],[],False,2,0,False,False,,False,False,False,False,False,False,False,False,False,False
path_a_only_denominator,cq_no_pending_lookup_use,1cea1afa,longmemeval_1cea1afa,False,No usable memory available.,[],[],[],False,2,0,False,False,,False,False,False,False,False,False,False,False,False,False
path_a_only_denominator,cq_no_pending_lookup_use,2133c1b5,longmemeval_2133c1b5,False,No usable memory available.,[],[],[],False,2,0,False,False,,False,False,False,False,False,False,False,False,False,False
path_a_only_denominator,cq_no_pending_lookup_use,22d2cb42,longmemeval_22d2cb42,False,No usable memory available.,[],[],[],False,2,0,False,False,,False,False,False,False,False,False,False,False,False,False
path_a_only_denominator,cq_no_pending_lookup_use,2698e78f,longmemeval_2698e78f,False,No usable memory available.,[],[],[],False,2,0,False,False,,False,False,False,False,False,False,False,False,False,False
path_a_only_denominator,cq_no_pending_lookup_use,26bdc477,longmemeval_26bdc477,False,No usable memory available.,[],[],[],False,2,0,False,False,,False,False,False,False,False,False,False,False,False,False
path_a_only_denominator,cq_no_pending_lookup_use,3ba21379,longmemeval_3ba21379,False,No usable memory available.,[],[],[],False,2,0,False,False,,False,False,False,False,False,False,False,False,False,False
path_a_only_denominator,cq_no_pending_lookup_use,41698283,longmemeval_41698283,False,No usable memory available.,[],[],[],False,2,0,False,False,,False,False,False,False,False,False,False,False,False,False
path_a_only_denominator,cq_no_pending_lookup_use,42ec0761,longmemeval_42ec0761,False,No usable memory available.,[],[],[],False,2,0,False,False,,False,False,False,False,False,False,False,False,False,False
path_a_only_denominator,cq_no_pending_lookup_use,45dc21b6,longmemeval_45dc21b6,False,No usable memory available.,[],[],[],False,2,0,False,False,,False,False,False,False,False,False,False,False,False,False
path_a_only_denominator,cq_no_pending_lookup_use,4b24c848,longmemeval_4b24c848,False,No usable memory available.,[],[],[],False,2,0,False,False,,False,False,False,False,False,False,False,False,False,False
path_a_only_denominator,cq_no_pending_lookup_use,4d6b87c8,longmemeval_4d6b87c8,False,No usable memory available.,[],[],[],False,2,0,False,False,,False,False,False,False,False,False,False,False,False,False
path_a_only_denominator,cq_no_pending_lookup_use,50635ada,longmemeval_50635ada,False,No usable memory available.,[],[],[],False,2,0,False,False,,False,False,False,False,False,False,False,False,False,False
path_a_only_denominator,cq_no_pending_lookup_use,5831f84d,longmemeval_5831f84d,False,No usable memory available.,[],[],[],False,2,0,False,False,,False,False,False,False,False,False,False,False,False,False
path_a_only_denominator,cq_no_pending_lookup_use,59524333,longmemeval_59524333,False,No usable memory available.,[],[],[],False,2,0,False,False,,False,False,False,False,False,False,False,False,False,False
path_a_only_denominator,cq_no_pending_lookup_use,5a4f22c0,longmemeval_5a4f22c0,False,No usable memory available.,[],[],[],False,2,0,False,False,,False,False,False,False,False,False,False,False,False,False
path_a_only_denominator,cq_no_pending_lookup_use,5c40ec5b,longmemeval_5c40ec5b,False,No usable memory available.,[],[],[],False,2,0,False,False,,False,False,False,False,False,False,False,False,False,False
path_a_only_denominator,cq_no_pending_lookup_use,603deb26,longmemeval_603deb26,False,No usable memory available.,[],[],[],False,2,0,False,False,,False,False,False,False,False,False,False,False,False,False
path_a_only_denominator,cq_no_pending_lookup_use,6071bd76,longmemeval_6071bd76,False,No usable memory available.,[],[],[],False,2,0,False,False,,False,False,False,False,False,False,False,False,False,False
path_a_only_denominator,cq_no_pending_lookup_use,618f13b2,longmemeval_618f13b2,False,No usable memory available.,[],[],[],False,2,0,False,False,,False,False,False,False,False,False,False,False,False,False
path_a_only_denominator,cq_no_pending_lookup_use,69fee5aa,longmemeval_69fee5aa,False,No usable memory available.,[],[],[],False,2,0,False,False,,False,False,False,False,False,False,False,False,False,False
path_a_only_denominator,cq_no_pending_lookup_use,6a1eabeb,longmemeval_6a1eabeb,False,No usable memory available.,[],[],[],False,2,0,False,False,,False,False,False,False,False,False,False,False,False,False
path_a_only_denominator,cq_no_pending_lookup_use,6a27ffc2,longmemeval_6a27ffc2,False,No usable memory available.,[],[],[],False,2,0,False,False,,False,False,False,False,False,False,False,False,False,False
path_a_only_denominator,cq_no_pending_lookup_use,6aeb4375,longmemeval_6aeb4375,False,No usable memory available.,[],[],[],False,2,0,False,False,,False,False,False,False,False,False,False,False,False,False
path_a_only_denominator,cq_no_pending_lookup_use,71315a70,longmemeval_71315a70,False,No usable memory available.,[],[],[],False,2,0,False,False,,False,False,False,False,False,False,False,False,False,False
path_a_only_denominator,cq_no_pending_lookup_use,72e3ee87,longmemeval_72e3ee87,False,No usable memory available.,[],[],[],False,2,0,False,False,,False,False,False,False,False,False,False,False,False,False
path_a_only_denominator,cq_no_pending_lookup_use,7401057b,longmemeval_7401057b,False,No usable memory available.,[],[],[],False,2,0,False,False,,False,False,False,False,False,False,False,False,False,False
path_a_only_denominator,cq_no_pending_lookup_use,7a87bd0c,longmemeval_7a87bd0c,False,No usable memory available.,[],[],[],False,2,0,False,False,,False,False,False,False,False,False,False,False,False,False
path_a_only_denominator,cq_no_pending_lookup_use,7e974930,longmemeval_7e974930,False,No usable memory available.,[],[],[],False,2,0,False,False,,False,False,False,False,False,False,False,False,False,False
path_a_only_denominator,cq_no_pending_lookup_use,830ce83f,longmemeval_830ce83f,False,No usable memory available.,[],[],[],False,2,0,False,False,,False,False,False,False,False,False,False,False,False,False
path_a_only_denominator,cq_no_pending_lookup_use,852ce960,longmemeval_852ce960,False,No usable memory available.,[],[],[],False,2,0,False,False,,False,False,False,False,False,False,False,False,False,False
path_a_only_denominator,cq_no_pending_lookup_use,89941a93,longmemeval_89941a93,False,No usable memory available.,[],[],[],False,2,0,False,False,,False,False,False,False,False,False,False,False,False,False
path_a_only_denominator,cq_no_pending_lookup_use,89941a94,longmemeval_89941a94,False,No usable memory available.,[],[],[],False,2,0,False,False,,False,False,False,False,False,False,False,False,False,False
path_a_only_denominator,cq_no_pending_lookup_use,8fb83627,longmemeval_8fb83627,False,No usable memory available.,[],[],[],False,2,0,False,False,,False,False,False,False,False,False,False,False,False,False
path_a_only_denominator,cq_no_pending_lookup_use,945e3d21,longmemeval_945e3d21,False,No usable memory available.,[],[],[],False,2,0,False,False,,False,False,False,False,False,False,False,False,False,False
path_a_only_denominator,cq_no_pending_lookup_use,9bbe84a2,longmemeval_9bbe84a2,False,No usable memory available.,[],[],[],False,2,0,False,False,,False,False,False,False,False,False,False,False,False,False
path_a_only_denominator,cq_no_pending_lookup_use,9ea5eabc,longmemeval_9ea5eabc,False,No usable memory available.,[],[],[],False,2,0,False,False,,False,False,False,False,False,False,False,False,False,False
path_a_only_denominator,cq_no_pending_lookup_use,a1eacc2a,longmemeval_a1eacc2a,False,No usable memory available.,[],[],[],False,2,0,False,False,,False,False,False,False,False,False,False,False,False,False
path_a_only_denominator,cq_no_pending_lookup_use,a2f3aa27,longmemeval_a2f3aa27,False,No usable memory available.,[],[],[],False,2,0,False,False,,False,False,False,False,False,False,False,False,False,False
path_a_only_denominator,cq_no_pending_lookup_use,affe2881,longmemeval_affe2881,False,No usable memory available.,[],[],[],False,2,0,False,False,,False,False,False,False,False,False,False,False,False,False
path_a_only_denominator,cq_no_pending_lookup_use,b01defab,longmemeval_b01defab,False,No usable memory available.,[],[],[],False,2,0,False,False,,False,False,False,False,False,False,False,False,False,False
path_a_only_denominator,cq_no_pending_lookup_use,b6019101,longmemeval_b6019101,False,No usable memory available.,[],[],[],False,2,0,False,False,,False,False,False,False,False,False,False,False,False,False
path_a_only_denominator,cq_no_pending_lookup_use,ba61f0b9,longmemeval_ba61f0b9,False,No usable memory available.,[],[],[],False,2,0,False,False,,False,False,False,False,False,False,False,False,False,False
path_a_only_denominator,cq_no_pending_lookup_use,c4ea545c,longmemeval_c4ea545c,False,No usable memory available.,[],[],[],False,2,0,False,False,,False,False,False,False,False,False,False,False,False,False
path_a_only_denominator,cq_no_pending_lookup_use,c6853660,longmemeval_c6853660,False,No usable memory available.,[],[],[],False,2,0,False,False,,False,False,False,False,False,False,False,False,False,False
path_a_only_denominator,cq_no_pending_lookup_use,c7dc5443,longmemeval_c7dc5443,False,No usable memory available.,[],[],[],False,2,0,False,False,,False,False,False,False,False,False,False,False,False,False
path_a_only_denominator,cq_no_pending_lookup_use,cc5ded98,longmemeval_cc5ded98,False,No usable memory available.,[],[],[],False,2,0,False,False,,False,False,False,False,False,False,False,False,False,False
path_a_only_denominator,cq_no_pending_lookup_use,ce6d2d27,longmemeval_ce6d2d27,False,No usable memory available.,[],[],[],False,2,0,False,False,,False,False,False,False,False,False,False,False,False,False
path_a_only_denominator,cq_no_pending_lookup_use,cf22b7bf,longmemeval_cf22b7bf,False,No usable memory available.,[],[],[],False,2,0,False,False,,False,False,False,False,False,False,False,False,False,False
path_a_only_denominator,cq_no_pending_lookup_use,d7c942c3,longmemeval_d7c942c3,False,No usable memory available.,[],[],[],False,2,0,False,False,,False,False,False,False,False,False,False,False,False,False
path_a_only_denominator,cq_no_pending_lookup_use,dad224aa,longmemeval_dad224aa,False,No usable memory available.,[],[],[],False,2,0,False,False,,False,False,False,False,False,False,False,False,False,False
path_a_only_denominator,cq_no_pending_lookup_use,db467c8c,longmemeval_db467c8c,False,No usable memory available.,[],[],[],False,2,0,False,False,,False,False,False,False,False,False,False,False,False,False
path_a_only_denominator,cq_no_pending_lookup_use,dfde3500,longmemeval_dfde3500,False,No usable memory available.,[],[],[],False,2,0,False,False,,False,False,False,False,False,False,False,False,False,False
path_a_only_denominator,cq_no_pending_lookup_use,e493bb7c,longmemeval_e493bb7c,False,No usable memory available.,[],[],[],False,2,0,False,False,,False,False,False,False,False,False,False,False,False,False
path_a_only_denominator,cq_no_pending_lookup_use,e61a7584,longmemeval_e61a7584,False,No usable memory available.,[],[],[],False,2,0,False,False,,False,False,False,False,False,False,False,False,False,False
path_a_only_denominator,cq_no_pending_lookup_use,e66b632c,longmemeval_e66b632c,False,No usable memory available.,[],[],[],False,2,0,False,False,,False,False,False,False,False,False,False,False,False,False
path_a_only_denominator,cq_no_pending_lookup_use,eace081b,longmemeval_eace081b,False,No usable memory available.,[],[],[],False,2,0,False,False,,False,False,False,False,False,False,False,False,False,False
path_a_only_denominator,cq_no_pending_lookup_use,ed4ddc30,longmemeval_ed4ddc30,False,No usable memory available.,[],[],[],False,2,0,False,False,,False,False,False,False,False,False,False,False,False,False
path_a_only_denominator,cq_no_pending_lookup_use,f685340e,longmemeval_f685340e,False,No usable memory available.,[],[],[],False,2,0,False,False,,False,False,False,False,False,False,False,False,False,False
path_a_only_denominator,cq_no_pending_lookup_use,f9e8c073,longmemeval_f9e8c073,False,No usable memory available.,[],[],[],False,2,0,False,False,,False,False,False,False,False,False,False,False,False,False
path_a_only_denominator,cq_no_source_independence_gate,01493427,longmemeval_01493427,False,[pending] lme-new-postcards-added-collection-since-started-collecting-again (strength 0.70),"[""answer_a7b44747_2""]","[""longmemeval_01493427::obs_1::0""]",[],True,2,1,True,False,1,True,False,True,False,True,False,True,False,True,False
path_a_only_denominator,cq_no_source_independence_gate,031748ae,longmemeval_031748ae,False,[pending] lme-engineers-lead-just-started-new-role-as-senior-software-engineer (strength 0.70),"[""answer_8748f791_2""]","[""longmemeval_031748ae::obs_1::0""]",[],True,2,1,True,False,1,True,False,True,False,True,False,True,False,True,False
path_a_only_denominator,cq_no_source_independence_gate,06db6396,longmemeval_06db6396,False,[pending] lme-projects-completed-since-starting-painting-classes (strength 0.70),"[""answer_da72b1b4_2""]","[""longmemeval_06db6396::obs_1::0""]",[],True,2,1,True,False,1,True,False,True,False,True,False,True,False,True,False
path_a_only_denominator,cq_no_source_independence_gate,07741c44,longmemeval_07741c44,False,[pending] lme-initially-keep-old-sneakers (strength 0.70),"[""answer_7e9ad7b4_2""]","[""longmemeval_07741c44::obs_1::0""]",[],True,2,1,True,False,1,True,False,True,False,True,False,True,False,True,False
path_a_only_denominator,cq_no_source_independence_gate,07741c45,longmemeval_07741c45,False,[pending] lme-keep-old-sneakers (strength 0.70),"[""answer_7e9ad7b4_2""]","[""longmemeval_07741c45::obs_1::0""]",[],True,2,1,True,False,1,True,False,True,False,True,False,True,False,True,False
path_a_only_denominator,cq_no_source_independence_gate,08e075c7,longmemeval_08e075c7,False,[pending] lme-long-been-using-fitbit-charge (strength 0.70),"[""answer_cdbe2250_2""]","[""longmemeval_08e075c7::obs_1::0""]",[],True,2,1,True,False,1,True,False,True,False,True,False,True,False,True,False
path_a_only_denominator,cq_no_source_independence_gate,0977f2af,longmemeval_0977f2af,False,[pending] lme-new-kitchen-gadget-invest-before-getting-air-fryer (strength 0.70),"[""answer_3bf5b73b_2""]","[""longmemeval_0977f2af::obs_1::0""]",[],True,2,1,True,False,1,True,False,True,False,True,False,True,False,True,False
path_a_only_denominator,cq_no_source_independence_gate,0ddfec37,longmemeval_0ddfec37,False,[pending] lme-autographed-baseballs-added-collection-first-three-months-collection (strength 0.70),"[""answer_a22b654d_2""]","[""longmemeval_0ddfec37::obs_1::0""]",[],True,2,1,True,False,1,True,False,True,False,True,False,True,False,True,False
path_a_only_denominator,cq_no_source_independence_gate,0e4e4c46,longmemeval_0e4e4c46,False,[pending] lme-highest-score-ticket-ride (strength 0.70),"[""answer_f2f998c7_2""]","[""longmemeval_0e4e4c46::obs_1::0""]",[],True,2,1,True,False,1,True,False,True,False,True,False,True,False,True,False
path_a_only_denominator,cq_no_source_independence_gate,0f05491a,longmemeval_0f05491a,False,[pending] lme-stars-need-reach-gold-level-starbucks-rewards-app (strength 0.70),"[""answer_d6d2eba8_2""]","[""longmemeval_0f05491a::obs_1::0""]",[],True,2,1,True,False,1,True,False,True,False,True,False,True,False,True,False
path_a_only_denominator,cq_no_source_independence_gate,10e09553,longmemeval_10e09553,False,[pending] lme-largemouth-bass-catch-alex-earlier-fishing-trip-lake-michigan-before-22-trip (strength 0.70),"[""answer_67be2c38_2""]","[""longmemeval_10e09553::obs_1::0""]",[],True,2,1,True,False,1,True,False,True,False,True,False,True,False,True,False
path_a_only_denominator,cq_no_source_independence_gate,184da446,longmemeval_184da446,False,[pending] lme-pages-short-history-nearly-everything-read-so-far (strength 0.70),"[""answer_e2f4f947_2""]","[""longmemeval_184da446::obs_1::0""]",[],True,2,1,True,False,1,True,False,True,False,True,False,True,False,True,False
path_a_only_denominator,cq_no_source_independence_gate,18bc8abd,longmemeval_18bc8abd,False,[pending] lme-brand-bbq-sauce-obsessed (strength 0.70),"[""answer_fff743f5_2""]","[""longmemeval_18bc8abd::obs_1::0""]",[],True,2,1,True,False,1,True,False,True,False,True,False,True,False,True,False
path_a_only_denominator,cq_no_source_independence_gate,1cea1afa,longmemeval_1cea1afa,False,[pending] lme-instagram-followers (strength 0.70),"[""answer_79c395a9_2""]","[""longmemeval_1cea1afa::obs_1::0""]",[],True,2,1,True,False,1,True,False,True,False,True,False,True,False,True,False
path_a_only_denominator,cq_no_source_independence_gate,2133c1b5,longmemeval_2133c1b5,False,[pending] lme-long-been-living-apartment-harajuku (strength 0.70),"[""answer_52382508_2""]","[""longmemeval_2133c1b5::obs_1::0""]",[],True,2,1,True,False,1,True,False,True,False,True,False,True,False,True,False
path_a_only_denominator,cq_no_source_independence_gate,22d2cb42,longmemeval_22d2cb42,False,[pending] lme-get-guitar-serviced (strength 0.70),"[""answer_bcce0b73_2""]","[""longmemeval_22d2cb42::obs_1::0""]",[],True,2,1,True,False,1,True,False,True,False,True,False,True,False,True,False
path_a_only_denominator,cq_no_source_independence_gate,2698e78f,longmemeval_2698e78f,False,[pending] lme-often-see-therapist-dr-smith (strength 0.70),"[""answer_9282283d_2""]","[""longmemeval_2698e78f::obs_1::0""]",[],True,2,1,True,False,1,True,False,True,False,True,False,True,False,True,False
path_a_only_denominator,cq_no_source_independence_gate,26bdc477,longmemeval_26bdc477,False,[pending] lme-trips-taken-canon-eos-80d-camera (strength 0.70),"[""answer_f762ad8d_2""]","[""longmemeval_26bdc477::obs_1::0""]",[],True,2,1,True,False,1,True,False,True,False,True,False,True,False,True,False
path_a_only_denominator,cq_no_source_independence_gate,3ba21379,longmemeval_3ba21379,False,[pending] lme-type-vehicle-model-working (strength 0.70),"[""answer_cd345582_2""]","[""longmemeval_3ba21379::obs_1::0""]",[],True,2,1,True,False,1,True,False,True,False,True,False,True,False,True,False
path_a_only_denominator,cq_no_source_independence_gate,41698283,longmemeval_41698283,False,[pending] lme-type-camera-lens-purchase-most (strength 0.70),"[""answer_c7ddc051_2""]","[""longmemeval_41698283::obs_1::0""]",[],True,2,1,True,False,1,True,False,True,False,True,False,True,False,True,False
path_a_only_denominator,cq_no_source_independence_gate,42ec0761,longmemeval_42ec0761,False,[pending] lme-spare-screwdriver-opening-up-laptop (strength 0.70),"[""answer_e3892371_2""]","[""longmemeval_42ec0761::obs_1::0""]",[],True,2,1,True,False,1,True,False,True,False,True,False,True,False,True,False
path_a_only_denominator,cq_no_source_independence_gate,45dc21b6,longmemeval_45dc21b6,False,[pending] lme-emma-recipes-tried-out (strength 0.70),"[""answer_07664d43_2""]","[""longmemeval_45dc21b6::obs_1::0""]",[],True,2,1,True,False,1,True,False,True,False,True,False,True,False,True,False
path_a_only_denominator,cq_no_source_independence_gate,4b24c848,longmemeval_4b24c848,False,[pending] lme-tops-bought-so-far (strength 0.70),"[""answer_2cec623b_2""]","[""longmemeval_4b24c848::obs_1::0""]",[],True,2,1,True,False,1,True,False,True,False,True,False,True,False,True,False
path_a_only_denominator,cq_no_source_independence_gate,4d6b87c8,longmemeval_4d6b87c8,False,[pending] lme-titles-watch-list (strength 0.70),"[""answer_766ab8da_2""]","[""longmemeval_4d6b87c8::obs_1::0""]",[],True,2,1,True,False,1,True,False,True,False,True,False,True,False,True,False
path_a_only_denominator,cq_no_source_independence_gate,50635ada,longmemeval_50635ada,False,[pending] lme-previous-frequent-flyer-status-united-airlines-before-got-status (strength 0.70),"[""answer_dcd74827_2""]","[""longmemeval_50635ada::obs_1::0""]",[],True,2,1,True,False,1,True,False,True,False,True,False,True,False,True,False
path_a_only_denominator,cq_no_source_independence_gate,5831f84d,longmemeval_5831f84d,False,[pending] lme-crash-course-videos-watched-past-few-weeks (strength 0.70),"[""answer_8d63a897_2""]","[""longmemeval_5831f84d::obs_1::0""]",[],True,2,1,True,False,1,True,False,True,False,True,False,True,False,True,False
path_a_only_denominator,cq_no_source_independence_gate,59524333,longmemeval_59524333,False,[pending] lme-time-usually-go-gym (strength 0.70),"[""answer_b28f2c7a_2""]","[""longmemeval_59524333::obs_1::0""]",[],True,2,1,True,False,1,True,False,True,False,True,False,True,False,True,False
path_a_only_denominator,cq_no_source_independence_gate,5a4f22c0,longmemeval_5a4f22c0,False,[pending] lme-company-rachel-old-colleague-previous-company-working-at (strength 0.70),"[""answer_b0f3dfff_2""]","[""longmemeval_5a4f22c0::obs_1::0""]",[],True,2,1,True,False,1,True,False,True,False,True,False,True,False,True,False
path_a_only_denominator,cq_no_source_independence_gate,5c40ec5b,longmemeval_5c40ec5b,False,[pending] lme-times-met-up-alex-germany (strength 0.70),"[""answer_1cb52d0a_2""]","[""longmemeval_5c40ec5b::obs_1::0""]",[],True,2,1,True,False,1,True,False,True,False,True,False,True,False,True,False
path_a_only_denominator,cq_no_source_independence_gate,603deb26,longmemeval_603deb26,False,[pending] lme-times-tried-making-negroni-at-home-since-friend-emma-showed-make-it (strength 0.70),"[""answer_8afdebac_2""]","[""longmemeval_603deb26::obs_1::0""]",[],True,2,1,True,False,1,True,False,True,False,True,False,True,False,True,False
path_a_only_denominator,cq_no_source_independence_gate,6071bd76,longmemeval_6071bd76,False,[pending] lme-coffee-water-ratio-french-press-switch-more-water-per-tablespoon-coffee-or (strength 0.70),"[""answer_4dac77cb_2""]","[""longmemeval_6071bd76::obs_1::0""]",[],True,2,1,True,False,1,True,False,True,False,True,False,True,False,True,False
path_a_only_denominator,cq_no_source_independence_gate,618f13b2,longmemeval_618f13b2,False,[pending] lme-times-worn-new-black-converse-chuck-taylor-all-star-sneakers (strength 0.70),"[""answer_caf5b52e_2""]","[""longmemeval_618f13b2::obs_1::0""]",[],True,2,1,True,False,1,True,False,True,False,True,False,True,False,True,False
path_a_only_denominator,cq_no_source_independence_gate,69fee5aa,longmemeval_69fee5aa,False,[pending] lme-pre-1920-american-coins-collection (strength 0.70),"[""answer_d6028d6e_2""]","[""longmemeval_69fee5aa::obs_1::0""]",[],True,2,1,True,False,1,True,False,True,False,True,False,True,False,True,False
path_a_only_denominator,cq_no_source_independence_gate,6a1eabeb,longmemeval_6a1eabeb,False,[pending] lme-personal-best-time-charity-5k-run (strength 0.70),"[""answer_a25d4a91_2""]","[""longmemeval_6a1eabeb::obs_1::0""]",[],True,2,1,True,False,1,True,False,True,False,True,False,True,False,True,False
path_a_only_denominator,cq_no_source_independence_gate,6a27ffc2,longmemeval_6a27ffc2,False,[pending] lme-videos-corey-schafer-python-programming-series-completed-so-far (strength 0.70),"[""answer_77f32504_2""]","[""longmemeval_6a27ffc2::obs_1::0""]",[],True,2,1,True,False,1,True,False,True,False,True,False,True,False,True,False
path_a_only_denominator,cq_no_source_independence_gate,6aeb4375,longmemeval_6aeb4375,False,[pending] lme-korean-restaurants-tried-city (strength 0.70),"[""answer_3f9693b7_2""]","[""longmemeval_6aeb4375::obs_1::0""]",[],True,2,1,True,False,1,True,False,True,False,True,False,True,False,True,False
path_a_only_denominator,cq_no_source_independence_gate,71315a70,longmemeval_71315a70,False,[pending] lme-hours-spent-abstract-ocean-sculpture (strength 0.70),"[""answer_c44b9df4_2""]","[""longmemeval_71315a70::obs_1::0""]",[],True,2,1,True,False,1,True,False,True,False,True,False,True,False,True,False
path_a_only_denominator,cq_no_source_independence_gate,72e3ee87,longmemeval_72e3ee87,False,[pending] lme-episodes-science-series-completed-crash-course (strength 0.70),"[""answer_d7de9a6a_2""]","[""longmemeval_72e3ee87::obs_1::0""]",[],True,2,1,True,False,1,True,False,True,False,True,False,True,False,True,False
path_a_only_denominator,cq_no_source_independence_gate,7401057b,longmemeval_7401057b,False,[pending] lme-free-night-stays-can-redeem-at-any-hilton-property-accumulated-points (strength 0.70),"[""answer_94650bfa_2""]","[""longmemeval_7401057b::obs_1::0""]",[],True,2,1,True,False,1,True,False,True,False,True,False,True,False,True,False
path_a_only_denominator,cq_no_source_independence_gate,7a87bd0c,longmemeval_7a87bd0c,False,[pending] lme-long-been-sticking-daily-tidying-routine (strength 0.70),"[""answer_d08a934d_2""]","[""longmemeval_7a87bd0c::obs_1::0""]",[],True,2,1,True,False,1,True,False,True,False,True,False,True,False,True,False
path_a_only_denominator,cq_no_source_independence_gate,7e974930,longmemeval_7e974930,False,[pending] lme-much-earn-at-downtown-farmers-market-most-visit (strength 0.70),"[""answer_c9f5693c_2""]","[""longmemeval_7e974930::obs_1::0""]",[],True,2,1,True,False,1,True,False,True,False,True,False,True,False,True,False
path_a_only_denominator,cq_no_source_independence_gate,830ce83f,longmemeval_830ce83f,False,[pending] lme-rachel-move-her-relocation (strength 0.70),"[""answer_0b1a0942_2""]","[""longmemeval_830ce83f::obs_1::0""]",[],True,2,1,True,False,1,True,False,True,False,True,False,True,False,True,False
path_a_only_denominator,cq_no_source_independence_gate,852ce960,longmemeval_852ce960,False,[pending] lme-amount-pre-approved-got-mortgage-wells-fargo (strength 0.70),"[""answer_3a6f1e82_2""]","[""longmemeval_852ce960::obs_1::0""]",[],True,2,1,True,False,1,True,False,True,False,True,False,True,False,True,False
path_a_only_denominator,cq_no_source_independence_gate,89941a93,longmemeval_89941a93,False,[pending] lme-bikes-own (strength 0.70),"[""answer_e1403127_2""]","[""longmemeval_89941a93::obs_1::0""]",[],True,2,1,True,False,1,True,False,True,False,True,False,True,False,True,False
path_a_only_denominator,cq_no_source_independence_gate,89941a94,longmemeval_89941a94,False,[pending] lme-before-purchased-gravel-bike-other-bikes-addition-mountain-bike-commuter-bike (strength 0.70),"[""answer_e1403127_2""]","[""longmemeval_89941a94::obs_1::0""]",[],True,2,1,True,False,1,True,False,True,False,True,False,True,False,True,False
path_a_only_denominator,cq_no_source_independence_gate,8fb83627,longmemeval_8fb83627,False,[pending] lme-issues-national-geographic-finished-reading (strength 0.70),"[""answer_966cecbb_2""]","[""longmemeval_8fb83627::obs_1::0""]",[],True,2,1,True,False,1,True,False,True,False,True,False,True,False,True,False
path_a_only_denominator,cq_no_source_independence_gate,945e3d21,longmemeval_945e3d21,False,[pending] lme-often-attend-yoga-classes-help-anxiety (strength 0.70),"[""answer_6a4f8626_2""]","[""longmemeval_945e3d21::obs_1::0""]",[],True,2,1,True,False,1,True,False,True,False,True,False,True,False,True,False
path_a_only_denominator,cq_no_source_independence_gate,9bbe84a2,longmemeval_9bbe84a2,False,[pending] lme-previous-goal-apex-legends-level-before-updated-goal (strength 0.70),"[""answer_c6a0c6c2_2""]","[""longmemeval_9bbe84a2::obs_1::0""]",[],True,2,1,True,False,1,True,False,True,False,True,False,True,False,True,False
path_a_only_denominator,cq_no_source_independence_gate,9ea5eabc,longmemeval_9ea5eabc,False,[pending] lme-go-most-family-trip (strength 0.70),"[""answer_02e66dec_2""]","[""longmemeval_9ea5eabc::obs_1::0""]",[],True,2,1,True,False,1,True,False,True,False,True,False,True,False,True,False
path_a_only_denominator,cq_no_source_independence_gate,a1eacc2a,longmemeval_a1eacc2a,False,[pending] lme-short-stories-written-since-started-writing-regularly (strength 0.70),"[""answer_0eb23770_2""]","[""longmemeval_a1eacc2a::obs_1::0""]",[],True,2,1,True,False,1,True,False,True,False,True,False,True,False,True,False
path_a_only_denominator,cq_no_source_independence_gate,a2f3aa27,longmemeval_a2f3aa27,False,[pending] lme-followers-instagram-now (strength 0.70),"[""answer_5126c02d_2""]","[""longmemeval_a2f3aa27::obs_1::0""]",[],True,2,1,True,False,1,True,False,True,False,True,False,True,False,True,False
path_a_only_denominator,cq_no_source_independence_gate,affe2881,longmemeval_affe2881,False,[pending] lme-different-species-birds-seen-local-park (strength 0.70),"[""answer_90de9b4d_2""]","[""longmemeval_affe2881::obs_1::0""]",[],True,2,1,True,False,1,True,False,True,False,True,False,True,False,True,False
path_a_only_denominator,cq_no_source_independence_gate,b01defab,longmemeval_b01defab,False,[pending] lme-finish-reading-nightingale-by-kristin-hannah (strength 0.70),"[""answer_8c0712af_2""]","[""longmemeval_b01defab::obs_1::0""]",[],True,2,1,True,False,1,True,False,True,False,True,False,True,False,True,False
path_a_only_denominator,cq_no_source_independence_gate,b6019101,longmemeval_b6019101,False,[pending] lme-mcu-films-watch-last-months (strength 0.70),"[""answer_67074b4b_2""]","[""longmemeval_b6019101::obs_1::0""]",[],True,2,1,True,False,1,True,False,True,False,True,False,True,False,True,False
path_a_only_denominator,cq_no_source_independence_gate,ba61f0b9,longmemeval_ba61f0b9,False,[pending] lme-women-team-led-by-former-manager-rachel (strength 0.70),"[""answer_f377cda7_2""]","[""longmemeval_ba61f0b9::obs_1::0""]",[],True,2,1,True,False,1,True,False,True,False,True,False,True,False,True,False
path_a_only_denominator,cq_no_source_independence_gate,c4ea545c,longmemeval_c4ea545c,False,[pending] lme-go-gym-more-frequently-than-previously (strength 0.70),"[""answer_d3bf812b_2""]","[""longmemeval_c4ea545c::obs_1::0""]",[],True,2,1,True,False,1,True,False,True,False,True,False,True,False,True,False
path_a_only_denominator,cq_no_source_independence_gate,c6853660,longmemeval_c6853660,False,[pending] lme-mostly-increase-or-decrease-limit-number-cups-coffee-morning (strength 0.70),"[""answer_626e93c4_2""]","[""longmemeval_c6853660::obs_1::0""]",[],True,2,1,True,False,1,True,False,True,False,True,False,True,False,True,False
path_a_only_denominator,cq_no_source_independence_gate,c7dc5443,longmemeval_c7dc5443,False,[pending] lme-record-recreational-volleyball-league (strength 0.70),"[""answer_0cdbca92_2""]","[""longmemeval_c7dc5443::obs_1::0""]",[],True,2,1,True,False,1,True,False,True,False,True,False,True,False,True,False
path_a_only_denominator,cq_no_source_independence_gate,cc5ded98,longmemeval_cc5ded98,False,[pending] lme-much-time-dedicate-coding-exercises-each-day (strength 0.70),"[""answer_a5b68517_2""]","[""longmemeval_cc5ded98::obs_1::0""]",[],True,2,1,True,False,1,True,False,True,False,True,False,True,False,True,False
path_a_only_denominator,cq_no_source_independence_gate,ce6d2d27,longmemeval_ce6d2d27,False,[pending] lme-day-week-take-cocktail-making-class (strength 0.70),"[""answer_73540165_2""]","[""longmemeval_ce6d2d27::obs_1::0""]",[],True,2,1,True,False,1,True,False,True,False,True,False,True,False,True,False
path_a_only_denominator,cq_no_source_independence_gate,cf22b7bf,longmemeval_cf22b7bf,False,[pending] lme-much-weight-lost-since-started-going-gym-consistently (strength 0.70),"[""answer_ae3a122b_2""]","[""longmemeval_cf22b7bf::obs_1::0""]",[],True,2,1,True,False,1,True,False,True,False,True,False,True,False,True,False
path_a_only_denominator,cq_no_source_independence_gate,d7c942c3,longmemeval_d7c942c3,False,[pending] lme-mom-using-same-grocery-list-method-as (strength 0.70),"[""answer_eecb10d9_2""]","[""longmemeval_d7c942c3::obs_1::0""]",[],True,2,1,True,False,1,True,False,True,False,True,False,True,False,True,False
path_a_only_denominator,cq_no_source_independence_gate,dad224aa,longmemeval_dad224aa,False,[pending] lme-time-wake-up-saturday-mornings (strength 0.70),"[""answer_4a97ae40_2""]","[""longmemeval_dad224aa::obs_1::0""]",[],True,2,1,True,False,1,True,False,True,False,True,False,True,False,True,False
path_a_only_denominator,cq_no_source_independence_gate,db467c8c,longmemeval_db467c8c,False,[pending] lme-long-parents-been-staying-us (strength 0.70),"[""answer_611b6e83_2""]","[""longmemeval_db467c8c::obs_1::0""]",[],True,2,1,True,False,1,True,False,True,False,True,False,True,False,True,False
path_a_only_denominator,cq_no_source_independence_gate,dfde3500,longmemeval_dfde3500,False,[pending] lme-day-week-meet-previous-language-exchange-tutor-juan (strength 0.70),"[""answer_35d6c0be_2""]","[""longmemeval_dfde3500::obs_1::0""]",[],True,2,1,True,False,1,True,False,True,False,True,False,True,False,True,False
path_a_only_denominator,cq_no_source_independence_gate,e493bb7c,longmemeval_e493bb7c,False,[pending] lme-painting-ethereal-dreams-by-emma-taylor-hanging (strength 0.70),"[""answer_1a374afa_2""]","[""longmemeval_e493bb7c::obs_1::0""]",[],True,2,1,True,False,1,True,False,True,False,True,False,True,False,True,False
path_a_only_denominator,cq_no_source_independence_gate,e61a7584,longmemeval_e61a7584,False,[pending] lme-long-cat-luna (strength 0.70),"[""answer_f25c32f5_2""]","[""longmemeval_e61a7584::obs_1::0""]",[],True,2,1,True,False,1,True,False,True,False,True,False,True,False,True,False
path_a_only_denominator,cq_no_source_independence_gate,e66b632c,longmemeval_e66b632c,False,[pending] lme-previous-personal-best-time-charity-5k-run (strength 0.70),"[""answer_ac0140ce_2""]","[""longmemeval_e66b632c::obs_1::0""]",[],True,2,1,True,False,1,True,False,True,False,True,False,True,False,True,False
path_a_only_denominator,cq_no_source_independence_gate,eace081b,longmemeval_eace081b,False,[pending] lme-planning-stay-birthday-trip-hawaii (strength 0.70),"[""answer_8a791264_2""]","[""longmemeval_eace081b::obs_1::0""]",[],True,2,1,True,False,1,True,False,True,False,True,False,True,False,True,False
path_a_only_denominator,cq_no_source_independence_gate,ed4ddc30,longmemeval_ed4ddc30,False,[pending] lme-dozen-eggs-we-stocked-up-our-refrigerator (strength 0.70),"[""answer_babbaccb_2""]","[""longmemeval_ed4ddc30::obs_1::0""]",[],True,2,1,True,False,1,True,False,True,False,True,False,True,False,True,False
path_a_only_denominator,cq_no_source_independence_gate,f685340e,longmemeval_f685340e,False,[pending] lme-often-play-tennis-friends-at-local-park-previously (strength 0.70),"[""answer_25df025b_2""]","[""longmemeval_f685340e::obs_1::0""]",[],True,2,1,True,False,1,True,False,True,False,True,False,True,False,True,False
path_a_only_denominator,cq_no_source_independence_gate,f9e8c073,longmemeval_f9e8c073,False,[pending] lme-sessions-bereavement-support-group-attend (strength 0.70),"[""answer_b191df5b_2""]","[""longmemeval_f9e8c073::obs_1::0""]",[],True,2,1,True,False,1,True,False,True,False,True,False,True,False,True,False
path_a_only_denominator,naive_eager_write_lite,01493427,longmemeval_01493427,False,[durable] lme-new-postcards-added-collection-since-started-collecting-again (confidence 0.73),"[""answer_a7b44747_1"", ""answer_a7b44747_2""]","[""longmemeval_01493427::obs_0::0"", ""longmemeval_01493427::obs_1::0""]","[""memory-longmemeval_01493427::obs_0::0""]",False,2,2,True,True,1,True,False,True,True,True,True,True,True,True,True
path_a_only_denominator,naive_eager_write_lite,031748ae,longmemeval_031748ae,False,[durable] lme-engineers-lead-just-started-new-role-as-senior-software-engineer (confidence 0.73),"[""answer_8748f791_1"", ""answer_8748f791_2""]","[""longmemeval_031748ae::obs_0::0"", ""longmemeval_031748ae::obs_1::0""]","[""memory-longmemeval_031748ae::obs_0::0""]",False,2,2,True,True,1,True,False,True,True,True,True,True,True,True,True
path_a_only_denominator,naive_eager_write_lite,06db6396,longmemeval_06db6396,False,[durable] lme-projects-completed-since-starting-painting-classes (confidence 0.73),"[""answer_da72b1b4_1"", ""answer_da72b1b4_2""]","[""longmemeval_06db6396::obs_0::0"", ""longmemeval_06db6396::obs_1::0""]","[""memory-longmemeval_06db6396::obs_0::0""]",False,2,2,True,True,1,True,False,True,True,True,True,True,True,True,True
path_a_only_denominator,naive_eager_write_lite,07741c44,longmemeval_07741c44,False,[durable] lme-initially-keep-old-sneakers (confidence 0.73),"[""answer_7e9ad7b4_1"", ""answer_7e9ad7b4_2""]","[""longmemeval_07741c44::obs_0::0"", ""longmemeval_07741c44::obs_1::0""]","[""memory-longmemeval_07741c44::obs_0::0""]",False,2,2,True,True,1,True,False,True,True,True,True,True,True,True,True
path_a_only_denominator,naive_eager_write_lite,07741c45,longmemeval_07741c45,False,[durable] lme-keep-old-sneakers (confidence 0.73),"[""answer_7e9ad7b4_1"", ""answer_7e9ad7b4_2""]","[""longmemeval_07741c45::obs_0::0"", ""longmemeval_07741c45::obs_1::0""]","[""memory-longmemeval_07741c45::obs_0::0""]",False,2,2,True,True,1,True,False,True,True,True,True,True,True,True,True
path_a_only_denominator,naive_eager_write_lite,08e075c7,longmemeval_08e075c7,False,[durable] lme-long-been-using-fitbit-charge (confidence 0.73),"[""answer_cdbe2250_1"", ""answer_cdbe2250_2""]","[""longmemeval_08e075c7::obs_0::0"", ""longmemeval_08e075c7::obs_1::0""]","[""memory-longmemeval_08e075c7::obs_0::0""]",False,2,2,True,True,1,True,False,True,True,True,True,True,True,True,True
path_a_only_denominator,naive_eager_write_lite,0977f2af,longmemeval_0977f2af,False,[durable] lme-new-kitchen-gadget-invest-before-getting-air-fryer (confidence 0.73),"[""answer_3bf5b73b_1"", ""answer_3bf5b73b_2""]","[""longmemeval_0977f2af::obs_0::0"", ""longmemeval_0977f2af::obs_1::0""]","[""memory-longmemeval_0977f2af::obs_0::0""]",False,2,2,True,True,1,True,False,True,True,True,True,True,True,True,True
path_a_only_denominator,naive_eager_write_lite,0ddfec37,longmemeval_0ddfec37,False,[durable] lme-autographed-baseballs-added-collection-first-three-months-collection (confidence 0.73),"[""answer_a22b654d_1"", ""answer_a22b654d_2""]","[""longmemeval_0ddfec37::obs_0::0"", ""longmemeval_0ddfec37::obs_1::0""]","[""memory-longmemeval_0ddfec37::obs_0::0""]",False,2,2,True,True,1,True,False,True,True,True,True,True,True,True,True
path_a_only_denominator,naive_eager_write_lite,0e4e4c46,longmemeval_0e4e4c46,False,[durable] lme-highest-score-ticket-ride (confidence 0.73),"[""answer_f2f998c7_1"", ""answer_f2f998c7_2""]","[""longmemeval_0e4e4c46::obs_0::0"", ""longmemeval_0e4e4c46::obs_1::0""]","[""memory-longmemeval_0e4e4c46::obs_0::0""]",False,2,2,True,True,1,True,False,True,True,True,True,True,True,True,True
path_a_only_denominator,naive_eager_write_lite,0f05491a,longmemeval_0f05491a,False,[durable] lme-stars-need-reach-gold-level-starbucks-rewards-app (confidence 0.73),"[""answer_d6d2eba8_1"", ""answer_d6d2eba8_2""]","[""longmemeval_0f05491a::obs_0::0"", ""longmemeval_0f05491a::obs_1::0""]","[""memory-longmemeval_0f05491a::obs_0::0""]",False,2,2,True,True,1,True,False,True,True,True,True,True,True,True,True
path_a_only_denominator,naive_eager_write_lite,10e09553,longmemeval_10e09553,False,[durable] lme-largemouth-bass-catch-alex-earlier-fishing-trip-lake-michigan-before-22-trip (confidence 0.73),"[""answer_67be2c38_1"", ""answer_67be2c38_2""]","[""longmemeval_10e09553::obs_0::0"", ""longmemeval_10e09553::obs_1::0""]","[""memory-longmemeval_10e09553::obs_0::0""]",False,2,2,True,True,1,True,False,True,True,True,True,True,True,True,True
path_a_only_denominator,naive_eager_write_lite,184da446,longmemeval_184da446,False,[durable] lme-pages-short-history-nearly-everything-read-so-far (confidence 0.73),"[""answer_e2f4f947_1"", ""answer_e2f4f947_2""]","[""longmemeval_184da446::obs_0::0"", ""longmemeval_184da446::obs_1::0""]","[""memory-longmemeval_184da446::obs_0::0""]",False,2,2,True,True,1,True,False,True,True,True,True,True,True,True,True
path_a_only_denominator,naive_eager_write_lite,18bc8abd,longmemeval_18bc8abd,False,[durable] lme-brand-bbq-sauce-obsessed (confidence 0.73),"[""answer_fff743f5_1"", ""answer_fff743f5_2""]","[""longmemeval_18bc8abd::obs_0::0"", ""longmemeval_18bc8abd::obs_1::0""]","[""memory-longmemeval_18bc8abd::obs_0::0""]",False,2,2,True,True,1,True,False,True,True,True,True,True,True,True,True
path_a_only_denominator,naive_eager_write_lite,1cea1afa,longmemeval_1cea1afa,False,[durable] lme-instagram-followers (confidence 0.73),"[""answer_79c395a9_1"", ""answer_79c395a9_2""]","[""longmemeval_1cea1afa::obs_0::0"", ""longmemeval_1cea1afa::obs_1::0""]","[""memory-longmemeval_1cea1afa::obs_0::0""]",False,2,2,True,True,1,True,False,True,True,True,True,True,True,True,True
path_a_only_denominator,naive_eager_write_lite,2133c1b5,longmemeval_2133c1b5,False,[durable] lme-long-been-living-apartment-harajuku (confidence 0.73),"[""answer_52382508_1"", ""answer_52382508_2""]","[""longmemeval_2133c1b5::obs_0::0"", ""longmemeval_2133c1b5::obs_1::0""]","[""memory-longmemeval_2133c1b5::obs_0::0""]",False,2,2,True,True,1,True,False,True,True,True,True,True,True,True,True
path_a_only_denominator,naive_eager_write_lite,22d2cb42,longmemeval_22d2cb42,False,[durable] lme-get-guitar-serviced (confidence 0.73),"[""answer_bcce0b73_1"", ""answer_bcce0b73_2""]","[""longmemeval_22d2cb42::obs_0::0"", ""longmemeval_22d2cb42::obs_1::0""]","[""memory-longmemeval_22d2cb42::obs_0::0""]",False,2,2,True,True,1,True,False,True,True,True,True,True,True,True,True
path_a_only_denominator,naive_eager_write_lite,2698e78f,longmemeval_2698e78f,False,[durable] lme-often-see-therapist-dr-smith (confidence 0.73),"[""answer_9282283d_1"", ""answer_9282283d_2""]","[""longmemeval_2698e78f::obs_0::0"", ""longmemeval_2698e78f::obs_1::0""]","[""memory-longmemeval_2698e78f::obs_0::0""]",False,2,2,True,True,1,True,False,True,True,True,True,True,True,True,True
path_a_only_denominator,naive_eager_write_lite,26bdc477,longmemeval_26bdc477,False,[durable] lme-trips-taken-canon-eos-80d-camera (confidence 0.73),"[""answer_f762ad8d_1"", ""answer_f762ad8d_2""]","[""longmemeval_26bdc477::obs_0::0"", ""longmemeval_26bdc477::obs_1::0""]","[""memory-longmemeval_26bdc477::obs_0::0""]",False,2,2,True,True,1,True,False,True,True,True,True,True,True,True,True
path_a_only_denominator,naive_eager_write_lite,3ba21379,longmemeval_3ba21379,False,[durable] lme-type-vehicle-model-working (confidence 0.73),"[""answer_cd345582_1"", ""answer_cd345582_2""]","[""longmemeval_3ba21379::obs_0::0"", ""longmemeval_3ba21379::obs_1::0""]","[""memory-longmemeval_3ba21379::obs_0::0""]",False,2,2,True,True,1,True,False,True,True,True,True,True,True,True,True
path_a_only_denominator,naive_eager_write_lite,41698283,longmemeval_41698283,False,[durable] lme-type-camera-lens-purchase-most (confidence 0.73),"[""answer_c7ddc051_1"", ""answer_c7ddc051_2""]","[""longmemeval_41698283::obs_0::0"", ""longmemeval_41698283::obs_1::0""]","[""memory-longmemeval_41698283::obs_0::0""]",False,2,2,True,True,1,True,False,True,True,True,True,True,True,True,True
path_a_only_denominator,naive_eager_write_lite,42ec0761,longmemeval_42ec0761,False,[durable] lme-spare-screwdriver-opening-up-laptop (confidence 0.73),"[""answer_e3892371_1"", ""answer_e3892371_2""]","[""longmemeval_42ec0761::obs_0::0"", ""longmemeval_42ec0761::obs_1::0""]","[""memory-longmemeval_42ec0761::obs_0::0""]",False,2,2,True,True,1,True,False,True,True,True,True,True,True,True,True
path_a_only_denominator,naive_eager_write_lite,45dc21b6,longmemeval_45dc21b6,False,[durable] lme-emma-recipes-tried-out (confidence 0.73),"[""answer_07664d43_1"", ""answer_07664d43_2""]","[""longmemeval_45dc21b6::obs_0::0"", ""longmemeval_45dc21b6::obs_1::0""]","[""memory-longmemeval_45dc21b6::obs_0::0""]",False,2,2,True,True,1,True,False,True,True,True,True,True,True,True,True
path_a_only_denominator,naive_eager_write_lite,4b24c848,longmemeval_4b24c848,False,[durable] lme-tops-bought-so-far (confidence 0.73),"[""answer_2cec623b_1"", ""answer_2cec623b_2""]","[""longmemeval_4b24c848::obs_0::0"", ""longmemeval_4b24c848::obs_1::0""]","[""memory-longmemeval_4b24c848::obs_0::0""]",False,2,2,True,True,1,True,False,True,True,True,True,True,True,True,True
path_a_only_denominator,naive_eager_write_lite,4d6b87c8,longmemeval_4d6b87c8,False,[durable] lme-titles-watch-list (confidence 0.73),"[""answer_766ab8da_1"", ""answer_766ab8da_2""]","[""longmemeval_4d6b87c8::obs_0::0"", ""longmemeval_4d6b87c8::obs_1::0""]","[""memory-longmemeval_4d6b87c8::obs_0::0""]",False,2,2,True,True,1,True,False,True,True,True,True,True,True,True,True
path_a_only_denominator,naive_eager_write_lite,50635ada,longmemeval_50635ada,False,[durable] lme-previous-frequent-flyer-status-united-airlines-before-got-status (confidence 0.73),"[""answer_dcd74827_1"", ""answer_dcd74827_2""]","[""longmemeval_50635ada::obs_0::0"", ""longmemeval_50635ada::obs_1::0""]","[""memory-longmemeval_50635ada::obs_0::0""]",False,2,2,True,True,1,True,False,True,True,True,True,True,True,True,True
path_a_only_denominator,naive_eager_write_lite,5831f84d,longmemeval_5831f84d,False,[durable] lme-crash-course-videos-watched-past-few-weeks (confidence 0.73),"[""answer_8d63a897_1"", ""answer_8d63a897_2""]","[""longmemeval_5831f84d::obs_0::0"", ""longmemeval_5831f84d::obs_1::0""]","[""memory-longmemeval_5831f84d::obs_0::0""]",False,2,2,True,True,1,True,False,True,True,True,True,True,True,True,True
path_a_only_denominator,naive_eager_write_lite,59524333,longmemeval_59524333,False,[durable] lme-time-usually-go-gym (confidence 0.73),"[""answer_b28f2c7a_1"", ""answer_b28f2c7a_2""]","[""longmemeval_59524333::obs_0::0"", ""longmemeval_59524333::obs_1::0""]","[""memory-longmemeval_59524333::obs_0::0""]",False,2,2,True,True,1,True,False,True,True,True,True,True,True,True,True
path_a_only_denominator,naive_eager_write_lite,5a4f22c0,longmemeval_5a4f22c0,False,[durable] lme-company-rachel-old-colleague-previous-company-working-at (confidence 0.73),"[""answer_b0f3dfff_1"", ""answer_b0f3dfff_2""]","[""longmemeval_5a4f22c0::obs_0::0"", ""longmemeval_5a4f22c0::obs_1::0""]","[""memory-longmemeval_5a4f22c0::obs_0::0""]",False,2,2,True,True,1,True,False,True,True,True,True,True,True,True,True
path_a_only_denominator,naive_eager_write_lite,5c40ec5b,longmemeval_5c40ec5b,False,[durable] lme-times-met-up-alex-germany (confidence 0.73),"[""answer_1cb52d0a_1"", ""answer_1cb52d0a_2""]","[""longmemeval_5c40ec5b::obs_0::0"", ""longmemeval_5c40ec5b::obs_1::0""]","[""memory-longmemeval_5c40ec5b::obs_0::0""]",False,2,2,True,True,1,True,False,True,True,True,True,True,True,True,True
path_a_only_denominator,naive_eager_write_lite,603deb26,longmemeval_603deb26,False,[durable] lme-times-tried-making-negroni-at-home-since-friend-emma-showed-make-it (confidence 0.73),"[""answer_8afdebac_1"", ""answer_8afdebac_2""]","[""longmemeval_603deb26::obs_0::0"", ""longmemeval_603deb26::obs_1::0""]","[""memory-longmemeval_603deb26::obs_0::0""]",False,2,2,True,True,1,True,False,True,True,True,True,True,True,True,True
path_a_only_denominator,naive_eager_write_lite,6071bd76,longmemeval_6071bd76,False,[durable] lme-coffee-water-ratio-french-press-switch-more-water-per-tablespoon-coffee-or (confidence 0.73),"[""answer_4dac77cb_1"", ""answer_4dac77cb_2""]","[""longmemeval_6071bd76::obs_0::0"", ""longmemeval_6071bd76::obs_1::0""]","[""memory-longmemeval_6071bd76::obs_0::0""]",False,2,2,True,True,1,True,False,True,True,True,True,True,True,True,True
path_a_only_denominator,naive_eager_write_lite,618f13b2,longmemeval_618f13b2,False,[durable] lme-times-worn-new-black-converse-chuck-taylor-all-star-sneakers (confidence 0.73),"[""answer_caf5b52e_1"", ""answer_caf5b52e_2""]","[""longmemeval_618f13b2::obs_0::0"", ""longmemeval_618f13b2::obs_1::0""]","[""memory-longmemeval_618f13b2::obs_0::0""]",False,2,2,True,True,1,True,False,True,True,True,True,True,True,True,True
path_a_only_denominator,naive_eager_write_lite,69fee5aa,longmemeval_69fee5aa,False,[durable] lme-pre-1920-american-coins-collection (confidence 0.73),"[""answer_d6028d6e_1"", ""answer_d6028d6e_2""]","[""longmemeval_69fee5aa::obs_0::0"", ""longmemeval_69fee5aa::obs_1::0""]","[""memory-longmemeval_69fee5aa::obs_0::0""]",False,2,2,True,True,1,True,False,True,True,True,True,True,True,True,True
path_a_only_denominator,naive_eager_write_lite,6a1eabeb,longmemeval_6a1eabeb,False,[durable] lme-personal-best-time-charity-5k-run (confidence 0.73),"[""answer_a25d4a91_1"", ""answer_a25d4a91_2""]","[""longmemeval_6a1eabeb::obs_0::0"", ""longmemeval_6a1eabeb::obs_1::0""]","[""memory-longmemeval_6a1eabeb::obs_0::0""]",False,2,2,True,True,1,True,False,True,True,True,True,True,True,True,True
path_a_only_denominator,naive_eager_write_lite,6a27ffc2,longmemeval_6a27ffc2,False,[durable] lme-videos-corey-schafer-python-programming-series-completed-so-far (confidence 0.73),"[""answer_77f32504_1"", ""answer_77f32504_2""]","[""longmemeval_6a27ffc2::obs_0::0"", ""longmemeval_6a27ffc2::obs_1::0""]","[""memory-longmemeval_6a27ffc2::obs_0::0""]",False,2,2,True,True,1,True,False,True,True,True,True,True,True,True,True
path_a_only_denominator,naive_eager_write_lite,6aeb4375,longmemeval_6aeb4375,False,[durable] lme-korean-restaurants-tried-city (confidence 0.73),"[""answer_3f9693b7_1"", ""answer_3f9693b7_2""]","[""longmemeval_6aeb4375::obs_0::0"", ""longmemeval_6aeb4375::obs_1::0""]","[""memory-longmemeval_6aeb4375::obs_0::0""]",False,2,2,True,True,1,True,False,True,True,True,True,True,True,True,True
path_a_only_denominator,naive_eager_write_lite,71315a70,longmemeval_71315a70,False,[durable] lme-hours-spent-abstract-ocean-sculpture (confidence 0.73),"[""answer_c44b9df4_1"", ""answer_c44b9df4_2""]","[""longmemeval_71315a70::obs_0::0"", ""longmemeval_71315a70::obs_1::0""]","[""memory-longmemeval_71315a70::obs_0::0""]",False,2,2,True,True,1,True,False,True,True,True,True,True,True,True,True
path_a_only_denominator,naive_eager_write_lite,72e3ee87,longmemeval_72e3ee87,False,[durable] lme-episodes-science-series-completed-crash-course (confidence 0.73),"[""answer_d7de9a6a_1"", ""answer_d7de9a6a_2""]","[""longmemeval_72e3ee87::obs_0::0"", ""longmemeval_72e3ee87::obs_1::0""]","[""memory-longmemeval_72e3ee87::obs_0::0""]",False,2,2,True,True,1,True,False,True,True,True,True,True,True,True,True
path_a_only_denominator,naive_eager_write_lite,7401057b,longmemeval_7401057b,False,[durable] lme-free-night-stays-can-redeem-at-any-hilton-property-accumulated-points (confidence 0.73),"[""answer_94650bfa_1"", ""answer_94650bfa_2""]","[""longmemeval_7401057b::obs_0::0"", ""longmemeval_7401057b::obs_1::0""]","[""memory-longmemeval_7401057b::obs_0::0""]",False,2,2,True,True,1,True,False,True,True,True,True,True,True,True,True
path_a_only_denominator,naive_eager_write_lite,7a87bd0c,longmemeval_7a87bd0c,False,[durable] lme-long-been-sticking-daily-tidying-routine (confidence 0.73),"[""answer_d08a934d_1"", ""answer_d08a934d_2""]","[""longmemeval_7a87bd0c::obs_0::0"", ""longmemeval_7a87bd0c::obs_1::0""]","[""memory-longmemeval_7a87bd0c::obs_0::0""]",False,2,2,True,True,1,True,False,True,True,True,True,True,True,True,True
path_a_only_denominator,naive_eager_write_lite,7e974930,longmemeval_7e974930,False,[durable] lme-much-earn-at-downtown-farmers-market-most-visit (confidence 0.73),"[""answer_c9f5693c_1"", ""answer_c9f5693c_2""]","[""longmemeval_7e974930::obs_0::0"", ""longmemeval_7e974930::obs_1::0""]","[""memory-longmemeval_7e974930::obs_0::0""]",False,2,2,True,True,1,True,False,True,True,True,True,True,True,True,True
path_a_only_denominator,naive_eager_write_lite,830ce83f,longmemeval_830ce83f,False,[durable] lme-rachel-move-her-relocation (confidence 0.73),"[""answer_0b1a0942_1"", ""answer_0b1a0942_2""]","[""longmemeval_830ce83f::obs_0::0"", ""longmemeval_830ce83f::obs_1::0""]","[""memory-longmemeval_830ce83f::obs_0::0""]",False,2,2,True,True,1,True,False,True,True,True,True,True,True,True,True
path_a_only_denominator,naive_eager_write_lite,852ce960,longmemeval_852ce960,False,[durable] lme-amount-pre-approved-got-mortgage-wells-fargo (confidence 0.73),"[""answer_3a6f1e82_1"", ""answer_3a6f1e82_2""]","[""longmemeval_852ce960::obs_0::0"", ""longmemeval_852ce960::obs_1::0""]","[""memory-longmemeval_852ce960::obs_0::0""]",False,2,2,True,True,1,True,False,True,True,True,True,True,True,True,True
path_a_only_denominator,naive_eager_write_lite,89941a93,longmemeval_89941a93,False,[durable] lme-bikes-own (confidence 0.73),"[""answer_e1403127_1"", ""answer_e1403127_2""]","[""longmemeval_89941a93::obs_0::0"", ""longmemeval_89941a93::obs_1::0""]","[""memory-longmemeval_89941a93::obs_0::0""]",False,2,2,True,True,1,True,False,True,True,True,True,True,True,True,True
path_a_only_denominator,naive_eager_write_lite,89941a94,longmemeval_89941a94,False,[durable] lme-before-purchased-gravel-bike-other-bikes-addition-mountain-bike-commuter-bike (confidence 0.73),"[""answer_e1403127_1"", ""answer_e1403127_2""]","[""longmemeval_89941a94::obs_0::0"", ""longmemeval_89941a94::obs_1::0""]","[""memory-longmemeval_89941a94::obs_0::0""]",False,2,2,True,True,1,True,False,True,True,True,True,True,True,True,True
path_a_only_denominator,naive_eager_write_lite,8fb83627,longmemeval_8fb83627,False,[durable] lme-issues-national-geographic-finished-reading (confidence 0.73),"[""answer_966cecbb_1"", ""answer_966cecbb_2""]","[""longmemeval_8fb83627::obs_0::0"", ""longmemeval_8fb83627::obs_1::0""]","[""memory-longmemeval_8fb83627::obs_0::0""]",False,2,2,True,True,1,True,False,True,True,True,True,True,True,True,True
path_a_only_denominator,naive_eager_write_lite,945e3d21,longmemeval_945e3d21,False,[durable] lme-often-attend-yoga-classes-help-anxiety (confidence 0.73),"[""answer_6a4f8626_1"", ""answer_6a4f8626_2""]","[""longmemeval_945e3d21::obs_0::0"", ""longmemeval_945e3d21::obs_1::0""]","[""memory-longmemeval_945e3d21::obs_0::0""]",False,2,2,True,True,1,True,False,True,True,True,True,True,True,True,True
path_a_only_denominator,naive_eager_write_lite,9bbe84a2,longmemeval_9bbe84a2,False,[durable] lme-previous-goal-apex-legends-level-before-updated-goal (confidence 0.73),"[""answer_c6a0c6c2_1"", ""answer_c6a0c6c2_2""]","[""longmemeval_9bbe84a2::obs_0::0"", ""longmemeval_9bbe84a2::obs_1::0""]","[""memory-longmemeval_9bbe84a2::obs_0::0""]",False,2,2,True,True,1,True,False,True,True,True,True,True,True,True,True
path_a_only_denominator,naive_eager_write_lite,9ea5eabc,longmemeval_9ea5eabc,False,[durable] lme-go-most-family-trip (confidence 0.73),"[""answer_02e66dec_1"", ""answer_02e66dec_2""]","[""longmemeval_9ea5eabc::obs_0::0"", ""longmemeval_9ea5eabc::obs_1::0""]","[""memory-longmemeval_9ea5eabc::obs_0::0""]",False,2,2,True,True,1,True,False,True,True,True,True,True,True,True,True
path_a_only_denominator,naive_eager_write_lite,a1eacc2a,longmemeval_a1eacc2a,False,[durable] lme-short-stories-written-since-started-writing-regularly (confidence 0.73),"[""answer_0eb23770_1"", ""answer_0eb23770_2""]","[""longmemeval_a1eacc2a::obs_0::0"", ""longmemeval_a1eacc2a::obs_1::0""]","[""memory-longmemeval_a1eacc2a::obs_0::0""]",False,2,2,True,True,1,True,False,True,True,True,True,True,True,True,True
path_a_only_denominator,naive_eager_write_lite,a2f3aa27,longmemeval_a2f3aa27,False,[durable] lme-followers-instagram-now (confidence 0.73),"[""answer_5126c02d_1"", ""answer_5126c02d_2""]","[""longmemeval_a2f3aa27::obs_0::0"", ""longmemeval_a2f3aa27::obs_1::0""]","[""memory-longmemeval_a2f3aa27::obs_0::0""]",False,2,2,True,True,1,True,False,True,True,True,True,True,True,True,True
path_a_only_denominator,naive_eager_write_lite,affe2881,longmemeval_affe2881,False,[durable] lme-different-species-birds-seen-local-park (confidence 0.73),"[""answer_90de9b4d_1"", ""answer_90de9b4d_2""]","[""longmemeval_affe2881::obs_0::0"", ""longmemeval_affe2881::obs_1::0""]","[""memory-longmemeval_affe2881::obs_0::0""]",False,2,2,True,True,1,True,False,True,True,True,True,True,True,True,True
path_a_only_denominator,naive_eager_write_lite,b01defab,longmemeval_b01defab,False,[durable] lme-finish-reading-nightingale-by-kristin-hannah (confidence 0.73),"[""answer_8c0712af_1"", ""answer_8c0712af_2""]","[""longmemeval_b01defab::obs_0::0"", ""longmemeval_b01defab::obs_1::0""]","[""memory-longmemeval_b01defab::obs_0::0""]",False,2,2,True,True,1,True,False,True,True,True,True,True,True,True,True
path_a_only_denominator,naive_eager_write_lite,b6019101,longmemeval_b6019101,False,[durable] lme-mcu-films-watch-last-months (confidence 0.73),"[""answer_67074b4b_1"", ""answer_67074b4b_2""]","[""longmemeval_b6019101::obs_0::0"", ""longmemeval_b6019101::obs_1::0""]","[""memory-longmemeval_b6019101::obs_0::0""]",False,2,2,True,True,1,True,False,True,True,True,True,True,True,True,True
path_a_only_denominator,naive_eager_write_lite,ba61f0b9,longmemeval_ba61f0b9,False,[durable] lme-women-team-led-by-former-manager-rachel (confidence 0.73),"[""answer_f377cda7_1"", ""answer_f377cda7_2""]","[""longmemeval_ba61f0b9::obs_0::0"", ""longmemeval_ba61f0b9::obs_1::0""]","[""memory-longmemeval_ba61f0b9::obs_0::0""]",False,2,2,True,True,1,True,False,True,True,True,True,True,True,True,True
path_a_only_denominator,naive_eager_write_lite,c4ea545c,longmemeval_c4ea545c,False,[durable] lme-go-gym-more-frequently-than-previously (confidence 0.73),"[""answer_d3bf812b_1"", ""answer_d3bf812b_2""]","[""longmemeval_c4ea545c::obs_0::0"", ""longmemeval_c4ea545c::obs_1::0""]","[""memory-longmemeval_c4ea545c::obs_0::0""]",False,2,2,True,True,1,True,False,True,True,True,True,True,True,True,True
path_a_only_denominator,naive_eager_write_lite,c6853660,longmemeval_c6853660,False,[durable] lme-mostly-increase-or-decrease-limit-number-cups-coffee-morning (confidence 0.73),"[""answer_626e93c4_1"", ""answer_626e93c4_2""]","[""longmemeval_c6853660::obs_0::0"", ""longmemeval_c6853660::obs_1::0""]","[""memory-longmemeval_c6853660::obs_0::0""]",False,2,2,True,True,1,True,False,True,True,True,True,True,True,True,True
path_a_only_denominator,naive_eager_write_lite,c7dc5443,longmemeval_c7dc5443,False,[durable] lme-record-recreational-volleyball-league (confidence 0.73),"[""answer_0cdbca92_1"", ""answer_0cdbca92_2""]","[""longmemeval_c7dc5443::obs_0::0"", ""longmemeval_c7dc5443::obs_1::0""]","[""memory-longmemeval_c7dc5443::obs_0::0""]",False,2,2,True,True,1,True,False,True,True,True,True,True,True,True,True
path_a_only_denominator,naive_eager_write_lite,cc5ded98,longmemeval_cc5ded98,False,[durable] lme-much-time-dedicate-coding-exercises-each-day (confidence 0.73),"[""answer_a5b68517_1"", ""answer_a5b68517_2""]","[""longmemeval_cc5ded98::obs_0::0"", ""longmemeval_cc5ded98::obs_1::0""]","[""memory-longmemeval_cc5ded98::obs_0::0""]",False,2,2,True,True,1,True,False,True,True,True,True,True,True,True,True
path_a_only_denominator,naive_eager_write_lite,ce6d2d27,longmemeval_ce6d2d27,False,[durable] lme-day-week-take-cocktail-making-class (confidence 0.73),"[""answer_73540165_1"", ""answer_73540165_2""]","[""longmemeval_ce6d2d27::obs_0::0"", ""longmemeval_ce6d2d27::obs_1::0""]","[""memory-longmemeval_ce6d2d27::obs_0::0""]",False,2,2,True,True,1,True,False,True,True,True,True,True,True,True,True
path_a_only_denominator,naive_eager_write_lite,cf22b7bf,longmemeval_cf22b7bf,False,[durable] lme-much-weight-lost-since-started-going-gym-consistently (confidence 0.73),"[""answer_ae3a122b_1"", ""answer_ae3a122b_2""]","[""longmemeval_cf22b7bf::obs_0::0"", ""longmemeval_cf22b7bf::obs_1::0""]","[""memory-longmemeval_cf22b7bf::obs_0::0""]",False,2,2,True,True,1,True,False,True,True,True,True,True,True,True,True
path_a_only_denominator,naive_eager_write_lite,d7c942c3,longmemeval_d7c942c3,False,[durable] lme-mom-using-same-grocery-list-method-as (confidence 0.73),"[""answer_eecb10d9_1"", ""answer_eecb10d9_2""]","[""longmemeval_d7c942c3::obs_0::0"", ""longmemeval_d7c942c3::obs_1::0""]","[""memory-longmemeval_d7c942c3::obs_0::0""]",False,2,2,True,True,1,True,False,True,True,True,True,True,True,True,True
path_a_only_denominator,naive_eager_write_lite,dad224aa,longmemeval_dad224aa,False,[durable] lme-time-wake-up-saturday-mornings (confidence 0.73),"[""answer_4a97ae40_1"", ""answer_4a97ae40_2""]","[""longmemeval_dad224aa::obs_0::0"", ""longmemeval_dad224aa::obs_1::0""]","[""memory-longmemeval_dad224aa::obs_0::0""]",False,2,2,True,True,1,True,False,True,True,True,True,True,True,True,True
path_a_only_denominator,naive_eager_write_lite,db467c8c,longmemeval_db467c8c,False,[durable] lme-long-parents-been-staying-us (confidence 0.73),"[""answer_611b6e83_1"", ""answer_611b6e83_2""]","[""longmemeval_db467c8c::obs_0::0"", ""longmemeval_db467c8c::obs_1::0""]","[""memory-longmemeval_db467c8c::obs_0::0""]",False,2,2,True,True,1,True,False,True,True,True,True,True,True,True,True
path_a_only_denominator,naive_eager_write_lite,dfde3500,longmemeval_dfde3500,False,[durable] lme-day-week-meet-previous-language-exchange-tutor-juan (confidence 0.73),"[""answer_35d6c0be_1"", ""answer_35d6c0be_2""]","[""longmemeval_dfde3500::obs_0::0"", ""longmemeval_dfde3500::obs_1::0""]","[""memory-longmemeval_dfde3500::obs_0::0""]",False,2,2,True,True,1,True,False,True,True,True,True,True,True,True,True
path_a_only_denominator,naive_eager_write_lite,e493bb7c,longmemeval_e493bb7c,False,[durable] lme-painting-ethereal-dreams-by-emma-taylor-hanging (confidence 0.73),"[""answer_1a374afa_1"", ""answer_1a374afa_2""]","[""longmemeval_e493bb7c::obs_0::0"", ""longmemeval_e493bb7c::obs_1::0""]","[""memory-longmemeval_e493bb7c::obs_0::0""]",False,2,2,True,True,1,True,False,True,True,True,True,True,True,True,True
path_a_only_denominator,naive_eager_write_lite,e61a7584,longmemeval_e61a7584,False,[durable] lme-long-cat-luna (confidence 0.73),"[""answer_f25c32f5_1"", ""answer_f25c32f5_2""]","[""longmemeval_e61a7584::obs_0::0"", ""longmemeval_e61a7584::obs_1::0""]","[""memory-longmemeval_e61a7584::obs_0::0""]",False,2,2,True,True,1,True,False,True,True,True,True,True,True,True,True
path_a_only_denominator,naive_eager_write_lite,e66b632c,longmemeval_e66b632c,False,[durable] lme-previous-personal-best-time-charity-5k-run (confidence 0.73),"[""answer_ac0140ce_1"", ""answer_ac0140ce_2""]","[""longmemeval_e66b632c::obs_0::0"", ""longmemeval_e66b632c::obs_1::0""]","[""memory-longmemeval_e66b632c::obs_0::0""]",False,2,2,True,True,1,True,False,True,True,True,True,True,True,True,True
path_a_only_denominator,naive_eager_write_lite,eace081b,longmemeval_eace081b,False,[durable] lme-planning-stay-birthday-trip-hawaii (confidence 0.73),"[""answer_8a791264_1"", ""answer_8a791264_2""]","[""longmemeval_eace081b::obs_0::0"", ""longmemeval_eace081b::obs_1::0""]","[""memory-longmemeval_eace081b::obs_0::0""]",False,2,2,True,True,1,True,False,True,True,True,True,True,True,True,True
path_a_only_denominator,naive_eager_write_lite,ed4ddc30,longmemeval_ed4ddc30,False,[durable] lme-dozen-eggs-we-stocked-up-our-refrigerator (confidence 0.73),"[""answer_babbaccb_1"", ""answer_babbaccb_2""]","[""longmemeval_ed4ddc30::obs_0::0"", ""longmemeval_ed4ddc30::obs_1::0""]","[""memory-longmemeval_ed4ddc30::obs_0::0""]",False,2,2,True,True,1,True,False,True,True,True,True,True,True,True,True
path_a_only_denominator,naive_eager_write_lite,f685340e,longmemeval_f685340e,False,[durable] lme-often-play-tennis-friends-at-local-park-previously (confidence 0.73),"[""answer_25df025b_1"", ""answer_25df025b_2""]","[""longmemeval_f685340e::obs_0::0"", ""longmemeval_f685340e::obs_1::0""]","[""memory-longmemeval_f685340e::obs_0::0""]",False,2,2,True,True,1,True,False,True,True,True,True,True,True,True,True
path_a_only_denominator,naive_eager_write_lite,f9e8c073,longmemeval_f9e8c073,False,[durable] lme-sessions-bereavement-support-group-attend (confidence 0.73),"[""answer_b191df5b_1"", ""answer_b191df5b_2""]","[""longmemeval_f9e8c073::obs_0::0"", ""longmemeval_f9e8c073::obs_1::0""]","[""memory-longmemeval_f9e8c073::obs_0::0""]",False,2,2,True,True,1,True,False,True,True,True,True,True,True,True,True
path_a_only_denominator,no_memory_lite,01493427,longmemeval_01493427,False,No memory available.,[],[],[],False,2,0,False,False,,False,False,False,False,False,False,False,False,False,False
path_a_only_denominator,no_memory_lite,031748ae,longmemeval_031748ae,False,No memory available.,[],[],[],False,2,0,False,False,,False,False,False,False,False,False,False,False,False,False
path_a_only_denominator,no_memory_lite,06db6396,longmemeval_06db6396,False,No memory available.,[],[],[],False,2,0,False,False,,False,False,False,False,False,False,False,False,False,False
path_a_only_denominator,no_memory_lite,07741c44,longmemeval_07741c44,False,No memory available.,[],[],[],False,2,0,False,False,,False,False,False,False,False,False,False,False,False,False
path_a_only_denominator,no_memory_lite,07741c45,longmemeval_07741c45,False,No memory available.,[],[],[],False,2,0,False,False,,False,False,False,False,False,False,False,False,False,False
path_a_only_denominator,no_memory_lite,08e075c7,longmemeval_08e075c7,False,No memory available.,[],[],[],False,2,0,False,False,,False,False,False,False,False,False,False,False,False,False
path_a_only_denominator,no_memory_lite,0977f2af,longmemeval_0977f2af,False,No memory available.,[],[],[],False,2,0,False,False,,False,False,False,False,False,False,False,False,False,False
path_a_only_denominator,no_memory_lite,0ddfec37,longmemeval_0ddfec37,False,No memory available.,[],[],[],False,2,0,False,False,,False,False,False,False,False,False,False,False,False,False
path_a_only_denominator,no_memory_lite,0e4e4c46,longmemeval_0e4e4c46,False,No memory available.,[],[],[],False,2,0,False,False,,False,False,False,False,False,False,False,False,False,False
path_a_only_denominator,no_memory_lite,0f05491a,longmemeval_0f05491a,False,No memory available.,[],[],[],False,2,0,False,False,,False,False,False,False,False,False,False,False,False,False
path_a_only_denominator,no_memory_lite,10e09553,longmemeval_10e09553,False,No memory available.,[],[],[],False,2,0,False,False,,False,False,False,False,False,False,False,False,False,False
path_a_only_denominator,no_memory_lite,184da446,longmemeval_184da446,False,No memory available.,[],[],[],False,2,0,False,False,,False,False,False,False,False,False,False,False,False,False
path_a_only_denominator,no_memory_lite,18bc8abd,longmemeval_18bc8abd,False,No memory available.,[],[],[],False,2,0,False,False,,False,False,False,False,False,False,False,False,False,False
path_a_only_denominator,no_memory_lite,1cea1afa,longmemeval_1cea1afa,False,No memory available.,[],[],[],False,2,0,False,False,,False,False,False,False,False,False,False,False,False,False
path_a_only_denominator,no_memory_lite,2133c1b5,longmemeval_2133c1b5,False,No memory available.,[],[],[],False,2,0,False,False,,False,False,False,False,False,False,False,False,False,False
path_a_only_denominator,no_memory_lite,22d2cb42,longmemeval_22d2cb42,False,No memory available.,[],[],[],False,2,0,False,False,,False,False,False,False,False,False,False,False,False,False
path_a_only_denominator,no_memory_lite,2698e78f,longmemeval_2698e78f,False,No memory available.,[],[],[],False,2,0,False,False,,False,False,False,False,False,False,False,False,False,False
path_a_only_denominator,no_memory_lite,26bdc477,longmemeval_26bdc477,False,No memory available.,[],[],[],False,2,0,False,False,,False,False,False,False,False,False,False,False,False,False
path_a_only_denominator,no_memory_lite,3ba21379,longmemeval_3ba21379,False,No memory available.,[],[],[],False,2,0,False,False,,False,False,False,False,False,False,False,False,False,False
path_a_only_denominator,no_memory_lite,41698283,longmemeval_41698283,False,No memory available.,[],[],[],False,2,0,False,False,,False,False,False,False,False,False,False,False,False,False
path_a_only_denominator,no_memory_lite,42ec0761,longmemeval_42ec0761,False,No memory available.,[],[],[],False,2,0,False,False,,False,False,False,False,False,False,False,False,False,False
path_a_only_denominator,no_memory_lite,45dc21b6,longmemeval_45dc21b6,False,No memory available.,[],[],[],False,2,0,False,False,,False,False,False,False,False,False,False,False,False,False
path_a_only_denominator,no_memory_lite,4b24c848,longmemeval_4b24c848,False,No memory available.,[],[],[],False,2,0,False,False,,False,False,False,False,False,False,False,False,False,False
path_a_only_denominator,no_memory_lite,4d6b87c8,longmemeval_4d6b87c8,False,No memory available.,[],[],[],False,2,0,False,False,,False,False,False,False,False,False,False,False,False,False
path_a_only_denominator,no_memory_lite,50635ada,longmemeval_50635ada,False,No memory available.,[],[],[],False,2,0,False,False,,False,False,False,False,False,False,False,False,False,False
path_a_only_denominator,no_memory_lite,5831f84d,longmemeval_5831f84d,False,No memory available.,[],[],[],False,2,0,False,False,,False,False,False,False,False,False,False,False,False,False
path_a_only_denominator,no_memory_lite,59524333,longmemeval_59524333,False,No memory available.,[],[],[],False,2,0,False,False,,False,False,False,False,False,False,False,False,False,False
path_a_only_denominator,no_memory_lite,5a4f22c0,longmemeval_5a4f22c0,False,No memory available.,[],[],[],False,2,0,False,False,,False,False,False,False,False,False,False,False,False,False
path_a_only_denominator,no_memory_lite,5c40ec5b,longmemeval_5c40ec5b,False,No memory available.,[],[],[],False,2,0,False,False,,False,False,False,False,False,False,False,False,False,False
path_a_only_denominator,no_memory_lite,603deb26,longmemeval_603deb26,False,No memory available.,[],[],[],False,2,0,False,False,,False,False,False,False,False,False,False,False,False,False
path_a_only_denominator,no_memory_lite,6071bd76,longmemeval_6071bd76,False,No memory available.,[],[],[],False,2,0,False,False,,False,False,False,False,False,False,False,False,False,False
path_a_only_denominator,no_memory_lite,618f13b2,longmemeval_618f13b2,False,No memory available.,[],[],[],False,2,0,False,False,,False,False,False,False,False,False,False,False,False,False
path_a_only_denominator,no_memory_lite,69fee5aa,longmemeval_69fee5aa,False,No memory available.,[],[],[],False,2,0,False,False,,False,False,False,False,False,False,False,False,False,False
path_a_only_denominator,no_memory_lite,6a1eabeb,longmemeval_6a1eabeb,False,No memory available.,[],[],[],False,2,0,False,False,,False,False,False,False,False,False,False,False,False,False
path_a_only_denominator,no_memory_lite,6a27ffc2,longmemeval_6a27ffc2,False,No memory available.,[],[],[],False,2,0,False,False,,False,False,False,False,False,False,False,False,False,False
path_a_only_denominator,no_memory_lite,6aeb4375,longmemeval_6aeb4375,False,No memory available.,[],[],[],False,2,0,False,False,,False,False,False,False,False,False,False,False,False,False
path_a_only_denominator,no_memory_lite,71315a70,longmemeval_71315a70,False,No memory available.,[],[],[],False,2,0,False,False,,False,False,False,False,False,False,False,False,False,False
path_a_only_denominator,no_memory_lite,72e3ee87,longmemeval_72e3ee87,False,No memory available.,[],[],[],False,2,0,False,False,,False,False,False,False,False,False,False,False,False,False
path_a_only_denominator,no_memory_lite,7401057b,longmemeval_7401057b,False,No memory available.,[],[],[],False,2,0,False,False,,False,False,False,False,False,False,False,False,False,False
path_a_only_denominator,no_memory_lite,7a87bd0c,longmemeval_7a87bd0c,False,No memory available.,[],[],[],False,2,0,False,False,,False,False,False,False,False,False,False,False,False,False
path_a_only_denominator,no_memory_lite,7e974930,longmemeval_7e974930,False,No memory available.,[],[],[],False,2,0,False,False,,False,False,False,False,False,False,False,False,False,False
path_a_only_denominator,no_memory_lite,830ce83f,longmemeval_830ce83f,False,No memory available.,[],[],[],False,2,0,False,False,,False,False,False,False,False,False,False,False,False,False
path_a_only_denominator,no_memory_lite,852ce960,longmemeval_852ce960,False,No memory available.,[],[],[],False,2,0,False,False,,False,False,False,False,False,False,False,False,False,False
path_a_only_denominator,no_memory_lite,89941a93,longmemeval_89941a93,False,No memory available.,[],[],[],False,2,0,False,False,,False,False,False,False,False,False,False,False,False,False
path_a_only_denominator,no_memory_lite,89941a94,longmemeval_89941a94,False,No memory available.,[],[],[],False,2,0,False,False,,False,False,False,False,False,False,False,False,False,False
path_a_only_denominator,no_memory_lite,8fb83627,longmemeval_8fb83627,False,No memory available.,[],[],[],False,2,0,False,False,,False,False,False,False,False,False,False,False,False,False
path_a_only_denominator,no_memory_lite,945e3d21,longmemeval_945e3d21,False,No memory available.,[],[],[],False,2,0,False,False,,False,False,False,False,False,False,False,False,False,False
path_a_only_denominator,no_memory_lite,9bbe84a2,longmemeval_9bbe84a2,False,No memory available.,[],[],[],False,2,0,False,False,,False,False,False,False,False,False,False,False,False,False
path_a_only_denominator,no_memory_lite,9ea5eabc,longmemeval_9ea5eabc,False,No memory available.,[],[],[],False,2,0,False,False,,False,False,False,False,False,False,False,False,False,False
path_a_only_denominator,no_memory_lite,a1eacc2a,longmemeval_a1eacc2a,False,No memory available.,[],[],[],False,2,0,False,False,,False,False,False,False,False,False,False,False,False,False
path_a_only_denominator,no_memory_lite,a2f3aa27,longmemeval_a2f3aa27,False,No memory available.,[],[],[],False,2,0,False,False,,False,False,False,False,False,False,False,False,False,False
path_a_only_denominator,no_memory_lite,affe2881,longmemeval_affe2881,False,No memory available.,[],[],[],False,2,0,False,False,,False,False,False,False,False,False,False,False,False,False
path_a_only_denominator,no_memory_lite,b01defab,longmemeval_b01defab,False,No memory available.,[],[],[],False,2,0,False,False,,False,False,False,False,False,False,False,False,False,False
path_a_only_denominator,no_memory_lite,b6019101,longmemeval_b6019101,False,No memory available.,[],[],[],False,2,0,False,False,,False,False,False,False,False,False,False,False,False,False
path_a_only_denominator,no_memory_lite,ba61f0b9,longmemeval_ba61f0b9,False,No memory available.,[],[],[],False,2,0,False,False,,False,False,False,False,False,False,False,False,False,False
path_a_only_denominator,no_memory_lite,c4ea545c,longmemeval_c4ea545c,False,No memory available.,[],[],[],False,2,0,False,False,,False,False,False,False,False,False,False,False,False,False
path_a_only_denominator,no_memory_lite,c6853660,longmemeval_c6853660,False,No memory available.,[],[],[],False,2,0,False,False,,False,False,False,False,False,False,False,False,False,False
path_a_only_denominator,no_memory_lite,c7dc5443,longmemeval_c7dc5443,False,No memory available.,[],[],[],False,2,0,False,False,,False,False,False,False,False,False,False,False,False,False
path_a_only_denominator,no_memory_lite,cc5ded98,longmemeval_cc5ded98,False,No memory available.,[],[],[],False,2,0,False,False,,False,False,False,False,False,False,False,False,False,False
path_a_only_denominator,no_memory_lite,ce6d2d27,longmemeval_ce6d2d27,False,No memory available.,[],[],[],False,2,0,False,False,,False,False,False,False,False,False,False,False,False,False
path_a_only_denominator,no_memory_lite,cf22b7bf,longmemeval_cf22b7bf,False,No memory available.,[],[],[],False,2,0,False,False,,False,False,False,False,False,False,False,False,False,False
path_a_only_denominator,no_memory_lite,d7c942c3,longmemeval_d7c942c3,False,No memory available.,[],[],[],False,2,0,False,False,,False,False,False,False,False,False,False,False,False,False
path_a_only_denominator,no_memory_lite,dad224aa,longmemeval_dad224aa,False,No memory available.,[],[],[],False,2,0,False,False,,False,False,False,False,False,False,False,False,False,False
path_a_only_denominator,no_memory_lite,db467c8c,longmemeval_db467c8c,False,No memory available.,[],[],[],False,2,0,False,False,,False,False,False,False,False,False,False,False,False,False
path_a_only_denominator,no_memory_lite,dfde3500,longmemeval_dfde3500,False,No memory available.,[],[],[],False,2,0,False,False,,False,False,False,False,False,False,False,False,False,False
path_a_only_denominator,no_memory_lite,e493bb7c,longmemeval_e493bb7c,False,No memory available.,[],[],[],False,2,0,False,False,,False,False,False,False,False,False,False,False,False,False
path_a_only_denominator,no_memory_lite,e61a7584,longmemeval_e61a7584,False,No memory available.,[],[],[],False,2,0,False,False,,False,False,False,False,False,False,False,False,False,False
path_a_only_denominator,no_memory_lite,e66b632c,longmemeval_e66b632c,False,No memory available.,[],[],[],False,2,0,False,False,,False,False,False,False,False,False,False,False,False,False
path_a_only_denominator,no_memory_lite,eace081b,longmemeval_eace081b,False,No memory available.,[],[],[],False,2,0,False,False,,False,False,False,False,False,False,False,False,False,False
path_a_only_denominator,no_memory_lite,ed4ddc30,longmemeval_ed4ddc30,False,No memory available.,[],[],[],False,2,0,False,False,,False,False,False,False,False,False,False,False,False,False
path_a_only_denominator,no_memory_lite,f685340e,longmemeval_f685340e,False,No memory available.,[],[],[],False,2,0,False,False,,False,False,False,False,False,False,False,False,False,False
path_a_only_denominator,no_memory_lite,f9e8c073,longmemeval_f9e8c073,False,No memory available.,[],[],[],False,2,0,False,False,,False,False,False,False,False,False,False,False,False,False
path_a_only_denominator,mem0_lite,01493427,longmemeval_01493427,False,[durable] lme-new-postcards-added-collection-since-started-collecting-again (confidence 0.73),"[""answer_a7b44747_1"", ""answer_a7b44747_2""]","[""longmemeval_01493427::obs_0::0"", ""longmemeval_01493427::obs_1::0""]","[""memory-longmemeval_01493427::obs_0::0""]",False,2,2,True,True,1,True,False,True,True,True,True,True,True,True,True
path_a_only_denominator,mem0_lite,031748ae,longmemeval_031748ae,False,[durable] lme-engineers-lead-just-started-new-role-as-senior-software-engineer (confidence 0.73),"[""answer_8748f791_1"", ""answer_8748f791_2""]","[""longmemeval_031748ae::obs_0::0"", ""longmemeval_031748ae::obs_1::0""]","[""memory-longmemeval_031748ae::obs_0::0""]",False,2,2,True,True,1,True,False,True,True,True,True,True,True,True,True
path_a_only_denominator,mem0_lite,06db6396,longmemeval_06db6396,False,[durable] lme-projects-completed-since-starting-painting-classes (confidence 0.73),"[""answer_da72b1b4_1"", ""answer_da72b1b4_2""]","[""longmemeval_06db6396::obs_0::0"", ""longmemeval_06db6396::obs_1::0""]","[""memory-longmemeval_06db6396::obs_0::0""]",False,2,2,True,True,1,True,False,True,True,True,True,True,True,True,True
path_a_only_denominator,mem0_lite,07741c44,longmemeval_07741c44,False,[durable] lme-initially-keep-old-sneakers (confidence 0.73),"[""answer_7e9ad7b4_1"", ""answer_7e9ad7b4_2""]","[""longmemeval_07741c44::obs_0::0"", ""longmemeval_07741c44::obs_1::0""]","[""memory-longmemeval_07741c44::obs_0::0""]",False,2,2,True,True,1,True,False,True,True,True,True,True,True,True,True
path_a_only_denominator,mem0_lite,07741c45,longmemeval_07741c45,False,[durable] lme-keep-old-sneakers (confidence 0.73),"[""answer_7e9ad7b4_1"", ""answer_7e9ad7b4_2""]","[""longmemeval_07741c45::obs_0::0"", ""longmemeval_07741c45::obs_1::0""]","[""memory-longmemeval_07741c45::obs_0::0""]",False,2,2,True,True,1,True,False,True,True,True,True,True,True,True,True
path_a_only_denominator,mem0_lite,08e075c7,longmemeval_08e075c7,False,[durable] lme-long-been-using-fitbit-charge (confidence 0.73),"[""answer_cdbe2250_1"", ""answer_cdbe2250_2""]","[""longmemeval_08e075c7::obs_0::0"", ""longmemeval_08e075c7::obs_1::0""]","[""memory-longmemeval_08e075c7::obs_0::0""]",False,2,2,True,True,1,True,False,True,True,True,True,True,True,True,True
path_a_only_denominator,mem0_lite,0977f2af,longmemeval_0977f2af,False,[durable] lme-new-kitchen-gadget-invest-before-getting-air-fryer (confidence 0.73),"[""answer_3bf5b73b_1"", ""answer_3bf5b73b_2""]","[""longmemeval_0977f2af::obs_0::0"", ""longmemeval_0977f2af::obs_1::0""]","[""memory-longmemeval_0977f2af::obs_0::0""]",False,2,2,True,True,1,True,False,True,True,True,True,True,True,True,True
path_a_only_denominator,mem0_lite,0ddfec37,longmemeval_0ddfec37,False,[durable] lme-autographed-baseballs-added-collection-first-three-months-collection (confidence 0.73),"[""answer_a22b654d_1"", ""answer_a22b654d_2""]","[""longmemeval_0ddfec37::obs_0::0"", ""longmemeval_0ddfec37::obs_1::0""]","[""memory-longmemeval_0ddfec37::obs_0::0""]",False,2,2,True,True,1,True,False,True,True,True,True,True,True,True,True
path_a_only_denominator,mem0_lite,0e4e4c46,longmemeval_0e4e4c46,False,[durable] lme-highest-score-ticket-ride (confidence 0.73),"[""answer_f2f998c7_1"", ""answer_f2f998c7_2""]","[""longmemeval_0e4e4c46::obs_0::0"", ""longmemeval_0e4e4c46::obs_1::0""]","[""memory-longmemeval_0e4e4c46::obs_0::0""]",False,2,2,True,True,1,True,False,True,True,True,True,True,True,True,True
path_a_only_denominator,mem0_lite,0f05491a,longmemeval_0f05491a,False,[durable] lme-stars-need-reach-gold-level-starbucks-rewards-app (confidence 0.73),"[""answer_d6d2eba8_1"", ""answer_d6d2eba8_2""]","[""longmemeval_0f05491a::obs_0::0"", ""longmemeval_0f05491a::obs_1::0""]","[""memory-longmemeval_0f05491a::obs_0::0""]",False,2,2,True,True,1,True,False,True,True,True,True,True,True,True,True
path_a_only_denominator,mem0_lite,10e09553,longmemeval_10e09553,False,[durable] lme-largemouth-bass-catch-alex-earlier-fishing-trip-lake-michigan-before-22-trip (confidence 0.73),"[""answer_67be2c38_1"", ""answer_67be2c38_2""]","[""longmemeval_10e09553::obs_0::0"", ""longmemeval_10e09553::obs_1::0""]","[""memory-longmemeval_10e09553::obs_0::0""]",False,2,2,True,True,1,True,False,True,True,True,True,True,True,True,True
path_a_only_denominator,mem0_lite,184da446,longmemeval_184da446,False,[durable] lme-pages-short-history-nearly-everything-read-so-far (confidence 0.73),"[""answer_e2f4f947_1"", ""answer_e2f4f947_2""]","[""longmemeval_184da446::obs_0::0"", ""longmemeval_184da446::obs_1::0""]","[""memory-longmemeval_184da446::obs_0::0""]",False,2,2,True,True,1,True,False,True,True,True,True,True,True,True,True
path_a_only_denominator,mem0_lite,18bc8abd,longmemeval_18bc8abd,False,[durable] lme-brand-bbq-sauce-obsessed (confidence 0.73),"[""answer_fff743f5_1"", ""answer_fff743f5_2""]","[""longmemeval_18bc8abd::obs_0::0"", ""longmemeval_18bc8abd::obs_1::0""]","[""memory-longmemeval_18bc8abd::obs_0::0""]",False,2,2,True,True,1,True,False,True,True,True,True,True,True,True,True
path_a_only_denominator,mem0_lite,1cea1afa,longmemeval_1cea1afa,False,[durable] lme-instagram-followers (confidence 0.73),"[""answer_79c395a9_1"", ""answer_79c395a9_2""]","[""longmemeval_1cea1afa::obs_0::0"", ""longmemeval_1cea1afa::obs_1::0""]","[""memory-longmemeval_1cea1afa::obs_0::0""]",False,2,2,True,True,1,True,False,True,True,True,True,True,True,True,True
path_a_only_denominator,mem0_lite,2133c1b5,longmemeval_2133c1b5,False,[durable] lme-long-been-living-apartment-harajuku (confidence 0.73),"[""answer_52382508_1"", ""answer_52382508_2""]","[""longmemeval_2133c1b5::obs_0::0"", ""longmemeval_2133c1b5::obs_1::0""]","[""memory-longmemeval_2133c1b5::obs_0::0""]",False,2,2,True,True,1,True,False,True,True,True,True,True,True,True,True
path_a_only_denominator,mem0_lite,22d2cb42,longmemeval_22d2cb42,False,[durable] lme-get-guitar-serviced (confidence 0.73),"[""answer_bcce0b73_1"", ""answer_bcce0b73_2""]","[""longmemeval_22d2cb42::obs_0::0"", ""longmemeval_22d2cb42::obs_1::0""]","[""memory-longmemeval_22d2cb42::obs_0::0""]",False,2,2,True,True,1,True,False,True,True,True,True,True,True,True,True
path_a_only_denominator,mem0_lite,2698e78f,longmemeval_2698e78f,False,[durable] lme-often-see-therapist-dr-smith (confidence 0.73),"[""answer_9282283d_1"", ""answer_9282283d_2""]","[""longmemeval_2698e78f::obs_0::0"", ""longmemeval_2698e78f::obs_1::0""]","[""memory-longmemeval_2698e78f::obs_0::0""]",False,2,2,True,True,1,True,False,True,True,True,True,True,True,True,True
path_a_only_denominator,mem0_lite,26bdc477,longmemeval_26bdc477,False,[durable] lme-trips-taken-canon-eos-80d-camera (confidence 0.73),"[""answer_f762ad8d_1"", ""answer_f762ad8d_2""]","[""longmemeval_26bdc477::obs_0::0"", ""longmemeval_26bdc477::obs_1::0""]","[""memory-longmemeval_26bdc477::obs_0::0""]",False,2,2,True,True,1,True,False,True,True,True,True,True,True,True,True
path_a_only_denominator,mem0_lite,3ba21379,longmemeval_3ba21379,False,[durable] lme-type-vehicle-model-working (confidence 0.73),"[""answer_cd345582_1"", ""answer_cd345582_2""]","[""longmemeval_3ba21379::obs_0::0"", ""longmemeval_3ba21379::obs_1::0""]","[""memory-longmemeval_3ba21379::obs_0::0""]",False,2,2,True,True,1,True,False,True,True,True,True,True,True,True,True
path_a_only_denominator,mem0_lite,41698283,longmemeval_41698283,False,[durable] lme-type-camera-lens-purchase-most (confidence 0.73),"[""answer_c7ddc051_1"", ""answer_c7ddc051_2""]","[""longmemeval_41698283::obs_0::0"", ""longmemeval_41698283::obs_1::0""]","[""memory-longmemeval_41698283::obs_0::0""]",False,2,2,True,True,1,True,False,True,True,True,True,True,True,True,True
path_a_only_denominator,mem0_lite,42ec0761,longmemeval_42ec0761,False,[durable] lme-spare-screwdriver-opening-up-laptop (confidence 0.73),"[""answer_e3892371_1"", ""answer_e3892371_2""]","[""longmemeval_42ec0761::obs_0::0"", ""longmemeval_42ec0761::obs_1::0""]","[""memory-longmemeval_42ec0761::obs_0::0""]",False,2,2,True,True,1,True,False,True,True,True,True,True,True,True,True
path_a_only_denominator,mem0_lite,45dc21b6,longmemeval_45dc21b6,False,[durable] lme-emma-recipes-tried-out (confidence 0.73),"[""answer_07664d43_1"", ""answer_07664d43_2""]","[""longmemeval_45dc21b6::obs_0::0"", ""longmemeval_45dc21b6::obs_1::0""]","[""memory-longmemeval_45dc21b6::obs_0::0""]",False,2,2,True,True,1,True,False,True,True,True,True,True,True,True,True
path_a_only_denominator,mem0_lite,4b24c848,longmemeval_4b24c848,False,[durable] lme-tops-bought-so-far (confidence 0.73),"[""answer_2cec623b_1"", ""answer_2cec623b_2""]","[""longmemeval_4b24c848::obs_0::0"", ""longmemeval_4b24c848::obs_1::0""]","[""memory-longmemeval_4b24c848::obs_0::0""]",False,2,2,True,True,1,True,False,True,True,True,True,True,True,True,True
path_a_only_denominator,mem0_lite,4d6b87c8,longmemeval_4d6b87c8,False,[durable] lme-titles-watch-list (confidence 0.73),"[""answer_766ab8da_1"", ""answer_766ab8da_2""]","[""longmemeval_4d6b87c8::obs_0::0"", ""longmemeval_4d6b87c8::obs_1::0""]","[""memory-longmemeval_4d6b87c8::obs_0::0""]",False,2,2,True,True,1,True,False,True,True,True,True,True,True,True,True
path_a_only_denominator,mem0_lite,50635ada,longmemeval_50635ada,False,[durable] lme-previous-frequent-flyer-status-united-airlines-before-got-status (confidence 0.73),"[""answer_dcd74827_1"", ""answer_dcd74827_2""]","[""longmemeval_50635ada::obs_0::0"", ""longmemeval_50635ada::obs_1::0""]","[""memory-longmemeval_50635ada::obs_0::0""]",False,2,2,True,True,1,True,False,True,True,True,True,True,True,True,True
path_a_only_denominator,mem0_lite,5831f84d,longmemeval_5831f84d,False,[durable] lme-crash-course-videos-watched-past-few-weeks (confidence 0.73),"[""answer_8d63a897_1"", ""answer_8d63a897_2""]","[""longmemeval_5831f84d::obs_0::0"", ""longmemeval_5831f84d::obs_1::0""]","[""memory-longmemeval_5831f84d::obs_0::0""]",False,2,2,True,True,1,True,False,True,True,True,True,True,True,True,True
path_a_only_denominator,mem0_lite,59524333,longmemeval_59524333,False,[durable] lme-time-usually-go-gym (confidence 0.73),"[""answer_b28f2c7a_1"", ""answer_b28f2c7a_2""]","[""longmemeval_59524333::obs_0::0"", ""longmemeval_59524333::obs_1::0""]","[""memory-longmemeval_59524333::obs_0::0""]",False,2,2,True,True,1,True,False,True,True,True,True,True,True,True,True
path_a_only_denominator,mem0_lite,5a4f22c0,longmemeval_5a4f22c0,False,[durable] lme-company-rachel-old-colleague-previous-company-working-at (confidence 0.73),"[""answer_b0f3dfff_1"", ""answer_b0f3dfff_2""]","[""longmemeval_5a4f22c0::obs_0::0"", ""longmemeval_5a4f22c0::obs_1::0""]","[""memory-longmemeval_5a4f22c0::obs_0::0""]",False,2,2,True,True,1,True,False,True,True,True,True,True,True,True,True
path_a_only_denominator,mem0_lite,5c40ec5b,longmemeval_5c40ec5b,False,[durable] lme-times-met-up-alex-germany (confidence 0.73),"[""answer_1cb52d0a_1"", ""answer_1cb52d0a_2""]","[""longmemeval_5c40ec5b::obs_0::0"", ""longmemeval_5c40ec5b::obs_1::0""]","[""memory-longmemeval_5c40ec5b::obs_0::0""]",False,2,2,True,True,1,True,False,True,True,True,True,True,True,True,True
path_a_only_denominator,mem0_lite,603deb26,longmemeval_603deb26,False,[durable] lme-times-tried-making-negroni-at-home-since-friend-emma-showed-make-it (confidence 0.73),"[""answer_8afdebac_1"", ""answer_8afdebac_2""]","[""longmemeval_603deb26::obs_0::0"", ""longmemeval_603deb26::obs_1::0""]","[""memory-longmemeval_603deb26::obs_0::0""]",False,2,2,True,True,1,True,False,True,True,True,True,True,True,True,True
path_a_only_denominator,mem0_lite,6071bd76,longmemeval_6071bd76,False,[durable] lme-coffee-water-ratio-french-press-switch-more-water-per-tablespoon-coffee-or (confidence 0.73),"[""answer_4dac77cb_1"", ""answer_4dac77cb_2""]","[""longmemeval_6071bd76::obs_0::0"", ""longmemeval_6071bd76::obs_1::0""]","[""memory-longmemeval_6071bd76::obs_0::0""]",False,2,2,True,True,1,True,False,True,True,True,True,True,True,True,True
path_a_only_denominator,mem0_lite,618f13b2,longmemeval_618f13b2,False,[durable] lme-times-worn-new-black-converse-chuck-taylor-all-star-sneakers (confidence 0.73),"[""answer_caf5b52e_1"", ""answer_caf5b52e_2""]","[""longmemeval_618f13b2::obs_0::0"", ""longmemeval_618f13b2::obs_1::0""]","[""memory-longmemeval_618f13b2::obs_0::0""]",False,2,2,True,True,1,True,False,True,True,True,True,True,True,True,True
path_a_only_denominator,mem0_lite,69fee5aa,longmemeval_69fee5aa,False,[durable] lme-pre-1920-american-coins-collection (confidence 0.73),"[""answer_d6028d6e_1"", ""answer_d6028d6e_2""]","[""longmemeval_69fee5aa::obs_0::0"", ""longmemeval_69fee5aa::obs_1::0""]","[""memory-longmemeval_69fee5aa::obs_0::0""]",False,2,2,True,True,1,True,False,True,True,True,True,True,True,True,True
path_a_only_denominator,mem0_lite,6a1eabeb,longmemeval_6a1eabeb,False,[durable] lme-personal-best-time-charity-5k-run (confidence 0.73),"[""answer_a25d4a91_1"", ""answer_a25d4a91_2""]","[""longmemeval_6a1eabeb::obs_0::0"", ""longmemeval_6a1eabeb::obs_1::0""]","[""memory-longmemeval_6a1eabeb::obs_0::0""]",False,2,2,True,True,1,True,False,True,True,True,True,True,True,True,True
path_a_only_denominator,mem0_lite,6a27ffc2,longmemeval_6a27ffc2,False,[durable] lme-videos-corey-schafer-python-programming-series-completed-so-far (confidence 0.73),"[""answer_77f32504_1"", ""answer_77f32504_2""]","[""longmemeval_6a27ffc2::obs_0::0"", ""longmemeval_6a27ffc2::obs_1::0""]","[""memory-longmemeval_6a27ffc2::obs_0::0""]",False,2,2,True,True,1,True,False,True,True,True,True,True,True,True,True
path_a_only_denominator,mem0_lite,6aeb4375,longmemeval_6aeb4375,False,[durable] lme-korean-restaurants-tried-city (confidence 0.73),"[""answer_3f9693b7_1"", ""answer_3f9693b7_2""]","[""longmemeval_6aeb4375::obs_0::0"", ""longmemeval_6aeb4375::obs_1::0""]","[""memory-longmemeval_6aeb4375::obs_0::0""]",False,2,2,True,True,1,True,False,True,True,True,True,True,True,True,True
path_a_only_denominator,mem0_lite,71315a70,longmemeval_71315a70,False,[durable] lme-hours-spent-abstract-ocean-sculpture (confidence 0.73),"[""answer_c44b9df4_1"", ""answer_c44b9df4_2""]","[""longmemeval_71315a70::obs_0::0"", ""longmemeval_71315a70::obs_1::0""]","[""memory-longmemeval_71315a70::obs_0::0""]",False,2,2,True,True,1,True,False,True,True,True,True,True,True,True,True
path_a_only_denominator,mem0_lite,72e3ee87,longmemeval_72e3ee87,False,[durable] lme-episodes-science-series-completed-crash-course (confidence 0.73),"[""answer_d7de9a6a_1"", ""answer_d7de9a6a_2""]","[""longmemeval_72e3ee87::obs_0::0"", ""longmemeval_72e3ee87::obs_1::0""]","[""memory-longmemeval_72e3ee87::obs_0::0""]",False,2,2,True,True,1,True,False,True,True,True,True,True,True,True,True
path_a_only_denominator,mem0_lite,7401057b,longmemeval_7401057b,False,[durable] lme-free-night-stays-can-redeem-at-any-hilton-property-accumulated-points (confidence 0.73),"[""answer_94650bfa_1"", ""answer_94650bfa_2""]","[""longmemeval_7401057b::obs_0::0"", ""longmemeval_7401057b::obs_1::0""]","[""memory-longmemeval_7401057b::obs_0::0""]",False,2,2,True,True,1,True,False,True,True,True,True,True,True,True,True
path_a_only_denominator,mem0_lite,7a87bd0c,longmemeval_7a87bd0c,False,[durable] lme-long-been-sticking-daily-tidying-routine (confidence 0.73),"[""answer_d08a934d_1"", ""answer_d08a934d_2""]","[""longmemeval_7a87bd0c::obs_0::0"", ""longmemeval_7a87bd0c::obs_1::0""]","[""memory-longmemeval_7a87bd0c::obs_0::0""]",False,2,2,True,True,1,True,False,True,True,True,True,True,True,True,True
path_a_only_denominator,mem0_lite,7e974930,longmemeval_7e974930,False,[durable] lme-much-earn-at-downtown-farmers-market-most-visit (confidence 0.73),"[""answer_c9f5693c_1"", ""answer_c9f5693c_2""]","[""longmemeval_7e974930::obs_0::0"", ""longmemeval_7e974930::obs_1::0""]","[""memory-longmemeval_7e974930::obs_0::0""]",False,2,2,True,True,1,True,False,True,True,True,True,True,True,True,True
path_a_only_denominator,mem0_lite,830ce83f,longmemeval_830ce83f,False,[durable] lme-rachel-move-her-relocation (confidence 0.73),"[""answer_0b1a0942_1"", ""answer_0b1a0942_2""]","[""longmemeval_830ce83f::obs_0::0"", ""longmemeval_830ce83f::obs_1::0""]","[""memory-longmemeval_830ce83f::obs_0::0""]",False,2,2,True,True,1,True,False,True,True,True,True,True,True,True,True
path_a_only_denominator,mem0_lite,852ce960,longmemeval_852ce960,False,[durable] lme-amount-pre-approved-got-mortgage-wells-fargo (confidence 0.73),"[""answer_3a6f1e82_1"", ""answer_3a6f1e82_2""]","[""longmemeval_852ce960::obs_0::0"", ""longmemeval_852ce960::obs_1::0""]","[""memory-longmemeval_852ce960::obs_0::0""]",False,2,2,True,True,1,True,False,True,True,True,True,True,True,True,True
path_a_only_denominator,mem0_lite,89941a93,longmemeval_89941a93,False,[durable] lme-bikes-own (confidence 0.73),"[""answer_e1403127_1"", ""answer_e1403127_2""]","[""longmemeval_89941a93::obs_0::0"", ""longmemeval_89941a93::obs_1::0""]","[""memory-longmemeval_89941a93::obs_0::0""]",False,2,2,True,True,1,True,False,True,True,True,True,True,True,True,True
path_a_only_denominator,mem0_lite,89941a94,longmemeval_89941a94,False,[durable] lme-before-purchased-gravel-bike-other-bikes-addition-mountain-bike-commuter-bike (confidence 0.73),"[""answer_e1403127_1"", ""answer_e1403127_2""]","[""longmemeval_89941a94::obs_0::0"", ""longmemeval_89941a94::obs_1::0""]","[""memory-longmemeval_89941a94::obs_0::0""]",False,2,2,True,True,1,True,False,True,True,True,True,True,True,True,True
path_a_only_denominator,mem0_lite,8fb83627,longmemeval_8fb83627,False,[durable] lme-issues-national-geographic-finished-reading (confidence 0.73),"[""answer_966cecbb_1"", ""answer_966cecbb_2""]","[""longmemeval_8fb83627::obs_0::0"", ""longmemeval_8fb83627::obs_1::0""]","[""memory-longmemeval_8fb83627::obs_0::0""]",False,2,2,True,True,1,True,False,True,True,True,True,True,True,True,True
path_a_only_denominator,mem0_lite,945e3d21,longmemeval_945e3d21,False,[durable] lme-often-attend-yoga-classes-help-anxiety (confidence 0.73),"[""answer_6a4f8626_1"", ""answer_6a4f8626_2""]","[""longmemeval_945e3d21::obs_0::0"", ""longmemeval_945e3d21::obs_1::0""]","[""memory-longmemeval_945e3d21::obs_0::0""]",False,2,2,True,True,1,True,False,True,True,True,True,True,True,True,True
path_a_only_denominator,mem0_lite,9bbe84a2,longmemeval_9bbe84a2,False,[durable] lme-previous-goal-apex-legends-level-before-updated-goal (confidence 0.73),"[""answer_c6a0c6c2_1"", ""answer_c6a0c6c2_2""]","[""longmemeval_9bbe84a2::obs_0::0"", ""longmemeval_9bbe84a2::obs_1::0""]","[""memory-longmemeval_9bbe84a2::obs_0::0""]",False,2,2,True,True,1,True,False,True,True,True,True,True,True,True,True
path_a_only_denominator,mem0_lite,9ea5eabc,longmemeval_9ea5eabc,False,[durable] lme-go-most-family-trip (confidence 0.73),"[""answer_02e66dec_1"", ""answer_02e66dec_2""]","[""longmemeval_9ea5eabc::obs_0::0"", ""longmemeval_9ea5eabc::obs_1::0""]","[""memory-longmemeval_9ea5eabc::obs_0::0""]",False,2,2,True,True,1,True,False,True,True,True,True,True,True,True,True
path_a_only_denominator,mem0_lite,a1eacc2a,longmemeval_a1eacc2a,False,[durable] lme-short-stories-written-since-started-writing-regularly (confidence 0.73),"[""answer_0eb23770_1"", ""answer_0eb23770_2""]","[""longmemeval_a1eacc2a::obs_0::0"", ""longmemeval_a1eacc2a::obs_1::0""]","[""memory-longmemeval_a1eacc2a::obs_0::0""]",False,2,2,True,True,1,True,False,True,True,True,True,True,True,True,True
path_a_only_denominator,mem0_lite,a2f3aa27,longmemeval_a2f3aa27,False,[durable] lme-followers-instagram-now (confidence 0.73),"[""answer_5126c02d_1"", ""answer_5126c02d_2""]","[""longmemeval_a2f3aa27::obs_0::0"", ""longmemeval_a2f3aa27::obs_1::0""]","[""memory-longmemeval_a2f3aa27::obs_0::0""]",False,2,2,True,True,1,True,False,True,True,True,True,True,True,True,True
path_a_only_denominator,mem0_lite,affe2881,longmemeval_affe2881,False,[durable] lme-different-species-birds-seen-local-park (confidence 0.73),"[""answer_90de9b4d_1"", ""answer_90de9b4d_2""]","[""longmemeval_affe2881::obs_0::0"", ""longmemeval_affe2881::obs_1::0""]","[""memory-longmemeval_affe2881::obs_0::0""]",False,2,2,True,True,1,True,False,True,True,True,True,True,True,True,True
path_a_only_denominator,mem0_lite,b01defab,longmemeval_b01defab,False,[durable] lme-finish-reading-nightingale-by-kristin-hannah (confidence 0.73),"[""answer_8c0712af_1"", ""answer_8c0712af_2""]","[""longmemeval_b01defab::obs_0::0"", ""longmemeval_b01defab::obs_1::0""]","[""memory-longmemeval_b01defab::obs_0::0""]",False,2,2,True,True,1,True,False,True,True,True,True,True,True,True,True
path_a_only_denominator,mem0_lite,b6019101,longmemeval_b6019101,False,[durable] lme-mcu-films-watch-last-months (confidence 0.73),"[""answer_67074b4b_1"", ""answer_67074b4b_2""]","[""longmemeval_b6019101::obs_0::0"", ""longmemeval_b6019101::obs_1::0""]","[""memory-longmemeval_b6019101::obs_0::0""]",False,2,2,True,True,1,True,False,True,True,True,True,True,True,True,True
path_a_only_denominator,mem0_lite,ba61f0b9,longmemeval_ba61f0b9,False,[durable] lme-women-team-led-by-former-manager-rachel (confidence 0.73),"[""answer_f377cda7_1"", ""answer_f377cda7_2""]","[""longmemeval_ba61f0b9::obs_0::0"", ""longmemeval_ba61f0b9::obs_1::0""]","[""memory-longmemeval_ba61f0b9::obs_0::0""]",False,2,2,True,True,1,True,False,True,True,True,True,True,True,True,True
path_a_only_denominator,mem0_lite,c4ea545c,longmemeval_c4ea545c,False,[durable] lme-go-gym-more-frequently-than-previously (confidence 0.73),"[""answer_d3bf812b_1"", ""answer_d3bf812b_2""]","[""longmemeval_c4ea545c::obs_0::0"", ""longmemeval_c4ea545c::obs_1::0""]","[""memory-longmemeval_c4ea545c::obs_0::0""]",False,2,2,True,True,1,True,False,True,True,True,True,True,True,True,True
path_a_only_denominator,mem0_lite,c6853660,longmemeval_c6853660,False,[durable] lme-mostly-increase-or-decrease-limit-number-cups-coffee-morning (confidence 0.73),"[""answer_626e93c4_1"", ""answer_626e93c4_2""]","[""longmemeval_c6853660::obs_0::0"", ""longmemeval_c6853660::obs_1::0""]","[""memory-longmemeval_c6853660::obs_0::0""]",False,2,2,True,True,1,True,False,True,True,True,True,True,True,True,True
path_a_only_denominator,mem0_lite,c7dc5443,longmemeval_c7dc5443,False,[durable] lme-record-recreational-volleyball-league (confidence 0.73),"[""answer_0cdbca92_1"", ""answer_0cdbca92_2""]","[""longmemeval_c7dc5443::obs_0::0"", ""longmemeval_c7dc5443::obs_1::0""]","[""memory-longmemeval_c7dc5443::obs_0::0""]",False,2,2,True,True,1,True,False,True,True,True,True,True,True,True,True
path_a_only_denominator,mem0_lite,cc5ded98,longmemeval_cc5ded98,False,[durable] lme-much-time-dedicate-coding-exercises-each-day (confidence 0.73),"[""answer_a5b68517_1"", ""answer_a5b68517_2""]","[""longmemeval_cc5ded98::obs_0::0"", ""longmemeval_cc5ded98::obs_1::0""]","[""memory-longmemeval_cc5ded98::obs_0::0""]",False,2,2,True,True,1,True,False,True,True,True,True,True,True,True,True
path_a_only_denominator,mem0_lite,ce6d2d27,longmemeval_ce6d2d27,False,[durable] lme-day-week-take-cocktail-making-class (confidence 0.73),"[""answer_73540165_1"", ""answer_73540165_2""]","[""longmemeval_ce6d2d27::obs_0::0"", ""longmemeval_ce6d2d27::obs_1::0""]","[""memory-longmemeval_ce6d2d27::obs_0::0""]",False,2,2,True,True,1,True,False,True,True,True,True,True,True,True,True
path_a_only_denominator,mem0_lite,cf22b7bf,longmemeval_cf22b7bf,False,[durable] lme-much-weight-lost-since-started-going-gym-consistently (confidence 0.73),"[""answer_ae3a122b_1"", ""answer_ae3a122b_2""]","[""longmemeval_cf22b7bf::obs_0::0"", ""longmemeval_cf22b7bf::obs_1::0""]","[""memory-longmemeval_cf22b7bf::obs_0::0""]",False,2,2,True,True,1,True,False,True,True,True,True,True,True,True,True
path_a_only_denominator,mem0_lite,d7c942c3,longmemeval_d7c942c3,False,[durable] lme-mom-using-same-grocery-list-method-as (confidence 0.73),"[""answer_eecb10d9_1"", ""answer_eecb10d9_2""]","[""longmemeval_d7c942c3::obs_0::0"", ""longmemeval_d7c942c3::obs_1::0""]","[""memory-longmemeval_d7c942c3::obs_0::0""]",False,2,2,True,True,1,True,False,True,True,True,True,True,True,True,True
path_a_only_denominator,mem0_lite,dad224aa,longmemeval_dad224aa,False,[durable] lme-time-wake-up-saturday-mornings (confidence 0.73),"[""answer_4a97ae40_1"", ""answer_4a97ae40_2""]","[""longmemeval_dad224aa::obs_0::0"", ""longmemeval_dad224aa::obs_1::0""]","[""memory-longmemeval_dad224aa::obs_0::0""]",False,2,2,True,True,1,True,False,True,True,True,True,True,True,True,True
path_a_only_denominator,mem0_lite,db467c8c,longmemeval_db467c8c,False,[durable] lme-long-parents-been-staying-us (confidence 0.73),"[""answer_611b6e83_1"", ""answer_611b6e83_2""]","[""longmemeval_db467c8c::obs_0::0"", ""longmemeval_db467c8c::obs_1::0""]","[""memory-longmemeval_db467c8c::obs_0::0""]",False,2,2,True,True,1,True,False,True,True,True,True,True,True,True,True
path_a_only_denominator,mem0_lite,dfde3500,longmemeval_dfde3500,False,[durable] lme-day-week-meet-previous-language-exchange-tutor-juan (confidence 0.73),"[""answer_35d6c0be_1"", ""answer_35d6c0be_2""]","[""longmemeval_dfde3500::obs_0::0"", ""longmemeval_dfde3500::obs_1::0""]","[""memory-longmemeval_dfde3500::obs_0::0""]",False,2,2,True,True,1,True,False,True,True,True,True,True,True,True,True
path_a_only_denominator,mem0_lite,e493bb7c,longmemeval_e493bb7c,False,[durable] lme-painting-ethereal-dreams-by-emma-taylor-hanging (confidence 0.73),"[""answer_1a374afa_1"", ""answer_1a374afa_2""]","[""longmemeval_e493bb7c::obs_0::0"", ""longmemeval_e493bb7c::obs_1::0""]","[""memory-longmemeval_e493bb7c::obs_0::0""]",False,2,2,True,True,1,True,False,True,True,True,True,True,True,True,True
path_a_only_denominator,mem0_lite,e61a7584,longmemeval_e61a7584,False,[durable] lme-long-cat-luna (confidence 0.73),"[""answer_f25c32f5_1"", ""answer_f25c32f5_2""]","[""longmemeval_e61a7584::obs_0::0"", ""longmemeval_e61a7584::obs_1::0""]","[""memory-longmemeval_e61a7584::obs_0::0""]",False,2,2,True,True,1,True,False,True,True,True,True,True,True,True,True
path_a_only_denominator,mem0_lite,e66b632c,longmemeval_e66b632c,False,[durable] lme-previous-personal-best-time-charity-5k-run (confidence 0.73),"[""answer_ac0140ce_1"", ""answer_ac0140ce_2""]","[""longmemeval_e66b632c::obs_0::0"", ""longmemeval_e66b632c::obs_1::0""]","[""memory-longmemeval_e66b632c::obs_0::0""]",False,2,2,True,True,1,True,False,True,True,True,True,True,True,True,True
path_a_only_denominator,mem0_lite,eace081b,longmemeval_eace081b,False,[durable] lme-planning-stay-birthday-trip-hawaii (confidence 0.73),"[""answer_8a791264_1"", ""answer_8a791264_2""]","[""longmemeval_eace081b::obs_0::0"", ""longmemeval_eace081b::obs_1::0""]","[""memory-longmemeval_eace081b::obs_0::0""]",False,2,2,True,True,1,True,False,True,True,True,True,True,True,True,True
path_a_only_denominator,mem0_lite,ed4ddc30,longmemeval_ed4ddc30,False,[durable] lme-dozen-eggs-we-stocked-up-our-refrigerator (confidence 0.73),"[""answer_babbaccb_1"", ""answer_babbaccb_2""]","[""longmemeval_ed4ddc30::obs_0::0"", ""longmemeval_ed4ddc30::obs_1::0""]","[""memory-longmemeval_ed4ddc30::obs_0::0""]",False,2,2,True,True,1,True,False,True,True,True,True,True,True,True,True
path_a_only_denominator,mem0_lite,f685340e,longmemeval_f685340e,False,[durable] lme-often-play-tennis-friends-at-local-park-previously (confidence 0.73),"[""answer_25df025b_1"", ""answer_25df025b_2""]","[""longmemeval_f685340e::obs_0::0"", ""longmemeval_f685340e::obs_1::0""]","[""memory-longmemeval_f685340e::obs_0::0""]",False,2,2,True,True,1,True,False,True,True,True,True,True,True,True,True
path_a_only_denominator,mem0_lite,f9e8c073,longmemeval_f9e8c073,False,[durable] lme-sessions-bereavement-support-group-attend (confidence 0.73),"[""answer_b191df5b_1"", ""answer_b191df5b_2""]","[""longmemeval_f9e8c073::obs_0::0"", ""longmemeval_f9e8c073::obs_1::0""]","[""memory-longmemeval_f9e8c073::obs_0::0""]",False,2,2,True,True,1,True,False,True,True,True,True,True,True,True,True
path_a_only_denominator,cq_pending_multi_evidence,01493427,longmemeval_01493427,False,[pending-multi] 2 candidate(s): lme-new-postcards-added-collection-since-started-collecting-again; lme-new-postcards-added-collection-since-started-collecting-again,"[""answer_a7b44747_2"", ""answer_a7b44747_1""]","[""longmemeval_01493427::obs_1::0"", ""longmemeval_01493427::obs_0::0""]",[],True,2,2,True,True,1,True,False,True,True,True,True,True,True,True,True
path_a_only_denominator,cq_pending_multi_evidence,031748ae,longmemeval_031748ae,False,[pending-multi] 2 candidate(s): lme-engineers-lead-just-started-new-role-as-senior-software-engineer; lme-engineers-lead-just-started-new-role-as-senior-software-engineer,"[""answer_8748f791_2"", ""answer_8748f791_1""]","[""longmemeval_031748ae::obs_1::0"", ""longmemeval_031748ae::obs_0::0""]",[],True,2,2,True,True,1,True,False,True,True,True,True,True,True,True,True
path_a_only_denominator,cq_pending_multi_evidence,06db6396,longmemeval_06db6396,False,[pending-multi] 2 candidate(s): lme-projects-completed-since-starting-painting-classes; lme-projects-completed-since-starting-painting-classes,"[""answer_da72b1b4_2"", ""answer_da72b1b4_1""]","[""longmemeval_06db6396::obs_1::0"", ""longmemeval_06db6396::obs_0::0""]",[],True,2,2,True,True,1,True,False,True,True,True,True,True,True,True,True
path_a_only_denominator,cq_pending_multi_evidence,07741c44,longmemeval_07741c44,False,[pending-multi] 2 candidate(s): lme-initially-keep-old-sneakers; lme-initially-keep-old-sneakers,"[""answer_7e9ad7b4_2"", ""answer_7e9ad7b4_1""]","[""longmemeval_07741c44::obs_1::0"", ""longmemeval_07741c44::obs_0::0""]",[],True,2,2,True,True,1,True,False,True,True,True,True,True,True,True,True
path_a_only_denominator,cq_pending_multi_evidence,07741c45,longmemeval_07741c45,False,[pending-multi] 2 candidate(s): lme-keep-old-sneakers; lme-keep-old-sneakers,"[""answer_7e9ad7b4_2"", ""answer_7e9ad7b4_1""]","[""longmemeval_07741c45::obs_1::0"", ""longmemeval_07741c45::obs_0::0""]",[],True,2,2,True,True,1,True,False,True,True,True,True,True,True,True,True
path_a_only_denominator,cq_pending_multi_evidence,08e075c7,longmemeval_08e075c7,False,[pending-multi] 2 candidate(s): lme-long-been-using-fitbit-charge; lme-long-been-using-fitbit-charge,"[""answer_cdbe2250_2"", ""answer_cdbe2250_1""]","[""longmemeval_08e075c7::obs_1::0"", ""longmemeval_08e075c7::obs_0::0""]",[],True,2,2,True,True,1,True,False,True,True,True,True,True,True,True,True
path_a_only_denominator,cq_pending_multi_evidence,0977f2af,longmemeval_0977f2af,False,[pending-multi] 2 candidate(s): lme-new-kitchen-gadget-invest-before-getting-air-fryer; lme-new-kitchen-gadget-invest-before-getting-air-fryer,"[""answer_3bf5b73b_2"", ""answer_3bf5b73b_1""]","[""longmemeval_0977f2af::obs_1::0"", ""longmemeval_0977f2af::obs_0::0""]",[],True,2,2,True,True,1,True,False,True,True,True,True,True,True,True,True
path_a_only_denominator,cq_pending_multi_evidence,0ddfec37,longmemeval_0ddfec37,False,[pending-multi] 2 candidate(s): lme-autographed-baseballs-added-collection-first-three-months-collection; lme-autographed-baseballs-added-collection-first-three-months-collection,"[""answer_a22b654d_2"", ""answer_a22b654d_1""]","[""longmemeval_0ddfec37::obs_1::0"", ""longmemeval_0ddfec37::obs_0::0""]",[],True,2,2,True,True,1,True,False,True,True,True,True,True,True,True,True
path_a_only_denominator,cq_pending_multi_evidence,0e4e4c46,longmemeval_0e4e4c46,False,[pending-multi] 2 candidate(s): lme-highest-score-ticket-ride; lme-highest-score-ticket-ride,"[""answer_f2f998c7_2"", ""answer_f2f998c7_1""]","[""longmemeval_0e4e4c46::obs_1::0"", ""longmemeval_0e4e4c46::obs_0::0""]",[],True,2,2,True,True,1,True,False,True,True,True,True,True,True,True,True
path_a_only_denominator,cq_pending_multi_evidence,0f05491a,longmemeval_0f05491a,False,[pending-multi] 2 candidate(s): lme-stars-need-reach-gold-level-starbucks-rewards-app; lme-stars-need-reach-gold-level-starbucks-rewards-app,"[""answer_d6d2eba8_2"", ""answer_d6d2eba8_1""]","[""longmemeval_0f05491a::obs_1::0"", ""longmemeval_0f05491a::obs_0::0""]",[],True,2,2,True,True,1,True,False,True,True,True,True,True,True,True,True
path_a_only_denominator,cq_pending_multi_evidence,10e09553,longmemeval_10e09553,False,[pending-multi] 2 candidate(s): lme-largemouth-bass-catch-alex-earlier-fishing-trip-lake-michigan-before-22-trip; lme-largemouth-bass-catch-alex-earlier-fishing-trip-lake-michigan-before-22-trip,"[""answer_67be2c38_2"", ""answer_67be2c38_1""]","[""longmemeval_10e09553::obs_1::0"", ""longmemeval_10e09553::obs_0::0""]",[],True,2,2,True,True,1,True,False,True,True,True,True,True,True,True,True
path_a_only_denominator,cq_pending_multi_evidence,184da446,longmemeval_184da446,False,[pending-multi] 2 candidate(s): lme-pages-short-history-nearly-everything-read-so-far; lme-pages-short-history-nearly-everything-read-so-far,"[""answer_e2f4f947_2"", ""answer_e2f4f947_1""]","[""longmemeval_184da446::obs_1::0"", ""longmemeval_184da446::obs_0::0""]",[],True,2,2,True,True,1,True,False,True,True,True,True,True,True,True,True
path_a_only_denominator,cq_pending_multi_evidence,18bc8abd,longmemeval_18bc8abd,False,[pending-multi] 2 candidate(s): lme-brand-bbq-sauce-obsessed; lme-brand-bbq-sauce-obsessed,"[""answer_fff743f5_2"", ""answer_fff743f5_1""]","[""longmemeval_18bc8abd::obs_1::0"", ""longmemeval_18bc8abd::obs_0::0""]",[],True,2,2,True,True,1,True,False,True,True,True,True,True,True,True,True
path_a_only_denominator,cq_pending_multi_evidence,1cea1afa,longmemeval_1cea1afa,False,[pending-multi] 2 candidate(s): lme-instagram-followers; lme-instagram-followers,"[""answer_79c395a9_2"", ""answer_79c395a9_1""]","[""longmemeval_1cea1afa::obs_1::0"", ""longmemeval_1cea1afa::obs_0::0""]",[],True,2,2,True,True,1,True,False,True,True,True,True,True,True,True,True
path_a_only_denominator,cq_pending_multi_evidence,2133c1b5,longmemeval_2133c1b5,False,[pending-multi] 2 candidate(s): lme-long-been-living-apartment-harajuku; lme-long-been-living-apartment-harajuku,"[""answer_52382508_2"", ""answer_52382508_1""]","[""longmemeval_2133c1b5::obs_1::0"", ""longmemeval_2133c1b5::obs_0::0""]",[],True,2,2,True,True,1,True,False,True,True,True,True,True,True,True,True
path_a_only_denominator,cq_pending_multi_evidence,22d2cb42,longmemeval_22d2cb42,False,[pending-multi] 2 candidate(s): lme-get-guitar-serviced; lme-get-guitar-serviced,"[""answer_bcce0b73_2"", ""answer_bcce0b73_1""]","[""longmemeval_22d2cb42::obs_1::0"", ""longmemeval_22d2cb42::obs_0::0""]",[],True,2,2,True,True,1,True,False,True,True,True,True,True,True,True,True
path_a_only_denominator,cq_pending_multi_evidence,2698e78f,longmemeval_2698e78f,False,[pending-multi] 2 candidate(s): lme-often-see-therapist-dr-smith; lme-often-see-therapist-dr-smith,"[""answer_9282283d_2"", ""answer_9282283d_1""]","[""longmemeval_2698e78f::obs_1::0"", ""longmemeval_2698e78f::obs_0::0""]",[],True,2,2,True,True,1,True,False,True,True,True,True,True,True,True,True
path_a_only_denominator,cq_pending_multi_evidence,26bdc477,longmemeval_26bdc477,False,[pending-multi] 2 candidate(s): lme-trips-taken-canon-eos-80d-camera; lme-trips-taken-canon-eos-80d-camera,"[""answer_f762ad8d_2"", ""answer_f762ad8d_1""]","[""longmemeval_26bdc477::obs_1::0"", ""longmemeval_26bdc477::obs_0::0""]",[],True,2,2,True,True,1,True,False,True,True,True,True,True,True,True,True
path_a_only_denominator,cq_pending_multi_evidence,3ba21379,longmemeval_3ba21379,False,[pending-multi] 2 candidate(s): lme-type-vehicle-model-working; lme-type-vehicle-model-working,"[""answer_cd345582_2"", ""answer_cd345582_1""]","[""longmemeval_3ba21379::obs_1::0"", ""longmemeval_3ba21379::obs_0::0""]",[],True,2,2,True,True,1,True,False,True,True,True,True,True,True,True,True
path_a_only_denominator,cq_pending_multi_evidence,41698283,longmemeval_41698283,False,[pending-multi] 2 candidate(s): lme-type-camera-lens-purchase-most; lme-type-camera-lens-purchase-most,"[""answer_c7ddc051_2"", ""answer_c7ddc051_1""]","[""longmemeval_41698283::obs_1::0"", ""longmemeval_41698283::obs_0::0""]",[],True,2,2,True,True,1,True,False,True,True,True,True,True,True,True,True
path_a_only_denominator,cq_pending_multi_evidence,42ec0761,longmemeval_42ec0761,False,[pending-multi] 2 candidate(s): lme-spare-screwdriver-opening-up-laptop; lme-spare-screwdriver-opening-up-laptop,"[""answer_e3892371_2"", ""answer_e3892371_1""]","[""longmemeval_42ec0761::obs_1::0"", ""longmemeval_42ec0761::obs_0::0""]",[],True,2,2,True,True,1,True,False,True,True,True,True,True,True,True,True
path_a_only_denominator,cq_pending_multi_evidence,45dc21b6,longmemeval_45dc21b6,False,[pending-multi] 2 candidate(s): lme-emma-recipes-tried-out; lme-emma-recipes-tried-out,"[""answer_07664d43_2"", ""answer_07664d43_1""]","[""longmemeval_45dc21b6::obs_1::0"", ""longmemeval_45dc21b6::obs_0::0""]",[],True,2,2,True,True,1,True,False,True,True,True,True,True,True,True,True
path_a_only_denominator,cq_pending_multi_evidence,4b24c848,longmemeval_4b24c848,False,[pending-multi] 2 candidate(s): lme-tops-bought-so-far; lme-tops-bought-so-far,"[""answer_2cec623b_2"", ""answer_2cec623b_1""]","[""longmemeval_4b24c848::obs_1::0"", ""longmemeval_4b24c848::obs_0::0""]",[],True,2,2,True,True,1,True,False,True,True,True,True,True,True,True,True
path_a_only_denominator,cq_pending_multi_evidence,4d6b87c8,longmemeval_4d6b87c8,False,[pending-multi] 2 candidate(s): lme-titles-watch-list; lme-titles-watch-list,"[""answer_766ab8da_2"", ""answer_766ab8da_1""]","[""longmemeval_4d6b87c8::obs_1::0"", ""longmemeval_4d6b87c8::obs_0::0""]",[],True,2,2,True,True,1,True,False,True,True,True,True,True,True,True,True
path_a_only_denominator,cq_pending_multi_evidence,50635ada,longmemeval_50635ada,False,[pending-multi] 2 candidate(s): lme-previous-frequent-flyer-status-united-airlines-before-got-status; lme-previous-frequent-flyer-status-united-airlines-before-got-status,"[""answer_dcd74827_2"", ""answer_dcd74827_1""]","[""longmemeval_50635ada::obs_1::0"", ""longmemeval_50635ada::obs_0::0""]",[],True,2,2,True,True,1,True,False,True,True,True,True,True,True,True,True
path_a_only_denominator,cq_pending_multi_evidence,5831f84d,longmemeval_5831f84d,False,[pending-multi] 2 candidate(s): lme-crash-course-videos-watched-past-few-weeks; lme-crash-course-videos-watched-past-few-weeks,"[""answer_8d63a897_2"", ""answer_8d63a897_1""]","[""longmemeval_5831f84d::obs_1::0"", ""longmemeval_5831f84d::obs_0::0""]",[],True,2,2,True,True,1,True,False,True,True,True,True,True,True,True,True
path_a_only_denominator,cq_pending_multi_evidence,59524333,longmemeval_59524333,False,[pending-multi] 2 candidate(s): lme-time-usually-go-gym; lme-time-usually-go-gym,"[""answer_b28f2c7a_2"", ""answer_b28f2c7a_1""]","[""longmemeval_59524333::obs_1::0"", ""longmemeval_59524333::obs_0::0""]",[],True,2,2,True,True,1,True,False,True,True,True,True,True,True,True,True
path_a_only_denominator,cq_pending_multi_evidence,5a4f22c0,longmemeval_5a4f22c0,False,[pending-multi] 2 candidate(s): lme-company-rachel-old-colleague-previous-company-working-at; lme-company-rachel-old-colleague-previous-company-working-at,"[""answer_b0f3dfff_2"", ""answer_b0f3dfff_1""]","[""longmemeval_5a4f22c0::obs_1::0"", ""longmemeval_5a4f22c0::obs_0::0""]",[],True,2,2,True,True,1,True,False,True,True,True,True,True,True,True,True
path_a_only_denominator,cq_pending_multi_evidence,5c40ec5b,longmemeval_5c40ec5b,False,[pending-multi] 2 candidate(s): lme-times-met-up-alex-germany; lme-times-met-up-alex-germany,"[""answer_1cb52d0a_2"", ""answer_1cb52d0a_1""]","[""longmemeval_5c40ec5b::obs_1::0"", ""longmemeval_5c40ec5b::obs_0::0""]",[],True,2,2,True,True,1,True,False,True,True,True,True,True,True,True,True
path_a_only_denominator,cq_pending_multi_evidence,603deb26,longmemeval_603deb26,False,[pending-multi] 2 candidate(s): lme-times-tried-making-negroni-at-home-since-friend-emma-showed-make-it; lme-times-tried-making-negroni-at-home-since-friend-emma-showed-make-it,"[""answer_8afdebac_2"", ""answer_8afdebac_1""]","[""longmemeval_603deb26::obs_1::0"", ""longmemeval_603deb26::obs_0::0""]",[],True,2,2,True,True,1,True,False,True,True,True,True,True,True,True,True
path_a_only_denominator,cq_pending_multi_evidence,6071bd76,longmemeval_6071bd76,False,[pending-multi] 2 candidate(s): lme-coffee-water-ratio-french-press-switch-more-water-per-tablespoon-coffee-or; lme-coffee-water-ratio-french-press-switch-more-water-per-tablespoon-coffee-or,"[""answer_4dac77cb_2"", ""answer_4dac77cb_1""]","[""longmemeval_6071bd76::obs_1::0"", ""longmemeval_6071bd76::obs_0::0""]",[],True,2,2,True,True,1,True,False,True,True,True,True,True,True,True,True
path_a_only_denominator,cq_pending_multi_evidence,618f13b2,longmemeval_618f13b2,False,[pending-multi] 2 candidate(s): lme-times-worn-new-black-converse-chuck-taylor-all-star-sneakers; lme-times-worn-new-black-converse-chuck-taylor-all-star-sneakers,"[""answer_caf5b52e_2"", ""answer_caf5b52e_1""]","[""longmemeval_618f13b2::obs_1::0"", ""longmemeval_618f13b2::obs_0::0""]",[],True,2,2,True,True,1,True,False,True,True,True,True,True,True,True,True
path_a_only_denominator,cq_pending_multi_evidence,69fee5aa,longmemeval_69fee5aa,False,[pending-multi] 2 candidate(s): lme-pre-1920-american-coins-collection; lme-pre-1920-american-coins-collection,"[""answer_d6028d6e_2"", ""answer_d6028d6e_1""]","[""longmemeval_69fee5aa::obs_1::0"", ""longmemeval_69fee5aa::obs_0::0""]",[],True,2,2,True,True,1,True,False,True,True,True,True,True,True,True,True
path_a_only_denominator,cq_pending_multi_evidence,6a1eabeb,longmemeval_6a1eabeb,False,[pending-multi] 2 candidate(s): lme-personal-best-time-charity-5k-run; lme-personal-best-time-charity-5k-run,"[""answer_a25d4a91_2"", ""answer_a25d4a91_1""]","[""longmemeval_6a1eabeb::obs_1::0"", ""longmemeval_6a1eabeb::obs_0::0""]",[],True,2,2,True,True,1,True,False,True,True,True,True,True,True,True,True
path_a_only_denominator,cq_pending_multi_evidence,6a27ffc2,longmemeval_6a27ffc2,False,[pending-multi] 2 candidate(s): lme-videos-corey-schafer-python-programming-series-completed-so-far; lme-videos-corey-schafer-python-programming-series-completed-so-far,"[""answer_77f32504_2"", ""answer_77f32504_1""]","[""longmemeval_6a27ffc2::obs_1::0"", ""longmemeval_6a27ffc2::obs_0::0""]",[],True,2,2,True,True,1,True,False,True,True,True,True,True,True,True,True
path_a_only_denominator,cq_pending_multi_evidence,6aeb4375,longmemeval_6aeb4375,False,[pending-multi] 2 candidate(s): lme-korean-restaurants-tried-city; lme-korean-restaurants-tried-city,"[""answer_3f9693b7_2"", ""answer_3f9693b7_1""]","[""longmemeval_6aeb4375::obs_1::0"", ""longmemeval_6aeb4375::obs_0::0""]",[],True,2,2,True,True,1,True,False,True,True,True,True,True,True,True,True
path_a_only_denominator,cq_pending_multi_evidence,71315a70,longmemeval_71315a70,False,[pending-multi] 2 candidate(s): lme-hours-spent-abstract-ocean-sculpture; lme-hours-spent-abstract-ocean-sculpture,"[""answer_c44b9df4_2"", ""answer_c44b9df4_1""]","[""longmemeval_71315a70::obs_1::0"", ""longmemeval_71315a70::obs_0::0""]",[],True,2,2,True,True,1,True,False,True,True,True,True,True,True,True,True
path_a_only_denominator,cq_pending_multi_evidence,72e3ee87,longmemeval_72e3ee87,False,[pending-multi] 2 candidate(s): lme-episodes-science-series-completed-crash-course; lme-episodes-science-series-completed-crash-course,"[""answer_d7de9a6a_2"", ""answer_d7de9a6a_1""]","[""longmemeval_72e3ee87::obs_1::0"", ""longmemeval_72e3ee87::obs_0::0""]",[],True,2,2,True,True,1,True,False,True,True,True,True,True,True,True,True
path_a_only_denominator,cq_pending_multi_evidence,7401057b,longmemeval_7401057b,False,[pending-multi] 2 candidate(s): lme-free-night-stays-can-redeem-at-any-hilton-property-accumulated-points; lme-free-night-stays-can-redeem-at-any-hilton-property-accumulated-points,"[""answer_94650bfa_2"", ""answer_94650bfa_1""]","[""longmemeval_7401057b::obs_1::0"", ""longmemeval_7401057b::obs_0::0""]",[],True,2,2,True,True,1,True,False,True,True,True,True,True,True,True,True
path_a_only_denominator,cq_pending_multi_evidence,7a87bd0c,longmemeval_7a87bd0c,False,[pending-multi] 2 candidate(s): lme-long-been-sticking-daily-tidying-routine; lme-long-been-sticking-daily-tidying-routine,"[""answer_d08a934d_2"", ""answer_d08a934d_1""]","[""longmemeval_7a87bd0c::obs_1::0"", ""longmemeval_7a87bd0c::obs_0::0""]",[],True,2,2,True,True,1,True,False,True,True,True,True,True,True,True,True
path_a_only_denominator,cq_pending_multi_evidence,7e974930,longmemeval_7e974930,False,[pending-multi] 2 candidate(s): lme-much-earn-at-downtown-farmers-market-most-visit; lme-much-earn-at-downtown-farmers-market-most-visit,"[""answer_c9f5693c_2"", ""answer_c9f5693c_1""]","[""longmemeval_7e974930::obs_1::0"", ""longmemeval_7e974930::obs_0::0""]",[],True,2,2,True,True,1,True,False,True,True,True,True,True,True,True,True
path_a_only_denominator,cq_pending_multi_evidence,830ce83f,longmemeval_830ce83f,False,[pending-multi] 2 candidate(s): lme-rachel-move-her-relocation; lme-rachel-move-her-relocation,"[""answer_0b1a0942_2"", ""answer_0b1a0942_1""]","[""longmemeval_830ce83f::obs_1::0"", ""longmemeval_830ce83f::obs_0::0""]",[],True,2,2,True,True,1,True,False,True,True,True,True,True,True,True,True
path_a_only_denominator,cq_pending_multi_evidence,852ce960,longmemeval_852ce960,False,[pending-multi] 2 candidate(s): lme-amount-pre-approved-got-mortgage-wells-fargo; lme-amount-pre-approved-got-mortgage-wells-fargo,"[""answer_3a6f1e82_2"", ""answer_3a6f1e82_1""]","[""longmemeval_852ce960::obs_1::0"", ""longmemeval_852ce960::obs_0::0""]",[],True,2,2,True,True,1,True,False,True,True,True,True,True,True,True,True
path_a_only_denominator,cq_pending_multi_evidence,89941a93,longmemeval_89941a93,False,[pending-multi] 2 candidate(s): lme-bikes-own; lme-bikes-own,"[""answer_e1403127_2"", ""answer_e1403127_1""]","[""longmemeval_89941a93::obs_1::0"", ""longmemeval_89941a93::obs_0::0""]",[],True,2,2,True,True,1,True,False,True,True,True,True,True,True,True,True
path_a_only_denominator,cq_pending_multi_evidence,89941a94,longmemeval_89941a94,False,[pending-multi] 2 candidate(s): lme-before-purchased-gravel-bike-other-bikes-addition-mountain-bike-commuter-bike; lme-before-purchased-gravel-bike-other-bikes-addition-mountain-bike-commuter-bike,"[""answer_e1403127_2"", ""answer_e1403127_1""]","[""longmemeval_89941a94::obs_1::0"", ""longmemeval_89941a94::obs_0::0""]",[],True,2,2,True,True,1,True,False,True,True,True,True,True,True,True,True
path_a_only_denominator,cq_pending_multi_evidence,8fb83627,longmemeval_8fb83627,False,[pending-multi] 2 candidate(s): lme-issues-national-geographic-finished-reading; lme-issues-national-geographic-finished-reading,"[""answer_966cecbb_2"", ""answer_966cecbb_1""]","[""longmemeval_8fb83627::obs_1::0"", ""longmemeval_8fb83627::obs_0::0""]",[],True,2,2,True,True,1,True,False,True,True,True,True,True,True,True,True
path_a_only_denominator,cq_pending_multi_evidence,945e3d21,longmemeval_945e3d21,False,[pending-multi] 2 candidate(s): lme-often-attend-yoga-classes-help-anxiety; lme-often-attend-yoga-classes-help-anxiety,"[""answer_6a4f8626_2"", ""answer_6a4f8626_1""]","[""longmemeval_945e3d21::obs_1::0"", ""longmemeval_945e3d21::obs_0::0""]",[],True,2,2,True,True,1,True,False,True,True,True,True,True,True,True,True
path_a_only_denominator,cq_pending_multi_evidence,9bbe84a2,longmemeval_9bbe84a2,False,[pending-multi] 2 candidate(s): lme-previous-goal-apex-legends-level-before-updated-goal; lme-previous-goal-apex-legends-level-before-updated-goal,"[""answer_c6a0c6c2_2"", ""answer_c6a0c6c2_1""]","[""longmemeval_9bbe84a2::obs_1::0"", ""longmemeval_9bbe84a2::obs_0::0""]",[],True,2,2,True,True,1,True,False,True,True,True,True,True,True,True,True
path_a_only_denominator,cq_pending_multi_evidence,9ea5eabc,longmemeval_9ea5eabc,False,[pending-multi] 2 candidate(s): lme-go-most-family-trip; lme-go-most-family-trip,"[""answer_02e66dec_2"", ""answer_02e66dec_1""]","[""longmemeval_9ea5eabc::obs_1::0"", ""longmemeval_9ea5eabc::obs_0::0""]",[],True,2,2,True,True,1,True,False,True,True,True,True,True,True,True,True
path_a_only_denominator,cq_pending_multi_evidence,a1eacc2a,longmemeval_a1eacc2a,False,[pending-multi] 2 candidate(s): lme-short-stories-written-since-started-writing-regularly; lme-short-stories-written-since-started-writing-regularly,"[""answer_0eb23770_2"", ""answer_0eb23770_1""]","[""longmemeval_a1eacc2a::obs_1::0"", ""longmemeval_a1eacc2a::obs_0::0""]",[],True,2,2,True,True,1,True,False,True,True,True,True,True,True,True,True
path_a_only_denominator,cq_pending_multi_evidence,a2f3aa27,longmemeval_a2f3aa27,False,[pending-multi] 2 candidate(s): lme-followers-instagram-now; lme-followers-instagram-now,"[""answer_5126c02d_2"", ""answer_5126c02d_1""]","[""longmemeval_a2f3aa27::obs_1::0"", ""longmemeval_a2f3aa27::obs_0::0""]",[],True,2,2,True,True,1,True,False,True,True,True,True,True,True,True,True
path_a_only_denominator,cq_pending_multi_evidence,affe2881,longmemeval_affe2881,False,[pending-multi] 2 candidate(s): lme-different-species-birds-seen-local-park; lme-different-species-birds-seen-local-park,"[""answer_90de9b4d_2"", ""answer_90de9b4d_1""]","[""longmemeval_affe2881::obs_1::0"", ""longmemeval_affe2881::obs_0::0""]",[],True,2,2,True,True,1,True,False,True,True,True,True,True,True,True,True
path_a_only_denominator,cq_pending_multi_evidence,b01defab,longmemeval_b01defab,False,[pending-multi] 2 candidate(s): lme-finish-reading-nightingale-by-kristin-hannah; lme-finish-reading-nightingale-by-kristin-hannah,"[""answer_8c0712af_2"", ""answer_8c0712af_1""]","[""longmemeval_b01defab::obs_1::0"", ""longmemeval_b01defab::obs_0::0""]",[],True,2,2,True,True,1,True,False,True,True,True,True,True,True,True,True
path_a_only_denominator,cq_pending_multi_evidence,b6019101,longmemeval_b6019101,False,[pending-multi] 2 candidate(s): lme-mcu-films-watch-last-months; lme-mcu-films-watch-last-months,"[""answer_67074b4b_2"", ""answer_67074b4b_1""]","[""longmemeval_b6019101::obs_1::0"", ""longmemeval_b6019101::obs_0::0""]",[],True,2,2,True,True,1,True,False,True,True,True,True,True,True,True,True
path_a_only_denominator,cq_pending_multi_evidence,ba61f0b9,longmemeval_ba61f0b9,False,[pending-multi] 2 candidate(s): lme-women-team-led-by-former-manager-rachel; lme-women-team-led-by-former-manager-rachel,"[""answer_f377cda7_2"", ""answer_f377cda7_1""]","[""longmemeval_ba61f0b9::obs_1::0"", ""longmemeval_ba61f0b9::obs_0::0""]",[],True,2,2,True,True,1,True,False,True,True,True,True,True,True,True,True
path_a_only_denominator,cq_pending_multi_evidence,c4ea545c,longmemeval_c4ea545c,False,[pending-multi] 2 candidate(s): lme-go-gym-more-frequently-than-previously; lme-go-gym-more-frequently-than-previously,"[""answer_d3bf812b_2"", ""answer_d3bf812b_1""]","[""longmemeval_c4ea545c::obs_1::0"", ""longmemeval_c4ea545c::obs_0::0""]",[],True,2,2,True,True,1,True,False,True,True,True,True,True,True,True,True
path_a_only_denominator,cq_pending_multi_evidence,c6853660,longmemeval_c6853660,False,[pending-multi] 2 candidate(s): lme-mostly-increase-or-decrease-limit-number-cups-coffee-morning; lme-mostly-increase-or-decrease-limit-number-cups-coffee-morning,"[""answer_626e93c4_2"", ""answer_626e93c4_1""]","[""longmemeval_c6853660::obs_1::0"", ""longmemeval_c6853660::obs_0::0""]",[],True,2,2,True,True,1,True,False,True,True,True,True,True,True,True,True
path_a_only_denominator,cq_pending_multi_evidence,c7dc5443,longmemeval_c7dc5443,False,[pending-multi] 2 candidate(s): lme-record-recreational-volleyball-league; lme-record-recreational-volleyball-league,"[""answer_0cdbca92_2"", ""answer_0cdbca92_1""]","[""longmemeval_c7dc5443::obs_1::0"", ""longmemeval_c7dc5443::obs_0::0""]",[],True,2,2,True,True,1,True,False,True,True,True,True,True,True,True,True
path_a_only_denominator,cq_pending_multi_evidence,cc5ded98,longmemeval_cc5ded98,False,[pending-multi] 2 candidate(s): lme-much-time-dedicate-coding-exercises-each-day; lme-much-time-dedicate-coding-exercises-each-day,"[""answer_a5b68517_2"", ""answer_a5b68517_1""]","[""longmemeval_cc5ded98::obs_1::0"", ""longmemeval_cc5ded98::obs_0::0""]",[],True,2,2,True,True,1,True,False,True,True,True,True,True,True,True,True
path_a_only_denominator,cq_pending_multi_evidence,ce6d2d27,longmemeval_ce6d2d27,False,[pending-multi] 2 candidate(s): lme-day-week-take-cocktail-making-class; lme-day-week-take-cocktail-making-class,"[""answer_73540165_2"", ""answer_73540165_1""]","[""longmemeval_ce6d2d27::obs_1::0"", ""longmemeval_ce6d2d27::obs_0::0""]",[],True,2,2,True,True,1,True,False,True,True,True,True,True,True,True,True
path_a_only_denominator,cq_pending_multi_evidence,cf22b7bf,longmemeval_cf22b7bf,False,[pending-multi] 2 candidate(s): lme-much-weight-lost-since-started-going-gym-consistently; lme-much-weight-lost-since-started-going-gym-consistently,"[""answer_ae3a122b_2"", ""answer_ae3a122b_1""]","[""longmemeval_cf22b7bf::obs_1::0"", ""longmemeval_cf22b7bf::obs_0::0""]",[],True,2,2,True,True,1,True,False,True,True,True,True,True,True,True,True
path_a_only_denominator,cq_pending_multi_evidence,d7c942c3,longmemeval_d7c942c3,False,[pending-multi] 2 candidate(s): lme-mom-using-same-grocery-list-method-as; lme-mom-using-same-grocery-list-method-as,"[""answer_eecb10d9_2"", ""answer_eecb10d9_1""]","[""longmemeval_d7c942c3::obs_1::0"", ""longmemeval_d7c942c3::obs_0::0""]",[],True,2,2,True,True,1,True,False,True,True,True,True,True,True,True,True
path_a_only_denominator,cq_pending_multi_evidence,dad224aa,longmemeval_dad224aa,False,[pending-multi] 2 candidate(s): lme-time-wake-up-saturday-mornings; lme-time-wake-up-saturday-mornings,"[""answer_4a97ae40_2"", ""answer_4a97ae40_1""]","[""longmemeval_dad224aa::obs_1::0"", ""longmemeval_dad224aa::obs_0::0""]",[],True,2,2,True,True,1,True,False,True,True,True,True,True,True,True,True
path_a_only_denominator,cq_pending_multi_evidence,db467c8c,longmemeval_db467c8c,False,[pending-multi] 2 candidate(s): lme-long-parents-been-staying-us; lme-long-parents-been-staying-us,"[""answer_611b6e83_2"", ""answer_611b6e83_1""]","[""longmemeval_db467c8c::obs_1::0"", ""longmemeval_db467c8c::obs_0::0""]",[],True,2,2,True,True,1,True,False,True,True,True,True,True,True,True,True
path_a_only_denominator,cq_pending_multi_evidence,dfde3500,longmemeval_dfde3500,False,[pending-multi] 2 candidate(s): lme-day-week-meet-previous-language-exchange-tutor-juan; lme-day-week-meet-previous-language-exchange-tutor-juan,"[""answer_35d6c0be_2"", ""answer_35d6c0be_1""]","[""longmemeval_dfde3500::obs_1::0"", ""longmemeval_dfde3500::obs_0::0""]",[],True,2,2,True,True,1,True,False,True,True,True,True,True,True,True,True
path_a_only_denominator,cq_pending_multi_evidence,e493bb7c,longmemeval_e493bb7c,False,[pending-multi] 2 candidate(s): lme-painting-ethereal-dreams-by-emma-taylor-hanging; lme-painting-ethereal-dreams-by-emma-taylor-hanging,"[""answer_1a374afa_2"", ""answer_1a374afa_1""]","[""longmemeval_e493bb7c::obs_1::0"", ""longmemeval_e493bb7c::obs_0::0""]",[],True,2,2,True,True,1,True,False,True,True,True,True,True,True,True,True
path_a_only_denominator,cq_pending_multi_evidence,e61a7584,longmemeval_e61a7584,False,[pending-multi] 2 candidate(s): lme-long-cat-luna; lme-long-cat-luna,"[""answer_f25c32f5_2"", ""answer_f25c32f5_1""]","[""longmemeval_e61a7584::obs_1::0"", ""longmemeval_e61a7584::obs_0::0""]",[],True,2,2,True,True,1,True,False,True,True,True,True,True,True,True,True
path_a_only_denominator,cq_pending_multi_evidence,e66b632c,longmemeval_e66b632c,False,[pending-multi] 2 candidate(s): lme-previous-personal-best-time-charity-5k-run; lme-previous-personal-best-time-charity-5k-run,"[""answer_ac0140ce_2"", ""answer_ac0140ce_1""]","[""longmemeval_e66b632c::obs_1::0"", ""longmemeval_e66b632c::obs_0::0""]",[],True,2,2,True,True,1,True,False,True,True,True,True,True,True,True,True
path_a_only_denominator,cq_pending_multi_evidence,eace081b,longmemeval_eace081b,False,[pending-multi] 2 candidate(s): lme-planning-stay-birthday-trip-hawaii; lme-planning-stay-birthday-trip-hawaii,"[""answer_8a791264_2"", ""answer_8a791264_1""]","[""longmemeval_eace081b::obs_1::0"", ""longmemeval_eace081b::obs_0::0""]",[],True,2,2,True,True,1,True,False,True,True,True,True,True,True,True,True
path_a_only_denominator,cq_pending_multi_evidence,ed4ddc30,longmemeval_ed4ddc30,False,[pending-multi] 2 candidate(s): lme-dozen-eggs-we-stocked-up-our-refrigerator; lme-dozen-eggs-we-stocked-up-our-refrigerator,"[""answer_babbaccb_2"", ""answer_babbaccb_1""]","[""longmemeval_ed4ddc30::obs_1::0"", ""longmemeval_ed4ddc30::obs_0::0""]",[],True,2,2,True,True,1,True,False,True,True,True,True,True,True,True,True
path_a_only_denominator,cq_pending_multi_evidence,f685340e,longmemeval_f685340e,False,[pending-multi] 2 candidate(s): lme-often-play-tennis-friends-at-local-park-previously; lme-often-play-tennis-friends-at-local-park-previously,"[""answer_25df025b_2"", ""answer_25df025b_1""]","[""longmemeval_f685340e::obs_1::0"", ""longmemeval_f685340e::obs_0::0""]",[],True,2,2,True,True,1,True,False,True,True,True,True,True,True,True,True
path_a_only_denominator,cq_pending_multi_evidence,f9e8c073,longmemeval_f9e8c073,False,[pending-multi] 2 candidate(s): lme-sessions-bereavement-support-group-attend; lme-sessions-bereavement-support-group-attend,"[""answer_b191df5b_2"", ""answer_b191df5b_1""]","[""longmemeval_f9e8c073::obs_1::0"", ""longmemeval_f9e8c073::obs_0::0""]",[],True,2,2,True,True,1,True,False,True,True,True,True,True,True,True,True
path_a_only_denominator,reflection_eager_write_cardinality_capped,01493427,longmemeval_01493427,False,[durable-capped] lme-new-postcards-added-collection-since-started-collecting-again (confidence 0.73),"[""answer_a7b44747_2""]","[""longmemeval_01493427::obs_1::0""]","[""memory-longmemeval_01493427::obs_0::0""]",False,2,1,True,False,1,True,False,True,False,True,False,True,False,True,False
path_a_only_denominator,reflection_eager_write_cardinality_capped,031748ae,longmemeval_031748ae,False,[durable-capped] lme-engineers-lead-just-started-new-role-as-senior-software-engineer (confidence 0.73),"[""answer_8748f791_2""]","[""longmemeval_031748ae::obs_1::0""]","[""memory-longmemeval_031748ae::obs_0::0""]",False,2,1,True,False,1,True,False,True,False,True,False,True,False,True,False
path_a_only_denominator,reflection_eager_write_cardinality_capped,06db6396,longmemeval_06db6396,False,[durable-capped] lme-projects-completed-since-starting-painting-classes (confidence 0.73),"[""answer_da72b1b4_2""]","[""longmemeval_06db6396::obs_1::0""]","[""memory-longmemeval_06db6396::obs_0::0""]",False,2,1,True,False,1,True,False,True,False,True,False,True,False,True,False
path_a_only_denominator,reflection_eager_write_cardinality_capped,07741c44,longmemeval_07741c44,False,[durable-capped] lme-initially-keep-old-sneakers (confidence 0.73),"[""answer_7e9ad7b4_2""]","[""longmemeval_07741c44::obs_1::0""]","[""memory-longmemeval_07741c44::obs_0::0""]",False,2,1,True,False,1,True,False,True,False,True,False,True,False,True,False
path_a_only_denominator,reflection_eager_write_cardinality_capped,07741c45,longmemeval_07741c45,False,[durable-capped] lme-keep-old-sneakers (confidence 0.73),"[""answer_7e9ad7b4_2""]","[""longmemeval_07741c45::obs_1::0""]","[""memory-longmemeval_07741c45::obs_0::0""]",False,2,1,True,False,1,True,False,True,False,True,False,True,False,True,False
path_a_only_denominator,reflection_eager_write_cardinality_capped,08e075c7,longmemeval_08e075c7,False,[durable-capped] lme-long-been-using-fitbit-charge (confidence 0.73),"[""answer_cdbe2250_2""]","[""longmemeval_08e075c7::obs_1::0""]","[""memory-longmemeval_08e075c7::obs_0::0""]",False,2,1,True,False,1,True,False,True,False,True,False,True,False,True,False
path_a_only_denominator,reflection_eager_write_cardinality_capped,0977f2af,longmemeval_0977f2af,False,[durable-capped] lme-new-kitchen-gadget-invest-before-getting-air-fryer (confidence 0.73),"[""answer_3bf5b73b_2""]","[""longmemeval_0977f2af::obs_1::0""]","[""memory-longmemeval_0977f2af::obs_0::0""]",False,2,1,True,False,1,True,False,True,False,True,False,True,False,True,False
path_a_only_denominator,reflection_eager_write_cardinality_capped,0ddfec37,longmemeval_0ddfec37,False,[durable-capped] lme-autographed-baseballs-added-collection-first-three-months-collection (confidence 0.73),"[""answer_a22b654d_2""]","[""longmemeval_0ddfec37::obs_1::0""]","[""memory-longmemeval_0ddfec37::obs_0::0""]",False,2,1,True,False,1,True,False,True,False,True,False,True,False,True,False
path_a_only_denominator,reflection_eager_write_cardinality_capped,0e4e4c46,longmemeval_0e4e4c46,False,[durable-capped] lme-highest-score-ticket-ride (confidence 0.73),"[""answer_f2f998c7_2""]","[""longmemeval_0e4e4c46::obs_1::0""]","[""memory-longmemeval_0e4e4c46::obs_0::0""]",False,2,1,True,False,1,True,False,True,False,True,False,True,False,True,False
path_a_only_denominator,reflection_eager_write_cardinality_capped,0f05491a,longmemeval_0f05491a,False,[durable-capped] lme-stars-need-reach-gold-level-starbucks-rewards-app (confidence 0.73),"[""answer_d6d2eba8_2""]","[""longmemeval_0f05491a::obs_1::0""]","[""memory-longmemeval_0f05491a::obs_0::0""]",False,2,1,True,False,1,True,False,True,False,True,False,True,False,True,False
path_a_only_denominator,reflection_eager_write_cardinality_capped,10e09553,longmemeval_10e09553,False,[durable-capped] lme-largemouth-bass-catch-alex-earlier-fishing-trip-lake-michigan-before-22-trip (confidence 0.73),"[""answer_67be2c38_2""]","[""longmemeval_10e09553::obs_1::0""]","[""memory-longmemeval_10e09553::obs_0::0""]",False,2,1,True,False,1,True,False,True,False,True,False,True,False,True,False
path_a_only_denominator,reflection_eager_write_cardinality_capped,184da446,longmemeval_184da446,False,[durable-capped] lme-pages-short-history-nearly-everything-read-so-far (confidence 0.73),"[""answer_e2f4f947_2""]","[""longmemeval_184da446::obs_1::0""]","[""memory-longmemeval_184da446::obs_0::0""]",False,2,1,True,False,1,True,False,True,False,True,False,True,False,True,False
path_a_only_denominator,reflection_eager_write_cardinality_capped,18bc8abd,longmemeval_18bc8abd,False,[durable-capped] lme-brand-bbq-sauce-obsessed (confidence 0.73),"[""answer_fff743f5_2""]","[""longmemeval_18bc8abd::obs_1::0""]","[""memory-longmemeval_18bc8abd::obs_0::0""]",False,2,1,True,False,1,True,False,True,False,True,False,True,False,True,False
path_a_only_denominator,reflection_eager_write_cardinality_capped,1cea1afa,longmemeval_1cea1afa,False,[durable-capped] lme-instagram-followers (confidence 0.73),"[""answer_79c395a9_2""]","[""longmemeval_1cea1afa::obs_1::0""]","[""memory-longmemeval_1cea1afa::obs_0::0""]",False,2,1,True,False,1,True,False,True,False,True,False,True,False,True,False
path_a_only_denominator,reflection_eager_write_cardinality_capped,2133c1b5,longmemeval_2133c1b5,False,[durable-capped] lme-long-been-living-apartment-harajuku (confidence 0.73),"[""answer_52382508_2""]","[""longmemeval_2133c1b5::obs_1::0""]","[""memory-longmemeval_2133c1b5::obs_0::0""]",False,2,1,True,False,1,True,False,True,False,True,False,True,False,True,False
path_a_only_denominator,reflection_eager_write_cardinality_capped,22d2cb42,longmemeval_22d2cb42,False,[durable-capped] lme-get-guitar-serviced (confidence 0.73),"[""answer_bcce0b73_2""]","[""longmemeval_22d2cb42::obs_1::0""]","[""memory-longmemeval_22d2cb42::obs_0::0""]",False,2,1,True,False,1,True,False,True,False,True,False,True,False,True,False
path_a_only_denominator,reflection_eager_write_cardinality_capped,2698e78f,longmemeval_2698e78f,False,[durable-capped] lme-often-see-therapist-dr-smith (confidence 0.73),"[""answer_9282283d_2""]","[""longmemeval_2698e78f::obs_1::0""]","[""memory-longmemeval_2698e78f::obs_0::0""]",False,2,1,True,False,1,True,False,True,False,True,False,True,False,True,False
path_a_only_denominator,reflection_eager_write_cardinality_capped,26bdc477,longmemeval_26bdc477,False,[durable-capped] lme-trips-taken-canon-eos-80d-camera (confidence 0.73),"[""answer_f762ad8d_2""]","[""longmemeval_26bdc477::obs_1::0""]","[""memory-longmemeval_26bdc477::obs_0::0""]",False,2,1,True,False,1,True,False,True,False,True,False,True,False,True,False
path_a_only_denominator,reflection_eager_write_cardinality_capped,3ba21379,longmemeval_3ba21379,False,[durable-capped] lme-type-vehicle-model-working (confidence 0.73),"[""answer_cd345582_2""]","[""longmemeval_3ba21379::obs_1::0""]","[""memory-longmemeval_3ba21379::obs_0::0""]",False,2,1,True,False,1,True,False,True,False,True,False,True,False,True,False
path_a_only_denominator,reflection_eager_write_cardinality_capped,41698283,longmemeval_41698283,False,[durable-capped] lme-type-camera-lens-purchase-most (confidence 0.73),"[""answer_c7ddc051_2""]","[""longmemeval_41698283::obs_1::0""]","[""memory-longmemeval_41698283::obs_0::0""]",False,2,1,True,False,1,True,False,True,False,True,False,True,False,True,False
path_a_only_denominator,reflection_eager_write_cardinality_capped,42ec0761,longmemeval_42ec0761,False,[durable-capped] lme-spare-screwdriver-opening-up-laptop (confidence 0.73),"[""answer_e3892371_2""]","[""longmemeval_42ec0761::obs_1::0""]","[""memory-longmemeval_42ec0761::obs_0::0""]",False,2,1,True,False,1,True,False,True,False,True,False,True,False,True,False
path_a_only_denominator,reflection_eager_write_cardinality_capped,45dc21b6,longmemeval_45dc21b6,False,[durable-capped] lme-emma-recipes-tried-out (confidence 0.73),"[""answer_07664d43_2""]","[""longmemeval_45dc21b6::obs_1::0""]","[""memory-longmemeval_45dc21b6::obs_0::0""]",False,2,1,True,False,1,True,False,True,False,True,False,True,False,True,False
path_a_only_denominator,reflection_eager_write_cardinality_capped,4b24c848,longmemeval_4b24c848,False,[durable-capped] lme-tops-bought-so-far (confidence 0.73),"[""answer_2cec623b_2""]","[""longmemeval_4b24c848::obs_1::0""]","[""memory-longmemeval_4b24c848::obs_0::0""]",False,2,1,True,False,1,True,False,True,False,True,False,True,False,True,False
path_a_only_denominator,reflection_eager_write_cardinality_capped,4d6b87c8,longmemeval_4d6b87c8,False,[durable-capped] lme-titles-watch-list (confidence 0.73),"[""answer_766ab8da_2""]","[""longmemeval_4d6b87c8::obs_1::0""]","[""memory-longmemeval_4d6b87c8::obs_0::0""]",False,2,1,True,False,1,True,False,True,False,True,False,True,False,True,False
path_a_only_denominator,reflection_eager_write_cardinality_capped,50635ada,longmemeval_50635ada,False,[durable-capped] lme-previous-frequent-flyer-status-united-airlines-before-got-status (confidence 0.73),"[""answer_dcd74827_2""]","[""longmemeval_50635ada::obs_1::0""]","[""memory-longmemeval_50635ada::obs_0::0""]",False,2,1,True,False,1,True,False,True,False,True,False,True,False,True,False
path_a_only_denominator,reflection_eager_write_cardinality_capped,5831f84d,longmemeval_5831f84d,False,[durable-capped] lme-crash-course-videos-watched-past-few-weeks (confidence 0.73),"[""answer_8d63a897_2""]","[""longmemeval_5831f84d::obs_1::0""]","[""memory-longmemeval_5831f84d::obs_0::0""]",False,2,1,True,False,1,True,False,True,False,True,False,True,False,True,False
path_a_only_denominator,reflection_eager_write_cardinality_capped,59524333,longmemeval_59524333,False,[durable-capped] lme-time-usually-go-gym (confidence 0.73),"[""answer_b28f2c7a_2""]","[""longmemeval_59524333::obs_1::0""]","[""memory-longmemeval_59524333::obs_0::0""]",False,2,1,True,False,1,True,False,True,False,True,False,True,False,True,False
path_a_only_denominator,reflection_eager_write_cardinality_capped,5a4f22c0,longmemeval_5a4f22c0,False,[durable-capped] lme-company-rachel-old-colleague-previous-company-working-at (confidence 0.73),"[""answer_b0f3dfff_2""]","[""longmemeval_5a4f22c0::obs_1::0""]","[""memory-longmemeval_5a4f22c0::obs_0::0""]",False,2,1,True,False,1,True,False,True,False,True,False,True,False,True,False
path_a_only_denominator,reflection_eager_write_cardinality_capped,5c40ec5b,longmemeval_5c40ec5b,False,[durable-capped] lme-times-met-up-alex-germany (confidence 0.73),"[""answer_1cb52d0a_2""]","[""longmemeval_5c40ec5b::obs_1::0""]","[""memory-longmemeval_5c40ec5b::obs_0::0""]",False,2,1,True,False,1,True,False,True,False,True,False,True,False,True,False
path_a_only_denominator,reflection_eager_write_cardinality_capped,603deb26,longmemeval_603deb26,False,[durable-capped] lme-times-tried-making-negroni-at-home-since-friend-emma-showed-make-it (confidence 0.73),"[""answer_8afdebac_2""]","[""longmemeval_603deb26::obs_1::0""]","[""memory-longmemeval_603deb26::obs_0::0""]",False,2,1,True,False,1,True,False,True,False,True,False,True,False,True,False
path_a_only_denominator,reflection_eager_write_cardinality_capped,6071bd76,longmemeval_6071bd76,False,[durable-capped] lme-coffee-water-ratio-french-press-switch-more-water-per-tablespoon-coffee-or (confidence 0.73),"[""answer_4dac77cb_2""]","[""longmemeval_6071bd76::obs_1::0""]","[""memory-longmemeval_6071bd76::obs_0::0""]",False,2,1,True,False,1,True,False,True,False,True,False,True,False,True,False
path_a_only_denominator,reflection_eager_write_cardinality_capped,618f13b2,longmemeval_618f13b2,False,[durable-capped] lme-times-worn-new-black-converse-chuck-taylor-all-star-sneakers (confidence 0.73),"[""answer_caf5b52e_2""]","[""longmemeval_618f13b2::obs_1::0""]","[""memory-longmemeval_618f13b2::obs_0::0""]",False,2,1,True,False,1,True,False,True,False,True,False,True,False,True,False
path_a_only_denominator,reflection_eager_write_cardinality_capped,69fee5aa,longmemeval_69fee5aa,False,[durable-capped] lme-pre-1920-american-coins-collection (confidence 0.73),"[""answer_d6028d6e_2""]","[""longmemeval_69fee5aa::obs_1::0""]","[""memory-longmemeval_69fee5aa::obs_0::0""]",False,2,1,True,False,1,True,False,True,False,True,False,True,False,True,False
path_a_only_denominator,reflection_eager_write_cardinality_capped,6a1eabeb,longmemeval_6a1eabeb,False,[durable-capped] lme-personal-best-time-charity-5k-run (confidence 0.73),"[""answer_a25d4a91_2""]","[""longmemeval_6a1eabeb::obs_1::0""]","[""memory-longmemeval_6a1eabeb::obs_0::0""]",False,2,1,True,False,1,True,False,True,False,True,False,True,False,True,False
path_a_only_denominator,reflection_eager_write_cardinality_capped,6a27ffc2,longmemeval_6a27ffc2,False,[durable-capped] lme-videos-corey-schafer-python-programming-series-completed-so-far (confidence 0.73),"[""answer_77f32504_2""]","[""longmemeval_6a27ffc2::obs_1::0""]","[""memory-longmemeval_6a27ffc2::obs_0::0""]",False,2,1,True,False,1,True,False,True,False,True,False,True,False,True,False
path_a_only_denominator,reflection_eager_write_cardinality_capped,6aeb4375,longmemeval_6aeb4375,False,[durable-capped] lme-korean-restaurants-tried-city (confidence 0.73),"[""answer_3f9693b7_2""]","[""longmemeval_6aeb4375::obs_1::0""]","[""memory-longmemeval_6aeb4375::obs_0::0""]",False,2,1,True,False,1,True,False,True,False,True,False,True,False,True,False
path_a_only_denominator,reflection_eager_write_cardinality_capped,71315a70,longmemeval_71315a70,False,[durable-capped] lme-hours-spent-abstract-ocean-sculpture (confidence 0.73),"[""answer_c44b9df4_2""]","[""longmemeval_71315a70::obs_1::0""]","[""memory-longmemeval_71315a70::obs_0::0""]",False,2,1,True,False,1,True,False,True,False,True,False,True,False,True,False
path_a_only_denominator,reflection_eager_write_cardinality_capped,72e3ee87,longmemeval_72e3ee87,False,[durable-capped] lme-episodes-science-series-completed-crash-course (confidence 0.73),"[""answer_d7de9a6a_2""]","[""longmemeval_72e3ee87::obs_1::0""]","[""memory-longmemeval_72e3ee87::obs_0::0""]",False,2,1,True,False,1,True,False,True,False,True,False,True,False,True,False
path_a_only_denominator,reflection_eager_write_cardinality_capped,7401057b,longmemeval_7401057b,False,[durable-capped] lme-free-night-stays-can-redeem-at-any-hilton-property-accumulated-points (confidence 0.73),"[""answer_94650bfa_2""]","[""longmemeval_7401057b::obs_1::0""]","[""memory-longmemeval_7401057b::obs_0::0""]",False,2,1,True,False,1,True,False,True,False,True,False,True,False,True,False
path_a_only_denominator,reflection_eager_write_cardinality_capped,7a87bd0c,longmemeval_7a87bd0c,False,[durable-capped] lme-long-been-sticking-daily-tidying-routine (confidence 0.73),"[""answer_d08a934d_2""]","[""longmemeval_7a87bd0c::obs_1::0""]","[""memory-longmemeval_7a87bd0c::obs_0::0""]",False,2,1,True,False,1,True,False,True,False,True,False,True,False,True,False
path_a_only_denominator,reflection_eager_write_cardinality_capped,7e974930,longmemeval_7e974930,False,[durable-capped] lme-much-earn-at-downtown-farmers-market-most-visit (confidence 0.73),"[""answer_c9f5693c_2""]","[""longmemeval_7e974930::obs_1::0""]","[""memory-longmemeval_7e974930::obs_0::0""]",False,2,1,True,False,1,True,False,True,False,True,False,True,False,True,False
path_a_only_denominator,reflection_eager_write_cardinality_capped,830ce83f,longmemeval_830ce83f,False,[durable-capped] lme-rachel-move-her-relocation (confidence 0.73),"[""answer_0b1a0942_2""]","[""longmemeval_830ce83f::obs_1::0""]","[""memory-longmemeval_830ce83f::obs_0::0""]",False,2,1,True,False,1,True,False,True,False,True,False,True,False,True,False
path_a_only_denominator,reflection_eager_write_cardinality_capped,852ce960,longmemeval_852ce960,False,[durable-capped] lme-amount-pre-approved-got-mortgage-wells-fargo (confidence 0.73),"[""answer_3a6f1e82_2""]","[""longmemeval_852ce960::obs_1::0""]","[""memory-longmemeval_852ce960::obs_0::0""]",False,2,1,True,False,1,True,False,True,False,True,False,True,False,True,False
path_a_only_denominator,reflection_eager_write_cardinality_capped,89941a93,longmemeval_89941a93,False,[durable-capped] lme-bikes-own (confidence 0.73),"[""answer_e1403127_2""]","[""longmemeval_89941a93::obs_1::0""]","[""memory-longmemeval_89941a93::obs_0::0""]",False,2,1,True,False,1,True,False,True,False,True,False,True,False,True,False
path_a_only_denominator,reflection_eager_write_cardinality_capped,89941a94,longmemeval_89941a94,False,[durable-capped] lme-before-purchased-gravel-bike-other-bikes-addition-mountain-bike-commuter-bike (confidence 0.73),"[""answer_e1403127_2""]","[""longmemeval_89941a94::obs_1::0""]","[""memory-longmemeval_89941a94::obs_0::0""]",False,2,1,True,False,1,True,False,True,False,True,False,True,False,True,False
path_a_only_denominator,reflection_eager_write_cardinality_capped,8fb83627,longmemeval_8fb83627,False,[durable-capped] lme-issues-national-geographic-finished-reading (confidence 0.73),"[""answer_966cecbb_2""]","[""longmemeval_8fb83627::obs_1::0""]","[""memory-longmemeval_8fb83627::obs_0::0""]",False,2,1,True,False,1,True,False,True,False,True,False,True,False,True,False
path_a_only_denominator,reflection_eager_write_cardinality_capped,945e3d21,longmemeval_945e3d21,False,[durable-capped] lme-often-attend-yoga-classes-help-anxiety (confidence 0.73),"[""answer_6a4f8626_2""]","[""longmemeval_945e3d21::obs_1::0""]","[""memory-longmemeval_945e3d21::obs_0::0""]",False,2,1,True,False,1,True,False,True,False,True,False,True,False,True,False
path_a_only_denominator,reflection_eager_write_cardinality_capped,9bbe84a2,longmemeval_9bbe84a2,False,[durable-capped] lme-previous-goal-apex-legends-level-before-updated-goal (confidence 0.73),"[""answer_c6a0c6c2_2""]","[""longmemeval_9bbe84a2::obs_1::0""]","[""memory-longmemeval_9bbe84a2::obs_0::0""]",False,2,1,True,False,1,True,False,True,False,True,False,True,False,True,False
path_a_only_denominator,reflection_eager_write_cardinality_capped,9ea5eabc,longmemeval_9ea5eabc,False,[durable-capped] lme-go-most-family-trip (confidence 0.73),"[""answer_02e66dec_2""]","[""longmemeval_9ea5eabc::obs_1::0""]","[""memory-longmemeval_9ea5eabc::obs_0::0""]",False,2,1,True,False,1,True,False,True,False,True,False,True,False,True,False
path_a_only_denominator,reflection_eager_write_cardinality_capped,a1eacc2a,longmemeval_a1eacc2a,False,[durable-capped] lme-short-stories-written-since-started-writing-regularly (confidence 0.73),"[""answer_0eb23770_2""]","[""longmemeval_a1eacc2a::obs_1::0""]","[""memory-longmemeval_a1eacc2a::obs_0::0""]",False,2,1,True,False,1,True,False,True,False,True,False,True,False,True,False
path_a_only_denominator,reflection_eager_write_cardinality_capped,a2f3aa27,longmemeval_a2f3aa27,False,[durable-capped] lme-followers-instagram-now (confidence 0.73),"[""answer_5126c02d_2""]","[""longmemeval_a2f3aa27::obs_1::0""]","[""memory-longmemeval_a2f3aa27::obs_0::0""]",False,2,1,True,False,1,True,False,True,False,True,False,True,False,True,False
path_a_only_denominator,reflection_eager_write_cardinality_capped,affe2881,longmemeval_affe2881,False,[durable-capped] lme-different-species-birds-seen-local-park (confidence 0.73),"[""answer_90de9b4d_2""]","[""longmemeval_affe2881::obs_1::0""]","[""memory-longmemeval_affe2881::obs_0::0""]",False,2,1,True,False,1,True,False,True,False,True,False,True,False,True,False
path_a_only_denominator,reflection_eager_write_cardinality_capped,b01defab,longmemeval_b01defab,False,[durable-capped] lme-finish-reading-nightingale-by-kristin-hannah (confidence 0.73),"[""answer_8c0712af_2""]","[""longmemeval_b01defab::obs_1::0""]","[""memory-longmemeval_b01defab::obs_0::0""]",False,2,1,True,False,1,True,False,True,False,True,False,True,False,True,False
path_a_only_denominator,reflection_eager_write_cardinality_capped,b6019101,longmemeval_b6019101,False,[durable-capped] lme-mcu-films-watch-last-months (confidence 0.73),"[""answer_67074b4b_2""]","[""longmemeval_b6019101::obs_1::0""]","[""memory-longmemeval_b6019101::obs_0::0""]",False,2,1,True,False,1,True,False,True,False,True,False,True,False,True,False
path_a_only_denominator,reflection_eager_write_cardinality_capped,ba61f0b9,longmemeval_ba61f0b9,False,[durable-capped] lme-women-team-led-by-former-manager-rachel (confidence 0.73),"[""answer_f377cda7_2""]","[""longmemeval_ba61f0b9::obs_1::0""]","[""memory-longmemeval_ba61f0b9::obs_0::0""]",False,2,1,True,False,1,True,False,True,False,True,False,True,False,True,False
path_a_only_denominator,reflection_eager_write_cardinality_capped,c4ea545c,longmemeval_c4ea545c,False,[durable-capped] lme-go-gym-more-frequently-than-previously (confidence 0.73),"[""answer_d3bf812b_2""]","[""longmemeval_c4ea545c::obs_1::0""]","[""memory-longmemeval_c4ea545c::obs_0::0""]",False,2,1,True,False,1,True,False,True,False,True,False,True,False,True,False
path_a_only_denominator,reflection_eager_write_cardinality_capped,c6853660,longmemeval_c6853660,False,[durable-capped] lme-mostly-increase-or-decrease-limit-number-cups-coffee-morning (confidence 0.73),"[""answer_626e93c4_2""]","[""longmemeval_c6853660::obs_1::0""]","[""memory-longmemeval_c6853660::obs_0::0""]",False,2,1,True,False,1,True,False,True,False,True,False,True,False,True,False
path_a_only_denominator,reflection_eager_write_cardinality_capped,c7dc5443,longmemeval_c7dc5443,False,[durable-capped] lme-record-recreational-volleyball-league (confidence 0.73),"[""answer_0cdbca92_2""]","[""longmemeval_c7dc5443::obs_1::0""]","[""memory-longmemeval_c7dc5443::obs_0::0""]",False,2,1,True,False,1,True,False,True,False,True,False,True,False,True,False
path_a_only_denominator,reflection_eager_write_cardinality_capped,cc5ded98,longmemeval_cc5ded98,False,[durable-capped] lme-much-time-dedicate-coding-exercises-each-day (confidence 0.73),"[""answer_a5b68517_2""]","[""longmemeval_cc5ded98::obs_1::0""]","[""memory-longmemeval_cc5ded98::obs_0::0""]",False,2,1,True,False,1,True,False,True,False,True,False,True,False,True,False
path_a_only_denominator,reflection_eager_write_cardinality_capped,ce6d2d27,longmemeval_ce6d2d27,False,[durable-capped] lme-day-week-take-cocktail-making-class (confidence 0.73),"[""answer_73540165_2""]","[""longmemeval_ce6d2d27::obs_1::0""]","[""memory-longmemeval_ce6d2d27::obs_0::0""]",False,2,1,True,False,1,True,False,True,False,True,False,True,False,True,False
path_a_only_denominator,reflection_eager_write_cardinality_capped,cf22b7bf,longmemeval_cf22b7bf,False,[durable-capped] lme-much-weight-lost-since-started-going-gym-consistently (confidence 0.73),"[""answer_ae3a122b_2""]","[""longmemeval_cf22b7bf::obs_1::0""]","[""memory-longmemeval_cf22b7bf::obs_0::0""]",False,2,1,True,False,1,True,False,True,False,True,False,True,False,True,False
path_a_only_denominator,reflection_eager_write_cardinality_capped,d7c942c3,longmemeval_d7c942c3,False,[durable-capped] lme-mom-using-same-grocery-list-method-as (confidence 0.73),"[""answer_eecb10d9_2""]","[""longmemeval_d7c942c3::obs_1::0""]","[""memory-longmemeval_d7c942c3::obs_0::0""]",False,2,1,True,False,1,True,False,True,False,True,False,True,False,True,False
path_a_only_denominator,reflection_eager_write_cardinality_capped,dad224aa,longmemeval_dad224aa,False,[durable-capped] lme-time-wake-up-saturday-mornings (confidence 0.73),"[""answer_4a97ae40_2""]","[""longmemeval_dad224aa::obs_1::0""]","[""memory-longmemeval_dad224aa::obs_0::0""]",False,2,1,True,False,1,True,False,True,False,True,False,True,False,True,False
path_a_only_denominator,reflection_eager_write_cardinality_capped,db467c8c,longmemeval_db467c8c,False,[durable-capped] lme-long-parents-been-staying-us (confidence 0.73),"[""answer_611b6e83_2""]","[""longmemeval_db467c8c::obs_1::0""]","[""memory-longmemeval_db467c8c::obs_0::0""]",False,2,1,True,False,1,True,False,True,False,True,False,True,False,True,False
path_a_only_denominator,reflection_eager_write_cardinality_capped,dfde3500,longmemeval_dfde3500,False,[durable-capped] lme-day-week-meet-previous-language-exchange-tutor-juan (confidence 0.73),"[""answer_35d6c0be_2""]","[""longmemeval_dfde3500::obs_1::0""]","[""memory-longmemeval_dfde3500::obs_0::0""]",False,2,1,True,False,1,True,False,True,False,True,False,True,False,True,False
path_a_only_denominator,reflection_eager_write_cardinality_capped,e493bb7c,longmemeval_e493bb7c,False,[durable-capped] lme-painting-ethereal-dreams-by-emma-taylor-hanging (confidence 0.73),"[""answer_1a374afa_2""]","[""longmemeval_e493bb7c::obs_1::0""]","[""memory-longmemeval_e493bb7c::obs_0::0""]",False,2,1,True,False,1,True,False,True,False,True,False,True,False,True,False
path_a_only_denominator,reflection_eager_write_cardinality_capped,e61a7584,longmemeval_e61a7584,False,[durable-capped] lme-long-cat-luna (confidence 0.73),"[""answer_f25c32f5_2""]","[""longmemeval_e61a7584::obs_1::0""]","[""memory-longmemeval_e61a7584::obs_0::0""]",False,2,1,True,False,1,True,False,True,False,True,False,True,False,True,False
path_a_only_denominator,reflection_eager_write_cardinality_capped,e66b632c,longmemeval_e66b632c,False,[durable-capped] lme-previous-personal-best-time-charity-5k-run (confidence 0.73),"[""answer_ac0140ce_2""]","[""longmemeval_e66b632c::obs_1::0""]","[""memory-longmemeval_e66b632c::obs_0::0""]",False,2,1,True,False,1,True,False,True,False,True,False,True,False,True,False
path_a_only_denominator,reflection_eager_write_cardinality_capped,eace081b,longmemeval_eace081b,False,[durable-capped] lme-planning-stay-birthday-trip-hawaii (confidence 0.73),"[""answer_8a791264_2""]","[""longmemeval_eace081b::obs_1::0""]","[""memory-longmemeval_eace081b::obs_0::0""]",False,2,1,True,False,1,True,False,True,False,True,False,True,False,True,False
path_a_only_denominator,reflection_eager_write_cardinality_capped,ed4ddc30,longmemeval_ed4ddc30,False,[durable-capped] lme-dozen-eggs-we-stocked-up-our-refrigerator (confidence 0.73),"[""answer_babbaccb_2""]","[""longmemeval_ed4ddc30::obs_1::0""]","[""memory-longmemeval_ed4ddc30::obs_0::0""]",False,2,1,True,False,1,True,False,True,False,True,False,True,False,True,False
path_a_only_denominator,reflection_eager_write_cardinality_capped,f685340e,longmemeval_f685340e,False,[durable-capped] lme-often-play-tennis-friends-at-local-park-previously (confidence 0.73),"[""answer_25df025b_2""]","[""longmemeval_f685340e::obs_1::0""]","[""memory-longmemeval_f685340e::obs_0::0""]",False,2,1,True,False,1,True,False,True,False,True,False,True,False,True,False
path_a_only_denominator,reflection_eager_write_cardinality_capped,f9e8c073,longmemeval_f9e8c073,False,[durable-capped] lme-sessions-bereavement-support-group-attend (confidence 0.73),"[""answer_b191df5b_2""]","[""longmemeval_f9e8c073::obs_1::0""]","[""memory-longmemeval_f9e8c073::obs_0::0""]",False,2,1,True,False,1,True,False,True,False,True,False,True,False,True,False
path_b_only_denominator,reflection_eager_write_lite,01493427,longmemeval_01493427,False,[durable] lme-new-postcards-added-collection-since-started-collecting-again (confidence 0.73),"[""answer_a7b44747_1"", ""answer_a7b44747_2""]","[""longmemeval_01493427::obs_0::0"", ""longmemeval_01493427::obs_1::0""]","[""memory-longmemeval_01493427::obs_0::0""]",False,2,2,True,True,1,True,False,True,True,True,True,True,True,True,True
path_b_only_denominator,reflection_eager_write_lite,031748ae,longmemeval_031748ae,False,[durable] lme-engineers-lead-just-started-new-role-as-senior-software-engineer (confidence 0.73),"[""answer_8748f791_1"", ""answer_8748f791_2""]","[""longmemeval_031748ae::obs_0::0"", ""longmemeval_031748ae::obs_1::0""]","[""memory-longmemeval_031748ae::obs_0::0""]",False,2,2,True,True,1,True,False,True,True,True,True,True,True,True,True
path_b_only_denominator,reflection_eager_write_lite,06db6396,longmemeval_06db6396,False,[durable] lme-projects-completed-since-starting-painting-classes (confidence 0.73),"[""answer_da72b1b4_1"", ""answer_da72b1b4_2""]","[""longmemeval_06db6396::obs_0::0"", ""longmemeval_06db6396::obs_1::0""]","[""memory-longmemeval_06db6396::obs_0::0""]",False,2,2,True,True,1,True,False,True,True,True,True,True,True,True,True
path_b_only_denominator,reflection_eager_write_lite,07741c44,longmemeval_07741c44,False,[durable] lme-initially-keep-old-sneakers (confidence 0.73),"[""answer_7e9ad7b4_1"", ""answer_7e9ad7b4_2""]","[""longmemeval_07741c44::obs_0::0"", ""longmemeval_07741c44::obs_1::0""]","[""memory-longmemeval_07741c44::obs_0::0""]",False,2,2,True,True,1,True,False,True,True,True,True,True,True,True,True
path_b_only_denominator,reflection_eager_write_lite,07741c45,longmemeval_07741c45,False,[durable] lme-keep-old-sneakers (confidence 0.73),"[""answer_7e9ad7b4_1"", ""answer_7e9ad7b4_2""]","[""longmemeval_07741c45::obs_0::0"", ""longmemeval_07741c45::obs_1::0""]","[""memory-longmemeval_07741c45::obs_0::0""]",False,2,2,True,True,1,True,False,True,True,True,True,True,True,True,True
path_b_only_denominator,reflection_eager_write_lite,08e075c7,longmemeval_08e075c7,False,[durable] lme-long-been-using-fitbit-charge (confidence 0.73),"[""answer_cdbe2250_1"", ""answer_cdbe2250_2""]","[""longmemeval_08e075c7::obs_0::0"", ""longmemeval_08e075c7::obs_1::0""]","[""memory-longmemeval_08e075c7::obs_0::0""]",False,2,2,True,True,1,True,False,True,True,True,True,True,True,True,True
path_b_only_denominator,reflection_eager_write_lite,0977f2af,longmemeval_0977f2af,False,[durable] lme-new-kitchen-gadget-invest-before-getting-air-fryer (confidence 0.73),"[""answer_3bf5b73b_1"", ""answer_3bf5b73b_2""]","[""longmemeval_0977f2af::obs_0::0"", ""longmemeval_0977f2af::obs_1::0""]","[""memory-longmemeval_0977f2af::obs_0::0""]",False,2,2,True,True,1,True,False,True,True,True,True,True,True,True,True
path_b_only_denominator,reflection_eager_write_lite,0ddfec37,longmemeval_0ddfec37,False,[durable] lme-autographed-baseballs-added-collection-first-three-months-collection (confidence 0.73),"[""answer_a22b654d_1"", ""answer_a22b654d_2""]","[""longmemeval_0ddfec37::obs_0::0"", ""longmemeval_0ddfec37::obs_1::0""]","[""memory-longmemeval_0ddfec37::obs_0::0""]",False,2,2,True,True,1,True,False,True,True,True,True,True,True,True,True
path_b_only_denominator,reflection_eager_write_lite,0e4e4c46,longmemeval_0e4e4c46,False,[durable] lme-highest-score-ticket-ride (confidence 0.73),"[""answer_f2f998c7_1"", ""answer_f2f998c7_2""]","[""longmemeval_0e4e4c46::obs_0::0"", ""longmemeval_0e4e4c46::obs_1::0""]","[""memory-longmemeval_0e4e4c46::obs_0::0""]",False,2,2,True,True,1,True,False,True,True,True,True,True,True,True,True
path_b_only_denominator,reflection_eager_write_lite,0f05491a,longmemeval_0f05491a,False,[durable] lme-stars-need-reach-gold-level-starbucks-rewards-app (confidence 0.73),"[""answer_d6d2eba8_1"", ""answer_d6d2eba8_2""]","[""longmemeval_0f05491a::obs_0::0"", ""longmemeval_0f05491a::obs_1::0""]","[""memory-longmemeval_0f05491a::obs_0::0""]",False,2,2,True,True,1,True,False,True,True,True,True,True,True,True,True
path_b_only_denominator,reflection_eager_write_lite,10e09553,longmemeval_10e09553,False,[durable] lme-largemouth-bass-catch-alex-earlier-fishing-trip-lake-michigan-before-22-trip (confidence 0.73),"[""answer_67be2c38_1"", ""answer_67be2c38_2""]","[""longmemeval_10e09553::obs_0::0"", ""longmemeval_10e09553::obs_1::0""]","[""memory-longmemeval_10e09553::obs_0::0""]",False,2,2,True,True,1,True,False,True,True,True,True,True,True,True,True
path_b_only_denominator,reflection_eager_write_lite,184da446,longmemeval_184da446,False,[durable] lme-pages-short-history-nearly-everything-read-so-far (confidence 0.73),"[""answer_e2f4f947_1"", ""answer_e2f4f947_2""]","[""longmemeval_184da446::obs_0::0"", ""longmemeval_184da446::obs_1::0""]","[""memory-longmemeval_184da446::obs_0::0""]",False,2,2,True,True,1,True,False,True,True,True,True,True,True,True,True
path_b_only_denominator,reflection_eager_write_lite,18bc8abd,longmemeval_18bc8abd,False,[durable] lme-brand-bbq-sauce-obsessed (confidence 0.73),"[""answer_fff743f5_1"", ""answer_fff743f5_2""]","[""longmemeval_18bc8abd::obs_0::0"", ""longmemeval_18bc8abd::obs_1::0""]","[""memory-longmemeval_18bc8abd::obs_0::0""]",False,2,2,True,True,1,True,False,True,True,True,True,True,True,True,True
path_b_only_denominator,reflection_eager_write_lite,1cea1afa,longmemeval_1cea1afa,False,[durable] lme-instagram-followers (confidence 0.73),"[""answer_79c395a9_1"", ""answer_79c395a9_2""]","[""longmemeval_1cea1afa::obs_0::0"", ""longmemeval_1cea1afa::obs_1::0""]","[""memory-longmemeval_1cea1afa::obs_0::0""]",False,2,2,True,True,1,True,False,True,True,True,True,True,True,True,True
path_b_only_denominator,reflection_eager_write_lite,2133c1b5,longmemeval_2133c1b5,False,[durable] lme-long-been-living-apartment-harajuku (confidence 0.73),"[""answer_52382508_1"", ""answer_52382508_2""]","[""longmemeval_2133c1b5::obs_0::0"", ""longmemeval_2133c1b5::obs_1::0""]","[""memory-longmemeval_2133c1b5::obs_0::0""]",False,2,2,True,True,1,True,False,True,True,True,True,True,True,True,True
path_b_only_denominator,reflection_eager_write_lite,22d2cb42,longmemeval_22d2cb42,False,[durable] lme-get-guitar-serviced (confidence 0.73),"[""answer_bcce0b73_1"", ""answer_bcce0b73_2""]","[""longmemeval_22d2cb42::obs_0::0"", ""longmemeval_22d2cb42::obs_1::0""]","[""memory-longmemeval_22d2cb42::obs_0::0""]",False,2,2,True,True,1,True,False,True,True,True,True,True,True,True,True
path_b_only_denominator,reflection_eager_write_lite,2698e78f,longmemeval_2698e78f,False,[durable] lme-often-see-therapist-dr (confidence 0.73),"[""answer_9282283d_1"", ""answer_9282283d_2""]","[""longmemeval_2698e78f::obs_0::0"", ""longmemeval_2698e78f::obs_1::0""]","[""memory-longmemeval_2698e78f::obs_0::0""]",False,2,2,True,True,1,True,False,True,True,True,True,True,True,True,True
path_b_only_denominator,reflection_eager_write_lite,26bdc477,longmemeval_26bdc477,False,[durable] lme-trips-taken-canon-eos-80d-camera (confidence 0.73),"[""answer_f762ad8d_1"", ""answer_f762ad8d_2""]","[""longmemeval_26bdc477::obs_0::0"", ""longmemeval_26bdc477::obs_1::0""]","[""memory-longmemeval_26bdc477::obs_0::0""]",False,2,2,True,True,1,True,False,True,True,True,True,True,True,True,True
path_b_only_denominator,reflection_eager_write_lite,3ba21379,longmemeval_3ba21379,False,[durable] lme-type-vehicle-model-working (confidence 0.73),"[""answer_cd345582_1"", ""answer_cd345582_2""]","[""longmemeval_3ba21379::obs_0::0"", ""longmemeval_3ba21379::obs_1::0""]","[""memory-longmemeval_3ba21379::obs_0::0""]",False,2,2,True,True,1,True,False,True,True,True,True,True,True,True,True
path_b_only_denominator,reflection_eager_write_lite,41698283,longmemeval_41698283,False,[durable] lme-type-camera-lens-purchase-most (confidence 0.73),"[""answer_c7ddc051_1"", ""answer_c7ddc051_2""]","[""longmemeval_41698283::obs_0::0"", ""longmemeval_41698283::obs_1::0""]","[""memory-longmemeval_41698283::obs_0::0""]",False,2,2,True,True,1,True,False,True,True,True,True,True,True,True,True
path_b_only_denominator,reflection_eager_write_lite,42ec0761,longmemeval_42ec0761,False,[durable] lme-spare-screwdriver-opening-up-laptop (confidence 0.73),"[""answer_e3892371_1"", ""answer_e3892371_2""]","[""longmemeval_42ec0761::obs_0::0"", ""longmemeval_42ec0761::obs_1::0""]","[""memory-longmemeval_42ec0761::obs_0::0""]",False,2,2,True,True,1,True,False,True,True,True,True,True,True,True,True
path_b_only_denominator,reflection_eager_write_lite,45dc21b6,longmemeval_45dc21b6,False,[durable] lme-emma-recipes-tried-out (confidence 0.73),"[""answer_07664d43_1"", ""answer_07664d43_2""]","[""longmemeval_45dc21b6::obs_0::0"", ""longmemeval_45dc21b6::obs_1::0""]","[""memory-longmemeval_45dc21b6::obs_0::0""]",False,2,2,True,True,1,True,False,True,True,True,True,True,True,True,True
path_b_only_denominator,reflection_eager_write_lite,4b24c848,longmemeval_4b24c848,False,[durable] lme-tops-bought-so-far (confidence 0.73),"[""answer_2cec623b_1"", ""answer_2cec623b_2""]","[""longmemeval_4b24c848::obs_0::0"", ""longmemeval_4b24c848::obs_1::0""]","[""memory-longmemeval_4b24c848::obs_0::0""]",False,2,2,True,True,1,True,False,True,True,True,True,True,True,True,True
path_b_only_denominator,reflection_eager_write_lite,4d6b87c8,longmemeval_4d6b87c8,False,[durable] lme-titles-watch-list (confidence 0.73),"[""answer_766ab8da_1"", ""answer_766ab8da_2""]","[""longmemeval_4d6b87c8::obs_0::0"", ""longmemeval_4d6b87c8::obs_1::0""]","[""memory-longmemeval_4d6b87c8::obs_0::0""]",False,2,2,True,True,1,True,False,True,True,True,True,True,True,True,True
path_b_only_denominator,reflection_eager_write_lite,50635ada,longmemeval_50635ada,False,[durable] lme-previous-frequent-flyer-status-united-airlines-before-got-status (confidence 0.73),"[""answer_dcd74827_1"", ""answer_dcd74827_2""]","[""longmemeval_50635ada::obs_0::0"", ""longmemeval_50635ada::obs_1::0""]","[""memory-longmemeval_50635ada::obs_0::0""]",False,2,2,True,True,1,True,False,True,True,True,True,True,True,True,True
path_b_only_denominator,reflection_eager_write_lite,5831f84d,longmemeval_5831f84d,False,[durable] lme-crash-course-videos-watched-past-few-weeks (confidence 0.73),"[""answer_8d63a897_1"", ""answer_8d63a897_2""]","[""longmemeval_5831f84d::obs_0::0"", ""longmemeval_5831f84d::obs_1::0""]","[""memory-longmemeval_5831f84d::obs_0::0""]",False,2,2,True,True,1,True,False,True,True,True,True,True,True,True,True
path_b_only_denominator,reflection_eager_write_lite,59524333,longmemeval_59524333,False,[durable] lme-time-usually-go-gym (confidence 0.73),"[""answer_b28f2c7a_1"", ""answer_b28f2c7a_2""]","[""longmemeval_59524333::obs_0::0"", ""longmemeval_59524333::obs_1::0""]","[""memory-longmemeval_59524333::obs_0::0""]",False,2,2,True,True,1,True,False,True,True,True,True,True,True,True,True
path_b_only_denominator,reflection_eager_write_lite,5a4f22c0,longmemeval_5a4f22c0,False,[durable] lme-company-rachel-old-colleague-previous-company-working-at (confidence 0.73),"[""answer_b0f3dfff_1"", ""answer_b0f3dfff_2""]","[""longmemeval_5a4f22c0::obs_0::0"", ""longmemeval_5a4f22c0::obs_1::0""]","[""memory-longmemeval_5a4f22c0::obs_0::0""]",False,2,2,True,True,1,True,False,True,True,True,True,True,True,True,True
path_b_only_denominator,reflection_eager_write_lite,5c40ec5b,longmemeval_5c40ec5b,False,[durable] lme-times-met-up-alex-germany (confidence 0.73),"[""answer_1cb52d0a_1"", ""answer_1cb52d0a_2""]","[""longmemeval_5c40ec5b::obs_0::0"", ""longmemeval_5c40ec5b::obs_1::0""]","[""memory-longmemeval_5c40ec5b::obs_0::0""]",False,2,2,True,True,1,True,False,True,True,True,True,True,True,True,True
path_b_only_denominator,reflection_eager_write_lite,603deb26,longmemeval_603deb26,False,[durable] lme-times-tried-making-negroni-at-home-since-friend-emma-showed-make-it (confidence 0.73),"[""answer_8afdebac_1"", ""answer_8afdebac_2""]","[""longmemeval_603deb26::obs_0::0"", ""longmemeval_603deb26::obs_1::0""]","[""memory-longmemeval_603deb26::obs_0::0""]",False,2,2,True,True,1,True,False,True,True,True,True,True,True,True,True
path_b_only_denominator,reflection_eager_write_lite,6071bd76,longmemeval_6071bd76,False,[durable] lme-coffee-water-ratio-french-press-switch-more-water-per-tablespoon-coffee-or (confidence 0.73),"[""answer_4dac77cb_1"", ""answer_4dac77cb_2""]","[""longmemeval_6071bd76::obs_0::0"", ""longmemeval_6071bd76::obs_1::0""]","[""memory-longmemeval_6071bd76::obs_0::0""]",False,2,2,True,True,1,True,False,True,True,True,True,True,True,True,True
path_b_only_denominator,reflection_eager_write_lite,618f13b2,longmemeval_618f13b2,False,[durable] lme-times-worn-new-black-converse-chuck-taylor-all-star-sneakers (confidence 0.73),"[""answer_caf5b52e_1"", ""answer_caf5b52e_2""]","[""longmemeval_618f13b2::obs_0::0"", ""longmemeval_618f13b2::obs_1::0""]","[""memory-longmemeval_618f13b2::obs_0::0""]",False,2,2,True,True,1,True,False,True,True,True,True,True,True,True,True
path_b_only_denominator,reflection_eager_write_lite,69fee5aa,longmemeval_69fee5aa,False,[durable] lme-pre-1920-american-coins-collection (confidence 0.73),"[""answer_d6028d6e_1"", ""answer_d6028d6e_2""]","[""longmemeval_69fee5aa::obs_0::0"", ""longmemeval_69fee5aa::obs_1::0""]","[""memory-longmemeval_69fee5aa::obs_0::0""]",False,2,2,True,True,1,True,False,True,True,True,True,True,True,True,True
path_b_only_denominator,reflection_eager_write_lite,6a1eabeb,longmemeval_6a1eabeb,False,[durable] lme-personal-best-time-charity-5k-run (confidence 0.73),"[""answer_a25d4a91_1"", ""answer_a25d4a91_2""]","[""longmemeval_6a1eabeb::obs_0::0"", ""longmemeval_6a1eabeb::obs_1::0""]","[""memory-longmemeval_6a1eabeb::obs_0::0""]",False,2,2,True,True,1,True,False,True,True,True,True,True,True,True,True
path_b_only_denominator,reflection_eager_write_lite,6a27ffc2,longmemeval_6a27ffc2,False,[durable] lme-videos-corey-schafer-python-programming-series-completed-so-far (confidence 0.73),"[""answer_77f32504_1"", ""answer_77f32504_2""]","[""longmemeval_6a27ffc2::obs_0::0"", ""longmemeval_6a27ffc2::obs_1::0""]","[""memory-longmemeval_6a27ffc2::obs_0::0""]",False,2,2,True,True,1,True,False,True,True,True,True,True,True,True,True
path_b_only_denominator,reflection_eager_write_lite,6aeb4375,longmemeval_6aeb4375,False,[durable] lme-korean-restaurants-tried-city (confidence 0.73),"[""answer_3f9693b7_1"", ""answer_3f9693b7_2""]","[""longmemeval_6aeb4375::obs_0::0"", ""longmemeval_6aeb4375::obs_1::0""]","[""memory-longmemeval_6aeb4375::obs_0::0""]",False,2,2,True,True,1,True,False,True,True,True,True,True,True,True,True
path_b_only_denominator,reflection_eager_write_lite,71315a70,longmemeval_71315a70,False,[durable] lme-hours-spent-abstract-ocean-sculpture (confidence 0.73),"[""answer_c44b9df4_1"", ""answer_c44b9df4_2""]","[""longmemeval_71315a70::obs_0::0"", ""longmemeval_71315a70::obs_1::0""]","[""memory-longmemeval_71315a70::obs_0::0""]",False,2,2,True,True,1,True,False,True,True,True,True,True,True,True,True
path_b_only_denominator,reflection_eager_write_lite,72e3ee87,longmemeval_72e3ee87,False,[durable] lme-episodes-science-series-completed-crash-course (confidence 0.73),"[""answer_d7de9a6a_1"", ""answer_d7de9a6a_2""]","[""longmemeval_72e3ee87::obs_0::0"", ""longmemeval_72e3ee87::obs_1::0""]","[""memory-longmemeval_72e3ee87::obs_0::0""]",False,2,2,True,True,1,True,False,True,True,True,True,True,True,True,True
path_b_only_denominator,reflection_eager_write_lite,7401057b,longmemeval_7401057b,False,[durable] lme-free-night-stays-can-redeem-at-any-hilton-property-accumulated-points (confidence 0.73),"[""answer_94650bfa_1"", ""answer_94650bfa_2""]","[""longmemeval_7401057b::obs_0::0"", ""longmemeval_7401057b::obs_1::0""]","[""memory-longmemeval_7401057b::obs_0::0""]",False,2,2,True,True,1,True,False,True,True,True,True,True,True,True,True
path_b_only_denominator,reflection_eager_write_lite,7a87bd0c,longmemeval_7a87bd0c,False,[durable] lme-long-been-sticking-daily-tidying-routine (confidence 0.73),"[""answer_d08a934d_1"", ""answer_d08a934d_2""]","[""longmemeval_7a87bd0c::obs_0::0"", ""longmemeval_7a87bd0c::obs_1::0""]","[""memory-longmemeval_7a87bd0c::obs_0::0""]",False,2,2,True,True,1,True,False,True,True,True,True,True,True,True,True
path_b_only_denominator,reflection_eager_write_lite,7e974930,longmemeval_7e974930,False,[durable] lme-much-earn-at-downtown-farmers-market-most-visit (confidence 0.73),"[""answer_c9f5693c_1"", ""answer_c9f5693c_2""]","[""longmemeval_7e974930::obs_0::0"", ""longmemeval_7e974930::obs_1::0""]","[""memory-longmemeval_7e974930::obs_0::0""]",False,2,2,True,True,1,True,False,True,True,True,True,True,True,True,True
path_b_only_denominator,reflection_eager_write_lite,830ce83f,longmemeval_830ce83f,False,[durable] lme-rachel-move-her-relocation (confidence 0.73),"[""answer_0b1a0942_1"", ""answer_0b1a0942_2""]","[""longmemeval_830ce83f::obs_0::0"", ""longmemeval_830ce83f::obs_1::0""]","[""memory-longmemeval_830ce83f::obs_0::0""]",False,2,2,True,True,1,True,False,True,True,True,True,True,True,True,True
path_b_only_denominator,reflection_eager_write_lite,852ce960,longmemeval_852ce960,False,[durable] lme-amount-pre-approved-got-mortgage-wells-fargo (confidence 0.73),"[""answer_3a6f1e82_1"", ""answer_3a6f1e82_2""]","[""longmemeval_852ce960::obs_0::0"", ""longmemeval_852ce960::obs_1::0""]","[""memory-longmemeval_852ce960::obs_0::0""]",False,2,2,True,True,1,True,False,True,True,True,True,True,True,True,True
path_b_only_denominator,reflection_eager_write_lite,89941a93,longmemeval_89941a93,False,[durable] lme-bikes-own (confidence 0.73),"[""answer_e1403127_1"", ""answer_e1403127_2""]","[""longmemeval_89941a93::obs_0::0"", ""longmemeval_89941a93::obs_1::0""]","[""memory-longmemeval_89941a93::obs_0::0""]",False,2,2,True,True,1,True,False,True,True,True,True,True,True,True,True
path_b_only_denominator,reflection_eager_write_lite,89941a94,longmemeval_89941a94,False,[durable] lme-before-purchased-gravel-bike-other-bikes-addition-mountain-bike-commuter-bike (confidence 0.73),"[""answer_e1403127_1"", ""answer_e1403127_2""]","[""longmemeval_89941a94::obs_0::0"", ""longmemeval_89941a94::obs_1::0""]","[""memory-longmemeval_89941a94::obs_0::0""]",False,2,2,True,True,1,True,False,True,True,True,True,True,True,True,True
path_b_only_denominator,reflection_eager_write_lite,8fb83627,longmemeval_8fb83627,False,[durable] lme-issues-national-geographic-finished-reading (confidence 0.73),"[""answer_966cecbb_1"", ""answer_966cecbb_2""]","[""longmemeval_8fb83627::obs_0::0"", ""longmemeval_8fb83627::obs_1::0""]","[""memory-longmemeval_8fb83627::obs_0::0""]",False,2,2,True,True,1,True,False,True,True,True,True,True,True,True,True
path_b_only_denominator,reflection_eager_write_lite,945e3d21,longmemeval_945e3d21,False,[durable] lme-often-attend-yoga-classes-help-anxiety (confidence 0.73),"[""answer_6a4f8626_1"", ""answer_6a4f8626_2""]","[""longmemeval_945e3d21::obs_0::0"", ""longmemeval_945e3d21::obs_1::0""]","[""memory-longmemeval_945e3d21::obs_0::0""]",False,2,2,True,True,1,True,False,True,True,True,True,True,True,True,True
path_b_only_denominator,reflection_eager_write_lite,9bbe84a2,longmemeval_9bbe84a2,False,[durable] lme-previous-goal-apex-legends-level-before-updated-goal (confidence 0.73),"[""answer_c6a0c6c2_1"", ""answer_c6a0c6c2_2""]","[""longmemeval_9bbe84a2::obs_0::0"", ""longmemeval_9bbe84a2::obs_1::0""]","[""memory-longmemeval_9bbe84a2::obs_0::0""]",False,2,2,True,True,1,True,False,True,True,True,True,True,True,True,True
path_b_only_denominator,reflection_eager_write_lite,9ea5eabc,longmemeval_9ea5eabc,False,[durable] lme-go-most-family-trip (confidence 0.73),"[""answer_02e66dec_1"", ""answer_02e66dec_2""]","[""longmemeval_9ea5eabc::obs_0::0"", ""longmemeval_9ea5eabc::obs_1::0""]","[""memory-longmemeval_9ea5eabc::obs_0::0""]",False,2,2,True,True,1,True,False,True,True,True,True,True,True,True,True
path_b_only_denominator,reflection_eager_write_lite,a1eacc2a,longmemeval_a1eacc2a,False,[durable] lme-short-stories-written-since-started-writing-regularly (confidence 0.73),"[""answer_0eb23770_1"", ""answer_0eb23770_2""]","[""longmemeval_a1eacc2a::obs_0::0"", ""longmemeval_a1eacc2a::obs_1::0""]","[""memory-longmemeval_a1eacc2a::obs_0::0""]",False,2,2,True,True,1,True,False,True,True,True,True,True,True,True,True
path_b_only_denominator,reflection_eager_write_lite,a2f3aa27,longmemeval_a2f3aa27,False,[durable] lme-followers-instagram-now (confidence 0.73),"[""answer_5126c02d_1"", ""answer_5126c02d_2""]","[""longmemeval_a2f3aa27::obs_0::0"", ""longmemeval_a2f3aa27::obs_1::0""]","[""memory-longmemeval_a2f3aa27::obs_0::0""]",False,2,2,True,True,1,True,False,True,True,True,True,True,True,True,True
path_b_only_denominator,reflection_eager_write_lite,affe2881,longmemeval_affe2881,False,[durable] lme-different-species-birds-seen-local-park (confidence 0.73),"[""answer_90de9b4d_1"", ""answer_90de9b4d_2""]","[""longmemeval_affe2881::obs_0::0"", ""longmemeval_affe2881::obs_1::0""]","[""memory-longmemeval_affe2881::obs_0::0""]",False,2,2,True,True,1,True,False,True,True,True,True,True,True,True,True
path_b_only_denominator,reflection_eager_write_lite,b01defab,longmemeval_b01defab,False,[durable] lme-finish-reading-nightingale-by-kristin-hannah (confidence 0.73),"[""answer_8c0712af_1"", ""answer_8c0712af_2""]","[""longmemeval_b01defab::obs_0::0"", ""longmemeval_b01defab::obs_1::0""]","[""memory-longmemeval_b01defab::obs_0::0""]",False,2,2,True,True,1,True,False,True,True,True,True,True,True,True,True
path_b_only_denominator,reflection_eager_write_lite,b6019101,longmemeval_b6019101,False,[durable] lme-mcu-films-watch-last-months (confidence 0.73),"[""answer_67074b4b_1"", ""answer_67074b4b_2""]","[""longmemeval_b6019101::obs_0::0"", ""longmemeval_b6019101::obs_1::0""]","[""memory-longmemeval_b6019101::obs_0::0""]",False,2,2,True,True,1,True,False,True,True,True,True,True,True,True,True
path_b_only_denominator,reflection_eager_write_lite,ba61f0b9,longmemeval_ba61f0b9,False,[durable] lme-women-team-led-by-former-manager-rachel (confidence 0.73),"[""answer_f377cda7_1"", ""answer_f377cda7_2""]","[""longmemeval_ba61f0b9::obs_0::0"", ""longmemeval_ba61f0b9::obs_1::0""]","[""memory-longmemeval_ba61f0b9::obs_0::0""]",False,2,2,True,True,1,True,False,True,True,True,True,True,True,True,True
path_b_only_denominator,reflection_eager_write_lite,c4ea545c,longmemeval_c4ea545c,False,[durable] lme-go-gym-more-frequently-than-previously (confidence 0.73),"[""answer_d3bf812b_1"", ""answer_d3bf812b_2""]","[""longmemeval_c4ea545c::obs_0::0"", ""longmemeval_c4ea545c::obs_1::0""]","[""memory-longmemeval_c4ea545c::obs_0::0""]",False,2,2,True,True,1,True,False,True,True,True,True,True,True,True,True
path_b_only_denominator,reflection_eager_write_lite,c6853660,longmemeval_c6853660,False,[durable] lme-mostly-increase-or-decrease-limit-number-cups-coffee-morning (confidence 0.73),"[""answer_626e93c4_1"", ""answer_626e93c4_2""]","[""longmemeval_c6853660::obs_0::0"", ""longmemeval_c6853660::obs_1::0""]","[""memory-longmemeval_c6853660::obs_0::0""]",False,2,2,True,True,1,True,False,True,True,True,True,True,True,True,True
path_b_only_denominator,reflection_eager_write_lite,c7dc5443,longmemeval_c7dc5443,False,[durable] lme-record-recreational-volleyball-league (confidence 0.73),"[""answer_0cdbca92_1"", ""answer_0cdbca92_2""]","[""longmemeval_c7dc5443::obs_0::0"", ""longmemeval_c7dc5443::obs_1::0""]","[""memory-longmemeval_c7dc5443::obs_0::0""]",False,2,2,True,True,1,True,False,True,True,True,True,True,True,True,True
path_b_only_denominator,reflection_eager_write_lite,cc5ded98,longmemeval_cc5ded98,False,[durable] lme-much-time-dedicate-coding-exercises-each-day (confidence 0.73),"[""answer_a5b68517_1"", ""answer_a5b68517_2""]","[""longmemeval_cc5ded98::obs_0::0"", ""longmemeval_cc5ded98::obs_1::0""]","[""memory-longmemeval_cc5ded98::obs_0::0""]",False,2,2,True,True,1,True,False,True,True,True,True,True,True,True,True
path_b_only_denominator,reflection_eager_write_lite,ce6d2d27,longmemeval_ce6d2d27,False,[durable] lme-day-week-take-cocktail-making-class (confidence 0.73),"[""answer_73540165_1"", ""answer_73540165_2""]","[""longmemeval_ce6d2d27::obs_0::0"", ""longmemeval_ce6d2d27::obs_1::0""]","[""memory-longmemeval_ce6d2d27::obs_0::0""]",False,2,2,True,True,1,True,False,True,True,True,True,True,True,True,True
path_b_only_denominator,reflection_eager_write_lite,cf22b7bf,longmemeval_cf22b7bf,False,[durable] lme-much-weight-lost-since-started-going-gym-consistently (confidence 0.73),"[""answer_ae3a122b_1"", ""answer_ae3a122b_2""]","[""longmemeval_cf22b7bf::obs_0::0"", ""longmemeval_cf22b7bf::obs_1::0""]","[""memory-longmemeval_cf22b7bf::obs_0::0""]",False,2,2,True,True,1,True,False,True,True,True,True,True,True,True,True
path_b_only_denominator,reflection_eager_write_lite,d7c942c3,longmemeval_d7c942c3,False,[durable] lme-mom-using-same-grocery-list-method-as (confidence 0.73),"[""answer_eecb10d9_1"", ""answer_eecb10d9_2""]","[""longmemeval_d7c942c3::obs_0::0"", ""longmemeval_d7c942c3::obs_1::0""]","[""memory-longmemeval_d7c942c3::obs_0::0""]",False,2,2,True,True,1,True,False,True,True,True,True,True,True,True,True
path_b_only_denominator,reflection_eager_write_lite,dad224aa,longmemeval_dad224aa,False,[durable] lme-time-wake-up-saturday-mornings (confidence 0.73),"[""answer_4a97ae40_1"", ""answer_4a97ae40_2""]","[""longmemeval_dad224aa::obs_0::0"", ""longmemeval_dad224aa::obs_1::0""]","[""memory-longmemeval_dad224aa::obs_0::0""]",False,2,2,True,True,1,True,False,True,True,True,True,True,True,True,True
path_b_only_denominator,reflection_eager_write_lite,db467c8c,longmemeval_db467c8c,False,[durable] lme-long-parents-been-staying-us (confidence 0.73),"[""answer_611b6e83_1"", ""answer_611b6e83_2""]","[""longmemeval_db467c8c::obs_0::0"", ""longmemeval_db467c8c::obs_1::0""]","[""memory-longmemeval_db467c8c::obs_0::0""]",False,2,2,True,True,1,True,False,True,True,True,True,True,True,True,True
path_b_only_denominator,reflection_eager_write_lite,dfde3500,longmemeval_dfde3500,False,[durable] lme-day-week-meet-previous-language-exchange-tutor-juan (confidence 0.73),"[""answer_35d6c0be_1"", ""answer_35d6c0be_2""]","[""longmemeval_dfde3500::obs_0::0"", ""longmemeval_dfde3500::obs_1::0""]","[""memory-longmemeval_dfde3500::obs_0::0""]",False,2,2,True,True,1,True,False,True,True,True,True,True,True,True,True
path_b_only_denominator,reflection_eager_write_lite,e493bb7c,longmemeval_e493bb7c,False,[durable] lme-painting-ethereal-dreams-by-emma-taylor-hanging (confidence 0.73),"[""answer_1a374afa_1"", ""answer_1a374afa_2""]","[""longmemeval_e493bb7c::obs_0::0"", ""longmemeval_e493bb7c::obs_1::0""]","[""memory-longmemeval_e493bb7c::obs_0::0""]",False,2,2,True,True,1,True,False,True,True,True,True,True,True,True,True
path_b_only_denominator,reflection_eager_write_lite,e61a7584,longmemeval_e61a7584,False,[durable] lme-long-cat-luna (confidence 0.73),"[""answer_f25c32f5_1"", ""answer_f25c32f5_2""]","[""longmemeval_e61a7584::obs_0::0"", ""longmemeval_e61a7584::obs_1::0""]","[""memory-longmemeval_e61a7584::obs_0::0""]",False,2,2,True,True,1,True,False,True,True,True,True,True,True,True,True
path_b_only_denominator,reflection_eager_write_lite,e66b632c,longmemeval_e66b632c,False,[durable] lme-previous-personal-best-time-charity-5k-run (confidence 0.73),"[""answer_ac0140ce_1"", ""answer_ac0140ce_2""]","[""longmemeval_e66b632c::obs_0::0"", ""longmemeval_e66b632c::obs_1::0""]","[""memory-longmemeval_e66b632c::obs_0::0""]",False,2,2,True,True,1,True,False,True,True,True,True,True,True,True,True
path_b_only_denominator,reflection_eager_write_lite,eace081b,longmemeval_eace081b,False,[durable] lme-planning-stay-birthday-trip-hawaii (confidence 0.73),"[""answer_8a791264_1"", ""answer_8a791264_2""]","[""longmemeval_eace081b::obs_0::0"", ""longmemeval_eace081b::obs_1::0""]","[""memory-longmemeval_eace081b::obs_0::0""]",False,2,2,True,True,1,True,False,True,True,True,True,True,True,True,True
path_b_only_denominator,reflection_eager_write_lite,ed4ddc30,longmemeval_ed4ddc30,False,[durable] lme-dozen-eggs-we-stocked-up-our-refrigerator (confidence 0.73),"[""answer_babbaccb_1"", ""answer_babbaccb_2""]","[""longmemeval_ed4ddc30::obs_0::0"", ""longmemeval_ed4ddc30::obs_1::0""]","[""memory-longmemeval_ed4ddc30::obs_0::0""]",False,2,2,True,True,1,True,False,True,True,True,True,True,True,True,True
path_b_only_denominator,reflection_eager_write_lite,f685340e,longmemeval_f685340e,False,[durable] lme-often-play-tennis-friends-at-local-park-previously (confidence 0.73),"[""answer_25df025b_1"", ""answer_25df025b_2""]","[""longmemeval_f685340e::obs_0::0"", ""longmemeval_f685340e::obs_1::0""]","[""memory-longmemeval_f685340e::obs_0::0""]",False,2,2,True,True,1,True,False,True,True,True,True,True,True,True,True
path_b_only_denominator,reflection_eager_write_lite,f9e8c073,longmemeval_f9e8c073,False,[durable] lme-sessions-bereavement-support-group-attend (confidence 0.73),"[""answer_b191df5b_1"", ""answer_b191df5b_2""]","[""longmemeval_f9e8c073::obs_0::0"", ""longmemeval_f9e8c073::obs_1::0""]","[""memory-longmemeval_f9e8c073::obs_0::0""]",False,2,2,True,True,1,True,False,True,True,True,True,True,True,True,True
path_b_only_denominator,consolidation_queue_lite,01493427,longmemeval_01493427,False,[pending] lme-new-postcards-added-collection-since-started-collecting-again (strength 0.70),"[""answer_a7b44747_2""]","[""longmemeval_01493427::obs_1::0""]",[],True,2,1,True,False,1,True,False,True,False,True,False,True,False,True,False
path_b_only_denominator,consolidation_queue_lite,031748ae,longmemeval_031748ae,False,[pending] lme-engineers-lead-just-started-new-role-as-senior-software-engineer (strength 0.70),"[""answer_8748f791_2""]","[""longmemeval_031748ae::obs_1::0""]",[],True,2,1,True,False,1,True,False,True,False,True,False,True,False,True,False
path_b_only_denominator,consolidation_queue_lite,06db6396,longmemeval_06db6396,False,[pending] lme-projects-completed-since-starting-painting-classes (strength 0.70),"[""answer_da72b1b4_2""]","[""longmemeval_06db6396::obs_1::0""]",[],True,2,1,True,False,1,True,False,True,False,True,False,True,False,True,False
path_b_only_denominator,consolidation_queue_lite,07741c44,longmemeval_07741c44,False,[pending] lme-initially-keep-old-sneakers (strength 0.70),"[""answer_7e9ad7b4_2""]","[""longmemeval_07741c44::obs_1::0""]",[],True,2,1,True,False,1,True,False,True,False,True,False,True,False,True,False
path_b_only_denominator,consolidation_queue_lite,07741c45,longmemeval_07741c45,False,[pending] lme-keep-old-sneakers (strength 0.70),"[""answer_7e9ad7b4_2""]","[""longmemeval_07741c45::obs_1::0""]",[],True,2,1,True,False,1,True,False,True,False,True,False,True,False,True,False
path_b_only_denominator,consolidation_queue_lite,08e075c7,longmemeval_08e075c7,False,[pending] lme-long-been-using-fitbit-charge (strength 0.70),"[""answer_cdbe2250_2""]","[""longmemeval_08e075c7::obs_1::0""]",[],True,2,1,True,False,1,True,False,True,False,True,False,True,False,True,False
path_b_only_denominator,consolidation_queue_lite,0977f2af,longmemeval_0977f2af,False,[pending] lme-new-kitchen-gadget-invest-before-getting-air-fryer (strength 0.70),"[""answer_3bf5b73b_2""]","[""longmemeval_0977f2af::obs_1::0""]",[],True,2,1,True,False,1,True,False,True,False,True,False,True,False,True,False
path_b_only_denominator,consolidation_queue_lite,0ddfec37,longmemeval_0ddfec37,False,[pending] lme-autographed-baseballs-added-collection-first-three-months-collection (strength 0.70),"[""answer_a22b654d_2""]","[""longmemeval_0ddfec37::obs_1::0""]",[],True,2,1,True,False,1,True,False,True,False,True,False,True,False,True,False
path_b_only_denominator,consolidation_queue_lite,0e4e4c46,longmemeval_0e4e4c46,False,[pending] lme-highest-score-ticket-ride (strength 0.70),"[""answer_f2f998c7_2""]","[""longmemeval_0e4e4c46::obs_1::0""]",[],True,2,1,True,False,1,True,False,True,False,True,False,True,False,True,False
path_b_only_denominator,consolidation_queue_lite,0f05491a,longmemeval_0f05491a,False,[pending] lme-stars-need-reach-gold-level-starbucks-rewards-app (strength 0.70),"[""answer_d6d2eba8_2""]","[""longmemeval_0f05491a::obs_1::0""]",[],True,2,1,True,False,1,True,False,True,False,True,False,True,False,True,False
path_b_only_denominator,consolidation_queue_lite,10e09553,longmemeval_10e09553,False,[pending] lme-largemouth-bass-catch-alex-earlier-fishing-trip-lake-michigan-before-22-trip (strength 0.70),"[""answer_67be2c38_2""]","[""longmemeval_10e09553::obs_1::0""]",[],True,2,1,True,False,1,True,False,True,False,True,False,True,False,True,False
path_b_only_denominator,consolidation_queue_lite,184da446,longmemeval_184da446,False,[pending] lme-pages-short-history-nearly-everything-read-so-far (strength 0.70),"[""answer_e2f4f947_2""]","[""longmemeval_184da446::obs_1::0""]",[],True,2,1,True,False,1,True,False,True,False,True,False,True,False,True,False
path_b_only_denominator,consolidation_queue_lite,18bc8abd,longmemeval_18bc8abd,False,[pending] lme-brand-bbq-sauce-obsessed (strength 0.70),"[""answer_fff743f5_2""]","[""longmemeval_18bc8abd::obs_1::0""]",[],True,2,1,True,False,1,True,False,True,False,True,False,True,False,True,False
path_b_only_denominator,consolidation_queue_lite,1cea1afa,longmemeval_1cea1afa,False,[pending] lme-instagram-followers (strength 0.70),"[""answer_79c395a9_2""]","[""longmemeval_1cea1afa::obs_1::0""]",[],True,2,1,True,False,1,True,False,True,False,True,False,True,False,True,False
path_b_only_denominator,consolidation_queue_lite,2133c1b5,longmemeval_2133c1b5,False,[pending] lme-long-been-living-apartment-harajuku (strength 0.70),"[""answer_52382508_2""]","[""longmemeval_2133c1b5::obs_1::0""]",[],True,2,1,True,False,1,True,False,True,False,True,False,True,False,True,False
path_b_only_denominator,consolidation_queue_lite,22d2cb42,longmemeval_22d2cb42,False,[pending] lme-get-guitar-serviced (strength 0.70),"[""answer_bcce0b73_2""]","[""longmemeval_22d2cb42::obs_1::0""]",[],True,2,1,True,False,1,True,False,True,False,True,False,True,False,True,False
path_b_only_denominator,consolidation_queue_lite,2698e78f,longmemeval_2698e78f,False,[pending] lme-often-see-therapist-dr (strength 0.70),"[""answer_9282283d_2""]","[""longmemeval_2698e78f::obs_1::0""]",[],True,2,1,True,False,1,True,False,True,False,True,False,True,False,True,False
path_b_only_denominator,consolidation_queue_lite,26bdc477,longmemeval_26bdc477,False,[pending] lme-trips-taken-canon-eos-80d-camera (strength 0.70),"[""answer_f762ad8d_2""]","[""longmemeval_26bdc477::obs_1::0""]",[],True,2,1,True,False,1,True,False,True,False,True,False,True,False,True,False
path_b_only_denominator,consolidation_queue_lite,3ba21379,longmemeval_3ba21379,False,[pending] lme-type-vehicle-model-working (strength 0.70),"[""answer_cd345582_2""]","[""longmemeval_3ba21379::obs_1::0""]",[],True,2,1,True,False,1,True,False,True,False,True,False,True,False,True,False
path_b_only_denominator,consolidation_queue_lite,41698283,longmemeval_41698283,False,[pending] lme-type-camera-lens-purchase-most (strength 0.70),"[""answer_c7ddc051_2""]","[""longmemeval_41698283::obs_1::0""]",[],True,2,1,True,False,1,True,False,True,False,True,False,True,False,True,False
path_b_only_denominator,consolidation_queue_lite,42ec0761,longmemeval_42ec0761,False,[pending] lme-spare-screwdriver-opening-up-laptop (strength 0.70),"[""answer_e3892371_2""]","[""longmemeval_42ec0761::obs_1::0""]",[],True,2,1,True,False,1,True,False,True,False,True,False,True,False,True,False
path_b_only_denominator,consolidation_queue_lite,45dc21b6,longmemeval_45dc21b6,False,[pending] lme-emma-recipes-tried-out (strength 0.70),"[""answer_07664d43_2""]","[""longmemeval_45dc21b6::obs_1::0""]",[],True,2,1,True,False,1,True,False,True,False,True,False,True,False,True,False
path_b_only_denominator,consolidation_queue_lite,4b24c848,longmemeval_4b24c848,False,[pending] lme-tops-bought-so-far (strength 0.70),"[""answer_2cec623b_2""]","[""longmemeval_4b24c848::obs_1::0""]",[],True,2,1,True,False,1,True,False,True,False,True,False,True,False,True,False
path_b_only_denominator,consolidation_queue_lite,4d6b87c8,longmemeval_4d6b87c8,False,[pending] lme-titles-watch-list (strength 0.70),"[""answer_766ab8da_2""]","[""longmemeval_4d6b87c8::obs_1::0""]",[],True,2,1,True,False,1,True,False,True,False,True,False,True,False,True,False
path_b_only_denominator,consolidation_queue_lite,50635ada,longmemeval_50635ada,False,[pending] lme-previous-frequent-flyer-status-united-airlines-before-got-status (strength 0.70),"[""answer_dcd74827_2""]","[""longmemeval_50635ada::obs_1::0""]",[],True,2,1,True,False,1,True,False,True,False,True,False,True,False,True,False
path_b_only_denominator,consolidation_queue_lite,5831f84d,longmemeval_5831f84d,False,[pending] lme-crash-course-videos-watched-past-few-weeks (strength 0.70),"[""answer_8d63a897_2""]","[""longmemeval_5831f84d::obs_1::0""]",[],True,2,1,True,False,1,True,False,True,False,True,False,True,False,True,False
path_b_only_denominator,consolidation_queue_lite,59524333,longmemeval_59524333,False,[pending] lme-time-usually-go-gym (strength 0.70),"[""answer_b28f2c7a_2""]","[""longmemeval_59524333::obs_1::0""]",[],True,2,1,True,False,1,True,False,True,False,True,False,True,False,True,False
path_b_only_denominator,consolidation_queue_lite,5a4f22c0,longmemeval_5a4f22c0,False,[pending] lme-company-rachel-old-colleague-previous-company-working-at (strength 0.70),"[""answer_b0f3dfff_2""]","[""longmemeval_5a4f22c0::obs_1::0""]",[],True,2,1,True,False,1,True,False,True,False,True,False,True,False,True,False
path_b_only_denominator,consolidation_queue_lite,5c40ec5b,longmemeval_5c40ec5b,False,[pending] lme-times-met-up-alex-germany (strength 0.70),"[""answer_1cb52d0a_2""]","[""longmemeval_5c40ec5b::obs_1::0""]",[],True,2,1,True,False,1,True,False,True,False,True,False,True,False,True,False
path_b_only_denominator,consolidation_queue_lite,603deb26,longmemeval_603deb26,False,[pending] lme-times-tried-making-negroni-at-home-since-friend-emma-showed-make-it (strength 0.70),"[""answer_8afdebac_2""]","[""longmemeval_603deb26::obs_1::0""]",[],True,2,1,True,False,1,True,False,True,False,True,False,True,False,True,False
path_b_only_denominator,consolidation_queue_lite,6071bd76,longmemeval_6071bd76,False,[pending] lme-coffee-water-ratio-french-press-switch-more-water-per-tablespoon-coffee-or (strength 0.70),"[""answer_4dac77cb_2""]","[""longmemeval_6071bd76::obs_1::0""]",[],True,2,1,True,False,1,True,False,True,False,True,False,True,False,True,False
path_b_only_denominator,consolidation_queue_lite,618f13b2,longmemeval_618f13b2,False,[pending] lme-times-worn-new-black-converse-chuck-taylor-all-star-sneakers (strength 0.70),"[""answer_caf5b52e_2""]","[""longmemeval_618f13b2::obs_1::0""]",[],True,2,1,True,False,1,True,False,True,False,True,False,True,False,True,False
path_b_only_denominator,consolidation_queue_lite,69fee5aa,longmemeval_69fee5aa,False,[pending] lme-pre-1920-american-coins-collection (strength 0.70),"[""answer_d6028d6e_2""]","[""longmemeval_69fee5aa::obs_1::0""]",[],True,2,1,True,False,1,True,False,True,False,True,False,True,False,True,False
path_b_only_denominator,consolidation_queue_lite,6a1eabeb,longmemeval_6a1eabeb,False,[pending] lme-personal-best-time-charity-5k-run (strength 0.70),"[""answer_a25d4a91_2""]","[""longmemeval_6a1eabeb::obs_1::0""]",[],True,2,1,True,False,1,True,False,True,False,True,False,True,False,True,False
path_b_only_denominator,consolidation_queue_lite,6a27ffc2,longmemeval_6a27ffc2,False,[pending] lme-videos-corey-schafer-python-programming-series-completed-so-far (strength 0.70),"[""answer_77f32504_2""]","[""longmemeval_6a27ffc2::obs_1::0""]",[],True,2,1,True,False,1,True,False,True,False,True,False,True,False,True,False
path_b_only_denominator,consolidation_queue_lite,6aeb4375,longmemeval_6aeb4375,False,[pending] lme-korean-restaurants-tried-city (strength 0.70),"[""answer_3f9693b7_2""]","[""longmemeval_6aeb4375::obs_1::0""]",[],True,2,1,True,False,1,True,False,True,False,True,False,True,False,True,False
path_b_only_denominator,consolidation_queue_lite,71315a70,longmemeval_71315a70,False,[pending] lme-hours-spent-abstract-ocean-sculpture (strength 0.70),"[""answer_c44b9df4_2""]","[""longmemeval_71315a70::obs_1::0""]",[],True,2,1,True,False,1,True,False,True,False,True,False,True,False,True,False
path_b_only_denominator,consolidation_queue_lite,72e3ee87,longmemeval_72e3ee87,False,[pending] lme-episodes-science-series-completed-crash-course (strength 0.70),"[""answer_d7de9a6a_2""]","[""longmemeval_72e3ee87::obs_1::0""]",[],True,2,1,True,False,1,True,False,True,False,True,False,True,False,True,False
path_b_only_denominator,consolidation_queue_lite,7401057b,longmemeval_7401057b,False,[pending] lme-free-night-stays-can-redeem-at-any-hilton-property-accumulated-points (strength 0.70),"[""answer_94650bfa_2""]","[""longmemeval_7401057b::obs_1::0""]",[],True,2,1,True,False,1,True,False,True,False,True,False,True,False,True,False
path_b_only_denominator,consolidation_queue_lite,7a87bd0c,longmemeval_7a87bd0c,False,[pending] lme-long-been-sticking-daily-tidying-routine (strength 0.70),"[""answer_d08a934d_2""]","[""longmemeval_7a87bd0c::obs_1::0""]",[],True,2,1,True,False,1,True,False,True,False,True,False,True,False,True,False
path_b_only_denominator,consolidation_queue_lite,7e974930,longmemeval_7e974930,False,[pending] lme-much-earn-at-downtown-farmers-market-most-visit (strength 0.70),"[""answer_c9f5693c_2""]","[""longmemeval_7e974930::obs_1::0""]",[],True,2,1,True,False,1,True,False,True,False,True,False,True,False,True,False
path_b_only_denominator,consolidation_queue_lite,830ce83f,longmemeval_830ce83f,False,[pending] lme-rachel-move-her-relocation (strength 0.70),"[""answer_0b1a0942_2""]","[""longmemeval_830ce83f::obs_1::0""]",[],True,2,1,True,False,1,True,False,True,False,True,False,True,False,True,False
path_b_only_denominator,consolidation_queue_lite,852ce960,longmemeval_852ce960,False,[pending] lme-amount-pre-approved-got-mortgage-wells-fargo (strength 0.70),"[""answer_3a6f1e82_2""]","[""longmemeval_852ce960::obs_1::0""]",[],True,2,1,True,False,1,True,False,True,False,True,False,True,False,True,False
path_b_only_denominator,consolidation_queue_lite,89941a93,longmemeval_89941a93,False,[pending] lme-bikes-own (strength 0.70),"[""answer_e1403127_2""]","[""longmemeval_89941a93::obs_1::0""]",[],True,2,1,True,False,1,True,False,True,False,True,False,True,False,True,False
path_b_only_denominator,consolidation_queue_lite,89941a94,longmemeval_89941a94,False,[pending] lme-before-purchased-gravel-bike-other-bikes-addition-mountain-bike-commuter-bike (strength 0.70),"[""answer_e1403127_2""]","[""longmemeval_89941a94::obs_1::0""]",[],True,2,1,True,False,1,True,False,True,False,True,False,True,False,True,False
path_b_only_denominator,consolidation_queue_lite,8fb83627,longmemeval_8fb83627,False,[pending] lme-issues-national-geographic-finished-reading (strength 0.70),"[""answer_966cecbb_2""]","[""longmemeval_8fb83627::obs_1::0""]",[],True,2,1,True,False,1,True,False,True,False,True,False,True,False,True,False
path_b_only_denominator,consolidation_queue_lite,945e3d21,longmemeval_945e3d21,False,[pending] lme-often-attend-yoga-classes-help-anxiety (strength 0.70),"[""answer_6a4f8626_2""]","[""longmemeval_945e3d21::obs_1::0""]",[],True,2,1,True,False,1,True,False,True,False,True,False,True,False,True,False
path_b_only_denominator,consolidation_queue_lite,9bbe84a2,longmemeval_9bbe84a2,False,[pending] lme-previous-goal-apex-legends-level-before-updated-goal (strength 0.70),"[""answer_c6a0c6c2_2""]","[""longmemeval_9bbe84a2::obs_1::0""]",[],True,2,1,True,False,1,True,False,True,False,True,False,True,False,True,False
path_b_only_denominator,consolidation_queue_lite,9ea5eabc,longmemeval_9ea5eabc,False,[pending] lme-go-most-family-trip (strength 0.70),"[""answer_02e66dec_2""]","[""longmemeval_9ea5eabc::obs_1::0""]",[],True,2,1,True,False,1,True,False,True,False,True,False,True,False,True,False
path_b_only_denominator,consolidation_queue_lite,a1eacc2a,longmemeval_a1eacc2a,False,[pending] lme-short-stories-written-since-started-writing-regularly (strength 0.70),"[""answer_0eb23770_2""]","[""longmemeval_a1eacc2a::obs_1::0""]",[],True,2,1,True,False,1,True,False,True,False,True,False,True,False,True,False
path_b_only_denominator,consolidation_queue_lite,a2f3aa27,longmemeval_a2f3aa27,False,[pending] lme-followers-instagram-now (strength 0.70),"[""answer_5126c02d_2""]","[""longmemeval_a2f3aa27::obs_1::0""]",[],True,2,1,True,False,1,True,False,True,False,True,False,True,False,True,False
path_b_only_denominator,consolidation_queue_lite,affe2881,longmemeval_affe2881,False,[pending] lme-different-species-birds-seen-local-park (strength 0.70),"[""answer_90de9b4d_2""]","[""longmemeval_affe2881::obs_1::0""]",[],True,2,1,True,False,1,True,False,True,False,True,False,True,False,True,False
path_b_only_denominator,consolidation_queue_lite,b01defab,longmemeval_b01defab,False,[pending] lme-finish-reading-nightingale-by-kristin-hannah (strength 0.70),"[""answer_8c0712af_2""]","[""longmemeval_b01defab::obs_1::0""]",[],True,2,1,True,False,1,True,False,True,False,True,False,True,False,True,False
path_b_only_denominator,consolidation_queue_lite,b6019101,longmemeval_b6019101,False,[pending] lme-mcu-films-watch-last-months (strength 0.70),"[""answer_67074b4b_2""]","[""longmemeval_b6019101::obs_1::0""]",[],True,2,1,True,False,1,True,False,True,False,True,False,True,False,True,False
path_b_only_denominator,consolidation_queue_lite,ba61f0b9,longmemeval_ba61f0b9,False,[pending] lme-women-team-led-by-former-manager-rachel (strength 0.70),"[""answer_f377cda7_2""]","[""longmemeval_ba61f0b9::obs_1::0""]",[],True,2,1,True,False,1,True,False,True,False,True,False,True,False,True,False
path_b_only_denominator,consolidation_queue_lite,c4ea545c,longmemeval_c4ea545c,False,[pending] lme-go-gym-more-frequently-than-previously (strength 0.70),"[""answer_d3bf812b_2""]","[""longmemeval_c4ea545c::obs_1::0""]",[],True,2,1,True,False,1,True,False,True,False,True,False,True,False,True,False
path_b_only_denominator,consolidation_queue_lite,c6853660,longmemeval_c6853660,False,[pending] lme-mostly-increase-or-decrease-limit-number-cups-coffee-morning (strength 0.70),"[""answer_626e93c4_2""]","[""longmemeval_c6853660::obs_1::0""]",[],True,2,1,True,False,1,True,False,True,False,True,False,True,False,True,False
path_b_only_denominator,consolidation_queue_lite,c7dc5443,longmemeval_c7dc5443,False,[pending] lme-record-recreational-volleyball-league (strength 0.70),"[""answer_0cdbca92_2""]","[""longmemeval_c7dc5443::obs_1::0""]",[],True,2,1,True,False,1,True,False,True,False,True,False,True,False,True,False
path_b_only_denominator,consolidation_queue_lite,cc5ded98,longmemeval_cc5ded98,False,[pending] lme-much-time-dedicate-coding-exercises-each-day (strength 0.70),"[""answer_a5b68517_2""]","[""longmemeval_cc5ded98::obs_1::0""]",[],True,2,1,True,False,1,True,False,True,False,True,False,True,False,True,False
path_b_only_denominator,consolidation_queue_lite,ce6d2d27,longmemeval_ce6d2d27,False,[pending] lme-day-week-take-cocktail-making-class (strength 0.70),"[""answer_73540165_2""]","[""longmemeval_ce6d2d27::obs_1::0""]",[],True,2,1,True,False,1,True,False,True,False,True,False,True,False,True,False
path_b_only_denominator,consolidation_queue_lite,cf22b7bf,longmemeval_cf22b7bf,False,[pending] lme-much-weight-lost-since-started-going-gym-consistently (strength 0.70),"[""answer_ae3a122b_2""]","[""longmemeval_cf22b7bf::obs_1::0""]",[],True,2,1,True,False,1,True,False,True,False,True,False,True,False,True,False
path_b_only_denominator,consolidation_queue_lite,d7c942c3,longmemeval_d7c942c3,False,[pending] lme-mom-using-same-grocery-list-method-as (strength 0.70),"[""answer_eecb10d9_2""]","[""longmemeval_d7c942c3::obs_1::0""]",[],True,2,1,True,False,1,True,False,True,False,True,False,True,False,True,False
path_b_only_denominator,consolidation_queue_lite,dad224aa,longmemeval_dad224aa,False,[pending] lme-time-wake-up-saturday-mornings (strength 0.70),"[""answer_4a97ae40_2""]","[""longmemeval_dad224aa::obs_1::0""]",[],True,2,1,True,False,1,True,False,True,False,True,False,True,False,True,False
path_b_only_denominator,consolidation_queue_lite,db467c8c,longmemeval_db467c8c,False,[pending] lme-long-parents-been-staying-us (strength 0.70),"[""answer_611b6e83_2""]","[""longmemeval_db467c8c::obs_1::0""]",[],True,2,1,True,False,1,True,False,True,False,True,False,True,False,True,False
path_b_only_denominator,consolidation_queue_lite,dfde3500,longmemeval_dfde3500,False,[pending] lme-day-week-meet-previous-language-exchange-tutor-juan (strength 0.70),"[""answer_35d6c0be_2""]","[""longmemeval_dfde3500::obs_1::0""]",[],True,2,1,True,False,1,True,False,True,False,True,False,True,False,True,False
path_b_only_denominator,consolidation_queue_lite,e493bb7c,longmemeval_e493bb7c,False,[pending] lme-painting-ethereal-dreams-by-emma-taylor-hanging (strength 0.70),"[""answer_1a374afa_2""]","[""longmemeval_e493bb7c::obs_1::0""]",[],True,2,1,True,False,1,True,False,True,False,True,False,True,False,True,False
path_b_only_denominator,consolidation_queue_lite,e61a7584,longmemeval_e61a7584,False,[pending] lme-long-cat-luna (strength 0.70),"[""answer_f25c32f5_2""]","[""longmemeval_e61a7584::obs_1::0""]",[],True,2,1,True,False,1,True,False,True,False,True,False,True,False,True,False
path_b_only_denominator,consolidation_queue_lite,e66b632c,longmemeval_e66b632c,False,[pending] lme-previous-personal-best-time-charity-5k-run (strength 0.70),"[""answer_ac0140ce_2""]","[""longmemeval_e66b632c::obs_1::0""]",[],True,2,1,True,False,1,True,False,True,False,True,False,True,False,True,False
path_b_only_denominator,consolidation_queue_lite,eace081b,longmemeval_eace081b,False,[pending] lme-planning-stay-birthday-trip-hawaii (strength 0.70),"[""answer_8a791264_2""]","[""longmemeval_eace081b::obs_1::0""]",[],True,2,1,True,False,1,True,False,True,False,True,False,True,False,True,False
path_b_only_denominator,consolidation_queue_lite,ed4ddc30,longmemeval_ed4ddc30,False,[pending] lme-dozen-eggs-we-stocked-up-our-refrigerator (strength 0.70),"[""answer_babbaccb_2""]","[""longmemeval_ed4ddc30::obs_1::0""]",[],True,2,1,True,False,1,True,False,True,False,True,False,True,False,True,False
path_b_only_denominator,consolidation_queue_lite,f685340e,longmemeval_f685340e,False,[pending] lme-often-play-tennis-friends-at-local-park-previously (strength 0.70),"[""answer_25df025b_2""]","[""longmemeval_f685340e::obs_1::0""]",[],True,2,1,True,False,1,True,False,True,False,True,False,True,False,True,False
path_b_only_denominator,consolidation_queue_lite,f9e8c073,longmemeval_f9e8c073,False,[pending] lme-sessions-bereavement-support-group-attend (strength 0.70),"[""answer_b191df5b_2""]","[""longmemeval_f9e8c073::obs_1::0""]",[],True,2,1,True,False,1,True,False,True,False,True,False,True,False,True,False
path_b_only_denominator,cq_no_contestation_demotion,01493427,longmemeval_01493427,False,[pending] lme-new-postcards-added-collection-since-started-collecting-again (strength 0.70),"[""answer_a7b44747_2""]","[""longmemeval_01493427::obs_1::0""]",[],True,2,1,True,False,1,True,False,True,False,True,False,True,False,True,False
path_b_only_denominator,cq_no_contestation_demotion,031748ae,longmemeval_031748ae,False,[pending] lme-engineers-lead-just-started-new-role-as-senior-software-engineer (strength 0.70),"[""answer_8748f791_2""]","[""longmemeval_031748ae::obs_1::0""]",[],True,2,1,True,False,1,True,False,True,False,True,False,True,False,True,False
path_b_only_denominator,cq_no_contestation_demotion,06db6396,longmemeval_06db6396,False,[pending] lme-projects-completed-since-starting-painting-classes (strength 0.70),"[""answer_da72b1b4_2""]","[""longmemeval_06db6396::obs_1::0""]",[],True,2,1,True,False,1,True,False,True,False,True,False,True,False,True,False
path_b_only_denominator,cq_no_contestation_demotion,07741c44,longmemeval_07741c44,False,[pending] lme-initially-keep-old-sneakers (strength 0.70),"[""answer_7e9ad7b4_2""]","[""longmemeval_07741c44::obs_1::0""]",[],True,2,1,True,False,1,True,False,True,False,True,False,True,False,True,False
path_b_only_denominator,cq_no_contestation_demotion,07741c45,longmemeval_07741c45,False,[pending] lme-keep-old-sneakers (strength 0.70),"[""answer_7e9ad7b4_2""]","[""longmemeval_07741c45::obs_1::0""]",[],True,2,1,True,False,1,True,False,True,False,True,False,True,False,True,False
path_b_only_denominator,cq_no_contestation_demotion,08e075c7,longmemeval_08e075c7,False,[pending] lme-long-been-using-fitbit-charge (strength 0.70),"[""answer_cdbe2250_2""]","[""longmemeval_08e075c7::obs_1::0""]",[],True,2,1,True,False,1,True,False,True,False,True,False,True,False,True,False
path_b_only_denominator,cq_no_contestation_demotion,0977f2af,longmemeval_0977f2af,False,[pending] lme-new-kitchen-gadget-invest-before-getting-air-fryer (strength 0.70),"[""answer_3bf5b73b_2""]","[""longmemeval_0977f2af::obs_1::0""]",[],True,2,1,True,False,1,True,False,True,False,True,False,True,False,True,False
path_b_only_denominator,cq_no_contestation_demotion,0ddfec37,longmemeval_0ddfec37,False,[pending] lme-autographed-baseballs-added-collection-first-three-months-collection (strength 0.70),"[""answer_a22b654d_2""]","[""longmemeval_0ddfec37::obs_1::0""]",[],True,2,1,True,False,1,True,False,True,False,True,False,True,False,True,False
path_b_only_denominator,cq_no_contestation_demotion,0e4e4c46,longmemeval_0e4e4c46,False,[pending] lme-highest-score-ticket-ride (strength 0.70),"[""answer_f2f998c7_2""]","[""longmemeval_0e4e4c46::obs_1::0""]",[],True,2,1,True,False,1,True,False,True,False,True,False,True,False,True,False
path_b_only_denominator,cq_no_contestation_demotion,0f05491a,longmemeval_0f05491a,False,[pending] lme-stars-need-reach-gold-level-starbucks-rewards-app (strength 0.70),"[""answer_d6d2eba8_2""]","[""longmemeval_0f05491a::obs_1::0""]",[],True,2,1,True,False,1,True,False,True,False,True,False,True,False,True,False
path_b_only_denominator,cq_no_contestation_demotion,10e09553,longmemeval_10e09553,False,[pending] lme-largemouth-bass-catch-alex-earlier-fishing-trip-lake-michigan-before-22-trip (strength 0.70),"[""answer_67be2c38_2""]","[""longmemeval_10e09553::obs_1::0""]",[],True,2,1,True,False,1,True,False,True,False,True,False,True,False,True,False
path_b_only_denominator,cq_no_contestation_demotion,184da446,longmemeval_184da446,False,[pending] lme-pages-short-history-nearly-everything-read-so-far (strength 0.70),"[""answer_e2f4f947_2""]","[""longmemeval_184da446::obs_1::0""]",[],True,2,1,True,False,1,True,False,True,False,True,False,True,False,True,False
path_b_only_denominator,cq_no_contestation_demotion,18bc8abd,longmemeval_18bc8abd,False,[pending] lme-brand-bbq-sauce-obsessed (strength 0.70),"[""answer_fff743f5_2""]","[""longmemeval_18bc8abd::obs_1::0""]",[],True,2,1,True,False,1,True,False,True,False,True,False,True,False,True,False
path_b_only_denominator,cq_no_contestation_demotion,1cea1afa,longmemeval_1cea1afa,False,[pending] lme-instagram-followers (strength 0.70),"[""answer_79c395a9_2""]","[""longmemeval_1cea1afa::obs_1::0""]",[],True,2,1,True,False,1,True,False,True,False,True,False,True,False,True,False
path_b_only_denominator,cq_no_contestation_demotion,2133c1b5,longmemeval_2133c1b5,False,[pending] lme-long-been-living-apartment-harajuku (strength 0.70),"[""answer_52382508_2""]","[""longmemeval_2133c1b5::obs_1::0""]",[],True,2,1,True,False,1,True,False,True,False,True,False,True,False,True,False
path_b_only_denominator,cq_no_contestation_demotion,22d2cb42,longmemeval_22d2cb42,False,[pending] lme-get-guitar-serviced (strength 0.70),"[""answer_bcce0b73_2""]","[""longmemeval_22d2cb42::obs_1::0""]",[],True,2,1,True,False,1,True,False,True,False,True,False,True,False,True,False
path_b_only_denominator,cq_no_contestation_demotion,2698e78f,longmemeval_2698e78f,False,[pending] lme-often-see-therapist-dr (strength 0.70),"[""answer_9282283d_2""]","[""longmemeval_2698e78f::obs_1::0""]",[],True,2,1,True,False,1,True,False,True,False,True,False,True,False,True,False
path_b_only_denominator,cq_no_contestation_demotion,26bdc477,longmemeval_26bdc477,False,[pending] lme-trips-taken-canon-eos-80d-camera (strength 0.70),"[""answer_f762ad8d_2""]","[""longmemeval_26bdc477::obs_1::0""]",[],True,2,1,True,False,1,True,False,True,False,True,False,True,False,True,False
path_b_only_denominator,cq_no_contestation_demotion,3ba21379,longmemeval_3ba21379,False,[pending] lme-type-vehicle-model-working (strength 0.70),"[""answer_cd345582_2""]","[""longmemeval_3ba21379::obs_1::0""]",[],True,2,1,True,False,1,True,False,True,False,True,False,True,False,True,False
path_b_only_denominator,cq_no_contestation_demotion,41698283,longmemeval_41698283,False,[pending] lme-type-camera-lens-purchase-most (strength 0.70),"[""answer_c7ddc051_2""]","[""longmemeval_41698283::obs_1::0""]",[],True,2,1,True,False,1,True,False,True,False,True,False,True,False,True,False
path_b_only_denominator,cq_no_contestation_demotion,42ec0761,longmemeval_42ec0761,False,[pending] lme-spare-screwdriver-opening-up-laptop (strength 0.70),"[""answer_e3892371_2""]","[""longmemeval_42ec0761::obs_1::0""]",[],True,2,1,True,False,1,True,False,True,False,True,False,True,False,True,False
path_b_only_denominator,cq_no_contestation_demotion,45dc21b6,longmemeval_45dc21b6,False,[pending] lme-emma-recipes-tried-out (strength 0.70),"[""answer_07664d43_2""]","[""longmemeval_45dc21b6::obs_1::0""]",[],True,2,1,True,False,1,True,False,True,False,True,False,True,False,True,False
path_b_only_denominator,cq_no_contestation_demotion,4b24c848,longmemeval_4b24c848,False,[pending] lme-tops-bought-so-far (strength 0.70),"[""answer_2cec623b_2""]","[""longmemeval_4b24c848::obs_1::0""]",[],True,2,1,True,False,1,True,False,True,False,True,False,True,False,True,False
path_b_only_denominator,cq_no_contestation_demotion,4d6b87c8,longmemeval_4d6b87c8,False,[pending] lme-titles-watch-list (strength 0.70),"[""answer_766ab8da_2""]","[""longmemeval_4d6b87c8::obs_1::0""]",[],True,2,1,True,False,1,True,False,True,False,True,False,True,False,True,False
path_b_only_denominator,cq_no_contestation_demotion,50635ada,longmemeval_50635ada,False,[pending] lme-previous-frequent-flyer-status-united-airlines-before-got-status (strength 0.70),"[""answer_dcd74827_2""]","[""longmemeval_50635ada::obs_1::0""]",[],True,2,1,True,False,1,True,False,True,False,True,False,True,False,True,False
path_b_only_denominator,cq_no_contestation_demotion,5831f84d,longmemeval_5831f84d,False,[pending] lme-crash-course-videos-watched-past-few-weeks (strength 0.70),"[""answer_8d63a897_2""]","[""longmemeval_5831f84d::obs_1::0""]",[],True,2,1,True,False,1,True,False,True,False,True,False,True,False,True,False
path_b_only_denominator,cq_no_contestation_demotion,59524333,longmemeval_59524333,False,[pending] lme-time-usually-go-gym (strength 0.70),"[""answer_b28f2c7a_2""]","[""longmemeval_59524333::obs_1::0""]",[],True,2,1,True,False,1,True,False,True,False,True,False,True,False,True,False
path_b_only_denominator,cq_no_contestation_demotion,5a4f22c0,longmemeval_5a4f22c0,False,[pending] lme-company-rachel-old-colleague-previous-company-working-at (strength 0.70),"[""answer_b0f3dfff_2""]","[""longmemeval_5a4f22c0::obs_1::0""]",[],True,2,1,True,False,1,True,False,True,False,True,False,True,False,True,False
path_b_only_denominator,cq_no_contestation_demotion,5c40ec5b,longmemeval_5c40ec5b,False,[pending] lme-times-met-up-alex-germany (strength 0.70),"[""answer_1cb52d0a_2""]","[""longmemeval_5c40ec5b::obs_1::0""]",[],True,2,1,True,False,1,True,False,True,False,True,False,True,False,True,False
path_b_only_denominator,cq_no_contestation_demotion,603deb26,longmemeval_603deb26,False,[pending] lme-times-tried-making-negroni-at-home-since-friend-emma-showed-make-it (strength 0.70),"[""answer_8afdebac_2""]","[""longmemeval_603deb26::obs_1::0""]",[],True,2,1,True,False,1,True,False,True,False,True,False,True,False,True,False
path_b_only_denominator,cq_no_contestation_demotion,6071bd76,longmemeval_6071bd76,False,[pending] lme-coffee-water-ratio-french-press-switch-more-water-per-tablespoon-coffee-or (strength 0.70),"[""answer_4dac77cb_2""]","[""longmemeval_6071bd76::obs_1::0""]",[],True,2,1,True,False,1,True,False,True,False,True,False,True,False,True,False
path_b_only_denominator,cq_no_contestation_demotion,618f13b2,longmemeval_618f13b2,False,[pending] lme-times-worn-new-black-converse-chuck-taylor-all-star-sneakers (strength 0.70),"[""answer_caf5b52e_2""]","[""longmemeval_618f13b2::obs_1::0""]",[],True,2,1,True,False,1,True,False,True,False,True,False,True,False,True,False
path_b_only_denominator,cq_no_contestation_demotion,69fee5aa,longmemeval_69fee5aa,False,[pending] lme-pre-1920-american-coins-collection (strength 0.70),"[""answer_d6028d6e_2""]","[""longmemeval_69fee5aa::obs_1::0""]",[],True,2,1,True,False,1,True,False,True,False,True,False,True,False,True,False
path_b_only_denominator,cq_no_contestation_demotion,6a1eabeb,longmemeval_6a1eabeb,False,[pending] lme-personal-best-time-charity-5k-run (strength 0.70),"[""answer_a25d4a91_2""]","[""longmemeval_6a1eabeb::obs_1::0""]",[],True,2,1,True,False,1,True,False,True,False,True,False,True,False,True,False
path_b_only_denominator,cq_no_contestation_demotion,6a27ffc2,longmemeval_6a27ffc2,False,[pending] lme-videos-corey-schafer-python-programming-series-completed-so-far (strength 0.70),"[""answer_77f32504_2""]","[""longmemeval_6a27ffc2::obs_1::0""]",[],True,2,1,True,False,1,True,False,True,False,True,False,True,False,True,False
path_b_only_denominator,cq_no_contestation_demotion,6aeb4375,longmemeval_6aeb4375,False,[pending] lme-korean-restaurants-tried-city (strength 0.70),"[""answer_3f9693b7_2""]","[""longmemeval_6aeb4375::obs_1::0""]",[],True,2,1,True,False,1,True,False,True,False,True,False,True,False,True,False
path_b_only_denominator,cq_no_contestation_demotion,71315a70,longmemeval_71315a70,False,[pending] lme-hours-spent-abstract-ocean-sculpture (strength 0.70),"[""answer_c44b9df4_2""]","[""longmemeval_71315a70::obs_1::0""]",[],True,2,1,True,False,1,True,False,True,False,True,False,True,False,True,False
path_b_only_denominator,cq_no_contestation_demotion,72e3ee87,longmemeval_72e3ee87,False,[pending] lme-episodes-science-series-completed-crash-course (strength 0.70),"[""answer_d7de9a6a_2""]","[""longmemeval_72e3ee87::obs_1::0""]",[],True,2,1,True,False,1,True,False,True,False,True,False,True,False,True,False
path_b_only_denominator,cq_no_contestation_demotion,7401057b,longmemeval_7401057b,False,[pending] lme-free-night-stays-can-redeem-at-any-hilton-property-accumulated-points (strength 0.70),"[""answer_94650bfa_2""]","[""longmemeval_7401057b::obs_1::0""]",[],True,2,1,True,False,1,True,False,True,False,True,False,True,False,True,False
path_b_only_denominator,cq_no_contestation_demotion,7a87bd0c,longmemeval_7a87bd0c,False,[pending] lme-long-been-sticking-daily-tidying-routine (strength 0.70),"[""answer_d08a934d_2""]","[""longmemeval_7a87bd0c::obs_1::0""]",[],True,2,1,True,False,1,True,False,True,False,True,False,True,False,True,False
path_b_only_denominator,cq_no_contestation_demotion,7e974930,longmemeval_7e974930,False,[pending] lme-much-earn-at-downtown-farmers-market-most-visit (strength 0.70),"[""answer_c9f5693c_2""]","[""longmemeval_7e974930::obs_1::0""]",[],True,2,1,True,False,1,True,False,True,False,True,False,True,False,True,False
path_b_only_denominator,cq_no_contestation_demotion,830ce83f,longmemeval_830ce83f,False,[pending] lme-rachel-move-her-relocation (strength 0.70),"[""answer_0b1a0942_2""]","[""longmemeval_830ce83f::obs_1::0""]",[],True,2,1,True,False,1,True,False,True,False,True,False,True,False,True,False
path_b_only_denominator,cq_no_contestation_demotion,852ce960,longmemeval_852ce960,False,[pending] lme-amount-pre-approved-got-mortgage-wells-fargo (strength 0.70),"[""answer_3a6f1e82_2""]","[""longmemeval_852ce960::obs_1::0""]",[],True,2,1,True,False,1,True,False,True,False,True,False,True,False,True,False
path_b_only_denominator,cq_no_contestation_demotion,89941a93,longmemeval_89941a93,False,[pending] lme-bikes-own (strength 0.70),"[""answer_e1403127_2""]","[""longmemeval_89941a93::obs_1::0""]",[],True,2,1,True,False,1,True,False,True,False,True,False,True,False,True,False
path_b_only_denominator,cq_no_contestation_demotion,89941a94,longmemeval_89941a94,False,[pending] lme-before-purchased-gravel-bike-other-bikes-addition-mountain-bike-commuter-bike (strength 0.70),"[""answer_e1403127_2""]","[""longmemeval_89941a94::obs_1::0""]",[],True,2,1,True,False,1,True,False,True,False,True,False,True,False,True,False
path_b_only_denominator,cq_no_contestation_demotion,8fb83627,longmemeval_8fb83627,False,[pending] lme-issues-national-geographic-finished-reading (strength 0.70),"[""answer_966cecbb_2""]","[""longmemeval_8fb83627::obs_1::0""]",[],True,2,1,True,False,1,True,False,True,False,True,False,True,False,True,False
path_b_only_denominator,cq_no_contestation_demotion,945e3d21,longmemeval_945e3d21,False,[pending] lme-often-attend-yoga-classes-help-anxiety (strength 0.70),"[""answer_6a4f8626_2""]","[""longmemeval_945e3d21::obs_1::0""]",[],True,2,1,True,False,1,True,False,True,False,True,False,True,False,True,False
path_b_only_denominator,cq_no_contestation_demotion,9bbe84a2,longmemeval_9bbe84a2,False,[pending] lme-previous-goal-apex-legends-level-before-updated-goal (strength 0.70),"[""answer_c6a0c6c2_2""]","[""longmemeval_9bbe84a2::obs_1::0""]",[],True,2,1,True,False,1,True,False,True,False,True,False,True,False,True,False
path_b_only_denominator,cq_no_contestation_demotion,9ea5eabc,longmemeval_9ea5eabc,False,[pending] lme-go-most-family-trip (strength 0.70),"[""answer_02e66dec_2""]","[""longmemeval_9ea5eabc::obs_1::0""]",[],True,2,1,True,False,1,True,False,True,False,True,False,True,False,True,False
path_b_only_denominator,cq_no_contestation_demotion,a1eacc2a,longmemeval_a1eacc2a,False,[pending] lme-short-stories-written-since-started-writing-regularly (strength 0.70),"[""answer_0eb23770_2""]","[""longmemeval_a1eacc2a::obs_1::0""]",[],True,2,1,True,False,1,True,False,True,False,True,False,True,False,True,False
path_b_only_denominator,cq_no_contestation_demotion,a2f3aa27,longmemeval_a2f3aa27,False,[pending] lme-followers-instagram-now (strength 0.70),"[""answer_5126c02d_2""]","[""longmemeval_a2f3aa27::obs_1::0""]",[],True,2,1,True,False,1,True,False,True,False,True,False,True,False,True,False
path_b_only_denominator,cq_no_contestation_demotion,affe2881,longmemeval_affe2881,False,[pending] lme-different-species-birds-seen-local-park (strength 0.70),"[""answer_90de9b4d_2""]","[""longmemeval_affe2881::obs_1::0""]",[],True,2,1,True,False,1,True,False,True,False,True,False,True,False,True,False
path_b_only_denominator,cq_no_contestation_demotion,b01defab,longmemeval_b01defab,False,[pending] lme-finish-reading-nightingale-by-kristin-hannah (strength 0.70),"[""answer_8c0712af_2""]","[""longmemeval_b01defab::obs_1::0""]",[],True,2,1,True,False,1,True,False,True,False,True,False,True,False,True,False
path_b_only_denominator,cq_no_contestation_demotion,b6019101,longmemeval_b6019101,False,[pending] lme-mcu-films-watch-last-months (strength 0.70),"[""answer_67074b4b_2""]","[""longmemeval_b6019101::obs_1::0""]",[],True,2,1,True,False,1,True,False,True,False,True,False,True,False,True,False
path_b_only_denominator,cq_no_contestation_demotion,ba61f0b9,longmemeval_ba61f0b9,False,[pending] lme-women-team-led-by-former-manager-rachel (strength 0.70),"[""answer_f377cda7_2""]","[""longmemeval_ba61f0b9::obs_1::0""]",[],True,2,1,True,False,1,True,False,True,False,True,False,True,False,True,False
path_b_only_denominator,cq_no_contestation_demotion,c4ea545c,longmemeval_c4ea545c,False,[pending] lme-go-gym-more-frequently-than-previously (strength 0.70),"[""answer_d3bf812b_2""]","[""longmemeval_c4ea545c::obs_1::0""]",[],True,2,1,True,False,1,True,False,True,False,True,False,True,False,True,False
path_b_only_denominator,cq_no_contestation_demotion,c6853660,longmemeval_c6853660,False,[pending] lme-mostly-increase-or-decrease-limit-number-cups-coffee-morning (strength 0.70),"[""answer_626e93c4_2""]","[""longmemeval_c6853660::obs_1::0""]",[],True,2,1,True,False,1,True,False,True,False,True,False,True,False,True,False
path_b_only_denominator,cq_no_contestation_demotion,c7dc5443,longmemeval_c7dc5443,False,[pending] lme-record-recreational-volleyball-league (strength 0.70),"[""answer_0cdbca92_2""]","[""longmemeval_c7dc5443::obs_1::0""]",[],True,2,1,True,False,1,True,False,True,False,True,False,True,False,True,False
path_b_only_denominator,cq_no_contestation_demotion,cc5ded98,longmemeval_cc5ded98,False,[pending] lme-much-time-dedicate-coding-exercises-each-day (strength 0.70),"[""answer_a5b68517_2""]","[""longmemeval_cc5ded98::obs_1::0""]",[],True,2,1,True,False,1,True,False,True,False,True,False,True,False,True,False
path_b_only_denominator,cq_no_contestation_demotion,ce6d2d27,longmemeval_ce6d2d27,False,[pending] lme-day-week-take-cocktail-making-class (strength 0.70),"[""answer_73540165_2""]","[""longmemeval_ce6d2d27::obs_1::0""]",[],True,2,1,True,False,1,True,False,True,False,True,False,True,False,True,False
path_b_only_denominator,cq_no_contestation_demotion,cf22b7bf,longmemeval_cf22b7bf,False,[pending] lme-much-weight-lost-since-started-going-gym-consistently (strength 0.70),"[""answer_ae3a122b_2""]","[""longmemeval_cf22b7bf::obs_1::0""]",[],True,2,1,True,False,1,True,False,True,False,True,False,True,False,True,False
path_b_only_denominator,cq_no_contestation_demotion,d7c942c3,longmemeval_d7c942c3,False,[pending] lme-mom-using-same-grocery-list-method-as (strength 0.70),"[""answer_eecb10d9_2""]","[""longmemeval_d7c942c3::obs_1::0""]",[],True,2,1,True,False,1,True,False,True,False,True,False,True,False,True,False
path_b_only_denominator,cq_no_contestation_demotion,dad224aa,longmemeval_dad224aa,False,[pending] lme-time-wake-up-saturday-mornings (strength 0.70),"[""answer_4a97ae40_2""]","[""longmemeval_dad224aa::obs_1::0""]",[],True,2,1,True,False,1,True,False,True,False,True,False,True,False,True,False
path_b_only_denominator,cq_no_contestation_demotion,db467c8c,longmemeval_db467c8c,False,[pending] lme-long-parents-been-staying-us (strength 0.70),"[""answer_611b6e83_2""]","[""longmemeval_db467c8c::obs_1::0""]",[],True,2,1,True,False,1,True,False,True,False,True,False,True,False,True,False
path_b_only_denominator,cq_no_contestation_demotion,dfde3500,longmemeval_dfde3500,False,[pending] lme-day-week-meet-previous-language-exchange-tutor-juan (strength 0.70),"[""answer_35d6c0be_2""]","[""longmemeval_dfde3500::obs_1::0""]",[],True,2,1,True,False,1,True,False,True,False,True,False,True,False,True,False
path_b_only_denominator,cq_no_contestation_demotion,e493bb7c,longmemeval_e493bb7c,False,[pending] lme-painting-ethereal-dreams-by-emma-taylor-hanging (strength 0.70),"[""answer_1a374afa_2""]","[""longmemeval_e493bb7c::obs_1::0""]",[],True,2,1,True,False,1,True,False,True,False,True,False,True,False,True,False
path_b_only_denominator,cq_no_contestation_demotion,e61a7584,longmemeval_e61a7584,False,[pending] lme-long-cat-luna (strength 0.70),"[""answer_f25c32f5_2""]","[""longmemeval_e61a7584::obs_1::0""]",[],True,2,1,True,False,1,True,False,True,False,True,False,True,False,True,False
path_b_only_denominator,cq_no_contestation_demotion,e66b632c,longmemeval_e66b632c,False,[pending] lme-previous-personal-best-time-charity-5k-run (strength 0.70),"[""answer_ac0140ce_2""]","[""longmemeval_e66b632c::obs_1::0""]",[],True,2,1,True,False,1,True,False,True,False,True,False,True,False,True,False
path_b_only_denominator,cq_no_contestation_demotion,eace081b,longmemeval_eace081b,False,[pending] lme-planning-stay-birthday-trip-hawaii (strength 0.70),"[""answer_8a791264_2""]","[""longmemeval_eace081b::obs_1::0""]",[],True,2,1,True,False,1,True,False,True,False,True,False,True,False,True,False
path_b_only_denominator,cq_no_contestation_demotion,ed4ddc30,longmemeval_ed4ddc30,False,[pending] lme-dozen-eggs-we-stocked-up-our-refrigerator (strength 0.70),"[""answer_babbaccb_2""]","[""longmemeval_ed4ddc30::obs_1::0""]",[],True,2,1,True,False,1,True,False,True,False,True,False,True,False,True,False
path_b_only_denominator,cq_no_contestation_demotion,f685340e,longmemeval_f685340e,False,[pending] lme-often-play-tennis-friends-at-local-park-previously (strength 0.70),"[""answer_25df025b_2""]","[""longmemeval_f685340e::obs_1::0""]",[],True,2,1,True,False,1,True,False,True,False,True,False,True,False,True,False
path_b_only_denominator,cq_no_contestation_demotion,f9e8c073,longmemeval_f9e8c073,False,[pending] lme-sessions-bereavement-support-group-attend (strength 0.70),"[""answer_b191df5b_2""]","[""longmemeval_f9e8c073::obs_1::0""]",[],True,2,1,True,False,1,True,False,True,False,True,False,True,False,True,False
path_b_only_denominator,cq_no_wider_scope_pending_override,01493427,longmemeval_01493427,False,[pending] lme-new-postcards-added-collection-since-started-collecting-again (strength 0.70),"[""answer_a7b44747_2""]","[""longmemeval_01493427::obs_1::0""]",[],True,2,1,True,False,1,True,False,True,False,True,False,True,False,True,False
path_b_only_denominator,cq_no_wider_scope_pending_override,031748ae,longmemeval_031748ae,False,[pending] lme-engineers-lead-just-started-new-role-as-senior-software-engineer (strength 0.70),"[""answer_8748f791_2""]","[""longmemeval_031748ae::obs_1::0""]",[],True,2,1,True,False,1,True,False,True,False,True,False,True,False,True,False
path_b_only_denominator,cq_no_wider_scope_pending_override,06db6396,longmemeval_06db6396,False,[pending] lme-projects-completed-since-starting-painting-classes (strength 0.70),"[""answer_da72b1b4_2""]","[""longmemeval_06db6396::obs_1::0""]",[],True,2,1,True,False,1,True,False,True,False,True,False,True,False,True,False
path_b_only_denominator,cq_no_wider_scope_pending_override,07741c44,longmemeval_07741c44,False,[pending] lme-initially-keep-old-sneakers (strength 0.70),"[""answer_7e9ad7b4_2""]","[""longmemeval_07741c44::obs_1::0""]",[],True,2,1,True,False,1,True,False,True,False,True,False,True,False,True,False
path_b_only_denominator,cq_no_wider_scope_pending_override,07741c45,longmemeval_07741c45,False,[pending] lme-keep-old-sneakers (strength 0.70),"[""answer_7e9ad7b4_2""]","[""longmemeval_07741c45::obs_1::0""]",[],True,2,1,True,False,1,True,False,True,False,True,False,True,False,True,False
path_b_only_denominator,cq_no_wider_scope_pending_override,08e075c7,longmemeval_08e075c7,False,[pending] lme-long-been-using-fitbit-charge (strength 0.70),"[""answer_cdbe2250_2""]","[""longmemeval_08e075c7::obs_1::0""]",[],True,2,1,True,False,1,True,False,True,False,True,False,True,False,True,False
path_b_only_denominator,cq_no_wider_scope_pending_override,0977f2af,longmemeval_0977f2af,False,[pending] lme-new-kitchen-gadget-invest-before-getting-air-fryer (strength 0.70),"[""answer_3bf5b73b_2""]","[""longmemeval_0977f2af::obs_1::0""]",[],True,2,1,True,False,1,True,False,True,False,True,False,True,False,True,False
path_b_only_denominator,cq_no_wider_scope_pending_override,0ddfec37,longmemeval_0ddfec37,False,[pending] lme-autographed-baseballs-added-collection-first-three-months-collection (strength 0.70),"[""answer_a22b654d_2""]","[""longmemeval_0ddfec37::obs_1::0""]",[],True,2,1,True,False,1,True,False,True,False,True,False,True,False,True,False
path_b_only_denominator,cq_no_wider_scope_pending_override,0e4e4c46,longmemeval_0e4e4c46,False,[pending] lme-highest-score-ticket-ride (strength 0.70),"[""answer_f2f998c7_2""]","[""longmemeval_0e4e4c46::obs_1::0""]",[],True,2,1,True,False,1,True,False,True,False,True,False,True,False,True,False
path_b_only_denominator,cq_no_wider_scope_pending_override,0f05491a,longmemeval_0f05491a,False,[pending] lme-stars-need-reach-gold-level-starbucks-rewards-app (strength 0.70),"[""answer_d6d2eba8_2""]","[""longmemeval_0f05491a::obs_1::0""]",[],True,2,1,True,False,1,True,False,True,False,True,False,True,False,True,False
path_b_only_denominator,cq_no_wider_scope_pending_override,10e09553,longmemeval_10e09553,False,[pending] lme-largemouth-bass-catch-alex-earlier-fishing-trip-lake-michigan-before-22-trip (strength 0.70),"[""answer_67be2c38_2""]","[""longmemeval_10e09553::obs_1::0""]",[],True,2,1,True,False,1,True,False,True,False,True,False,True,False,True,False
path_b_only_denominator,cq_no_wider_scope_pending_override,184da446,longmemeval_184da446,False,[pending] lme-pages-short-history-nearly-everything-read-so-far (strength 0.70),"[""answer_e2f4f947_2""]","[""longmemeval_184da446::obs_1::0""]",[],True,2,1,True,False,1,True,False,True,False,True,False,True,False,True,False
path_b_only_denominator,cq_no_wider_scope_pending_override,18bc8abd,longmemeval_18bc8abd,False,[pending] lme-brand-bbq-sauce-obsessed (strength 0.70),"[""answer_fff743f5_2""]","[""longmemeval_18bc8abd::obs_1::0""]",[],True,2,1,True,False,1,True,False,True,False,True,False,True,False,True,False
path_b_only_denominator,cq_no_wider_scope_pending_override,1cea1afa,longmemeval_1cea1afa,False,[pending] lme-instagram-followers (strength 0.70),"[""answer_79c395a9_2""]","[""longmemeval_1cea1afa::obs_1::0""]",[],True,2,1,True,False,1,True,False,True,False,True,False,True,False,True,False
path_b_only_denominator,cq_no_wider_scope_pending_override,2133c1b5,longmemeval_2133c1b5,False,[pending] lme-long-been-living-apartment-harajuku (strength 0.70),"[""answer_52382508_2""]","[""longmemeval_2133c1b5::obs_1::0""]",[],True,2,1,True,False,1,True,False,True,False,True,False,True,False,True,False
path_b_only_denominator,cq_no_wider_scope_pending_override,22d2cb42,longmemeval_22d2cb42,False,[pending] lme-get-guitar-serviced (strength 0.70),"[""answer_bcce0b73_2""]","[""longmemeval_22d2cb42::obs_1::0""]",[],True,2,1,True,False,1,True,False,True,False,True,False,True,False,True,False
path_b_only_denominator,cq_no_wider_scope_pending_override,2698e78f,longmemeval_2698e78f,False,[pending] lme-often-see-therapist-dr (strength 0.70),"[""answer_9282283d_2""]","[""longmemeval_2698e78f::obs_1::0""]",[],True,2,1,True,False,1,True,False,True,False,True,False,True,False,True,False
path_b_only_denominator,cq_no_wider_scope_pending_override,26bdc477,longmemeval_26bdc477,False,[pending] lme-trips-taken-canon-eos-80d-camera (strength 0.70),"[""answer_f762ad8d_2""]","[""longmemeval_26bdc477::obs_1::0""]",[],True,2,1,True,False,1,True,False,True,False,True,False,True,False,True,False
path_b_only_denominator,cq_no_wider_scope_pending_override,3ba21379,longmemeval_3ba21379,False,[pending] lme-type-vehicle-model-working (strength 0.70),"[""answer_cd345582_2""]","[""longmemeval_3ba21379::obs_1::0""]",[],True,2,1,True,False,1,True,False,True,False,True,False,True,False,True,False
path_b_only_denominator,cq_no_wider_scope_pending_override,41698283,longmemeval_41698283,False,[pending] lme-type-camera-lens-purchase-most (strength 0.70),"[""answer_c7ddc051_2""]","[""longmemeval_41698283::obs_1::0""]",[],True,2,1,True,False,1,True,False,True,False,True,False,True,False,True,False
path_b_only_denominator,cq_no_wider_scope_pending_override,42ec0761,longmemeval_42ec0761,False,[pending] lme-spare-screwdriver-opening-up-laptop (strength 0.70),"[""answer_e3892371_2""]","[""longmemeval_42ec0761::obs_1::0""]",[],True,2,1,True,False,1,True,False,True,False,True,False,True,False,True,False
path_b_only_denominator,cq_no_wider_scope_pending_override,45dc21b6,longmemeval_45dc21b6,False,[pending] lme-emma-recipes-tried-out (strength 0.70),"[""answer_07664d43_2""]","[""longmemeval_45dc21b6::obs_1::0""]",[],True,2,1,True,False,1,True,False,True,False,True,False,True,False,True,False
path_b_only_denominator,cq_no_wider_scope_pending_override,4b24c848,longmemeval_4b24c848,False,[pending] lme-tops-bought-so-far (strength 0.70),"[""answer_2cec623b_2""]","[""longmemeval_4b24c848::obs_1::0""]",[],True,2,1,True,False,1,True,False,True,False,True,False,True,False,True,False
path_b_only_denominator,cq_no_wider_scope_pending_override,4d6b87c8,longmemeval_4d6b87c8,False,[pending] lme-titles-watch-list (strength 0.70),"[""answer_766ab8da_2""]","[""longmemeval_4d6b87c8::obs_1::0""]",[],True,2,1,True,False,1,True,False,True,False,True,False,True,False,True,False
path_b_only_denominator,cq_no_wider_scope_pending_override,50635ada,longmemeval_50635ada,False,[pending] lme-previous-frequent-flyer-status-united-airlines-before-got-status (strength 0.70),"[""answer_dcd74827_2""]","[""longmemeval_50635ada::obs_1::0""]",[],True,2,1,True,False,1,True,False,True,False,True,False,True,False,True,False
path_b_only_denominator,cq_no_wider_scope_pending_override,5831f84d,longmemeval_5831f84d,False,[pending] lme-crash-course-videos-watched-past-few-weeks (strength 0.70),"[""answer_8d63a897_2""]","[""longmemeval_5831f84d::obs_1::0""]",[],True,2,1,True,False,1,True,False,True,False,True,False,True,False,True,False
path_b_only_denominator,cq_no_wider_scope_pending_override,59524333,longmemeval_59524333,False,[pending] lme-time-usually-go-gym (strength 0.70),"[""answer_b28f2c7a_2""]","[""longmemeval_59524333::obs_1::0""]",[],True,2,1,True,False,1,True,False,True,False,True,False,True,False,True,False
path_b_only_denominator,cq_no_wider_scope_pending_override,5a4f22c0,longmemeval_5a4f22c0,False,[pending] lme-company-rachel-old-colleague-previous-company-working-at (strength 0.70),"[""answer_b0f3dfff_2""]","[""longmemeval_5a4f22c0::obs_1::0""]",[],True,2,1,True,False,1,True,False,True,False,True,False,True,False,True,False
path_b_only_denominator,cq_no_wider_scope_pending_override,5c40ec5b,longmemeval_5c40ec5b,False,[pending] lme-times-met-up-alex-germany (strength 0.70),"[""answer_1cb52d0a_2""]","[""longmemeval_5c40ec5b::obs_1::0""]",[],True,2,1,True,False,1,True,False,True,False,True,False,True,False,True,False
path_b_only_denominator,cq_no_wider_scope_pending_override,603deb26,longmemeval_603deb26,False,[pending] lme-times-tried-making-negroni-at-home-since-friend-emma-showed-make-it (strength 0.70),"[""answer_8afdebac_2""]","[""longmemeval_603deb26::obs_1::0""]",[],True,2,1,True,False,1,True,False,True,False,True,False,True,False,True,False
path_b_only_denominator,cq_no_wider_scope_pending_override,6071bd76,longmemeval_6071bd76,False,[pending] lme-coffee-water-ratio-french-press-switch-more-water-per-tablespoon-coffee-or (strength 0.70),"[""answer_4dac77cb_2""]","[""longmemeval_6071bd76::obs_1::0""]",[],True,2,1,True,False,1,True,False,True,False,True,False,True,False,True,False
path_b_only_denominator,cq_no_wider_scope_pending_override,618f13b2,longmemeval_618f13b2,False,[pending] lme-times-worn-new-black-converse-chuck-taylor-all-star-sneakers (strength 0.70),"[""answer_caf5b52e_2""]","[""longmemeval_618f13b2::obs_1::0""]",[],True,2,1,True,False,1,True,False,True,False,True,False,True,False,True,False
path_b_only_denominator,cq_no_wider_scope_pending_override,69fee5aa,longmemeval_69fee5aa,False,[pending] lme-pre-1920-american-coins-collection (strength 0.70),"[""answer_d6028d6e_2""]","[""longmemeval_69fee5aa::obs_1::0""]",[],True,2,1,True,False,1,True,False,True,False,True,False,True,False,True,False
path_b_only_denominator,cq_no_wider_scope_pending_override,6a1eabeb,longmemeval_6a1eabeb,False,[pending] lme-personal-best-time-charity-5k-run (strength 0.70),"[""answer_a25d4a91_2""]","[""longmemeval_6a1eabeb::obs_1::0""]",[],True,2,1,True,False,1,True,False,True,False,True,False,True,False,True,False
path_b_only_denominator,cq_no_wider_scope_pending_override,6a27ffc2,longmemeval_6a27ffc2,False,[pending] lme-videos-corey-schafer-python-programming-series-completed-so-far (strength 0.70),"[""answer_77f32504_2""]","[""longmemeval_6a27ffc2::obs_1::0""]",[],True,2,1,True,False,1,True,False,True,False,True,False,True,False,True,False
path_b_only_denominator,cq_no_wider_scope_pending_override,6aeb4375,longmemeval_6aeb4375,False,[pending] lme-korean-restaurants-tried-city (strength 0.70),"[""answer_3f9693b7_2""]","[""longmemeval_6aeb4375::obs_1::0""]",[],True,2,1,True,False,1,True,False,True,False,True,False,True,False,True,False
path_b_only_denominator,cq_no_wider_scope_pending_override,71315a70,longmemeval_71315a70,False,[pending] lme-hours-spent-abstract-ocean-sculpture (strength 0.70),"[""answer_c44b9df4_2""]","[""longmemeval_71315a70::obs_1::0""]",[],True,2,1,True,False,1,True,False,True,False,True,False,True,False,True,False
path_b_only_denominator,cq_no_wider_scope_pending_override,72e3ee87,longmemeval_72e3ee87,False,[pending] lme-episodes-science-series-completed-crash-course (strength 0.70),"[""answer_d7de9a6a_2""]","[""longmemeval_72e3ee87::obs_1::0""]",[],True,2,1,True,False,1,True,False,True,False,True,False,True,False,True,False
path_b_only_denominator,cq_no_wider_scope_pending_override,7401057b,longmemeval_7401057b,False,[pending] lme-free-night-stays-can-redeem-at-any-hilton-property-accumulated-points (strength 0.70),"[""answer_94650bfa_2""]","[""longmemeval_7401057b::obs_1::0""]",[],True,2,1,True,False,1,True,False,True,False,True,False,True,False,True,False
path_b_only_denominator,cq_no_wider_scope_pending_override,7a87bd0c,longmemeval_7a87bd0c,False,[pending] lme-long-been-sticking-daily-tidying-routine (strength 0.70),"[""answer_d08a934d_2""]","[""longmemeval_7a87bd0c::obs_1::0""]",[],True,2,1,True,False,1,True,False,True,False,True,False,True,False,True,False
path_b_only_denominator,cq_no_wider_scope_pending_override,7e974930,longmemeval_7e974930,False,[pending] lme-much-earn-at-downtown-farmers-market-most-visit (strength 0.70),"[""answer_c9f5693c_2""]","[""longmemeval_7e974930::obs_1::0""]",[],True,2,1,True,False,1,True,False,True,False,True,False,True,False,True,False
path_b_only_denominator,cq_no_wider_scope_pending_override,830ce83f,longmemeval_830ce83f,False,[pending] lme-rachel-move-her-relocation (strength 0.70),"[""answer_0b1a0942_2""]","[""longmemeval_830ce83f::obs_1::0""]",[],True,2,1,True,False,1,True,False,True,False,True,False,True,False,True,False
path_b_only_denominator,cq_no_wider_scope_pending_override,852ce960,longmemeval_852ce960,False,[pending] lme-amount-pre-approved-got-mortgage-wells-fargo (strength 0.70),"[""answer_3a6f1e82_2""]","[""longmemeval_852ce960::obs_1::0""]",[],True,2,1,True,False,1,True,False,True,False,True,False,True,False,True,False
path_b_only_denominator,cq_no_wider_scope_pending_override,89941a93,longmemeval_89941a93,False,[pending] lme-bikes-own (strength 0.70),"[""answer_e1403127_2""]","[""longmemeval_89941a93::obs_1::0""]",[],True,2,1,True,False,1,True,False,True,False,True,False,True,False,True,False
path_b_only_denominator,cq_no_wider_scope_pending_override,89941a94,longmemeval_89941a94,False,[pending] lme-before-purchased-gravel-bike-other-bikes-addition-mountain-bike-commuter-bike (strength 0.70),"[""answer_e1403127_2""]","[""longmemeval_89941a94::obs_1::0""]",[],True,2,1,True,False,1,True,False,True,False,True,False,True,False,True,False
path_b_only_denominator,cq_no_wider_scope_pending_override,8fb83627,longmemeval_8fb83627,False,[pending] lme-issues-national-geographic-finished-reading (strength 0.70),"[""answer_966cecbb_2""]","[""longmemeval_8fb83627::obs_1::0""]",[],True,2,1,True,False,1,True,False,True,False,True,False,True,False,True,False
path_b_only_denominator,cq_no_wider_scope_pending_override,945e3d21,longmemeval_945e3d21,False,[pending] lme-often-attend-yoga-classes-help-anxiety (strength 0.70),"[""answer_6a4f8626_2""]","[""longmemeval_945e3d21::obs_1::0""]",[],True,2,1,True,False,1,True,False,True,False,True,False,True,False,True,False
path_b_only_denominator,cq_no_wider_scope_pending_override,9bbe84a2,longmemeval_9bbe84a2,False,[pending] lme-previous-goal-apex-legends-level-before-updated-goal (strength 0.70),"[""answer_c6a0c6c2_2""]","[""longmemeval_9bbe84a2::obs_1::0""]",[],True,2,1,True,False,1,True,False,True,False,True,False,True,False,True,False
path_b_only_denominator,cq_no_wider_scope_pending_override,9ea5eabc,longmemeval_9ea5eabc,False,[pending] lme-go-most-family-trip (strength 0.70),"[""answer_02e66dec_2""]","[""longmemeval_9ea5eabc::obs_1::0""]",[],True,2,1,True,False,1,True,False,True,False,True,False,True,False,True,False
path_b_only_denominator,cq_no_wider_scope_pending_override,a1eacc2a,longmemeval_a1eacc2a,False,[pending] lme-short-stories-written-since-started-writing-regularly (strength 0.70),"[""answer_0eb23770_2""]","[""longmemeval_a1eacc2a::obs_1::0""]",[],True,2,1,True,False,1,True,False,True,False,True,False,True,False,True,False
path_b_only_denominator,cq_no_wider_scope_pending_override,a2f3aa27,longmemeval_a2f3aa27,False,[pending] lme-followers-instagram-now (strength 0.70),"[""answer_5126c02d_2""]","[""longmemeval_a2f3aa27::obs_1::0""]",[],True,2,1,True,False,1,True,False,True,False,True,False,True,False,True,False
path_b_only_denominator,cq_no_wider_scope_pending_override,affe2881,longmemeval_affe2881,False,[pending] lme-different-species-birds-seen-local-park (strength 0.70),"[""answer_90de9b4d_2""]","[""longmemeval_affe2881::obs_1::0""]",[],True,2,1,True,False,1,True,False,True,False,True,False,True,False,True,False
path_b_only_denominator,cq_no_wider_scope_pending_override,b01defab,longmemeval_b01defab,False,[pending] lme-finish-reading-nightingale-by-kristin-hannah (strength 0.70),"[""answer_8c0712af_2""]","[""longmemeval_b01defab::obs_1::0""]",[],True,2,1,True,False,1,True,False,True,False,True,False,True,False,True,False
path_b_only_denominator,cq_no_wider_scope_pending_override,b6019101,longmemeval_b6019101,False,[pending] lme-mcu-films-watch-last-months (strength 0.70),"[""answer_67074b4b_2""]","[""longmemeval_b6019101::obs_1::0""]",[],True,2,1,True,False,1,True,False,True,False,True,False,True,False,True,False
path_b_only_denominator,cq_no_wider_scope_pending_override,ba61f0b9,longmemeval_ba61f0b9,False,[pending] lme-women-team-led-by-former-manager-rachel (strength 0.70),"[""answer_f377cda7_2""]","[""longmemeval_ba61f0b9::obs_1::0""]",[],True,2,1,True,False,1,True,False,True,False,True,False,True,False,True,False
path_b_only_denominator,cq_no_wider_scope_pending_override,c4ea545c,longmemeval_c4ea545c,False,[pending] lme-go-gym-more-frequently-than-previously (strength 0.70),"[""answer_d3bf812b_2""]","[""longmemeval_c4ea545c::obs_1::0""]",[],True,2,1,True,False,1,True,False,True,False,True,False,True,False,True,False
path_b_only_denominator,cq_no_wider_scope_pending_override,c6853660,longmemeval_c6853660,False,[pending] lme-mostly-increase-or-decrease-limit-number-cups-coffee-morning (strength 0.70),"[""answer_626e93c4_2""]","[""longmemeval_c6853660::obs_1::0""]",[],True,2,1,True,False,1,True,False,True,False,True,False,True,False,True,False
path_b_only_denominator,cq_no_wider_scope_pending_override,c7dc5443,longmemeval_c7dc5443,False,[pending] lme-record-recreational-volleyball-league (strength 0.70),"[""answer_0cdbca92_2""]","[""longmemeval_c7dc5443::obs_1::0""]",[],True,2,1,True,False,1,True,False,True,False,True,False,True,False,True,False
path_b_only_denominator,cq_no_wider_scope_pending_override,cc5ded98,longmemeval_cc5ded98,False,[pending] lme-much-time-dedicate-coding-exercises-each-day (strength 0.70),"[""answer_a5b68517_2""]","[""longmemeval_cc5ded98::obs_1::0""]",[],True,2,1,True,False,1,True,False,True,False,True,False,True,False,True,False
path_b_only_denominator,cq_no_wider_scope_pending_override,ce6d2d27,longmemeval_ce6d2d27,False,[pending] lme-day-week-take-cocktail-making-class (strength 0.70),"[""answer_73540165_2""]","[""longmemeval_ce6d2d27::obs_1::0""]",[],True,2,1,True,False,1,True,False,True,False,True,False,True,False,True,False
path_b_only_denominator,cq_no_wider_scope_pending_override,cf22b7bf,longmemeval_cf22b7bf,False,[pending] lme-much-weight-lost-since-started-going-gym-consistently (strength 0.70),"[""answer_ae3a122b_2""]","[""longmemeval_cf22b7bf::obs_1::0""]",[],True,2,1,True,False,1,True,False,True,False,True,False,True,False,True,False
path_b_only_denominator,cq_no_wider_scope_pending_override,d7c942c3,longmemeval_d7c942c3,False,[pending] lme-mom-using-same-grocery-list-method-as (strength 0.70),"[""answer_eecb10d9_2""]","[""longmemeval_d7c942c3::obs_1::0""]",[],True,2,1,True,False,1,True,False,True,False,True,False,True,False,True,False
path_b_only_denominator,cq_no_wider_scope_pending_override,dad224aa,longmemeval_dad224aa,False,[pending] lme-time-wake-up-saturday-mornings (strength 0.70),"[""answer_4a97ae40_2""]","[""longmemeval_dad224aa::obs_1::0""]",[],True,2,1,True,False,1,True,False,True,False,True,False,True,False,True,False
path_b_only_denominator,cq_no_wider_scope_pending_override,db467c8c,longmemeval_db467c8c,False,[pending] lme-long-parents-been-staying-us (strength 0.70),"[""answer_611b6e83_2""]","[""longmemeval_db467c8c::obs_1::0""]",[],True,2,1,True,False,1,True,False,True,False,True,False,True,False,True,False
path_b_only_denominator,cq_no_wider_scope_pending_override,dfde3500,longmemeval_dfde3500,False,[pending] lme-day-week-meet-previous-language-exchange-tutor-juan (strength 0.70),"[""answer_35d6c0be_2""]","[""longmemeval_dfde3500::obs_1::0""]",[],True,2,1,True,False,1,True,False,True,False,True,False,True,False,True,False
path_b_only_denominator,cq_no_wider_scope_pending_override,e493bb7c,longmemeval_e493bb7c,False,[pending] lme-painting-ethereal-dreams-by-emma-taylor-hanging (strength 0.70),"[""answer_1a374afa_2""]","[""longmemeval_e493bb7c::obs_1::0""]",[],True,2,1,True,False,1,True,False,True,False,True,False,True,False,True,False
path_b_only_denominator,cq_no_wider_scope_pending_override,e61a7584,longmemeval_e61a7584,False,[pending] lme-long-cat-luna (strength 0.70),"[""answer_f25c32f5_2""]","[""longmemeval_e61a7584::obs_1::0""]",[],True,2,1,True,False,1,True,False,True,False,True,False,True,False,True,False
path_b_only_denominator,cq_no_wider_scope_pending_override,e66b632c,longmemeval_e66b632c,False,[pending] lme-previous-personal-best-time-charity-5k-run (strength 0.70),"[""answer_ac0140ce_2""]","[""longmemeval_e66b632c::obs_1::0""]",[],True,2,1,True,False,1,True,False,True,False,True,False,True,False,True,False
path_b_only_denominator,cq_no_wider_scope_pending_override,eace081b,longmemeval_eace081b,False,[pending] lme-planning-stay-birthday-trip-hawaii (strength 0.70),"[""answer_8a791264_2""]","[""longmemeval_eace081b::obs_1::0""]",[],True,2,1,True,False,1,True,False,True,False,True,False,True,False,True,False
path_b_only_denominator,cq_no_wider_scope_pending_override,ed4ddc30,longmemeval_ed4ddc30,False,[pending] lme-dozen-eggs-we-stocked-up-our-refrigerator (strength 0.70),"[""answer_babbaccb_2""]","[""longmemeval_ed4ddc30::obs_1::0""]",[],True,2,1,True,False,1,True,False,True,False,True,False,True,False,True,False
path_b_only_denominator,cq_no_wider_scope_pending_override,f685340e,longmemeval_f685340e,False,[pending] lme-often-play-tennis-friends-at-local-park-previously (strength 0.70),"[""answer_25df025b_2""]","[""longmemeval_f685340e::obs_1::0""]",[],True,2,1,True,False,1,True,False,True,False,True,False,True,False,True,False
path_b_only_denominator,cq_no_wider_scope_pending_override,f9e8c073,longmemeval_f9e8c073,False,[pending] lme-sessions-bereavement-support-group-attend (strength 0.70),"[""answer_b191df5b_2""]","[""longmemeval_f9e8c073::obs_1::0""]",[],True,2,1,True,False,1,True,False,True,False,True,False,True,False,True,False
path_b_only_denominator,cq_no_pending_lookup_use,01493427,longmemeval_01493427,False,No usable memory available.,[],[],[],False,2,0,False,False,,False,False,False,False,False,False,False,False,False,False
path_b_only_denominator,cq_no_pending_lookup_use,031748ae,longmemeval_031748ae,False,No usable memory available.,[],[],[],False,2,0,False,False,,False,False,False,False,False,False,False,False,False,False
path_b_only_denominator,cq_no_pending_lookup_use,06db6396,longmemeval_06db6396,False,No usable memory available.,[],[],[],False,2,0,False,False,,False,False,False,False,False,False,False,False,False,False
path_b_only_denominator,cq_no_pending_lookup_use,07741c44,longmemeval_07741c44,False,No usable memory available.,[],[],[],False,2,0,False,False,,False,False,False,False,False,False,False,False,False,False
path_b_only_denominator,cq_no_pending_lookup_use,07741c45,longmemeval_07741c45,False,No usable memory available.,[],[],[],False,2,0,False,False,,False,False,False,False,False,False,False,False,False,False
path_b_only_denominator,cq_no_pending_lookup_use,08e075c7,longmemeval_08e075c7,False,No usable memory available.,[],[],[],False,2,0,False,False,,False,False,False,False,False,False,False,False,False,False
path_b_only_denominator,cq_no_pending_lookup_use,0977f2af,longmemeval_0977f2af,False,No usable memory available.,[],[],[],False,2,0,False,False,,False,False,False,False,False,False,False,False,False,False
path_b_only_denominator,cq_no_pending_lookup_use,0ddfec37,longmemeval_0ddfec37,False,No usable memory available.,[],[],[],False,2,0,False,False,,False,False,False,False,False,False,False,False,False,False
path_b_only_denominator,cq_no_pending_lookup_use,0e4e4c46,longmemeval_0e4e4c46,False,No usable memory available.,[],[],[],False,2,0,False,False,,False,False,False,False,False,False,False,False,False,False
path_b_only_denominator,cq_no_pending_lookup_use,0f05491a,longmemeval_0f05491a,False,No usable memory available.,[],[],[],False,2,0,False,False,,False,False,False,False,False,False,False,False,False,False
path_b_only_denominator,cq_no_pending_lookup_use,10e09553,longmemeval_10e09553,False,No usable memory available.,[],[],[],False,2,0,False,False,,False,False,False,False,False,False,False,False,False,False
path_b_only_denominator,cq_no_pending_lookup_use,184da446,longmemeval_184da446,False,No usable memory available.,[],[],[],False,2,0,False,False,,False,False,False,False,False,False,False,False,False,False
path_b_only_denominator,cq_no_pending_lookup_use,18bc8abd,longmemeval_18bc8abd,False,No usable memory available.,[],[],[],False,2,0,False,False,,False,False,False,False,False,False,False,False,False,False
path_b_only_denominator,cq_no_pending_lookup_use,1cea1afa,longmemeval_1cea1afa,False,No usable memory available.,[],[],[],False,2,0,False,False,,False,False,False,False,False,False,False,False,False,False
path_b_only_denominator,cq_no_pending_lookup_use,2133c1b5,longmemeval_2133c1b5,False,No usable memory available.,[],[],[],False,2,0,False,False,,False,False,False,False,False,False,False,False,False,False
path_b_only_denominator,cq_no_pending_lookup_use,22d2cb42,longmemeval_22d2cb42,False,No usable memory available.,[],[],[],False,2,0,False,False,,False,False,False,False,False,False,False,False,False,False
path_b_only_denominator,cq_no_pending_lookup_use,2698e78f,longmemeval_2698e78f,False,No usable memory available.,[],[],[],False,2,0,False,False,,False,False,False,False,False,False,False,False,False,False
path_b_only_denominator,cq_no_pending_lookup_use,26bdc477,longmemeval_26bdc477,False,No usable memory available.,[],[],[],False,2,0,False,False,,False,False,False,False,False,False,False,False,False,False
path_b_only_denominator,cq_no_pending_lookup_use,3ba21379,longmemeval_3ba21379,False,No usable memory available.,[],[],[],False,2,0,False,False,,False,False,False,False,False,False,False,False,False,False
path_b_only_denominator,cq_no_pending_lookup_use,41698283,longmemeval_41698283,False,No usable memory available.,[],[],[],False,2,0,False,False,,False,False,False,False,False,False,False,False,False,False
path_b_only_denominator,cq_no_pending_lookup_use,42ec0761,longmemeval_42ec0761,False,No usable memory available.,[],[],[],False,2,0,False,False,,False,False,False,False,False,False,False,False,False,False
path_b_only_denominator,cq_no_pending_lookup_use,45dc21b6,longmemeval_45dc21b6,False,No usable memory available.,[],[],[],False,2,0,False,False,,False,False,False,False,False,False,False,False,False,False
path_b_only_denominator,cq_no_pending_lookup_use,4b24c848,longmemeval_4b24c848,False,No usable memory available.,[],[],[],False,2,0,False,False,,False,False,False,False,False,False,False,False,False,False
path_b_only_denominator,cq_no_pending_lookup_use,4d6b87c8,longmemeval_4d6b87c8,False,No usable memory available.,[],[],[],False,2,0,False,False,,False,False,False,False,False,False,False,False,False,False
path_b_only_denominator,cq_no_pending_lookup_use,50635ada,longmemeval_50635ada,False,No usable memory available.,[],[],[],False,2,0,False,False,,False,False,False,False,False,False,False,False,False,False
path_b_only_denominator,cq_no_pending_lookup_use,5831f84d,longmemeval_5831f84d,False,No usable memory available.,[],[],[],False,2,0,False,False,,False,False,False,False,False,False,False,False,False,False
path_b_only_denominator,cq_no_pending_lookup_use,59524333,longmemeval_59524333,False,No usable memory available.,[],[],[],False,2,0,False,False,,False,False,False,False,False,False,False,False,False,False
path_b_only_denominator,cq_no_pending_lookup_use,5a4f22c0,longmemeval_5a4f22c0,False,No usable memory available.,[],[],[],False,2,0,False,False,,False,False,False,False,False,False,False,False,False,False
path_b_only_denominator,cq_no_pending_lookup_use,5c40ec5b,longmemeval_5c40ec5b,False,No usable memory available.,[],[],[],False,2,0,False,False,,False,False,False,False,False,False,False,False,False,False
path_b_only_denominator,cq_no_pending_lookup_use,603deb26,longmemeval_603deb26,False,No usable memory available.,[],[],[],False,2,0,False,False,,False,False,False,False,False,False,False,False,False,False
path_b_only_denominator,cq_no_pending_lookup_use,6071bd76,longmemeval_6071bd76,False,No usable memory available.,[],[],[],False,2,0,False,False,,False,False,False,False,False,False,False,False,False,False
path_b_only_denominator,cq_no_pending_lookup_use,618f13b2,longmemeval_618f13b2,False,No usable memory available.,[],[],[],False,2,0,False,False,,False,False,False,False,False,False,False,False,False,False
path_b_only_denominator,cq_no_pending_lookup_use,69fee5aa,longmemeval_69fee5aa,False,No usable memory available.,[],[],[],False,2,0,False,False,,False,False,False,False,False,False,False,False,False,False
path_b_only_denominator,cq_no_pending_lookup_use,6a1eabeb,longmemeval_6a1eabeb,False,No usable memory available.,[],[],[],False,2,0,False,False,,False,False,False,False,False,False,False,False,False,False
path_b_only_denominator,cq_no_pending_lookup_use,6a27ffc2,longmemeval_6a27ffc2,False,No usable memory available.,[],[],[],False,2,0,False,False,,False,False,False,False,False,False,False,False,False,False
path_b_only_denominator,cq_no_pending_lookup_use,6aeb4375,longmemeval_6aeb4375,False,No usable memory available.,[],[],[],False,2,0,False,False,,False,False,False,False,False,False,False,False,False,False
path_b_only_denominator,cq_no_pending_lookup_use,71315a70,longmemeval_71315a70,False,No usable memory available.,[],[],[],False,2,0,False,False,,False,False,False,False,False,False,False,False,False,False
path_b_only_denominator,cq_no_pending_lookup_use,72e3ee87,longmemeval_72e3ee87,False,No usable memory available.,[],[],[],False,2,0,False,False,,False,False,False,False,False,False,False,False,False,False
path_b_only_denominator,cq_no_pending_lookup_use,7401057b,longmemeval_7401057b,False,No usable memory available.,[],[],[],False,2,0,False,False,,False,False,False,False,False,False,False,False,False,False
path_b_only_denominator,cq_no_pending_lookup_use,7a87bd0c,longmemeval_7a87bd0c,False,No usable memory available.,[],[],[],False,2,0,False,False,,False,False,False,False,False,False,False,False,False,False
path_b_only_denominator,cq_no_pending_lookup_use,7e974930,longmemeval_7e974930,False,No usable memory available.,[],[],[],False,2,0,False,False,,False,False,False,False,False,False,False,False,False,False
path_b_only_denominator,cq_no_pending_lookup_use,830ce83f,longmemeval_830ce83f,False,No usable memory available.,[],[],[],False,2,0,False,False,,False,False,False,False,False,False,False,False,False,False
path_b_only_denominator,cq_no_pending_lookup_use,852ce960,longmemeval_852ce960,False,No usable memory available.,[],[],[],False,2,0,False,False,,False,False,False,False,False,False,False,False,False,False
path_b_only_denominator,cq_no_pending_lookup_use,89941a93,longmemeval_89941a93,False,No usable memory available.,[],[],[],False,2,0,False,False,,False,False,False,False,False,False,False,False,False,False
path_b_only_denominator,cq_no_pending_lookup_use,89941a94,longmemeval_89941a94,False,No usable memory available.,[],[],[],False,2,0,False,False,,False,False,False,False,False,False,False,False,False,False
path_b_only_denominator,cq_no_pending_lookup_use,8fb83627,longmemeval_8fb83627,False,No usable memory available.,[],[],[],False,2,0,False,False,,False,False,False,False,False,False,False,False,False,False
path_b_only_denominator,cq_no_pending_lookup_use,945e3d21,longmemeval_945e3d21,False,No usable memory available.,[],[],[],False,2,0,False,False,,False,False,False,False,False,False,False,False,False,False
path_b_only_denominator,cq_no_pending_lookup_use,9bbe84a2,longmemeval_9bbe84a2,False,No usable memory available.,[],[],[],False,2,0,False,False,,False,False,False,False,False,False,False,False,False,False
path_b_only_denominator,cq_no_pending_lookup_use,9ea5eabc,longmemeval_9ea5eabc,False,No usable memory available.,[],[],[],False,2,0,False,False,,False,False,False,False,False,False,False,False,False,False
path_b_only_denominator,cq_no_pending_lookup_use,a1eacc2a,longmemeval_a1eacc2a,False,No usable memory available.,[],[],[],False,2,0,False,False,,False,False,False,False,False,False,False,False,False,False
path_b_only_denominator,cq_no_pending_lookup_use,a2f3aa27,longmemeval_a2f3aa27,False,No usable memory available.,[],[],[],False,2,0,False,False,,False,False,False,False,False,False,False,False,False,False
path_b_only_denominator,cq_no_pending_lookup_use,affe2881,longmemeval_affe2881,False,No usable memory available.,[],[],[],False,2,0,False,False,,False,False,False,False,False,False,False,False,False,False
path_b_only_denominator,cq_no_pending_lookup_use,b01defab,longmemeval_b01defab,False,No usable memory available.,[],[],[],False,2,0,False,False,,False,False,False,False,False,False,False,False,False,False
path_b_only_denominator,cq_no_pending_lookup_use,b6019101,longmemeval_b6019101,False,No usable memory available.,[],[],[],False,2,0,False,False,,False,False,False,False,False,False,False,False,False,False
path_b_only_denominator,cq_no_pending_lookup_use,ba61f0b9,longmemeval_ba61f0b9,False,No usable memory available.,[],[],[],False,2,0,False,False,,False,False,False,False,False,False,False,False,False,False
path_b_only_denominator,cq_no_pending_lookup_use,c4ea545c,longmemeval_c4ea545c,False,No usable memory available.,[],[],[],False,2,0,False,False,,False,False,False,False,False,False,False,False,False,False
path_b_only_denominator,cq_no_pending_lookup_use,c6853660,longmemeval_c6853660,False,No usable memory available.,[],[],[],False,2,0,False,False,,False,False,False,False,False,False,False,False,False,False
path_b_only_denominator,cq_no_pending_lookup_use,c7dc5443,longmemeval_c7dc5443,False,No usable memory available.,[],[],[],False,2,0,False,False,,False,False,False,False,False,False,False,False,False,False
path_b_only_denominator,cq_no_pending_lookup_use,cc5ded98,longmemeval_cc5ded98,False,No usable memory available.,[],[],[],False,2,0,False,False,,False,False,False,False,False,False,False,False,False,False
path_b_only_denominator,cq_no_pending_lookup_use,ce6d2d27,longmemeval_ce6d2d27,False,No usable memory available.,[],[],[],False,2,0,False,False,,False,False,False,False,False,False,False,False,False,False
path_b_only_denominator,cq_no_pending_lookup_use,cf22b7bf,longmemeval_cf22b7bf,False,No usable memory available.,[],[],[],False,2,0,False,False,,False,False,False,False,False,False,False,False,False,False
path_b_only_denominator,cq_no_pending_lookup_use,d7c942c3,longmemeval_d7c942c3,False,No usable memory available.,[],[],[],False,2,0,False,False,,False,False,False,False,False,False,False,False,False,False
path_b_only_denominator,cq_no_pending_lookup_use,dad224aa,longmemeval_dad224aa,False,No usable memory available.,[],[],[],False,2,0,False,False,,False,False,False,False,False,False,False,False,False,False
path_b_only_denominator,cq_no_pending_lookup_use,db467c8c,longmemeval_db467c8c,False,No usable memory available.,[],[],[],False,2,0,False,False,,False,False,False,False,False,False,False,False,False,False
path_b_only_denominator,cq_no_pending_lookup_use,dfde3500,longmemeval_dfde3500,False,No usable memory available.,[],[],[],False,2,0,False,False,,False,False,False,False,False,False,False,False,False,False
path_b_only_denominator,cq_no_pending_lookup_use,e493bb7c,longmemeval_e493bb7c,False,No usable memory available.,[],[],[],False,2,0,False,False,,False,False,False,False,False,False,False,False,False,False
path_b_only_denominator,cq_no_pending_lookup_use,e61a7584,longmemeval_e61a7584,False,No usable memory available.,[],[],[],False,2,0,False,False,,False,False,False,False,False,False,False,False,False,False
path_b_only_denominator,cq_no_pending_lookup_use,e66b632c,longmemeval_e66b632c,False,No usable memory available.,[],[],[],False,2,0,False,False,,False,False,False,False,False,False,False,False,False,False
path_b_only_denominator,cq_no_pending_lookup_use,eace081b,longmemeval_eace081b,False,No usable memory available.,[],[],[],False,2,0,False,False,,False,False,False,False,False,False,False,False,False,False
path_b_only_denominator,cq_no_pending_lookup_use,ed4ddc30,longmemeval_ed4ddc30,False,No usable memory available.,[],[],[],False,2,0,False,False,,False,False,False,False,False,False,False,False,False,False
path_b_only_denominator,cq_no_pending_lookup_use,f685340e,longmemeval_f685340e,False,No usable memory available.,[],[],[],False,2,0,False,False,,False,False,False,False,False,False,False,False,False,False
path_b_only_denominator,cq_no_pending_lookup_use,f9e8c073,longmemeval_f9e8c073,False,No usable memory available.,[],[],[],False,2,0,False,False,,False,False,False,False,False,False,False,False,False,False
path_b_only_denominator,cq_no_source_independence_gate,01493427,longmemeval_01493427,False,[pending] lme-new-postcards-added-collection-since-started-collecting-again (strength 0.70),"[""answer_a7b44747_2""]","[""longmemeval_01493427::obs_1::0""]",[],True,2,1,True,False,1,True,False,True,False,True,False,True,False,True,False
path_b_only_denominator,cq_no_source_independence_gate,031748ae,longmemeval_031748ae,False,[pending] lme-engineers-lead-just-started-new-role-as-senior-software-engineer (strength 0.70),"[""answer_8748f791_2""]","[""longmemeval_031748ae::obs_1::0""]",[],True,2,1,True,False,1,True,False,True,False,True,False,True,False,True,False
path_b_only_denominator,cq_no_source_independence_gate,06db6396,longmemeval_06db6396,False,[pending] lme-projects-completed-since-starting-painting-classes (strength 0.70),"[""answer_da72b1b4_2""]","[""longmemeval_06db6396::obs_1::0""]",[],True,2,1,True,False,1,True,False,True,False,True,False,True,False,True,False
path_b_only_denominator,cq_no_source_independence_gate,07741c44,longmemeval_07741c44,False,[pending] lme-initially-keep-old-sneakers (strength 0.70),"[""answer_7e9ad7b4_2""]","[""longmemeval_07741c44::obs_1::0""]",[],True,2,1,True,False,1,True,False,True,False,True,False,True,False,True,False
path_b_only_denominator,cq_no_source_independence_gate,07741c45,longmemeval_07741c45,False,[pending] lme-keep-old-sneakers (strength 0.70),"[""answer_7e9ad7b4_2""]","[""longmemeval_07741c45::obs_1::0""]",[],True,2,1,True,False,1,True,False,True,False,True,False,True,False,True,False
path_b_only_denominator,cq_no_source_independence_gate,08e075c7,longmemeval_08e075c7,False,[pending] lme-long-been-using-fitbit-charge (strength 0.70),"[""answer_cdbe2250_2""]","[""longmemeval_08e075c7::obs_1::0""]",[],True,2,1,True,False,1,True,False,True,False,True,False,True,False,True,False
path_b_only_denominator,cq_no_source_independence_gate,0977f2af,longmemeval_0977f2af,False,[pending] lme-new-kitchen-gadget-invest-before-getting-air-fryer (strength 0.70),"[""answer_3bf5b73b_2""]","[""longmemeval_0977f2af::obs_1::0""]",[],True,2,1,True,False,1,True,False,True,False,True,False,True,False,True,False
path_b_only_denominator,cq_no_source_independence_gate,0ddfec37,longmemeval_0ddfec37,False,[pending] lme-autographed-baseballs-added-collection-first-three-months-collection (strength 0.70),"[""answer_a22b654d_2""]","[""longmemeval_0ddfec37::obs_1::0""]",[],True,2,1,True,False,1,True,False,True,False,True,False,True,False,True,False
path_b_only_denominator,cq_no_source_independence_gate,0e4e4c46,longmemeval_0e4e4c46,False,[pending] lme-highest-score-ticket-ride (strength 0.70),"[""answer_f2f998c7_2""]","[""longmemeval_0e4e4c46::obs_1::0""]",[],True,2,1,True,False,1,True,False,True,False,True,False,True,False,True,False
path_b_only_denominator,cq_no_source_independence_gate,0f05491a,longmemeval_0f05491a,False,[pending] lme-stars-need-reach-gold-level-starbucks-rewards-app (strength 0.70),"[""answer_d6d2eba8_2""]","[""longmemeval_0f05491a::obs_1::0""]",[],True,2,1,True,False,1,True,False,True,False,True,False,True,False,True,False
path_b_only_denominator,cq_no_source_independence_gate,10e09553,longmemeval_10e09553,False,[pending] lme-largemouth-bass-catch-alex-earlier-fishing-trip-lake-michigan-before-22-trip (strength 0.70),"[""answer_67be2c38_2""]","[""longmemeval_10e09553::obs_1::0""]",[],True,2,1,True,False,1,True,False,True,False,True,False,True,False,True,False
path_b_only_denominator,cq_no_source_independence_gate,184da446,longmemeval_184da446,False,[pending] lme-pages-short-history-nearly-everything-read-so-far (strength 0.70),"[""answer_e2f4f947_2""]","[""longmemeval_184da446::obs_1::0""]",[],True,2,1,True,False,1,True,False,True,False,True,False,True,False,True,False
path_b_only_denominator,cq_no_source_independence_gate,18bc8abd,longmemeval_18bc8abd,False,[pending] lme-brand-bbq-sauce-obsessed (strength 0.70),"[""answer_fff743f5_2""]","[""longmemeval_18bc8abd::obs_1::0""]",[],True,2,1,True,False,1,True,False,True,False,True,False,True,False,True,False
path_b_only_denominator,cq_no_source_independence_gate,1cea1afa,longmemeval_1cea1afa,False,[pending] lme-instagram-followers (strength 0.70),"[""answer_79c395a9_2""]","[""longmemeval_1cea1afa::obs_1::0""]",[],True,2,1,True,False,1,True,False,True,False,True,False,True,False,True,False
path_b_only_denominator,cq_no_source_independence_gate,2133c1b5,longmemeval_2133c1b5,False,[pending] lme-long-been-living-apartment-harajuku (strength 0.70),"[""answer_52382508_2""]","[""longmemeval_2133c1b5::obs_1::0""]",[],True,2,1,True,False,1,True,False,True,False,True,False,True,False,True,False
path_b_only_denominator,cq_no_source_independence_gate,22d2cb42,longmemeval_22d2cb42,False,[pending] lme-get-guitar-serviced (strength 0.70),"[""answer_bcce0b73_2""]","[""longmemeval_22d2cb42::obs_1::0""]",[],True,2,1,True,False,1,True,False,True,False,True,False,True,False,True,False
path_b_only_denominator,cq_no_source_independence_gate,2698e78f,longmemeval_2698e78f,False,[pending] lme-often-see-therapist-dr (strength 0.70),"[""answer_9282283d_2""]","[""longmemeval_2698e78f::obs_1::0""]",[],True,2,1,True,False,1,True,False,True,False,True,False,True,False,True,False
path_b_only_denominator,cq_no_source_independence_gate,26bdc477,longmemeval_26bdc477,False,[pending] lme-trips-taken-canon-eos-80d-camera (strength 0.70),"[""answer_f762ad8d_2""]","[""longmemeval_26bdc477::obs_1::0""]",[],True,2,1,True,False,1,True,False,True,False,True,False,True,False,True,False
path_b_only_denominator,cq_no_source_independence_gate,3ba21379,longmemeval_3ba21379,False,[pending] lme-type-vehicle-model-working (strength 0.70),"[""answer_cd345582_2""]","[""longmemeval_3ba21379::obs_1::0""]",[],True,2,1,True,False,1,True,False,True,False,True,False,True,False,True,False
path_b_only_denominator,cq_no_source_independence_gate,41698283,longmemeval_41698283,False,[pending] lme-type-camera-lens-purchase-most (strength 0.70),"[""answer_c7ddc051_2""]","[""longmemeval_41698283::obs_1::0""]",[],True,2,1,True,False,1,True,False,True,False,True,False,True,False,True,False
path_b_only_denominator,cq_no_source_independence_gate,42ec0761,longmemeval_42ec0761,False,[pending] lme-spare-screwdriver-opening-up-laptop (strength 0.70),"[""answer_e3892371_2""]","[""longmemeval_42ec0761::obs_1::0""]",[],True,2,1,True,False,1,True,False,True,False,True,False,True,False,True,False
path_b_only_denominator,cq_no_source_independence_gate,45dc21b6,longmemeval_45dc21b6,False,[pending] lme-emma-recipes-tried-out (strength 0.70),"[""answer_07664d43_2""]","[""longmemeval_45dc21b6::obs_1::0""]",[],True,2,1,True,False,1,True,False,True,False,True,False,True,False,True,False
path_b_only_denominator,cq_no_source_independence_gate,4b24c848,longmemeval_4b24c848,False,[pending] lme-tops-bought-so-far (strength 0.70),"[""answer_2cec623b_2""]","[""longmemeval_4b24c848::obs_1::0""]",[],True,2,1,True,False,1,True,False,True,False,True,False,True,False,True,False
path_b_only_denominator,cq_no_source_independence_gate,4d6b87c8,longmemeval_4d6b87c8,False,[pending] lme-titles-watch-list (strength 0.70),"[""answer_766ab8da_2""]","[""longmemeval_4d6b87c8::obs_1::0""]",[],True,2,1,True,False,1,True,False,True,False,True,False,True,False,True,False
path_b_only_denominator,cq_no_source_independence_gate,50635ada,longmemeval_50635ada,False,[pending] lme-previous-frequent-flyer-status-united-airlines-before-got-status (strength 0.70),"[""answer_dcd74827_2""]","[""longmemeval_50635ada::obs_1::0""]",[],True,2,1,True,False,1,True,False,True,False,True,False,True,False,True,False
path_b_only_denominator,cq_no_source_independence_gate,5831f84d,longmemeval_5831f84d,False,[pending] lme-crash-course-videos-watched-past-few-weeks (strength 0.70),"[""answer_8d63a897_2""]","[""longmemeval_5831f84d::obs_1::0""]",[],True,2,1,True,False,1,True,False,True,False,True,False,True,False,True,False
path_b_only_denominator,cq_no_source_independence_gate,59524333,longmemeval_59524333,False,[pending] lme-time-usually-go-gym (strength 0.70),"[""answer_b28f2c7a_2""]","[""longmemeval_59524333::obs_1::0""]",[],True,2,1,True,False,1,True,False,True,False,True,False,True,False,True,False
path_b_only_denominator,cq_no_source_independence_gate,5a4f22c0,longmemeval_5a4f22c0,False,[pending] lme-company-rachel-old-colleague-previous-company-working-at (strength 0.70),"[""answer_b0f3dfff_2""]","[""longmemeval_5a4f22c0::obs_1::0""]",[],True,2,1,True,False,1,True,False,True,False,True,False,True,False,True,False
path_b_only_denominator,cq_no_source_independence_gate,5c40ec5b,longmemeval_5c40ec5b,False,[pending] lme-times-met-up-alex-germany (strength 0.70),"[""answer_1cb52d0a_2""]","[""longmemeval_5c40ec5b::obs_1::0""]",[],True,2,1,True,False,1,True,False,True,False,True,False,True,False,True,False
path_b_only_denominator,cq_no_source_independence_gate,603deb26,longmemeval_603deb26,False,[pending] lme-times-tried-making-negroni-at-home-since-friend-emma-showed-make-it (strength 0.70),"[""answer_8afdebac_2""]","[""longmemeval_603deb26::obs_1::0""]",[],True,2,1,True,False,1,True,False,True,False,True,False,True,False,True,False
path_b_only_denominator,cq_no_source_independence_gate,6071bd76,longmemeval_6071bd76,False,[pending] lme-coffee-water-ratio-french-press-switch-more-water-per-tablespoon-coffee-or (strength 0.70),"[""answer_4dac77cb_2""]","[""longmemeval_6071bd76::obs_1::0""]",[],True,2,1,True,False,1,True,False,True,False,True,False,True,False,True,False
path_b_only_denominator,cq_no_source_independence_gate,618f13b2,longmemeval_618f13b2,False,[pending] lme-times-worn-new-black-converse-chuck-taylor-all-star-sneakers (strength 0.70),"[""answer_caf5b52e_2""]","[""longmemeval_618f13b2::obs_1::0""]",[],True,2,1,True,False,1,True,False,True,False,True,False,True,False,True,False
path_b_only_denominator,cq_no_source_independence_gate,69fee5aa,longmemeval_69fee5aa,False,[pending] lme-pre-1920-american-coins-collection (strength 0.70),"[""answer_d6028d6e_2""]","[""longmemeval_69fee5aa::obs_1::0""]",[],True,2,1,True,False,1,True,False,True,False,True,False,True,False,True,False
path_b_only_denominator,cq_no_source_independence_gate,6a1eabeb,longmemeval_6a1eabeb,False,[pending] lme-personal-best-time-charity-5k-run (strength 0.70),"[""answer_a25d4a91_2""]","[""longmemeval_6a1eabeb::obs_1::0""]",[],True,2,1,True,False,1,True,False,True,False,True,False,True,False,True,False
path_b_only_denominator,cq_no_source_independence_gate,6a27ffc2,longmemeval_6a27ffc2,False,[pending] lme-videos-corey-schafer-python-programming-series-completed-so-far (strength 0.70),"[""answer_77f32504_2""]","[""longmemeval_6a27ffc2::obs_1::0""]",[],True,2,1,True,False,1,True,False,True,False,True,False,True,False,True,False
path_b_only_denominator,cq_no_source_independence_gate,6aeb4375,longmemeval_6aeb4375,False,[pending] lme-korean-restaurants-tried-city (strength 0.70),"[""answer_3f9693b7_2""]","[""longmemeval_6aeb4375::obs_1::0""]",[],True,2,1,True,False,1,True,False,True,False,True,False,True,False,True,False
path_b_only_denominator,cq_no_source_independence_gate,71315a70,longmemeval_71315a70,False,[pending] lme-hours-spent-abstract-ocean-sculpture (strength 0.70),"[""answer_c44b9df4_2""]","[""longmemeval_71315a70::obs_1::0""]",[],True,2,1,True,False,1,True,False,True,False,True,False,True,False,True,False
path_b_only_denominator,cq_no_source_independence_gate,72e3ee87,longmemeval_72e3ee87,False,[pending] lme-episodes-science-series-completed-crash-course (strength 0.70),"[""answer_d7de9a6a_2""]","[""longmemeval_72e3ee87::obs_1::0""]",[],True,2,1,True,False,1,True,False,True,False,True,False,True,False,True,False
path_b_only_denominator,cq_no_source_independence_gate,7401057b,longmemeval_7401057b,False,[pending] lme-free-night-stays-can-redeem-at-any-hilton-property-accumulated-points (strength 0.70),"[""answer_94650bfa_2""]","[""longmemeval_7401057b::obs_1::0""]",[],True,2,1,True,False,1,True,False,True,False,True,False,True,False,True,False
path_b_only_denominator,cq_no_source_independence_gate,7a87bd0c,longmemeval_7a87bd0c,False,[pending] lme-long-been-sticking-daily-tidying-routine (strength 0.70),"[""answer_d08a934d_2""]","[""longmemeval_7a87bd0c::obs_1::0""]",[],True,2,1,True,False,1,True,False,True,False,True,False,True,False,True,False
path_b_only_denominator,cq_no_source_independence_gate,7e974930,longmemeval_7e974930,False,[pending] lme-much-earn-at-downtown-farmers-market-most-visit (strength 0.70),"[""answer_c9f5693c_2""]","[""longmemeval_7e974930::obs_1::0""]",[],True,2,1,True,False,1,True,False,True,False,True,False,True,False,True,False
path_b_only_denominator,cq_no_source_independence_gate,830ce83f,longmemeval_830ce83f,False,[pending] lme-rachel-move-her-relocation (strength 0.70),"[""answer_0b1a0942_2""]","[""longmemeval_830ce83f::obs_1::0""]",[],True,2,1,True,False,1,True,False,True,False,True,False,True,False,True,False
path_b_only_denominator,cq_no_source_independence_gate,852ce960,longmemeval_852ce960,False,[pending] lme-amount-pre-approved-got-mortgage-wells-fargo (strength 0.70),"[""answer_3a6f1e82_2""]","[""longmemeval_852ce960::obs_1::0""]",[],True,2,1,True,False,1,True,False,True,False,True,False,True,False,True,False
path_b_only_denominator,cq_no_source_independence_gate,89941a93,longmemeval_89941a93,False,[pending] lme-bikes-own (strength 0.70),"[""answer_e1403127_2""]","[""longmemeval_89941a93::obs_1::0""]",[],True,2,1,True,False,1,True,False,True,False,True,False,True,False,True,False
path_b_only_denominator,cq_no_source_independence_gate,89941a94,longmemeval_89941a94,False,[pending] lme-before-purchased-gravel-bike-other-bikes-addition-mountain-bike-commuter-bike (strength 0.70),"[""answer_e1403127_2""]","[""longmemeval_89941a94::obs_1::0""]",[],True,2,1,True,False,1,True,False,True,False,True,False,True,False,True,False
path_b_only_denominator,cq_no_source_independence_gate,8fb83627,longmemeval_8fb83627,False,[pending] lme-issues-national-geographic-finished-reading (strength 0.70),"[""answer_966cecbb_2""]","[""longmemeval_8fb83627::obs_1::0""]",[],True,2,1,True,False,1,True,False,True,False,True,False,True,False,True,False
path_b_only_denominator,cq_no_source_independence_gate,945e3d21,longmemeval_945e3d21,False,[pending] lme-often-attend-yoga-classes-help-anxiety (strength 0.70),"[""answer_6a4f8626_2""]","[""longmemeval_945e3d21::obs_1::0""]",[],True,2,1,True,False,1,True,False,True,False,True,False,True,False,True,False
path_b_only_denominator,cq_no_source_independence_gate,9bbe84a2,longmemeval_9bbe84a2,False,[pending] lme-previous-goal-apex-legends-level-before-updated-goal (strength 0.70),"[""answer_c6a0c6c2_2""]","[""longmemeval_9bbe84a2::obs_1::0""]",[],True,2,1,True,False,1,True,False,True,False,True,False,True,False,True,False
path_b_only_denominator,cq_no_source_independence_gate,9ea5eabc,longmemeval_9ea5eabc,False,[pending] lme-go-most-family-trip (strength 0.70),"[""answer_02e66dec_2""]","[""longmemeval_9ea5eabc::obs_1::0""]",[],True,2,1,True,False,1,True,False,True,False,True,False,True,False,True,False
path_b_only_denominator,cq_no_source_independence_gate,a1eacc2a,longmemeval_a1eacc2a,False,[pending] lme-short-stories-written-since-started-writing-regularly (strength 0.70),"[""answer_0eb23770_2""]","[""longmemeval_a1eacc2a::obs_1::0""]",[],True,2,1,True,False,1,True,False,True,False,True,False,True,False,True,False
path_b_only_denominator,cq_no_source_independence_gate,a2f3aa27,longmemeval_a2f3aa27,False,[pending] lme-followers-instagram-now (strength 0.70),"[""answer_5126c02d_2""]","[""longmemeval_a2f3aa27::obs_1::0""]",[],True,2,1,True,False,1,True,False,True,False,True,False,True,False,True,False
path_b_only_denominator,cq_no_source_independence_gate,affe2881,longmemeval_affe2881,False,[pending] lme-different-species-birds-seen-local-park (strength 0.70),"[""answer_90de9b4d_2""]","[""longmemeval_affe2881::obs_1::0""]",[],True,2,1,True,False,1,True,False,True,False,True,False,True,False,True,False
path_b_only_denominator,cq_no_source_independence_gate,b01defab,longmemeval_b01defab,False,[pending] lme-finish-reading-nightingale-by-kristin-hannah (strength 0.70),"[""answer_8c0712af_2""]","[""longmemeval_b01defab::obs_1::0""]",[],True,2,1,True,False,1,True,False,True,False,True,False,True,False,True,False
path_b_only_denominator,cq_no_source_independence_gate,b6019101,longmemeval_b6019101,False,[pending] lme-mcu-films-watch-last-months (strength 0.70),"[""answer_67074b4b_2""]","[""longmemeval_b6019101::obs_1::0""]",[],True,2,1,True,False,1,True,False,True,False,True,False,True,False,True,False
path_b_only_denominator,cq_no_source_independence_gate,ba61f0b9,longmemeval_ba61f0b9,False,[pending] lme-women-team-led-by-former-manager-rachel (strength 0.70),"[""answer_f377cda7_2""]","[""longmemeval_ba61f0b9::obs_1::0""]",[],True,2,1,True,False,1,True,False,True,False,True,False,True,False,True,False
path_b_only_denominator,cq_no_source_independence_gate,c4ea545c,longmemeval_c4ea545c,False,[pending] lme-go-gym-more-frequently-than-previously (strength 0.70),"[""answer_d3bf812b_2""]","[""longmemeval_c4ea545c::obs_1::0""]",[],True,2,1,True,False,1,True,False,True,False,True,False,True,False,True,False
path_b_only_denominator,cq_no_source_independence_gate,c6853660,longmemeval_c6853660,False,[pending] lme-mostly-increase-or-decrease-limit-number-cups-coffee-morning (strength 0.70),"[""answer_626e93c4_2""]","[""longmemeval_c6853660::obs_1::0""]",[],True,2,1,True,False,1,True,False,True,False,True,False,True,False,True,False
path_b_only_denominator,cq_no_source_independence_gate,c7dc5443,longmemeval_c7dc5443,False,[pending] lme-record-recreational-volleyball-league (strength 0.70),"[""answer_0cdbca92_2""]","[""longmemeval_c7dc5443::obs_1::0""]",[],True,2,1,True,False,1,True,False,True,False,True,False,True,False,True,False
path_b_only_denominator,cq_no_source_independence_gate,cc5ded98,longmemeval_cc5ded98,False,[pending] lme-much-time-dedicate-coding-exercises-each-day (strength 0.70),"[""answer_a5b68517_2""]","[""longmemeval_cc5ded98::obs_1::0""]",[],True,2,1,True,False,1,True,False,True,False,True,False,True,False,True,False
path_b_only_denominator,cq_no_source_independence_gate,ce6d2d27,longmemeval_ce6d2d27,False,[pending] lme-day-week-take-cocktail-making-class (strength 0.70),"[""answer_73540165_2""]","[""longmemeval_ce6d2d27::obs_1::0""]",[],True,2,1,True,False,1,True,False,True,False,True,False,True,False,True,False
path_b_only_denominator,cq_no_source_independence_gate,cf22b7bf,longmemeval_cf22b7bf,False,[pending] lme-much-weight-lost-since-started-going-gym-consistently (strength 0.70),"[""answer_ae3a122b_2""]","[""longmemeval_cf22b7bf::obs_1::0""]",[],True,2,1,True,False,1,True,False,True,False,True,False,True,False,True,False
path_b_only_denominator,cq_no_source_independence_gate,d7c942c3,longmemeval_d7c942c3,False,[pending] lme-mom-using-same-grocery-list-method-as (strength 0.70),"[""answer_eecb10d9_2""]","[""longmemeval_d7c942c3::obs_1::0""]",[],True,2,1,True,False,1,True,False,True,False,True,False,True,False,True,False
path_b_only_denominator,cq_no_source_independence_gate,dad224aa,longmemeval_dad224aa,False,[pending] lme-time-wake-up-saturday-mornings (strength 0.70),"[""answer_4a97ae40_2""]","[""longmemeval_dad224aa::obs_1::0""]",[],True,2,1,True,False,1,True,False,True,False,True,False,True,False,True,False
path_b_only_denominator,cq_no_source_independence_gate,db467c8c,longmemeval_db467c8c,False,[pending] lme-long-parents-been-staying-us (strength 0.70),"[""answer_611b6e83_2""]","[""longmemeval_db467c8c::obs_1::0""]",[],True,2,1,True,False,1,True,False,True,False,True,False,True,False,True,False
path_b_only_denominator,cq_no_source_independence_gate,dfde3500,longmemeval_dfde3500,False,[pending] lme-day-week-meet-previous-language-exchange-tutor-juan (strength 0.70),"[""answer_35d6c0be_2""]","[""longmemeval_dfde3500::obs_1::0""]",[],True,2,1,True,False,1,True,False,True,False,True,False,True,False,True,False
path_b_only_denominator,cq_no_source_independence_gate,e493bb7c,longmemeval_e493bb7c,False,[pending] lme-painting-ethereal-dreams-by-emma-taylor-hanging (strength 0.70),"[""answer_1a374afa_2""]","[""longmemeval_e493bb7c::obs_1::0""]",[],True,2,1,True,False,1,True,False,True,False,True,False,True,False,True,False
path_b_only_denominator,cq_no_source_independence_gate,e61a7584,longmemeval_e61a7584,False,[pending] lme-long-cat-luna (strength 0.70),"[""answer_f25c32f5_2""]","[""longmemeval_e61a7584::obs_1::0""]",[],True,2,1,True,False,1,True,False,True,False,True,False,True,False,True,False
path_b_only_denominator,cq_no_source_independence_gate,e66b632c,longmemeval_e66b632c,False,[pending] lme-previous-personal-best-time-charity-5k-run (strength 0.70),"[""answer_ac0140ce_2""]","[""longmemeval_e66b632c::obs_1::0""]",[],True,2,1,True,False,1,True,False,True,False,True,False,True,False,True,False
path_b_only_denominator,cq_no_source_independence_gate,eace081b,longmemeval_eace081b,False,[pending] lme-planning-stay-birthday-trip-hawaii (strength 0.70),"[""answer_8a791264_2""]","[""longmemeval_eace081b::obs_1::0""]",[],True,2,1,True,False,1,True,False,True,False,True,False,True,False,True,False
path_b_only_denominator,cq_no_source_independence_gate,ed4ddc30,longmemeval_ed4ddc30,False,[pending] lme-dozen-eggs-we-stocked-up-our-refrigerator (strength 0.70),"[""answer_babbaccb_2""]","[""longmemeval_ed4ddc30::obs_1::0""]",[],True,2,1,True,False,1,True,False,True,False,True,False,True,False,True,False
path_b_only_denominator,cq_no_source_independence_gate,f685340e,longmemeval_f685340e,False,[pending] lme-often-play-tennis-friends-at-local-park-previously (strength 0.70),"[""answer_25df025b_2""]","[""longmemeval_f685340e::obs_1::0""]",[],True,2,1,True,False,1,True,False,True,False,True,False,True,False,True,False
path_b_only_denominator,cq_no_source_independence_gate,f9e8c073,longmemeval_f9e8c073,False,[pending] lme-sessions-bereavement-support-group-attend (strength 0.70),"[""answer_b191df5b_2""]","[""longmemeval_f9e8c073::obs_1::0""]",[],True,2,1,True,False,1,True,False,True,False,True,False,True,False,True,False
path_b_only_denominator,naive_eager_write_lite,01493427,longmemeval_01493427,False,[durable] lme-new-postcards-added-collection-since-started-collecting-again (confidence 0.73),"[""answer_a7b44747_1"", ""answer_a7b44747_2""]","[""longmemeval_01493427::obs_0::0"", ""longmemeval_01493427::obs_1::0""]","[""memory-longmemeval_01493427::obs_0::0""]",False,2,2,True,True,1,True,False,True,True,True,True,True,True,True,True
path_b_only_denominator,naive_eager_write_lite,031748ae,longmemeval_031748ae,False,[durable] lme-engineers-lead-just-started-new-role-as-senior-software-engineer (confidence 0.73),"[""answer_8748f791_1"", ""answer_8748f791_2""]","[""longmemeval_031748ae::obs_0::0"", ""longmemeval_031748ae::obs_1::0""]","[""memory-longmemeval_031748ae::obs_0::0""]",False,2,2,True,True,1,True,False,True,True,True,True,True,True,True,True
path_b_only_denominator,naive_eager_write_lite,06db6396,longmemeval_06db6396,False,[durable] lme-projects-completed-since-starting-painting-classes (confidence 0.73),"[""answer_da72b1b4_1"", ""answer_da72b1b4_2""]","[""longmemeval_06db6396::obs_0::0"", ""longmemeval_06db6396::obs_1::0""]","[""memory-longmemeval_06db6396::obs_0::0""]",False,2,2,True,True,1,True,False,True,True,True,True,True,True,True,True
path_b_only_denominator,naive_eager_write_lite,07741c44,longmemeval_07741c44,False,[durable] lme-initially-keep-old-sneakers (confidence 0.73),"[""answer_7e9ad7b4_1"", ""answer_7e9ad7b4_2""]","[""longmemeval_07741c44::obs_0::0"", ""longmemeval_07741c44::obs_1::0""]","[""memory-longmemeval_07741c44::obs_0::0""]",False,2,2,True,True,1,True,False,True,True,True,True,True,True,True,True
path_b_only_denominator,naive_eager_write_lite,07741c45,longmemeval_07741c45,False,[durable] lme-keep-old-sneakers (confidence 0.73),"[""answer_7e9ad7b4_1"", ""answer_7e9ad7b4_2""]","[""longmemeval_07741c45::obs_0::0"", ""longmemeval_07741c45::obs_1::0""]","[""memory-longmemeval_07741c45::obs_0::0""]",False,2,2,True,True,1,True,False,True,True,True,True,True,True,True,True
path_b_only_denominator,naive_eager_write_lite,08e075c7,longmemeval_08e075c7,False,[durable] lme-long-been-using-fitbit-charge (confidence 0.73),"[""answer_cdbe2250_1"", ""answer_cdbe2250_2""]","[""longmemeval_08e075c7::obs_0::0"", ""longmemeval_08e075c7::obs_1::0""]","[""memory-longmemeval_08e075c7::obs_0::0""]",False,2,2,True,True,1,True,False,True,True,True,True,True,True,True,True
path_b_only_denominator,naive_eager_write_lite,0977f2af,longmemeval_0977f2af,False,[durable] lme-new-kitchen-gadget-invest-before-getting-air-fryer (confidence 0.73),"[""answer_3bf5b73b_1"", ""answer_3bf5b73b_2""]","[""longmemeval_0977f2af::obs_0::0"", ""longmemeval_0977f2af::obs_1::0""]","[""memory-longmemeval_0977f2af::obs_0::0""]",False,2,2,True,True,1,True,False,True,True,True,True,True,True,True,True
path_b_only_denominator,naive_eager_write_lite,0ddfec37,longmemeval_0ddfec37,False,[durable] lme-autographed-baseballs-added-collection-first-three-months-collection (confidence 0.73),"[""answer_a22b654d_1"", ""answer_a22b654d_2""]","[""longmemeval_0ddfec37::obs_0::0"", ""longmemeval_0ddfec37::obs_1::0""]","[""memory-longmemeval_0ddfec37::obs_0::0""]",False,2,2,True,True,1,True,False,True,True,True,True,True,True,True,True
path_b_only_denominator,naive_eager_write_lite,0e4e4c46,longmemeval_0e4e4c46,False,[durable] lme-highest-score-ticket-ride (confidence 0.73),"[""answer_f2f998c7_1"", ""answer_f2f998c7_2""]","[""longmemeval_0e4e4c46::obs_0::0"", ""longmemeval_0e4e4c46::obs_1::0""]","[""memory-longmemeval_0e4e4c46::obs_0::0""]",False,2,2,True,True,1,True,False,True,True,True,True,True,True,True,True
path_b_only_denominator,naive_eager_write_lite,0f05491a,longmemeval_0f05491a,False,[durable] lme-stars-need-reach-gold-level-starbucks-rewards-app (confidence 0.73),"[""answer_d6d2eba8_1"", ""answer_d6d2eba8_2""]","[""longmemeval_0f05491a::obs_0::0"", ""longmemeval_0f05491a::obs_1::0""]","[""memory-longmemeval_0f05491a::obs_0::0""]",False,2,2,True,True,1,True,False,True,True,True,True,True,True,True,True
path_b_only_denominator,naive_eager_write_lite,10e09553,longmemeval_10e09553,False,[durable] lme-largemouth-bass-catch-alex-earlier-fishing-trip-lake-michigan-before-22-trip (confidence 0.73),"[""answer_67be2c38_1"", ""answer_67be2c38_2""]","[""longmemeval_10e09553::obs_0::0"", ""longmemeval_10e09553::obs_1::0""]","[""memory-longmemeval_10e09553::obs_0::0""]",False,2,2,True,True,1,True,False,True,True,True,True,True,True,True,True
path_b_only_denominator,naive_eager_write_lite,184da446,longmemeval_184da446,False,[durable] lme-pages-short-history-nearly-everything-read-so-far (confidence 0.73),"[""answer_e2f4f947_1"", ""answer_e2f4f947_2""]","[""longmemeval_184da446::obs_0::0"", ""longmemeval_184da446::obs_1::0""]","[""memory-longmemeval_184da446::obs_0::0""]",False,2,2,True,True,1,True,False,True,True,True,True,True,True,True,True
path_b_only_denominator,naive_eager_write_lite,18bc8abd,longmemeval_18bc8abd,False,[durable] lme-brand-bbq-sauce-obsessed (confidence 0.73),"[""answer_fff743f5_1"", ""answer_fff743f5_2""]","[""longmemeval_18bc8abd::obs_0::0"", ""longmemeval_18bc8abd::obs_1::0""]","[""memory-longmemeval_18bc8abd::obs_0::0""]",False,2,2,True,True,1,True,False,True,True,True,True,True,True,True,True
path_b_only_denominator,naive_eager_write_lite,1cea1afa,longmemeval_1cea1afa,False,[durable] lme-instagram-followers (confidence 0.73),"[""answer_79c395a9_1"", ""answer_79c395a9_2""]","[""longmemeval_1cea1afa::obs_0::0"", ""longmemeval_1cea1afa::obs_1::0""]","[""memory-longmemeval_1cea1afa::obs_0::0""]",False,2,2,True,True,1,True,False,True,True,True,True,True,True,True,True
path_b_only_denominator,naive_eager_write_lite,2133c1b5,longmemeval_2133c1b5,False,[durable] lme-long-been-living-apartment-harajuku (confidence 0.73),"[""answer_52382508_1"", ""answer_52382508_2""]","[""longmemeval_2133c1b5::obs_0::0"", ""longmemeval_2133c1b5::obs_1::0""]","[""memory-longmemeval_2133c1b5::obs_0::0""]",False,2,2,True,True,1,True,False,True,True,True,True,True,True,True,True
path_b_only_denominator,naive_eager_write_lite,22d2cb42,longmemeval_22d2cb42,False,[durable] lme-get-guitar-serviced (confidence 0.73),"[""answer_bcce0b73_1"", ""answer_bcce0b73_2""]","[""longmemeval_22d2cb42::obs_0::0"", ""longmemeval_22d2cb42::obs_1::0""]","[""memory-longmemeval_22d2cb42::obs_0::0""]",False,2,2,True,True,1,True,False,True,True,True,True,True,True,True,True
path_b_only_denominator,naive_eager_write_lite,2698e78f,longmemeval_2698e78f,False,[durable] lme-often-see-therapist-dr (confidence 0.73),"[""answer_9282283d_1"", ""answer_9282283d_2""]","[""longmemeval_2698e78f::obs_0::0"", ""longmemeval_2698e78f::obs_1::0""]","[""memory-longmemeval_2698e78f::obs_0::0""]",False,2,2,True,True,1,True,False,True,True,True,True,True,True,True,True
path_b_only_denominator,naive_eager_write_lite,26bdc477,longmemeval_26bdc477,False,[durable] lme-trips-taken-canon-eos-80d-camera (confidence 0.73),"[""answer_f762ad8d_1"", ""answer_f762ad8d_2""]","[""longmemeval_26bdc477::obs_0::0"", ""longmemeval_26bdc477::obs_1::0""]","[""memory-longmemeval_26bdc477::obs_0::0""]",False,2,2,True,True,1,True,False,True,True,True,True,True,True,True,True
path_b_only_denominator,naive_eager_write_lite,3ba21379,longmemeval_3ba21379,False,[durable] lme-type-vehicle-model-working (confidence 0.73),"[""answer_cd345582_1"", ""answer_cd345582_2""]","[""longmemeval_3ba21379::obs_0::0"", ""longmemeval_3ba21379::obs_1::0""]","[""memory-longmemeval_3ba21379::obs_0::0""]",False,2,2,True,True,1,True,False,True,True,True,True,True,True,True,True
path_b_only_denominator,naive_eager_write_lite,41698283,longmemeval_41698283,False,[durable] lme-type-camera-lens-purchase-most (confidence 0.73),"[""answer_c7ddc051_1"", ""answer_c7ddc051_2""]","[""longmemeval_41698283::obs_0::0"", ""longmemeval_41698283::obs_1::0""]","[""memory-longmemeval_41698283::obs_0::0""]",False,2,2,True,True,1,True,False,True,True,True,True,True,True,True,True
path_b_only_denominator,naive_eager_write_lite,42ec0761,longmemeval_42ec0761,False,[durable] lme-spare-screwdriver-opening-up-laptop (confidence 0.73),"[""answer_e3892371_1"", ""answer_e3892371_2""]","[""longmemeval_42ec0761::obs_0::0"", ""longmemeval_42ec0761::obs_1::0""]","[""memory-longmemeval_42ec0761::obs_0::0""]",False,2,2,True,True,1,True,False,True,True,True,True,True,True,True,True
path_b_only_denominator,naive_eager_write_lite,45dc21b6,longmemeval_45dc21b6,False,[durable] lme-emma-recipes-tried-out (confidence 0.73),"[""answer_07664d43_1"", ""answer_07664d43_2""]","[""longmemeval_45dc21b6::obs_0::0"", ""longmemeval_45dc21b6::obs_1::0""]","[""memory-longmemeval_45dc21b6::obs_0::0""]",False,2,2,True,True,1,True,False,True,True,True,True,True,True,True,True
path_b_only_denominator,naive_eager_write_lite,4b24c848,longmemeval_4b24c848,False,[durable] lme-tops-bought-so-far (confidence 0.73),"[""answer_2cec623b_1"", ""answer_2cec623b_2""]","[""longmemeval_4b24c848::obs_0::0"", ""longmemeval_4b24c848::obs_1::0""]","[""memory-longmemeval_4b24c848::obs_0::0""]",False,2,2,True,True,1,True,False,True,True,True,True,True,True,True,True
path_b_only_denominator,naive_eager_write_lite,4d6b87c8,longmemeval_4d6b87c8,False,[durable] lme-titles-watch-list (confidence 0.73),"[""answer_766ab8da_1"", ""answer_766ab8da_2""]","[""longmemeval_4d6b87c8::obs_0::0"", ""longmemeval_4d6b87c8::obs_1::0""]","[""memory-longmemeval_4d6b87c8::obs_0::0""]",False,2,2,True,True,1,True,False,True,True,True,True,True,True,True,True
path_b_only_denominator,naive_eager_write_lite,50635ada,longmemeval_50635ada,False,[durable] lme-previous-frequent-flyer-status-united-airlines-before-got-status (confidence 0.73),"[""answer_dcd74827_1"", ""answer_dcd74827_2""]","[""longmemeval_50635ada::obs_0::0"", ""longmemeval_50635ada::obs_1::0""]","[""memory-longmemeval_50635ada::obs_0::0""]",False,2,2,True,True,1,True,False,True,True,True,True,True,True,True,True
path_b_only_denominator,naive_eager_write_lite,5831f84d,longmemeval_5831f84d,False,[durable] lme-crash-course-videos-watched-past-few-weeks (confidence 0.73),"[""answer_8d63a897_1"", ""answer_8d63a897_2""]","[""longmemeval_5831f84d::obs_0::0"", ""longmemeval_5831f84d::obs_1::0""]","[""memory-longmemeval_5831f84d::obs_0::0""]",False,2,2,True,True,1,True,False,True,True,True,True,True,True,True,True
path_b_only_denominator,naive_eager_write_lite,59524333,longmemeval_59524333,False,[durable] lme-time-usually-go-gym (confidence 0.73),"[""answer_b28f2c7a_1"", ""answer_b28f2c7a_2""]","[""longmemeval_59524333::obs_0::0"", ""longmemeval_59524333::obs_1::0""]","[""memory-longmemeval_59524333::obs_0::0""]",False,2,2,True,True,1,True,False,True,True,True,True,True,True,True,True
path_b_only_denominator,naive_eager_write_lite,5a4f22c0,longmemeval_5a4f22c0,False,[durable] lme-company-rachel-old-colleague-previous-company-working-at (confidence 0.73),"[""answer_b0f3dfff_1"", ""answer_b0f3dfff_2""]","[""longmemeval_5a4f22c0::obs_0::0"", ""longmemeval_5a4f22c0::obs_1::0""]","[""memory-longmemeval_5a4f22c0::obs_0::0""]",False,2,2,True,True,1,True,False,True,True,True,True,True,True,True,True
path_b_only_denominator,naive_eager_write_lite,5c40ec5b,longmemeval_5c40ec5b,False,[durable] lme-times-met-up-alex-germany (confidence 0.73),"[""answer_1cb52d0a_1"", ""answer_1cb52d0a_2""]","[""longmemeval_5c40ec5b::obs_0::0"", ""longmemeval_5c40ec5b::obs_1::0""]","[""memory-longmemeval_5c40ec5b::obs_0::0""]",False,2,2,True,True,1,True,False,True,True,True,True,True,True,True,True
path_b_only_denominator,naive_eager_write_lite,603deb26,longmemeval_603deb26,False,[durable] lme-times-tried-making-negroni-at-home-since-friend-emma-showed-make-it (confidence 0.73),"[""answer_8afdebac_1"", ""answer_8afdebac_2""]","[""longmemeval_603deb26::obs_0::0"", ""longmemeval_603deb26::obs_1::0""]","[""memory-longmemeval_603deb26::obs_0::0""]",False,2,2,True,True,1,True,False,True,True,True,True,True,True,True,True
path_b_only_denominator,naive_eager_write_lite,6071bd76,longmemeval_6071bd76,False,[durable] lme-coffee-water-ratio-french-press-switch-more-water-per-tablespoon-coffee-or (confidence 0.73),"[""answer_4dac77cb_1"", ""answer_4dac77cb_2""]","[""longmemeval_6071bd76::obs_0::0"", ""longmemeval_6071bd76::obs_1::0""]","[""memory-longmemeval_6071bd76::obs_0::0""]",False,2,2,True,True,1,True,False,True,True,True,True,True,True,True,True
path_b_only_denominator,naive_eager_write_lite,618f13b2,longmemeval_618f13b2,False,[durable] lme-times-worn-new-black-converse-chuck-taylor-all-star-sneakers (confidence 0.73),"[""answer_caf5b52e_1"", ""answer_caf5b52e_2""]","[""longmemeval_618f13b2::obs_0::0"", ""longmemeval_618f13b2::obs_1::0""]","[""memory-longmemeval_618f13b2::obs_0::0""]",False,2,2,True,True,1,True,False,True,True,True,True,True,True,True,True
path_b_only_denominator,naive_eager_write_lite,69fee5aa,longmemeval_69fee5aa,False,[durable] lme-pre-1920-american-coins-collection (confidence 0.73),"[""answer_d6028d6e_1"", ""answer_d6028d6e_2""]","[""longmemeval_69fee5aa::obs_0::0"", ""longmemeval_69fee5aa::obs_1::0""]","[""memory-longmemeval_69fee5aa::obs_0::0""]",False,2,2,True,True,1,True,False,True,True,True,True,True,True,True,True
path_b_only_denominator,naive_eager_write_lite,6a1eabeb,longmemeval_6a1eabeb,False,[durable] lme-personal-best-time-charity-5k-run (confidence 0.73),"[""answer_a25d4a91_1"", ""answer_a25d4a91_2""]","[""longmemeval_6a1eabeb::obs_0::0"", ""longmemeval_6a1eabeb::obs_1::0""]","[""memory-longmemeval_6a1eabeb::obs_0::0""]",False,2,2,True,True,1,True,False,True,True,True,True,True,True,True,True
path_b_only_denominator,naive_eager_write_lite,6a27ffc2,longmemeval_6a27ffc2,False,[durable] lme-videos-corey-schafer-python-programming-series-completed-so-far (confidence 0.73),"[""answer_77f32504_1"", ""answer_77f32504_2""]","[""longmemeval_6a27ffc2::obs_0::0"", ""longmemeval_6a27ffc2::obs_1::0""]","[""memory-longmemeval_6a27ffc2::obs_0::0""]",False,2,2,True,True,1,True,False,True,True,True,True,True,True,True,True
path_b_only_denominator,naive_eager_write_lite,6aeb4375,longmemeval_6aeb4375,False,[durable] lme-korean-restaurants-tried-city (confidence 0.73),"[""answer_3f9693b7_1"", ""answer_3f9693b7_2""]","[""longmemeval_6aeb4375::obs_0::0"", ""longmemeval_6aeb4375::obs_1::0""]","[""memory-longmemeval_6aeb4375::obs_0::0""]",False,2,2,True,True,1,True,False,True,True,True,True,True,True,True,True
path_b_only_denominator,naive_eager_write_lite,71315a70,longmemeval_71315a70,False,[durable] lme-hours-spent-abstract-ocean-sculpture (confidence 0.73),"[""answer_c44b9df4_1"", ""answer_c44b9df4_2""]","[""longmemeval_71315a70::obs_0::0"", ""longmemeval_71315a70::obs_1::0""]","[""memory-longmemeval_71315a70::obs_0::0""]",False,2,2,True,True,1,True,False,True,True,True,True,True,True,True,True
path_b_only_denominator,naive_eager_write_lite,72e3ee87,longmemeval_72e3ee87,False,[durable] lme-episodes-science-series-completed-crash-course (confidence 0.73),"[""answer_d7de9a6a_1"", ""answer_d7de9a6a_2""]","[""longmemeval_72e3ee87::obs_0::0"", ""longmemeval_72e3ee87::obs_1::0""]","[""memory-longmemeval_72e3ee87::obs_0::0""]",False,2,2,True,True,1,True,False,True,True,True,True,True,True,True,True
path_b_only_denominator,naive_eager_write_lite,7401057b,longmemeval_7401057b,False,[durable] lme-free-night-stays-can-redeem-at-any-hilton-property-accumulated-points (confidence 0.73),"[""answer_94650bfa_1"", ""answer_94650bfa_2""]","[""longmemeval_7401057b::obs_0::0"", ""longmemeval_7401057b::obs_1::0""]","[""memory-longmemeval_7401057b::obs_0::0""]",False,2,2,True,True,1,True,False,True,True,True,True,True,True,True,True
path_b_only_denominator,naive_eager_write_lite,7a87bd0c,longmemeval_7a87bd0c,False,[durable] lme-long-been-sticking-daily-tidying-routine (confidence 0.73),"[""answer_d08a934d_1"", ""answer_d08a934d_2""]","[""longmemeval_7a87bd0c::obs_0::0"", ""longmemeval_7a87bd0c::obs_1::0""]","[""memory-longmemeval_7a87bd0c::obs_0::0""]",False,2,2,True,True,1,True,False,True,True,True,True,True,True,True,True
path_b_only_denominator,naive_eager_write_lite,7e974930,longmemeval_7e974930,False,[durable] lme-much-earn-at-downtown-farmers-market-most-visit (confidence 0.73),"[""answer_c9f5693c_1"", ""answer_c9f5693c_2""]","[""longmemeval_7e974930::obs_0::0"", ""longmemeval_7e974930::obs_1::0""]","[""memory-longmemeval_7e974930::obs_0::0""]",False,2,2,True,True,1,True,False,True,True,True,True,True,True,True,True
path_b_only_denominator,naive_eager_write_lite,830ce83f,longmemeval_830ce83f,False,[durable] lme-rachel-move-her-relocation (confidence 0.73),"[""answer_0b1a0942_1"", ""answer_0b1a0942_2""]","[""longmemeval_830ce83f::obs_0::0"", ""longmemeval_830ce83f::obs_1::0""]","[""memory-longmemeval_830ce83f::obs_0::0""]",False,2,2,True,True,1,True,False,True,True,True,True,True,True,True,True
path_b_only_denominator,naive_eager_write_lite,852ce960,longmemeval_852ce960,False,[durable] lme-amount-pre-approved-got-mortgage-wells-fargo (confidence 0.73),"[""answer_3a6f1e82_1"", ""answer_3a6f1e82_2""]","[""longmemeval_852ce960::obs_0::0"", ""longmemeval_852ce960::obs_1::0""]","[""memory-longmemeval_852ce960::obs_0::0""]",False,2,2,True,True,1,True,False,True,True,True,True,True,True,True,True
path_b_only_denominator,naive_eager_write_lite,89941a93,longmemeval_89941a93,False,[durable] lme-bikes-own (confidence 0.73),"[""answer_e1403127_1"", ""answer_e1403127_2""]","[""longmemeval_89941a93::obs_0::0"", ""longmemeval_89941a93::obs_1::0""]","[""memory-longmemeval_89941a93::obs_0::0""]",False,2,2,True,True,1,True,False,True,True,True,True,True,True,True,True
path_b_only_denominator,naive_eager_write_lite,89941a94,longmemeval_89941a94,False,[durable] lme-before-purchased-gravel-bike-other-bikes-addition-mountain-bike-commuter-bike (confidence 0.73),"[""answer_e1403127_1"", ""answer_e1403127_2""]","[""longmemeval_89941a94::obs_0::0"", ""longmemeval_89941a94::obs_1::0""]","[""memory-longmemeval_89941a94::obs_0::0""]",False,2,2,True,True,1,True,False,True,True,True,True,True,True,True,True
path_b_only_denominator,naive_eager_write_lite,8fb83627,longmemeval_8fb83627,False,[durable] lme-issues-national-geographic-finished-reading (confidence 0.73),"[""answer_966cecbb_1"", ""answer_966cecbb_2""]","[""longmemeval_8fb83627::obs_0::0"", ""longmemeval_8fb83627::obs_1::0""]","[""memory-longmemeval_8fb83627::obs_0::0""]",False,2,2,True,True,1,True,False,True,True,True,True,True,True,True,True
path_b_only_denominator,naive_eager_write_lite,945e3d21,longmemeval_945e3d21,False,[durable] lme-often-attend-yoga-classes-help-anxiety (confidence 0.73),"[""answer_6a4f8626_1"", ""answer_6a4f8626_2""]","[""longmemeval_945e3d21::obs_0::0"", ""longmemeval_945e3d21::obs_1::0""]","[""memory-longmemeval_945e3d21::obs_0::0""]",False,2,2,True,True,1,True,False,True,True,True,True,True,True,True,True
path_b_only_denominator,naive_eager_write_lite,9bbe84a2,longmemeval_9bbe84a2,False,[durable] lme-previous-goal-apex-legends-level-before-updated-goal (confidence 0.73),"[""answer_c6a0c6c2_1"", ""answer_c6a0c6c2_2""]","[""longmemeval_9bbe84a2::obs_0::0"", ""longmemeval_9bbe84a2::obs_1::0""]","[""memory-longmemeval_9bbe84a2::obs_0::0""]",False,2,2,True,True,1,True,False,True,True,True,True,True,True,True,True
path_b_only_denominator,naive_eager_write_lite,9ea5eabc,longmemeval_9ea5eabc,False,[durable] lme-go-most-family-trip (confidence 0.73),"[""answer_02e66dec_1"", ""answer_02e66dec_2""]","[""longmemeval_9ea5eabc::obs_0::0"", ""longmemeval_9ea5eabc::obs_1::0""]","[""memory-longmemeval_9ea5eabc::obs_0::0""]",False,2,2,True,True,1,True,False,True,True,True,True,True,True,True,True
path_b_only_denominator,naive_eager_write_lite,a1eacc2a,longmemeval_a1eacc2a,False,[durable] lme-short-stories-written-since-started-writing-regularly (confidence 0.73),"[""answer_0eb23770_1"", ""answer_0eb23770_2""]","[""longmemeval_a1eacc2a::obs_0::0"", ""longmemeval_a1eacc2a::obs_1::0""]","[""memory-longmemeval_a1eacc2a::obs_0::0""]",False,2,2,True,True,1,True,False,True,True,True,True,True,True,True,True
path_b_only_denominator,naive_eager_write_lite,a2f3aa27,longmemeval_a2f3aa27,False,[durable] lme-followers-instagram-now (confidence 0.73),"[""answer_5126c02d_1"", ""answer_5126c02d_2""]","[""longmemeval_a2f3aa27::obs_0::0"", ""longmemeval_a2f3aa27::obs_1::0""]","[""memory-longmemeval_a2f3aa27::obs_0::0""]",False,2,2,True,True,1,True,False,True,True,True,True,True,True,True,True
path_b_only_denominator,naive_eager_write_lite,affe2881,longmemeval_affe2881,False,[durable] lme-different-species-birds-seen-local-park (confidence 0.73),"[""answer_90de9b4d_1"", ""answer_90de9b4d_2""]","[""longmemeval_affe2881::obs_0::0"", ""longmemeval_affe2881::obs_1::0""]","[""memory-longmemeval_affe2881::obs_0::0""]",False,2,2,True,True,1,True,False,True,True,True,True,True,True,True,True
path_b_only_denominator,naive_eager_write_lite,b01defab,longmemeval_b01defab,False,[durable] lme-finish-reading-nightingale-by-kristin-hannah (confidence 0.73),"[""answer_8c0712af_1"", ""answer_8c0712af_2""]","[""longmemeval_b01defab::obs_0::0"", ""longmemeval_b01defab::obs_1::0""]","[""memory-longmemeval_b01defab::obs_0::0""]",False,2,2,True,True,1,True,False,True,True,True,True,True,True,True,True
path_b_only_denominator,naive_eager_write_lite,b6019101,longmemeval_b6019101,False,[durable] lme-mcu-films-watch-last-months (confidence 0.73),"[""answer_67074b4b_1"", ""answer_67074b4b_2""]","[""longmemeval_b6019101::obs_0::0"", ""longmemeval_b6019101::obs_1::0""]","[""memory-longmemeval_b6019101::obs_0::0""]",False,2,2,True,True,1,True,False,True,True,True,True,True,True,True,True
path_b_only_denominator,naive_eager_write_lite,ba61f0b9,longmemeval_ba61f0b9,False,[durable] lme-women-team-led-by-former-manager-rachel (confidence 0.73),"[""answer_f377cda7_1"", ""answer_f377cda7_2""]","[""longmemeval_ba61f0b9::obs_0::0"", ""longmemeval_ba61f0b9::obs_1::0""]","[""memory-longmemeval_ba61f0b9::obs_0::0""]",False,2,2,True,True,1,True,False,True,True,True,True,True,True,True,True
path_b_only_denominator,naive_eager_write_lite,c4ea545c,longmemeval_c4ea545c,False,[durable] lme-go-gym-more-frequently-than-previously (confidence 0.73),"[""answer_d3bf812b_1"", ""answer_d3bf812b_2""]","[""longmemeval_c4ea545c::obs_0::0"", ""longmemeval_c4ea545c::obs_1::0""]","[""memory-longmemeval_c4ea545c::obs_0::0""]",False,2,2,True,True,1,True,False,True,True,True,True,True,True,True,True
path_b_only_denominator,naive_eager_write_lite,c6853660,longmemeval_c6853660,False,[durable] lme-mostly-increase-or-decrease-limit-number-cups-coffee-morning (confidence 0.73),"[""answer_626e93c4_1"", ""answer_626e93c4_2""]","[""longmemeval_c6853660::obs_0::0"", ""longmemeval_c6853660::obs_1::0""]","[""memory-longmemeval_c6853660::obs_0::0""]",False,2,2,True,True,1,True,False,True,True,True,True,True,True,True,True
path_b_only_denominator,naive_eager_write_lite,c7dc5443,longmemeval_c7dc5443,False,[durable] lme-record-recreational-volleyball-league (confidence 0.73),"[""answer_0cdbca92_1"", ""answer_0cdbca92_2""]","[""longmemeval_c7dc5443::obs_0::0"", ""longmemeval_c7dc5443::obs_1::0""]","[""memory-longmemeval_c7dc5443::obs_0::0""]",False,2,2,True,True,1,True,False,True,True,True,True,True,True,True,True
path_b_only_denominator,naive_eager_write_lite,cc5ded98,longmemeval_cc5ded98,False,[durable] lme-much-time-dedicate-coding-exercises-each-day (confidence 0.73),"[""answer_a5b68517_1"", ""answer_a5b68517_2""]","[""longmemeval_cc5ded98::obs_0::0"", ""longmemeval_cc5ded98::obs_1::0""]","[""memory-longmemeval_cc5ded98::obs_0::0""]",False,2,2,True,True,1,True,False,True,True,True,True,True,True,True,True
path_b_only_denominator,naive_eager_write_lite,ce6d2d27,longmemeval_ce6d2d27,False,[durable] lme-day-week-take-cocktail-making-class (confidence 0.73),"[""answer_73540165_1"", ""answer_73540165_2""]","[""longmemeval_ce6d2d27::obs_0::0"", ""longmemeval_ce6d2d27::obs_1::0""]","[""memory-longmemeval_ce6d2d27::obs_0::0""]",False,2,2,True,True,1,True,False,True,True,True,True,True,True,True,True
path_b_only_denominator,naive_eager_write_lite,cf22b7bf,longmemeval_cf22b7bf,False,[durable] lme-much-weight-lost-since-started-going-gym-consistently (confidence 0.73),"[""answer_ae3a122b_1"", ""answer_ae3a122b_2""]","[""longmemeval_cf22b7bf::obs_0::0"", ""longmemeval_cf22b7bf::obs_1::0""]","[""memory-longmemeval_cf22b7bf::obs_0::0""]",False,2,2,True,True,1,True,False,True,True,True,True,True,True,True,True
path_b_only_denominator,naive_eager_write_lite,d7c942c3,longmemeval_d7c942c3,False,[durable] lme-mom-using-same-grocery-list-method-as (confidence 0.73),"[""answer_eecb10d9_1"", ""answer_eecb10d9_2""]","[""longmemeval_d7c942c3::obs_0::0"", ""longmemeval_d7c942c3::obs_1::0""]","[""memory-longmemeval_d7c942c3::obs_0::0""]",False,2,2,True,True,1,True,False,True,True,True,True,True,True,True,True
path_b_only_denominator,naive_eager_write_lite,dad224aa,longmemeval_dad224aa,False,[durable] lme-time-wake-up-saturday-mornings (confidence 0.73),"[""answer_4a97ae40_1"", ""answer_4a97ae40_2""]","[""longmemeval_dad224aa::obs_0::0"", ""longmemeval_dad224aa::obs_1::0""]","[""memory-longmemeval_dad224aa::obs_0::0""]",False,2,2,True,True,1,True,False,True,True,True,True,True,True,True,True
path_b_only_denominator,naive_eager_write_lite,db467c8c,longmemeval_db467c8c,False,[durable] lme-long-parents-been-staying-us (confidence 0.73),"[""answer_611b6e83_1"", ""answer_611b6e83_2""]","[""longmemeval_db467c8c::obs_0::0"", ""longmemeval_db467c8c::obs_1::0""]","[""memory-longmemeval_db467c8c::obs_0::0""]",False,2,2,True,True,1,True,False,True,True,True,True,True,True,True,True
path_b_only_denominator,naive_eager_write_lite,dfde3500,longmemeval_dfde3500,False,[durable] lme-day-week-meet-previous-language-exchange-tutor-juan (confidence 0.73),"[""answer_35d6c0be_1"", ""answer_35d6c0be_2""]","[""longmemeval_dfde3500::obs_0::0"", ""longmemeval_dfde3500::obs_1::0""]","[""memory-longmemeval_dfde3500::obs_0::0""]",False,2,2,True,True,1,True,False,True,True,True,True,True,True,True,True
path_b_only_denominator,naive_eager_write_lite,e493bb7c,longmemeval_e493bb7c,False,[durable] lme-painting-ethereal-dreams-by-emma-taylor-hanging (confidence 0.73),"[""answer_1a374afa_1"", ""answer_1a374afa_2""]","[""longmemeval_e493bb7c::obs_0::0"", ""longmemeval_e493bb7c::obs_1::0""]","[""memory-longmemeval_e493bb7c::obs_0::0""]",False,2,2,True,True,1,True,False,True,True,True,True,True,True,True,True
path_b_only_denominator,naive_eager_write_lite,e61a7584,longmemeval_e61a7584,False,[durable] lme-long-cat-luna (confidence 0.73),"[""answer_f25c32f5_1"", ""answer_f25c32f5_2""]","[""longmemeval_e61a7584::obs_0::0"", ""longmemeval_e61a7584::obs_1::0""]","[""memory-longmemeval_e61a7584::obs_0::0""]",False,2,2,True,True,1,True,False,True,True,True,True,True,True,True,True
path_b_only_denominator,naive_eager_write_lite,e66b632c,longmemeval_e66b632c,False,[durable] lme-previous-personal-best-time-charity-5k-run (confidence 0.73),"[""answer_ac0140ce_1"", ""answer_ac0140ce_2""]","[""longmemeval_e66b632c::obs_0::0"", ""longmemeval_e66b632c::obs_1::0""]","[""memory-longmemeval_e66b632c::obs_0::0""]",False,2,2,True,True,1,True,False,True,True,True,True,True,True,True,True
path_b_only_denominator,naive_eager_write_lite,eace081b,longmemeval_eace081b,False,[durable] lme-planning-stay-birthday-trip-hawaii (confidence 0.73),"[""answer_8a791264_1"", ""answer_8a791264_2""]","[""longmemeval_eace081b::obs_0::0"", ""longmemeval_eace081b::obs_1::0""]","[""memory-longmemeval_eace081b::obs_0::0""]",False,2,2,True,True,1,True,False,True,True,True,True,True,True,True,True
path_b_only_denominator,naive_eager_write_lite,ed4ddc30,longmemeval_ed4ddc30,False,[durable] lme-dozen-eggs-we-stocked-up-our-refrigerator (confidence 0.73),"[""answer_babbaccb_1"", ""answer_babbaccb_2""]","[""longmemeval_ed4ddc30::obs_0::0"", ""longmemeval_ed4ddc30::obs_1::0""]","[""memory-longmemeval_ed4ddc30::obs_0::0""]",False,2,2,True,True,1,True,False,True,True,True,True,True,True,True,True
path_b_only_denominator,naive_eager_write_lite,f685340e,longmemeval_f685340e,False,[durable] lme-often-play-tennis-friends-at-local-park-previously (confidence 0.73),"[""answer_25df025b_1"", ""answer_25df025b_2""]","[""longmemeval_f685340e::obs_0::0"", ""longmemeval_f685340e::obs_1::0""]","[""memory-longmemeval_f685340e::obs_0::0""]",False,2,2,True,True,1,True,False,True,True,True,True,True,True,True,True
path_b_only_denominator,naive_eager_write_lite,f9e8c073,longmemeval_f9e8c073,False,[durable] lme-sessions-bereavement-support-group-attend (confidence 0.73),"[""answer_b191df5b_1"", ""answer_b191df5b_2""]","[""longmemeval_f9e8c073::obs_0::0"", ""longmemeval_f9e8c073::obs_1::0""]","[""memory-longmemeval_f9e8c073::obs_0::0""]",False,2,2,True,True,1,True,False,True,True,True,True,True,True,True,True
path_b_only_denominator,no_memory_lite,01493427,longmemeval_01493427,False,No memory available.,[],[],[],False,2,0,False,False,,False,False,False,False,False,False,False,False,False,False
path_b_only_denominator,no_memory_lite,031748ae,longmemeval_031748ae,False,No memory available.,[],[],[],False,2,0,False,False,,False,False,False,False,False,False,False,False,False,False
path_b_only_denominator,no_memory_lite,06db6396,longmemeval_06db6396,False,No memory available.,[],[],[],False,2,0,False,False,,False,False,False,False,False,False,False,False,False,False
path_b_only_denominator,no_memory_lite,07741c44,longmemeval_07741c44,False,No memory available.,[],[],[],False,2,0,False,False,,False,False,False,False,False,False,False,False,False,False
path_b_only_denominator,no_memory_lite,07741c45,longmemeval_07741c45,False,No memory available.,[],[],[],False,2,0,False,False,,False,False,False,False,False,False,False,False,False,False
path_b_only_denominator,no_memory_lite,08e075c7,longmemeval_08e075c7,False,No memory available.,[],[],[],False,2,0,False,False,,False,False,False,False,False,False,False,False,False,False
path_b_only_denominator,no_memory_lite,0977f2af,longmemeval_0977f2af,False,No memory available.,[],[],[],False,2,0,False,False,,False,False,False,False,False,False,False,False,False,False
path_b_only_denominator,no_memory_lite,0ddfec37,longmemeval_0ddfec37,False,No memory available.,[],[],[],False,2,0,False,False,,False,False,False,False,False,False,False,False,False,False
path_b_only_denominator,no_memory_lite,0e4e4c46,longmemeval_0e4e4c46,False,No memory available.,[],[],[],False,2,0,False,False,,False,False,False,False,False,False,False,False,False,False
path_b_only_denominator,no_memory_lite,0f05491a,longmemeval_0f05491a,False,No memory available.,[],[],[],False,2,0,False,False,,False,False,False,False,False,False,False,False,False,False
path_b_only_denominator,no_memory_lite,10e09553,longmemeval_10e09553,False,No memory available.,[],[],[],False,2,0,False,False,,False,False,False,False,False,False,False,False,False,False
path_b_only_denominator,no_memory_lite,184da446,longmemeval_184da446,False,No memory available.,[],[],[],False,2,0,False,False,,False,False,False,False,False,False,False,False,False,False
path_b_only_denominator,no_memory_lite,18bc8abd,longmemeval_18bc8abd,False,No memory available.,[],[],[],False,2,0,False,False,,False,False,False,False,False,False,False,False,False,False
path_b_only_denominator,no_memory_lite,1cea1afa,longmemeval_1cea1afa,False,No memory available.,[],[],[],False,2,0,False,False,,False,False,False,False,False,False,False,False,False,False
path_b_only_denominator,no_memory_lite,2133c1b5,longmemeval_2133c1b5,False,No memory available.,[],[],[],False,2,0,False,False,,False,False,False,False,False,False,False,False,False,False
path_b_only_denominator,no_memory_lite,22d2cb42,longmemeval_22d2cb42,False,No memory available.,[],[],[],False,2,0,False,False,,False,False,False,False,False,False,False,False,False,False
path_b_only_denominator,no_memory_lite,2698e78f,longmemeval_2698e78f,False,No memory available.,[],[],[],False,2,0,False,False,,False,False,False,False,False,False,False,False,False,False
path_b_only_denominator,no_memory_lite,26bdc477,longmemeval_26bdc477,False,No memory available.,[],[],[],False,2,0,False,False,,False,False,False,False,False,False,False,False,False,False
path_b_only_denominator,no_memory_lite,3ba21379,longmemeval_3ba21379,False,No memory available.,[],[],[],False,2,0,False,False,,False,False,False,False,False,False,False,False,False,False
path_b_only_denominator,no_memory_lite,41698283,longmemeval_41698283,False,No memory available.,[],[],[],False,2,0,False,False,,False,False,False,False,False,False,False,False,False,False
path_b_only_denominator,no_memory_lite,42ec0761,longmemeval_42ec0761,False,No memory available.,[],[],[],False,2,0,False,False,,False,False,False,False,False,False,False,False,False,False
path_b_only_denominator,no_memory_lite,45dc21b6,longmemeval_45dc21b6,False,No memory available.,[],[],[],False,2,0,False,False,,False,False,False,False,False,False,False,False,False,False
path_b_only_denominator,no_memory_lite,4b24c848,longmemeval_4b24c848,False,No memory available.,[],[],[],False,2,0,False,False,,False,False,False,False,False,False,False,False,False,False
path_b_only_denominator,no_memory_lite,4d6b87c8,longmemeval_4d6b87c8,False,No memory available.,[],[],[],False,2,0,False,False,,False,False,False,False,False,False,False,False,False,False
path_b_only_denominator,no_memory_lite,50635ada,longmemeval_50635ada,False,No memory available.,[],[],[],False,2,0,False,False,,False,False,False,False,False,False,False,False,False,False
path_b_only_denominator,no_memory_lite,5831f84d,longmemeval_5831f84d,False,No memory available.,[],[],[],False,2,0,False,False,,False,False,False,False,False,False,False,False,False,False
path_b_only_denominator,no_memory_lite,59524333,longmemeval_59524333,False,No memory available.,[],[],[],False,2,0,False,False,,False,False,False,False,False,False,False,False,False,False
path_b_only_denominator,no_memory_lite,5a4f22c0,longmemeval_5a4f22c0,False,No memory available.,[],[],[],False,2,0,False,False,,False,False,False,False,False,False,False,False,False,False
path_b_only_denominator,no_memory_lite,5c40ec5b,longmemeval_5c40ec5b,False,No memory available.,[],[],[],False,2,0,False,False,,False,False,False,False,False,False,False,False,False,False
path_b_only_denominator,no_memory_lite,603deb26,longmemeval_603deb26,False,No memory available.,[],[],[],False,2,0,False,False,,False,False,False,False,False,False,False,False,False,False
path_b_only_denominator,no_memory_lite,6071bd76,longmemeval_6071bd76,False,No memory available.,[],[],[],False,2,0,False,False,,False,False,False,False,False,False,False,False,False,False
path_b_only_denominator,no_memory_lite,618f13b2,longmemeval_618f13b2,False,No memory available.,[],[],[],False,2,0,False,False,,False,False,False,False,False,False,False,False,False,False
path_b_only_denominator,no_memory_lite,69fee5aa,longmemeval_69fee5aa,False,No memory available.,[],[],[],False,2,0,False,False,,False,False,False,False,False,False,False,False,False,False
path_b_only_denominator,no_memory_lite,6a1eabeb,longmemeval_6a1eabeb,False,No memory available.,[],[],[],False,2,0,False,False,,False,False,False,False,False,False,False,False,False,False
path_b_only_denominator,no_memory_lite,6a27ffc2,longmemeval_6a27ffc2,False,No memory available.,[],[],[],False,2,0,False,False,,False,False,False,False,False,False,False,False,False,False
path_b_only_denominator,no_memory_lite,6aeb4375,longmemeval_6aeb4375,False,No memory available.,[],[],[],False,2,0,False,False,,False,False,False,False,False,False,False,False,False,False
path_b_only_denominator,no_memory_lite,71315a70,longmemeval_71315a70,False,No memory available.,[],[],[],False,2,0,False,False,,False,False,False,False,False,False,False,False,False,False
path_b_only_denominator,no_memory_lite,72e3ee87,longmemeval_72e3ee87,False,No memory available.,[],[],[],False,2,0,False,False,,False,False,False,False,False,False,False,False,False,False
path_b_only_denominator,no_memory_lite,7401057b,longmemeval_7401057b,False,No memory available.,[],[],[],False,2,0,False,False,,False,False,False,False,False,False,False,False,False,False
path_b_only_denominator,no_memory_lite,7a87bd0c,longmemeval_7a87bd0c,False,No memory available.,[],[],[],False,2,0,False,False,,False,False,False,False,False,False,False,False,False,False
path_b_only_denominator,no_memory_lite,7e974930,longmemeval_7e974930,False,No memory available.,[],[],[],False,2,0,False,False,,False,False,False,False,False,False,False,False,False,False
path_b_only_denominator,no_memory_lite,830ce83f,longmemeval_830ce83f,False,No memory available.,[],[],[],False,2,0,False,False,,False,False,False,False,False,False,False,False,False,False
path_b_only_denominator,no_memory_lite,852ce960,longmemeval_852ce960,False,No memory available.,[],[],[],False,2,0,False,False,,False,False,False,False,False,False,False,False,False,False
path_b_only_denominator,no_memory_lite,89941a93,longmemeval_89941a93,False,No memory available.,[],[],[],False,2,0,False,False,,False,False,False,False,False,False,False,False,False,False
path_b_only_denominator,no_memory_lite,89941a94,longmemeval_89941a94,False,No memory available.,[],[],[],False,2,0,False,False,,False,False,False,False,False,False,False,False,False,False
path_b_only_denominator,no_memory_lite,8fb83627,longmemeval_8fb83627,False,No memory available.,[],[],[],False,2,0,False,False,,False,False,False,False,False,False,False,False,False,False
path_b_only_denominator,no_memory_lite,945e3d21,longmemeval_945e3d21,False,No memory available.,[],[],[],False,2,0,False,False,,False,False,False,False,False,False,False,False,False,False
path_b_only_denominator,no_memory_lite,9bbe84a2,longmemeval_9bbe84a2,False,No memory available.,[],[],[],False,2,0,False,False,,False,False,False,False,False,False,False,False,False,False
path_b_only_denominator,no_memory_lite,9ea5eabc,longmemeval_9ea5eabc,False,No memory available.,[],[],[],False,2,0,False,False,,False,False,False,False,False,False,False,False,False,False
path_b_only_denominator,no_memory_lite,a1eacc2a,longmemeval_a1eacc2a,False,No memory available.,[],[],[],False,2,0,False,False,,False,False,False,False,False,False,False,False,False,False
path_b_only_denominator,no_memory_lite,a2f3aa27,longmemeval_a2f3aa27,False,No memory available.,[],[],[],False,2,0,False,False,,False,False,False,False,False,False,False,False,False,False
path_b_only_denominator,no_memory_lite,affe2881,longmemeval_affe2881,False,No memory available.,[],[],[],False,2,0,False,False,,False,False,False,False,False,False,False,False,False,False
path_b_only_denominator,no_memory_lite,b01defab,longmemeval_b01defab,False,No memory available.,[],[],[],False,2,0,False,False,,False,False,False,False,False,False,False,False,False,False
path_b_only_denominator,no_memory_lite,b6019101,longmemeval_b6019101,False,No memory available.,[],[],[],False,2,0,False,False,,False,False,False,False,False,False,False,False,False,False
path_b_only_denominator,no_memory_lite,ba61f0b9,longmemeval_ba61f0b9,False,No memory available.,[],[],[],False,2,0,False,False,,False,False,False,False,False,False,False,False,False,False
path_b_only_denominator,no_memory_lite,c4ea545c,longmemeval_c4ea545c,False,No memory available.,[],[],[],False,2,0,False,False,,False,False,False,False,False,False,False,False,False,False
path_b_only_denominator,no_memory_lite,c6853660,longmemeval_c6853660,False,No memory available.,[],[],[],False,2,0,False,False,,False,False,False,False,False,False,False,False,False,False
path_b_only_denominator,no_memory_lite,c7dc5443,longmemeval_c7dc5443,False,No memory available.,[],[],[],False,2,0,False,False,,False,False,False,False,False,False,False,False,False,False
path_b_only_denominator,no_memory_lite,cc5ded98,longmemeval_cc5ded98,False,No memory available.,[],[],[],False,2,0,False,False,,False,False,False,False,False,False,False,False,False,False
path_b_only_denominator,no_memory_lite,ce6d2d27,longmemeval_ce6d2d27,False,No memory available.,[],[],[],False,2,0,False,False,,False,False,False,False,False,False,False,False,False,False
path_b_only_denominator,no_memory_lite,cf22b7bf,longmemeval_cf22b7bf,False,No memory available.,[],[],[],False,2,0,False,False,,False,False,False,False,False,False,False,False,False,False
path_b_only_denominator,no_memory_lite,d7c942c3,longmemeval_d7c942c3,False,No memory available.,[],[],[],False,2,0,False,False,,False,False,False,False,False,False,False,False,False,False
path_b_only_denominator,no_memory_lite,dad224aa,longmemeval_dad224aa,False,No memory available.,[],[],[],False,2,0,False,False,,False,False,False,False,False,False,False,False,False,False
path_b_only_denominator,no_memory_lite,db467c8c,longmemeval_db467c8c,False,No memory available.,[],[],[],False,2,0,False,False,,False,False,False,False,False,False,False,False,False,False
path_b_only_denominator,no_memory_lite,dfde3500,longmemeval_dfde3500,False,No memory available.,[],[],[],False,2,0,False,False,,False,False,False,False,False,False,False,False,False,False
path_b_only_denominator,no_memory_lite,e493bb7c,longmemeval_e493bb7c,False,No memory available.,[],[],[],False,2,0,False,False,,False,False,False,False,False,False,False,False,False,False
path_b_only_denominator,no_memory_lite,e61a7584,longmemeval_e61a7584,False,No memory available.,[],[],[],False,2,0,False,False,,False,False,False,False,False,False,False,False,False,False
path_b_only_denominator,no_memory_lite,e66b632c,longmemeval_e66b632c,False,No memory available.,[],[],[],False,2,0,False,False,,False,False,False,False,False,False,False,False,False,False
path_b_only_denominator,no_memory_lite,eace081b,longmemeval_eace081b,False,No memory available.,[],[],[],False,2,0,False,False,,False,False,False,False,False,False,False,False,False,False
path_b_only_denominator,no_memory_lite,ed4ddc30,longmemeval_ed4ddc30,False,No memory available.,[],[],[],False,2,0,False,False,,False,False,False,False,False,False,False,False,False,False
path_b_only_denominator,no_memory_lite,f685340e,longmemeval_f685340e,False,No memory available.,[],[],[],False,2,0,False,False,,False,False,False,False,False,False,False,False,False,False
path_b_only_denominator,no_memory_lite,f9e8c073,longmemeval_f9e8c073,False,No memory available.,[],[],[],False,2,0,False,False,,False,False,False,False,False,False,False,False,False,False
path_b_only_denominator,mem0_lite,01493427,longmemeval_01493427,False,[durable] lme-new-postcards-added-collection-since-started-collecting-again (confidence 0.73),"[""answer_a7b44747_1"", ""answer_a7b44747_2""]","[""longmemeval_01493427::obs_0::0"", ""longmemeval_01493427::obs_1::0""]","[""memory-longmemeval_01493427::obs_0::0""]",False,2,2,True,True,1,True,False,True,True,True,True,True,True,True,True
path_b_only_denominator,mem0_lite,031748ae,longmemeval_031748ae,False,[durable] lme-engineers-lead-just-started-new-role-as-senior-software-engineer (confidence 0.73),"[""answer_8748f791_1"", ""answer_8748f791_2""]","[""longmemeval_031748ae::obs_0::0"", ""longmemeval_031748ae::obs_1::0""]","[""memory-longmemeval_031748ae::obs_0::0""]",False,2,2,True,True,1,True,False,True,True,True,True,True,True,True,True
path_b_only_denominator,mem0_lite,06db6396,longmemeval_06db6396,False,[durable] lme-projects-completed-since-starting-painting-classes (confidence 0.73),"[""answer_da72b1b4_1"", ""answer_da72b1b4_2""]","[""longmemeval_06db6396::obs_0::0"", ""longmemeval_06db6396::obs_1::0""]","[""memory-longmemeval_06db6396::obs_0::0""]",False,2,2,True,True,1,True,False,True,True,True,True,True,True,True,True
path_b_only_denominator,mem0_lite,07741c44,longmemeval_07741c44,False,[durable] lme-initially-keep-old-sneakers (confidence 0.73),"[""answer_7e9ad7b4_1"", ""answer_7e9ad7b4_2""]","[""longmemeval_07741c44::obs_0::0"", ""longmemeval_07741c44::obs_1::0""]","[""memory-longmemeval_07741c44::obs_0::0""]",False,2,2,True,True,1,True,False,True,True,True,True,True,True,True,True
path_b_only_denominator,mem0_lite,07741c45,longmemeval_07741c45,False,[durable] lme-keep-old-sneakers (confidence 0.73),"[""answer_7e9ad7b4_1"", ""answer_7e9ad7b4_2""]","[""longmemeval_07741c45::obs_0::0"", ""longmemeval_07741c45::obs_1::0""]","[""memory-longmemeval_07741c45::obs_0::0""]",False,2,2,True,True,1,True,False,True,True,True,True,True,True,True,True
path_b_only_denominator,mem0_lite,08e075c7,longmemeval_08e075c7,False,[durable] lme-long-been-using-fitbit-charge (confidence 0.73),"[""answer_cdbe2250_1"", ""answer_cdbe2250_2""]","[""longmemeval_08e075c7::obs_0::0"", ""longmemeval_08e075c7::obs_1::0""]","[""memory-longmemeval_08e075c7::obs_0::0""]",False,2,2,True,True,1,True,False,True,True,True,True,True,True,True,True
path_b_only_denominator,mem0_lite,0977f2af,longmemeval_0977f2af,False,[durable] lme-new-kitchen-gadget-invest-before-getting-air-fryer (confidence 0.73),"[""answer_3bf5b73b_1"", ""answer_3bf5b73b_2""]","[""longmemeval_0977f2af::obs_0::0"", ""longmemeval_0977f2af::obs_1::0""]","[""memory-longmemeval_0977f2af::obs_0::0""]",False,2,2,True,True,1,True,False,True,True,True,True,True,True,True,True
path_b_only_denominator,mem0_lite,0ddfec37,longmemeval_0ddfec37,False,[durable] lme-autographed-baseballs-added-collection-first-three-months-collection (confidence 0.73),"[""answer_a22b654d_1"", ""answer_a22b654d_2""]","[""longmemeval_0ddfec37::obs_0::0"", ""longmemeval_0ddfec37::obs_1::0""]","[""memory-longmemeval_0ddfec37::obs_0::0""]",False,2,2,True,True,1,True,False,True,True,True,True,True,True,True,True
path_b_only_denominator,mem0_lite,0e4e4c46,longmemeval_0e4e4c46,False,[durable] lme-highest-score-ticket-ride (confidence 0.73),"[""answer_f2f998c7_1"", ""answer_f2f998c7_2""]","[""longmemeval_0e4e4c46::obs_0::0"", ""longmemeval_0e4e4c46::obs_1::0""]","[""memory-longmemeval_0e4e4c46::obs_0::0""]",False,2,2,True,True,1,True,False,True,True,True,True,True,True,True,True
path_b_only_denominator,mem0_lite,0f05491a,longmemeval_0f05491a,False,[durable] lme-stars-need-reach-gold-level-starbucks-rewards-app (confidence 0.73),"[""answer_d6d2eba8_1"", ""answer_d6d2eba8_2""]","[""longmemeval_0f05491a::obs_0::0"", ""longmemeval_0f05491a::obs_1::0""]","[""memory-longmemeval_0f05491a::obs_0::0""]",False,2,2,True,True,1,True,False,True,True,True,True,True,True,True,True
path_b_only_denominator,mem0_lite,10e09553,longmemeval_10e09553,False,[durable] lme-largemouth-bass-catch-alex-earlier-fishing-trip-lake-michigan-before-22-trip (confidence 0.73),"[""answer_67be2c38_1"", ""answer_67be2c38_2""]","[""longmemeval_10e09553::obs_0::0"", ""longmemeval_10e09553::obs_1::0""]","[""memory-longmemeval_10e09553::obs_0::0""]",False,2,2,True,True,1,True,False,True,True,True,True,True,True,True,True
path_b_only_denominator,mem0_lite,184da446,longmemeval_184da446,False,[durable] lme-pages-short-history-nearly-everything-read-so-far (confidence 0.73),"[""answer_e2f4f947_1"", ""answer_e2f4f947_2""]","[""longmemeval_184da446::obs_0::0"", ""longmemeval_184da446::obs_1::0""]","[""memory-longmemeval_184da446::obs_0::0""]",False,2,2,True,True,1,True,False,True,True,True,True,True,True,True,True
path_b_only_denominator,mem0_lite,18bc8abd,longmemeval_18bc8abd,False,[durable] lme-brand-bbq-sauce-obsessed (confidence 0.73),"[""answer_fff743f5_1"", ""answer_fff743f5_2""]","[""longmemeval_18bc8abd::obs_0::0"", ""longmemeval_18bc8abd::obs_1::0""]","[""memory-longmemeval_18bc8abd::obs_0::0""]",False,2,2,True,True,1,True,False,True,True,True,True,True,True,True,True
path_b_only_denominator,mem0_lite,1cea1afa,longmemeval_1cea1afa,False,[durable] lme-instagram-followers (confidence 0.73),"[""answer_79c395a9_1"", ""answer_79c395a9_2""]","[""longmemeval_1cea1afa::obs_0::0"", ""longmemeval_1cea1afa::obs_1::0""]","[""memory-longmemeval_1cea1afa::obs_0::0""]",False,2,2,True,True,1,True,False,True,True,True,True,True,True,True,True
path_b_only_denominator,mem0_lite,2133c1b5,longmemeval_2133c1b5,False,[durable] lme-long-been-living-apartment-harajuku (confidence 0.73),"[""answer_52382508_1"", ""answer_52382508_2""]","[""longmemeval_2133c1b5::obs_0::0"", ""longmemeval_2133c1b5::obs_1::0""]","[""memory-longmemeval_2133c1b5::obs_0::0""]",False,2,2,True,True,1,True,False,True,True,True,True,True,True,True,True
path_b_only_denominator,mem0_lite,22d2cb42,longmemeval_22d2cb42,False,[durable] lme-get-guitar-serviced (confidence 0.73),"[""answer_bcce0b73_1"", ""answer_bcce0b73_2""]","[""longmemeval_22d2cb42::obs_0::0"", ""longmemeval_22d2cb42::obs_1::0""]","[""memory-longmemeval_22d2cb42::obs_0::0""]",False,2,2,True,True,1,True,False,True,True,True,True,True,True,True,True
path_b_only_denominator,mem0_lite,2698e78f,longmemeval_2698e78f,False,[durable] lme-often-see-therapist-dr (confidence 0.73),"[""answer_9282283d_1"", ""answer_9282283d_2""]","[""longmemeval_2698e78f::obs_0::0"", ""longmemeval_2698e78f::obs_1::0""]","[""memory-longmemeval_2698e78f::obs_0::0""]",False,2,2,True,True,1,True,False,True,True,True,True,True,True,True,True
path_b_only_denominator,mem0_lite,26bdc477,longmemeval_26bdc477,False,[durable] lme-trips-taken-canon-eos-80d-camera (confidence 0.73),"[""answer_f762ad8d_1"", ""answer_f762ad8d_2""]","[""longmemeval_26bdc477::obs_0::0"", ""longmemeval_26bdc477::obs_1::0""]","[""memory-longmemeval_26bdc477::obs_0::0""]",False,2,2,True,True,1,True,False,True,True,True,True,True,True,True,True
path_b_only_denominator,mem0_lite,3ba21379,longmemeval_3ba21379,False,[durable] lme-type-vehicle-model-working (confidence 0.73),"[""answer_cd345582_1"", ""answer_cd345582_2""]","[""longmemeval_3ba21379::obs_0::0"", ""longmemeval_3ba21379::obs_1::0""]","[""memory-longmemeval_3ba21379::obs_0::0""]",False,2,2,True,True,1,True,False,True,True,True,True,True,True,True,True
path_b_only_denominator,mem0_lite,41698283,longmemeval_41698283,False,[durable] lme-type-camera-lens-purchase-most (confidence 0.73),"[""answer_c7ddc051_1"", ""answer_c7ddc051_2""]","[""longmemeval_41698283::obs_0::0"", ""longmemeval_41698283::obs_1::0""]","[""memory-longmemeval_41698283::obs_0::0""]",False,2,2,True,True,1,True,False,True,True,True,True,True,True,True,True
path_b_only_denominator,mem0_lite,42ec0761,longmemeval_42ec0761,False,[durable] lme-spare-screwdriver-opening-up-laptop (confidence 0.73),"[""answer_e3892371_1"", ""answer_e3892371_2""]","[""longmemeval_42ec0761::obs_0::0"", ""longmemeval_42ec0761::obs_1::0""]","[""memory-longmemeval_42ec0761::obs_0::0""]",False,2,2,True,True,1,True,False,True,True,True,True,True,True,True,True
path_b_only_denominator,mem0_lite,45dc21b6,longmemeval_45dc21b6,False,[durable] lme-emma-recipes-tried-out (confidence 0.73),"[""answer_07664d43_1"", ""answer_07664d43_2""]","[""longmemeval_45dc21b6::obs_0::0"", ""longmemeval_45dc21b6::obs_1::0""]","[""memory-longmemeval_45dc21b6::obs_0::0""]",False,2,2,True,True,1,True,False,True,True,True,True,True,True,True,True
path_b_only_denominator,mem0_lite,4b24c848,longmemeval_4b24c848,False,[durable] lme-tops-bought-so-far (confidence 0.73),"[""answer_2cec623b_1"", ""answer_2cec623b_2""]","[""longmemeval_4b24c848::obs_0::0"", ""longmemeval_4b24c848::obs_1::0""]","[""memory-longmemeval_4b24c848::obs_0::0""]",False,2,2,True,True,1,True,False,True,True,True,True,True,True,True,True
path_b_only_denominator,mem0_lite,4d6b87c8,longmemeval_4d6b87c8,False,[durable] lme-titles-watch-list (confidence 0.73),"[""answer_766ab8da_1"", ""answer_766ab8da_2""]","[""longmemeval_4d6b87c8::obs_0::0"", ""longmemeval_4d6b87c8::obs_1::0""]","[""memory-longmemeval_4d6b87c8::obs_0::0""]",False,2,2,True,True,1,True,False,True,True,True,True,True,True,True,True
path_b_only_denominator,mem0_lite,50635ada,longmemeval_50635ada,False,[durable] lme-previous-frequent-flyer-status-united-airlines-before-got-status (confidence 0.73),"[""answer_dcd74827_1"", ""answer_dcd74827_2""]","[""longmemeval_50635ada::obs_0::0"", ""longmemeval_50635ada::obs_1::0""]","[""memory-longmemeval_50635ada::obs_0::0""]",False,2,2,True,True,1,True,False,True,True,True,True,True,True,True,True
path_b_only_denominator,mem0_lite,5831f84d,longmemeval_5831f84d,False,[durable] lme-crash-course-videos-watched-past-few-weeks (confidence 0.73),"[""answer_8d63a897_1"", ""answer_8d63a897_2""]","[""longmemeval_5831f84d::obs_0::0"", ""longmemeval_5831f84d::obs_1::0""]","[""memory-longmemeval_5831f84d::obs_0::0""]",False,2,2,True,True,1,True,False,True,True,True,True,True,True,True,True
path_b_only_denominator,mem0_lite,59524333,longmemeval_59524333,False,[durable] lme-time-usually-go-gym (confidence 0.73),"[""answer_b28f2c7a_1"", ""answer_b28f2c7a_2""]","[""longmemeval_59524333::obs_0::0"", ""longmemeval_59524333::obs_1::0""]","[""memory-longmemeval_59524333::obs_0::0""]",False,2,2,True,True,1,True,False,True,True,True,True,True,True,True,True
path_b_only_denominator,mem0_lite,5a4f22c0,longmemeval_5a4f22c0,False,[durable] lme-company-rachel-old-colleague-previous-company-working-at (confidence 0.73),"[""answer_b0f3dfff_1"", ""answer_b0f3dfff_2""]","[""longmemeval_5a4f22c0::obs_0::0"", ""longmemeval_5a4f22c0::obs_1::0""]","[""memory-longmemeval_5a4f22c0::obs_0::0""]",False,2,2,True,True,1,True,False,True,True,True,True,True,True,True,True
path_b_only_denominator,mem0_lite,5c40ec5b,longmemeval_5c40ec5b,False,[durable] lme-times-met-up-alex-germany (confidence 0.73),"[""answer_1cb52d0a_1"", ""answer_1cb52d0a_2""]","[""longmemeval_5c40ec5b::obs_0::0"", ""longmemeval_5c40ec5b::obs_1::0""]","[""memory-longmemeval_5c40ec5b::obs_0::0""]",False,2,2,True,True,1,True,False,True,True,True,True,True,True,True,True
path_b_only_denominator,mem0_lite,603deb26,longmemeval_603deb26,False,[durable] lme-times-tried-making-negroni-at-home-since-friend-emma-showed-make-it (confidence 0.73),"[""answer_8afdebac_1"", ""answer_8afdebac_2""]","[""longmemeval_603deb26::obs_0::0"", ""longmemeval_603deb26::obs_1::0""]","[""memory-longmemeval_603deb26::obs_0::0""]",False,2,2,True,True,1,True,False,True,True,True,True,True,True,True,True
path_b_only_denominator,mem0_lite,6071bd76,longmemeval_6071bd76,False,[durable] lme-coffee-water-ratio-french-press-switch-more-water-per-tablespoon-coffee-or (confidence 0.73),"[""answer_4dac77cb_1"", ""answer_4dac77cb_2""]","[""longmemeval_6071bd76::obs_0::0"", ""longmemeval_6071bd76::obs_1::0""]","[""memory-longmemeval_6071bd76::obs_0::0""]",False,2,2,True,True,1,True,False,True,True,True,True,True,True,True,True
path_b_only_denominator,mem0_lite,618f13b2,longmemeval_618f13b2,False,[durable] lme-times-worn-new-black-converse-chuck-taylor-all-star-sneakers (confidence 0.73),"[""answer_caf5b52e_1"", ""answer_caf5b52e_2""]","[""longmemeval_618f13b2::obs_0::0"", ""longmemeval_618f13b2::obs_1::0""]","[""memory-longmemeval_618f13b2::obs_0::0""]",False,2,2,True,True,1,True,False,True,True,True,True,True,True,True,True
path_b_only_denominator,mem0_lite,69fee5aa,longmemeval_69fee5aa,False,[durable] lme-pre-1920-american-coins-collection (confidence 0.73),"[""answer_d6028d6e_1"", ""answer_d6028d6e_2""]","[""longmemeval_69fee5aa::obs_0::0"", ""longmemeval_69fee5aa::obs_1::0""]","[""memory-longmemeval_69fee5aa::obs_0::0""]",False,2,2,True,True,1,True,False,True,True,True,True,True,True,True,True
path_b_only_denominator,mem0_lite,6a1eabeb,longmemeval_6a1eabeb,False,[durable] lme-personal-best-time-charity-5k-run (confidence 0.73),"[""answer_a25d4a91_1"", ""answer_a25d4a91_2""]","[""longmemeval_6a1eabeb::obs_0::0"", ""longmemeval_6a1eabeb::obs_1::0""]","[""memory-longmemeval_6a1eabeb::obs_0::0""]",False,2,2,True,True,1,True,False,True,True,True,True,True,True,True,True
path_b_only_denominator,mem0_lite,6a27ffc2,longmemeval_6a27ffc2,False,[durable] lme-videos-corey-schafer-python-programming-series-completed-so-far (confidence 0.73),"[""answer_77f32504_1"", ""answer_77f32504_2""]","[""longmemeval_6a27ffc2::obs_0::0"", ""longmemeval_6a27ffc2::obs_1::0""]","[""memory-longmemeval_6a27ffc2::obs_0::0""]",False,2,2,True,True,1,True,False,True,True,True,True,True,True,True,True
path_b_only_denominator,mem0_lite,6aeb4375,longmemeval_6aeb4375,False,[durable] lme-korean-restaurants-tried-city (confidence 0.73),"[""answer_3f9693b7_1"", ""answer_3f9693b7_2""]","[""longmemeval_6aeb4375::obs_0::0"", ""longmemeval_6aeb4375::obs_1::0""]","[""memory-longmemeval_6aeb4375::obs_0::0""]",False,2,2,True,True,1,True,False,True,True,True,True,True,True,True,True
path_b_only_denominator,mem0_lite,71315a70,longmemeval_71315a70,False,[durable] lme-hours-spent-abstract-ocean-sculpture (confidence 0.73),"[""answer_c44b9df4_1"", ""answer_c44b9df4_2""]","[""longmemeval_71315a70::obs_0::0"", ""longmemeval_71315a70::obs_1::0""]","[""memory-longmemeval_71315a70::obs_0::0""]",False,2,2,True,True,1,True,False,True,True,True,True,True,True,True,True
path_b_only_denominator,mem0_lite,72e3ee87,longmemeval_72e3ee87,False,[durable] lme-episodes-science-series-completed-crash-course (confidence 0.73),"[""answer_d7de9a6a_1"", ""answer_d7de9a6a_2""]","[""longmemeval_72e3ee87::obs_0::0"", ""longmemeval_72e3ee87::obs_1::0""]","[""memory-longmemeval_72e3ee87::obs_0::0""]",False,2,2,True,True,1,True,False,True,True,True,True,True,True,True,True
path_b_only_denominator,mem0_lite,7401057b,longmemeval_7401057b,False,[durable] lme-free-night-stays-can-redeem-at-any-hilton-property-accumulated-points (confidence 0.73),"[""answer_94650bfa_1"", ""answer_94650bfa_2""]","[""longmemeval_7401057b::obs_0::0"", ""longmemeval_7401057b::obs_1::0""]","[""memory-longmemeval_7401057b::obs_0::0""]",False,2,2,True,True,1,True,False,True,True,True,True,True,True,True,True
path_b_only_denominator,mem0_lite,7a87bd0c,longmemeval_7a87bd0c,False,[durable] lme-long-been-sticking-daily-tidying-routine (confidence 0.73),"[""answer_d08a934d_1"", ""answer_d08a934d_2""]","[""longmemeval_7a87bd0c::obs_0::0"", ""longmemeval_7a87bd0c::obs_1::0""]","[""memory-longmemeval_7a87bd0c::obs_0::0""]",False,2,2,True,True,1,True,False,True,True,True,True,True,True,True,True
path_b_only_denominator,mem0_lite,7e974930,longmemeval_7e974930,False,[durable] lme-much-earn-at-downtown-farmers-market-most-visit (confidence 0.73),"[""answer_c9f5693c_1"", ""answer_c9f5693c_2""]","[""longmemeval_7e974930::obs_0::0"", ""longmemeval_7e974930::obs_1::0""]","[""memory-longmemeval_7e974930::obs_0::0""]",False,2,2,True,True,1,True,False,True,True,True,True,True,True,True,True
path_b_only_denominator,mem0_lite,830ce83f,longmemeval_830ce83f,False,[durable] lme-rachel-move-her-relocation (confidence 0.73),"[""answer_0b1a0942_1"", ""answer_0b1a0942_2""]","[""longmemeval_830ce83f::obs_0::0"", ""longmemeval_830ce83f::obs_1::0""]","[""memory-longmemeval_830ce83f::obs_0::0""]",False,2,2,True,True,1,True,False,True,True,True,True,True,True,True,True
path_b_only_denominator,mem0_lite,852ce960,longmemeval_852ce960,False,[durable] lme-amount-pre-approved-got-mortgage-wells-fargo (confidence 0.73),"[""answer_3a6f1e82_1"", ""answer_3a6f1e82_2""]","[""longmemeval_852ce960::obs_0::0"", ""longmemeval_852ce960::obs_1::0""]","[""memory-longmemeval_852ce960::obs_0::0""]",False,2,2,True,True,1,True,False,True,True,True,True,True,True,True,True
path_b_only_denominator,mem0_lite,89941a93,longmemeval_89941a93,False,[durable] lme-bikes-own (confidence 0.73),"[""answer_e1403127_1"", ""answer_e1403127_2""]","[""longmemeval_89941a93::obs_0::0"", ""longmemeval_89941a93::obs_1::0""]","[""memory-longmemeval_89941a93::obs_0::0""]",False,2,2,True,True,1,True,False,True,True,True,True,True,True,True,True
path_b_only_denominator,mem0_lite,89941a94,longmemeval_89941a94,False,[durable] lme-before-purchased-gravel-bike-other-bikes-addition-mountain-bike-commuter-bike (confidence 0.73),"[""answer_e1403127_1"", ""answer_e1403127_2""]","[""longmemeval_89941a94::obs_0::0"", ""longmemeval_89941a94::obs_1::0""]","[""memory-longmemeval_89941a94::obs_0::0""]",False,2,2,True,True,1,True,False,True,True,True,True,True,True,True,True
path_b_only_denominator,mem0_lite,8fb83627,longmemeval_8fb83627,False,[durable] lme-issues-national-geographic-finished-reading (confidence 0.73),"[""answer_966cecbb_1"", ""answer_966cecbb_2""]","[""longmemeval_8fb83627::obs_0::0"", ""longmemeval_8fb83627::obs_1::0""]","[""memory-longmemeval_8fb83627::obs_0::0""]",False,2,2,True,True,1,True,False,True,True,True,True,True,True,True,True
path_b_only_denominator,mem0_lite,945e3d21,longmemeval_945e3d21,False,[durable] lme-often-attend-yoga-classes-help-anxiety (confidence 0.73),"[""answer_6a4f8626_1"", ""answer_6a4f8626_2""]","[""longmemeval_945e3d21::obs_0::0"", ""longmemeval_945e3d21::obs_1::0""]","[""memory-longmemeval_945e3d21::obs_0::0""]",False,2,2,True,True,1,True,False,True,True,True,True,True,True,True,True
path_b_only_denominator,mem0_lite,9bbe84a2,longmemeval_9bbe84a2,False,[durable] lme-previous-goal-apex-legends-level-before-updated-goal (confidence 0.73),"[""answer_c6a0c6c2_1"", ""answer_c6a0c6c2_2""]","[""longmemeval_9bbe84a2::obs_0::0"", ""longmemeval_9bbe84a2::obs_1::0""]","[""memory-longmemeval_9bbe84a2::obs_0::0""]",False,2,2,True,True,1,True,False,True,True,True,True,True,True,True,True
path_b_only_denominator,mem0_lite,9ea5eabc,longmemeval_9ea5eabc,False,[durable] lme-go-most-family-trip (confidence 0.73),"[""answer_02e66dec_1"", ""answer_02e66dec_2""]","[""longmemeval_9ea5eabc::obs_0::0"", ""longmemeval_9ea5eabc::obs_1::0""]","[""memory-longmemeval_9ea5eabc::obs_0::0""]",False,2,2,True,True,1,True,False,True,True,True,True,True,True,True,True
path_b_only_denominator,mem0_lite,a1eacc2a,longmemeval_a1eacc2a,False,[durable] lme-short-stories-written-since-started-writing-regularly (confidence 0.73),"[""answer_0eb23770_1"", ""answer_0eb23770_2""]","[""longmemeval_a1eacc2a::obs_0::0"", ""longmemeval_a1eacc2a::obs_1::0""]","[""memory-longmemeval_a1eacc2a::obs_0::0""]",False,2,2,True,True,1,True,False,True,True,True,True,True,True,True,True
path_b_only_denominator,mem0_lite,a2f3aa27,longmemeval_a2f3aa27,False,[durable] lme-followers-instagram-now (confidence 0.73),"[""answer_5126c02d_1"", ""answer_5126c02d_2""]","[""longmemeval_a2f3aa27::obs_0::0"", ""longmemeval_a2f3aa27::obs_1::0""]","[""memory-longmemeval_a2f3aa27::obs_0::0""]",False,2,2,True,True,1,True,False,True,True,True,True,True,True,True,True
path_b_only_denominator,mem0_lite,affe2881,longmemeval_affe2881,False,[durable] lme-different-species-birds-seen-local-park (confidence 0.73),"[""answer_90de9b4d_1"", ""answer_90de9b4d_2""]","[""longmemeval_affe2881::obs_0::0"", ""longmemeval_affe2881::obs_1::0""]","[""memory-longmemeval_affe2881::obs_0::0""]",False,2,2,True,True,1,True,False,True,True,True,True,True,True,True,True
path_b_only_denominator,mem0_lite,b01defab,longmemeval_b01defab,False,[durable] lme-finish-reading-nightingale-by-kristin-hannah (confidence 0.73),"[""answer_8c0712af_1"", ""answer_8c0712af_2""]","[""longmemeval_b01defab::obs_0::0"", ""longmemeval_b01defab::obs_1::0""]","[""memory-longmemeval_b01defab::obs_0::0""]",False,2,2,True,True,1,True,False,True,True,True,True,True,True,True,True
path_b_only_denominator,mem0_lite,b6019101,longmemeval_b6019101,False,[durable] lme-mcu-films-watch-last-months (confidence 0.73),"[""answer_67074b4b_1"", ""answer_67074b4b_2""]","[""longmemeval_b6019101::obs_0::0"", ""longmemeval_b6019101::obs_1::0""]","[""memory-longmemeval_b6019101::obs_0::0""]",False,2,2,True,True,1,True,False,True,True,True,True,True,True,True,True
path_b_only_denominator,mem0_lite,ba61f0b9,longmemeval_ba61f0b9,False,[durable] lme-women-team-led-by-former-manager-rachel (confidence 0.73),"[""answer_f377cda7_1"", ""answer_f377cda7_2""]","[""longmemeval_ba61f0b9::obs_0::0"", ""longmemeval_ba61f0b9::obs_1::0""]","[""memory-longmemeval_ba61f0b9::obs_0::0""]",False,2,2,True,True,1,True,False,True,True,True,True,True,True,True,True
path_b_only_denominator,mem0_lite,c4ea545c,longmemeval_c4ea545c,False,[durable] lme-go-gym-more-frequently-than-previously (confidence 0.73),"[""answer_d3bf812b_1"", ""answer_d3bf812b_2""]","[""longmemeval_c4ea545c::obs_0::0"", ""longmemeval_c4ea545c::obs_1::0""]","[""memory-longmemeval_c4ea545c::obs_0::0""]",False,2,2,True,True,1,True,False,True,True,True,True,True,True,True,True
path_b_only_denominator,mem0_lite,c6853660,longmemeval_c6853660,False,[durable] lme-mostly-increase-or-decrease-limit-number-cups-coffee-morning (confidence 0.73),"[""answer_626e93c4_1"", ""answer_626e93c4_2""]","[""longmemeval_c6853660::obs_0::0"", ""longmemeval_c6853660::obs_1::0""]","[""memory-longmemeval_c6853660::obs_0::0""]",False,2,2,True,True,1,True,False,True,True,True,True,True,True,True,True
path_b_only_denominator,mem0_lite,c7dc5443,longmemeval_c7dc5443,False,[durable] lme-record-recreational-volleyball-league (confidence 0.73),"[""answer_0cdbca92_1"", ""answer_0cdbca92_2""]","[""longmemeval_c7dc5443::obs_0::0"", ""longmemeval_c7dc5443::obs_1::0""]","[""memory-longmemeval_c7dc5443::obs_0::0""]",False,2,2,True,True,1,True,False,True,True,True,True,True,True,True,True
path_b_only_denominator,mem0_lite,cc5ded98,longmemeval_cc5ded98,False,[durable] lme-much-time-dedicate-coding-exercises-each-day (confidence 0.73),"[""answer_a5b68517_1"", ""answer_a5b68517_2""]","[""longmemeval_cc5ded98::obs_0::0"", ""longmemeval_cc5ded98::obs_1::0""]","[""memory-longmemeval_cc5ded98::obs_0::0""]",False,2,2,True,True,1,True,False,True,True,True,True,True,True,True,True
path_b_only_denominator,mem0_lite,ce6d2d27,longmemeval_ce6d2d27,False,[durable] lme-day-week-take-cocktail-making-class (confidence 0.73),"[""answer_73540165_1"", ""answer_73540165_2""]","[""longmemeval_ce6d2d27::obs_0::0"", ""longmemeval_ce6d2d27::obs_1::0""]","[""memory-longmemeval_ce6d2d27::obs_0::0""]",False,2,2,True,True,1,True,False,True,True,True,True,True,True,True,True
path_b_only_denominator,mem0_lite,cf22b7bf,longmemeval_cf22b7bf,False,[durable] lme-much-weight-lost-since-started-going-gym-consistently (confidence 0.73),"[""answer_ae3a122b_1"", ""answer_ae3a122b_2""]","[""longmemeval_cf22b7bf::obs_0::0"", ""longmemeval_cf22b7bf::obs_1::0""]","[""memory-longmemeval_cf22b7bf::obs_0::0""]",False,2,2,True,True,1,True,False,True,True,True,True,True,True,True,True
path_b_only_denominator,mem0_lite,d7c942c3,longmemeval_d7c942c3,False,[durable] lme-mom-using-same-grocery-list-method-as (confidence 0.73),"[""answer_eecb10d9_1"", ""answer_eecb10d9_2""]","[""longmemeval_d7c942c3::obs_0::0"", ""longmemeval_d7c942c3::obs_1::0""]","[""memory-longmemeval_d7c942c3::obs_0::0""]",False,2,2,True,True,1,True,False,True,True,True,True,True,True,True,True
path_b_only_denominator,mem0_lite,dad224aa,longmemeval_dad224aa,False,[durable] lme-time-wake-up-saturday-mornings (confidence 0.73),"[""answer_4a97ae40_1"", ""answer_4a97ae40_2""]","[""longmemeval_dad224aa::obs_0::0"", ""longmemeval_dad224aa::obs_1::0""]","[""memory-longmemeval_dad224aa::obs_0::0""]",False,2,2,True,True,1,True,False,True,True,True,True,True,True,True,True
path_b_only_denominator,mem0_lite,db467c8c,longmemeval_db467c8c,False,[durable] lme-long-parents-been-staying-us (confidence 0.73),"[""answer_611b6e83_1"", ""answer_611b6e83_2""]","[""longmemeval_db467c8c::obs_0::0"", ""longmemeval_db467c8c::obs_1::0""]","[""memory-longmemeval_db467c8c::obs_0::0""]",False,2,2,True,True,1,True,False,True,True,True,True,True,True,True,True
path_b_only_denominator,mem0_lite,dfde3500,longmemeval_dfde3500,False,[durable] lme-day-week-meet-previous-language-exchange-tutor-juan (confidence 0.73),"[""answer_35d6c0be_1"", ""answer_35d6c0be_2""]","[""longmemeval_dfde3500::obs_0::0"", ""longmemeval_dfde3500::obs_1::0""]","[""memory-longmemeval_dfde3500::obs_0::0""]",False,2,2,True,True,1,True,False,True,True,True,True,True,True,True,True
path_b_only_denominator,mem0_lite,e493bb7c,longmemeval_e493bb7c,False,[durable] lme-painting-ethereal-dreams-by-emma-taylor-hanging (confidence 0.73),"[""answer_1a374afa_1"", ""answer_1a374afa_2""]","[""longmemeval_e493bb7c::obs_0::0"", ""longmemeval_e493bb7c::obs_1::0""]","[""memory-longmemeval_e493bb7c::obs_0::0""]",False,2,2,True,True,1,True,False,True,True,True,True,True,True,True,True
path_b_only_denominator,mem0_lite,e61a7584,longmemeval_e61a7584,False,[durable] lme-long-cat-luna (confidence 0.73),"[""answer_f25c32f5_1"", ""answer_f25c32f5_2""]","[""longmemeval_e61a7584::obs_0::0"", ""longmemeval_e61a7584::obs_1::0""]","[""memory-longmemeval_e61a7584::obs_0::0""]",False,2,2,True,True,1,True,False,True,True,True,True,True,True,True,True
path_b_only_denominator,mem0_lite,e66b632c,longmemeval_e66b632c,False,[durable] lme-previous-personal-best-time-charity-5k-run (confidence 0.73),"[""answer_ac0140ce_1"", ""answer_ac0140ce_2""]","[""longmemeval_e66b632c::obs_0::0"", ""longmemeval_e66b632c::obs_1::0""]","[""memory-longmemeval_e66b632c::obs_0::0""]",False,2,2,True,True,1,True,False,True,True,True,True,True,True,True,True
path_b_only_denominator,mem0_lite,eace081b,longmemeval_eace081b,False,[durable] lme-planning-stay-birthday-trip-hawaii (confidence 0.73),"[""answer_8a791264_1"", ""answer_8a791264_2""]","[""longmemeval_eace081b::obs_0::0"", ""longmemeval_eace081b::obs_1::0""]","[""memory-longmemeval_eace081b::obs_0::0""]",False,2,2,True,True,1,True,False,True,True,True,True,True,True,True,True
path_b_only_denominator,mem0_lite,ed4ddc30,longmemeval_ed4ddc30,False,[durable] lme-dozen-eggs-we-stocked-up-our-refrigerator (confidence 0.73),"[""answer_babbaccb_1"", ""answer_babbaccb_2""]","[""longmemeval_ed4ddc30::obs_0::0"", ""longmemeval_ed4ddc30::obs_1::0""]","[""memory-longmemeval_ed4ddc30::obs_0::0""]",False,2,2,True,True,1,True,False,True,True,True,True,True,True,True,True
path_b_only_denominator,mem0_lite,f685340e,longmemeval_f685340e,False,[durable] lme-often-play-tennis-friends-at-local-park-previously (confidence 0.73),"[""answer_25df025b_1"", ""answer_25df025b_2""]","[""longmemeval_f685340e::obs_0::0"", ""longmemeval_f685340e::obs_1::0""]","[""memory-longmemeval_f685340e::obs_0::0""]",False,2,2,True,True,1,True,False,True,True,True,True,True,True,True,True
path_b_only_denominator,mem0_lite,f9e8c073,longmemeval_f9e8c073,False,[durable] lme-sessions-bereavement-support-group-attend (confidence 0.73),"[""answer_b191df5b_1"", ""answer_b191df5b_2""]","[""longmemeval_f9e8c073::obs_0::0"", ""longmemeval_f9e8c073::obs_1::0""]","[""memory-longmemeval_f9e8c073::obs_0::0""]",False,2,2,True,True,1,True,False,True,True,True,True,True,True,True,True
path_b_only_denominator,cq_pending_multi_evidence,01493427,longmemeval_01493427,False,[pending-multi] 2 candidate(s): lme-new-postcards-added-collection-since-started-collecting-again; lme-new-postcards-added-collection-since-started-collecting-again,"[""answer_a7b44747_2"", ""answer_a7b44747_1""]","[""longmemeval_01493427::obs_1::0"", ""longmemeval_01493427::obs_0::0""]",[],True,2,2,True,True,1,True,False,True,True,True,True,True,True,True,True
path_b_only_denominator,cq_pending_multi_evidence,031748ae,longmemeval_031748ae,False,[pending-multi] 2 candidate(s): lme-engineers-lead-just-started-new-role-as-senior-software-engineer; lme-engineers-lead-just-started-new-role-as-senior-software-engineer,"[""answer_8748f791_2"", ""answer_8748f791_1""]","[""longmemeval_031748ae::obs_1::0"", ""longmemeval_031748ae::obs_0::0""]",[],True,2,2,True,True,1,True,False,True,True,True,True,True,True,True,True
path_b_only_denominator,cq_pending_multi_evidence,06db6396,longmemeval_06db6396,False,[pending-multi] 2 candidate(s): lme-projects-completed-since-starting-painting-classes; lme-projects-completed-since-starting-painting-classes,"[""answer_da72b1b4_2"", ""answer_da72b1b4_1""]","[""longmemeval_06db6396::obs_1::0"", ""longmemeval_06db6396::obs_0::0""]",[],True,2,2,True,True,1,True,False,True,True,True,True,True,True,True,True
path_b_only_denominator,cq_pending_multi_evidence,07741c44,longmemeval_07741c44,False,[pending-multi] 2 candidate(s): lme-initially-keep-old-sneakers; lme-initially-keep-old-sneakers,"[""answer_7e9ad7b4_2"", ""answer_7e9ad7b4_1""]","[""longmemeval_07741c44::obs_1::0"", ""longmemeval_07741c44::obs_0::0""]",[],True,2,2,True,True,1,True,False,True,True,True,True,True,True,True,True
path_b_only_denominator,cq_pending_multi_evidence,07741c45,longmemeval_07741c45,False,[pending-multi] 2 candidate(s): lme-keep-old-sneakers; lme-keep-old-sneakers,"[""answer_7e9ad7b4_2"", ""answer_7e9ad7b4_1""]","[""longmemeval_07741c45::obs_1::0"", ""longmemeval_07741c45::obs_0::0""]",[],True,2,2,True,True,1,True,False,True,True,True,True,True,True,True,True
path_b_only_denominator,cq_pending_multi_evidence,08e075c7,longmemeval_08e075c7,False,[pending-multi] 2 candidate(s): lme-long-been-using-fitbit-charge; lme-long-been-using-fitbit-charge,"[""answer_cdbe2250_2"", ""answer_cdbe2250_1""]","[""longmemeval_08e075c7::obs_1::0"", ""longmemeval_08e075c7::obs_0::0""]",[],True,2,2,True,True,1,True,False,True,True,True,True,True,True,True,True
path_b_only_denominator,cq_pending_multi_evidence,0977f2af,longmemeval_0977f2af,False,[pending-multi] 2 candidate(s): lme-new-kitchen-gadget-invest-before-getting-air-fryer; lme-new-kitchen-gadget-invest-before-getting-air-fryer,"[""answer_3bf5b73b_2"", ""answer_3bf5b73b_1""]","[""longmemeval_0977f2af::obs_1::0"", ""longmemeval_0977f2af::obs_0::0""]",[],True,2,2,True,True,1,True,False,True,True,True,True,True,True,True,True
path_b_only_denominator,cq_pending_multi_evidence,0ddfec37,longmemeval_0ddfec37,False,[pending-multi] 2 candidate(s): lme-autographed-baseballs-added-collection-first-three-months-collection; lme-autographed-baseballs-added-collection-first-three-months-collection,"[""answer_a22b654d_2"", ""answer_a22b654d_1""]","[""longmemeval_0ddfec37::obs_1::0"", ""longmemeval_0ddfec37::obs_0::0""]",[],True,2,2,True,True,1,True,False,True,True,True,True,True,True,True,True
path_b_only_denominator,cq_pending_multi_evidence,0e4e4c46,longmemeval_0e4e4c46,False,[pending-multi] 2 candidate(s): lme-highest-score-ticket-ride; lme-highest-score-ticket-ride,"[""answer_f2f998c7_2"", ""answer_f2f998c7_1""]","[""longmemeval_0e4e4c46::obs_1::0"", ""longmemeval_0e4e4c46::obs_0::0""]",[],True,2,2,True,True,1,True,False,True,True,True,True,True,True,True,True
path_b_only_denominator,cq_pending_multi_evidence,0f05491a,longmemeval_0f05491a,False,[pending-multi] 2 candidate(s): lme-stars-need-reach-gold-level-starbucks-rewards-app; lme-stars-need-reach-gold-level-starbucks-rewards-app,"[""answer_d6d2eba8_2"", ""answer_d6d2eba8_1""]","[""longmemeval_0f05491a::obs_1::0"", ""longmemeval_0f05491a::obs_0::0""]",[],True,2,2,True,True,1,True,False,True,True,True,True,True,True,True,True
path_b_only_denominator,cq_pending_multi_evidence,10e09553,longmemeval_10e09553,False,[pending-multi] 2 candidate(s): lme-largemouth-bass-catch-alex-earlier-fishing-trip-lake-michigan-before-22-trip; lme-largemouth-bass-catch-alex-earlier-fishing-trip-lake-michigan-before-22-trip,"[""answer_67be2c38_2"", ""answer_67be2c38_1""]","[""longmemeval_10e09553::obs_1::0"", ""longmemeval_10e09553::obs_0::0""]",[],True,2,2,True,True,1,True,False,True,True,True,True,True,True,True,True
path_b_only_denominator,cq_pending_multi_evidence,184da446,longmemeval_184da446,False,[pending-multi] 2 candidate(s): lme-pages-short-history-nearly-everything-read-so-far; lme-pages-short-history-nearly-everything-read-so-far,"[""answer_e2f4f947_2"", ""answer_e2f4f947_1""]","[""longmemeval_184da446::obs_1::0"", ""longmemeval_184da446::obs_0::0""]",[],True,2,2,True,True,1,True,False,True,True,True,True,True,True,True,True
path_b_only_denominator,cq_pending_multi_evidence,18bc8abd,longmemeval_18bc8abd,False,[pending-multi] 2 candidate(s): lme-brand-bbq-sauce-obsessed; lme-brand-bbq-sauce-obsessed,"[""answer_fff743f5_2"", ""answer_fff743f5_1""]","[""longmemeval_18bc8abd::obs_1::0"", ""longmemeval_18bc8abd::obs_0::0""]",[],True,2,2,True,True,1,True,False,True,True,True,True,True,True,True,True
path_b_only_denominator,cq_pending_multi_evidence,1cea1afa,longmemeval_1cea1afa,False,[pending-multi] 2 candidate(s): lme-instagram-followers; lme-instagram-followers,"[""answer_79c395a9_2"", ""answer_79c395a9_1""]","[""longmemeval_1cea1afa::obs_1::0"", ""longmemeval_1cea1afa::obs_0::0""]",[],True,2,2,True,True,1,True,False,True,True,True,True,True,True,True,True
path_b_only_denominator,cq_pending_multi_evidence,2133c1b5,longmemeval_2133c1b5,False,[pending-multi] 2 candidate(s): lme-long-been-living-apartment-harajuku; lme-long-been-living-apartment-harajuku,"[""answer_52382508_2"", ""answer_52382508_1""]","[""longmemeval_2133c1b5::obs_1::0"", ""longmemeval_2133c1b5::obs_0::0""]",[],True,2,2,True,True,1,True,False,True,True,True,True,True,True,True,True
path_b_only_denominator,cq_pending_multi_evidence,22d2cb42,longmemeval_22d2cb42,False,[pending-multi] 2 candidate(s): lme-get-guitar-serviced; lme-get-guitar-serviced,"[""answer_bcce0b73_2"", ""answer_bcce0b73_1""]","[""longmemeval_22d2cb42::obs_1::0"", ""longmemeval_22d2cb42::obs_0::0""]",[],True,2,2,True,True,1,True,False,True,True,True,True,True,True,True,True
path_b_only_denominator,cq_pending_multi_evidence,2698e78f,longmemeval_2698e78f,False,[pending-multi] 2 candidate(s): lme-often-see-therapist-dr; lme-often-see-therapist-dr,"[""answer_9282283d_2"", ""answer_9282283d_1""]","[""longmemeval_2698e78f::obs_1::0"", ""longmemeval_2698e78f::obs_0::0""]",[],True,2,2,True,True,1,True,False,True,True,True,True,True,True,True,True
path_b_only_denominator,cq_pending_multi_evidence,26bdc477,longmemeval_26bdc477,False,[pending-multi] 2 candidate(s): lme-trips-taken-canon-eos-80d-camera; lme-trips-taken-canon-eos-80d-camera,"[""answer_f762ad8d_2"", ""answer_f762ad8d_1""]","[""longmemeval_26bdc477::obs_1::0"", ""longmemeval_26bdc477::obs_0::0""]",[],True,2,2,True,True,1,True,False,True,True,True,True,True,True,True,True
path_b_only_denominator,cq_pending_multi_evidence,3ba21379,longmemeval_3ba21379,False,[pending-multi] 2 candidate(s): lme-type-vehicle-model-working; lme-type-vehicle-model-working,"[""answer_cd345582_2"", ""answer_cd345582_1""]","[""longmemeval_3ba21379::obs_1::0"", ""longmemeval_3ba21379::obs_0::0""]",[],True,2,2,True,True,1,True,False,True,True,True,True,True,True,True,True
path_b_only_denominator,cq_pending_multi_evidence,41698283,longmemeval_41698283,False,[pending-multi] 2 candidate(s): lme-type-camera-lens-purchase-most; lme-type-camera-lens-purchase-most,"[""answer_c7ddc051_2"", ""answer_c7ddc051_1""]","[""longmemeval_41698283::obs_1::0"", ""longmemeval_41698283::obs_0::0""]",[],True,2,2,True,True,1,True,False,True,True,True,True,True,True,True,True
path_b_only_denominator,cq_pending_multi_evidence,42ec0761,longmemeval_42ec0761,False,[pending-multi] 2 candidate(s): lme-spare-screwdriver-opening-up-laptop; lme-spare-screwdriver-opening-up-laptop,"[""answer_e3892371_2"", ""answer_e3892371_1""]","[""longmemeval_42ec0761::obs_1::0"", ""longmemeval_42ec0761::obs_0::0""]",[],True,2,2,True,True,1,True,False,True,True,True,True,True,True,True,True
path_b_only_denominator,cq_pending_multi_evidence,45dc21b6,longmemeval_45dc21b6,False,[pending-multi] 2 candidate(s): lme-emma-recipes-tried-out; lme-emma-recipes-tried-out,"[""answer_07664d43_2"", ""answer_07664d43_1""]","[""longmemeval_45dc21b6::obs_1::0"", ""longmemeval_45dc21b6::obs_0::0""]",[],True,2,2,True,True,1,True,False,True,True,True,True,True,True,True,True
path_b_only_denominator,cq_pending_multi_evidence,4b24c848,longmemeval_4b24c848,False,[pending-multi] 2 candidate(s): lme-tops-bought-so-far; lme-tops-bought-so-far,"[""answer_2cec623b_2"", ""answer_2cec623b_1""]","[""longmemeval_4b24c848::obs_1::0"", ""longmemeval_4b24c848::obs_0::0""]",[],True,2,2,True,True,1,True,False,True,True,True,True,True,True,True,True
path_b_only_denominator,cq_pending_multi_evidence,4d6b87c8,longmemeval_4d6b87c8,False,[pending-multi] 2 candidate(s): lme-titles-watch-list; lme-titles-watch-list,"[""answer_766ab8da_2"", ""answer_766ab8da_1""]","[""longmemeval_4d6b87c8::obs_1::0"", ""longmemeval_4d6b87c8::obs_0::0""]",[],True,2,2,True,True,1,True,False,True,True,True,True,True,True,True,True
path_b_only_denominator,cq_pending_multi_evidence,50635ada,longmemeval_50635ada,False,[pending-multi] 2 candidate(s): lme-previous-frequent-flyer-status-united-airlines-before-got-status; lme-previous-frequent-flyer-status-united-airlines-before-got-status,"[""answer_dcd74827_2"", ""answer_dcd74827_1""]","[""longmemeval_50635ada::obs_1::0"", ""longmemeval_50635ada::obs_0::0""]",[],True,2,2,True,True,1,True,False,True,True,True,True,True,True,True,True
path_b_only_denominator,cq_pending_multi_evidence,5831f84d,longmemeval_5831f84d,False,[pending-multi] 2 candidate(s): lme-crash-course-videos-watched-past-few-weeks; lme-crash-course-videos-watched-past-few-weeks,"[""answer_8d63a897_2"", ""answer_8d63a897_1""]","[""longmemeval_5831f84d::obs_1::0"", ""longmemeval_5831f84d::obs_0::0""]",[],True,2,2,True,True,1,True,False,True,True,True,True,True,True,True,True
path_b_only_denominator,cq_pending_multi_evidence,59524333,longmemeval_59524333,False,[pending-multi] 2 candidate(s): lme-time-usually-go-gym; lme-time-usually-go-gym,"[""answer_b28f2c7a_2"", ""answer_b28f2c7a_1""]","[""longmemeval_59524333::obs_1::0"", ""longmemeval_59524333::obs_0::0""]",[],True,2,2,True,True,1,True,False,True,True,True,True,True,True,True,True
path_b_only_denominator,cq_pending_multi_evidence,5a4f22c0,longmemeval_5a4f22c0,False,[pending-multi] 2 candidate(s): lme-company-rachel-old-colleague-previous-company-working-at; lme-company-rachel-old-colleague-previous-company-working-at,"[""answer_b0f3dfff_2"", ""answer_b0f3dfff_1""]","[""longmemeval_5a4f22c0::obs_1::0"", ""longmemeval_5a4f22c0::obs_0::0""]",[],True,2,2,True,True,1,True,False,True,True,True,True,True,True,True,True
path_b_only_denominator,cq_pending_multi_evidence,5c40ec5b,longmemeval_5c40ec5b,False,[pending-multi] 2 candidate(s): lme-times-met-up-alex-germany; lme-times-met-up-alex-germany,"[""answer_1cb52d0a_2"", ""answer_1cb52d0a_1""]","[""longmemeval_5c40ec5b::obs_1::0"", ""longmemeval_5c40ec5b::obs_0::0""]",[],True,2,2,True,True,1,True,False,True,True,True,True,True,True,True,True
path_b_only_denominator,cq_pending_multi_evidence,603deb26,longmemeval_603deb26,False,[pending-multi] 2 candidate(s): lme-times-tried-making-negroni-at-home-since-friend-emma-showed-make-it; lme-times-tried-making-negroni-at-home-since-friend-emma-showed-make-it,"[""answer_8afdebac_2"", ""answer_8afdebac_1""]","[""longmemeval_603deb26::obs_1::0"", ""longmemeval_603deb26::obs_0::0""]",[],True,2,2,True,True,1,True,False,True,True,True,True,True,True,True,True
path_b_only_denominator,cq_pending_multi_evidence,6071bd76,longmemeval_6071bd76,False,[pending-multi] 2 candidate(s): lme-coffee-water-ratio-french-press-switch-more-water-per-tablespoon-coffee-or; lme-coffee-water-ratio-french-press-switch-more-water-per-tablespoon-coffee-or,"[""answer_4dac77cb_2"", ""answer_4dac77cb_1""]","[""longmemeval_6071bd76::obs_1::0"", ""longmemeval_6071bd76::obs_0::0""]",[],True,2,2,True,True,1,True,False,True,True,True,True,True,True,True,True
path_b_only_denominator,cq_pending_multi_evidence,618f13b2,longmemeval_618f13b2,False,[pending-multi] 2 candidate(s): lme-times-worn-new-black-converse-chuck-taylor-all-star-sneakers; lme-times-worn-new-black-converse-chuck-taylor-all-star-sneakers,"[""answer_caf5b52e_2"", ""answer_caf5b52e_1""]","[""longmemeval_618f13b2::obs_1::0"", ""longmemeval_618f13b2::obs_0::0""]",[],True,2,2,True,True,1,True,False,True,True,True,True,True,True,True,True
path_b_only_denominator,cq_pending_multi_evidence,69fee5aa,longmemeval_69fee5aa,False,[pending-multi] 2 candidate(s): lme-pre-1920-american-coins-collection; lme-pre-1920-american-coins-collection,"[""answer_d6028d6e_2"", ""answer_d6028d6e_1""]","[""longmemeval_69fee5aa::obs_1::0"", ""longmemeval_69fee5aa::obs_0::0""]",[],True,2,2,True,True,1,True,False,True,True,True,True,True,True,True,True
path_b_only_denominator,cq_pending_multi_evidence,6a1eabeb,longmemeval_6a1eabeb,False,[pending-multi] 2 candidate(s): lme-personal-best-time-charity-5k-run; lme-personal-best-time-charity-5k-run,"[""answer_a25d4a91_2"", ""answer_a25d4a91_1""]","[""longmemeval_6a1eabeb::obs_1::0"", ""longmemeval_6a1eabeb::obs_0::0""]",[],True,2,2,True,True,1,True,False,True,True,True,True,True,True,True,True
path_b_only_denominator,cq_pending_multi_evidence,6a27ffc2,longmemeval_6a27ffc2,False,[pending-multi] 2 candidate(s): lme-videos-corey-schafer-python-programming-series-completed-so-far; lme-videos-corey-schafer-python-programming-series-completed-so-far,"[""answer_77f32504_2"", ""answer_77f32504_1""]","[""longmemeval_6a27ffc2::obs_1::0"", ""longmemeval_6a27ffc2::obs_0::0""]",[],True,2,2,True,True,1,True,False,True,True,True,True,True,True,True,True
path_b_only_denominator,cq_pending_multi_evidence,6aeb4375,longmemeval_6aeb4375,False,[pending-multi] 2 candidate(s): lme-korean-restaurants-tried-city; lme-korean-restaurants-tried-city,"[""answer_3f9693b7_2"", ""answer_3f9693b7_1""]","[""longmemeval_6aeb4375::obs_1::0"", ""longmemeval_6aeb4375::obs_0::0""]",[],True,2,2,True,True,1,True,False,True,True,True,True,True,True,True,True
path_b_only_denominator,cq_pending_multi_evidence,71315a70,longmemeval_71315a70,False,[pending-multi] 2 candidate(s): lme-hours-spent-abstract-ocean-sculpture; lme-hours-spent-abstract-ocean-sculpture,"[""answer_c44b9df4_2"", ""answer_c44b9df4_1""]","[""longmemeval_71315a70::obs_1::0"", ""longmemeval_71315a70::obs_0::0""]",[],True,2,2,True,True,1,True,False,True,True,True,True,True,True,True,True
path_b_only_denominator,cq_pending_multi_evidence,72e3ee87,longmemeval_72e3ee87,False,[pending-multi] 2 candidate(s): lme-episodes-science-series-completed-crash-course; lme-episodes-science-series-completed-crash-course,"[""answer_d7de9a6a_2"", ""answer_d7de9a6a_1""]","[""longmemeval_72e3ee87::obs_1::0"", ""longmemeval_72e3ee87::obs_0::0""]",[],True,2,2,True,True,1,True,False,True,True,True,True,True,True,True,True
path_b_only_denominator,cq_pending_multi_evidence,7401057b,longmemeval_7401057b,False,[pending-multi] 2 candidate(s): lme-free-night-stays-can-redeem-at-any-hilton-property-accumulated-points; lme-free-night-stays-can-redeem-at-any-hilton-property-accumulated-points,"[""answer_94650bfa_2"", ""answer_94650bfa_1""]","[""longmemeval_7401057b::obs_1::0"", ""longmemeval_7401057b::obs_0::0""]",[],True,2,2,True,True,1,True,False,True,True,True,True,True,True,True,True
path_b_only_denominator,cq_pending_multi_evidence,7a87bd0c,longmemeval_7a87bd0c,False,[pending-multi] 2 candidate(s): lme-long-been-sticking-daily-tidying-routine; lme-long-been-sticking-daily-tidying-routine,"[""answer_d08a934d_2"", ""answer_d08a934d_1""]","[""longmemeval_7a87bd0c::obs_1::0"", ""longmemeval_7a87bd0c::obs_0::0""]",[],True,2,2,True,True,1,True,False,True,True,True,True,True,True,True,True
path_b_only_denominator,cq_pending_multi_evidence,7e974930,longmemeval_7e974930,False,[pending-multi] 2 candidate(s): lme-much-earn-at-downtown-farmers-market-most-visit; lme-much-earn-at-downtown-farmers-market-most-visit,"[""answer_c9f5693c_2"", ""answer_c9f5693c_1""]","[""longmemeval_7e974930::obs_1::0"", ""longmemeval_7e974930::obs_0::0""]",[],True,2,2,True,True,1,True,False,True,True,True,True,True,True,True,True
path_b_only_denominator,cq_pending_multi_evidence,830ce83f,longmemeval_830ce83f,False,[pending-multi] 2 candidate(s): lme-rachel-move-her-relocation; lme-rachel-move-her-relocation,"[""answer_0b1a0942_2"", ""answer_0b1a0942_1""]","[""longmemeval_830ce83f::obs_1::0"", ""longmemeval_830ce83f::obs_0::0""]",[],True,2,2,True,True,1,True,False,True,True,True,True,True,True,True,True
path_b_only_denominator,cq_pending_multi_evidence,852ce960,longmemeval_852ce960,False,[pending-multi] 2 candidate(s): lme-amount-pre-approved-got-mortgage-wells-fargo; lme-amount-pre-approved-got-mortgage-wells-fargo,"[""answer_3a6f1e82_2"", ""answer_3a6f1e82_1""]","[""longmemeval_852ce960::obs_1::0"", ""longmemeval_852ce960::obs_0::0""]",[],True,2,2,True,True,1,True,False,True,True,True,True,True,True,True,True
path_b_only_denominator,cq_pending_multi_evidence,89941a93,longmemeval_89941a93,False,[pending-multi] 2 candidate(s): lme-bikes-own; lme-bikes-own,"[""answer_e1403127_2"", ""answer_e1403127_1""]","[""longmemeval_89941a93::obs_1::0"", ""longmemeval_89941a93::obs_0::0""]",[],True,2,2,True,True,1,True,False,True,True,True,True,True,True,True,True
path_b_only_denominator,cq_pending_multi_evidence,89941a94,longmemeval_89941a94,False,[pending-multi] 2 candidate(s): lme-before-purchased-gravel-bike-other-bikes-addition-mountain-bike-commuter-bike; lme-before-purchased-gravel-bike-other-bikes-addition-mountain-bike-commuter-bike,"[""answer_e1403127_2"", ""answer_e1403127_1""]","[""longmemeval_89941a94::obs_1::0"", ""longmemeval_89941a94::obs_0::0""]",[],True,2,2,True,True,1,True,False,True,True,True,True,True,True,True,True
path_b_only_denominator,cq_pending_multi_evidence,8fb83627,longmemeval_8fb83627,False,[pending-multi] 2 candidate(s): lme-issues-national-geographic-finished-reading; lme-issues-national-geographic-finished-reading,"[""answer_966cecbb_2"", ""answer_966cecbb_1""]","[""longmemeval_8fb83627::obs_1::0"", ""longmemeval_8fb83627::obs_0::0""]",[],True,2,2,True,True,1,True,False,True,True,True,True,True,True,True,True
path_b_only_denominator,cq_pending_multi_evidence,945e3d21,longmemeval_945e3d21,False,[pending-multi] 2 candidate(s): lme-often-attend-yoga-classes-help-anxiety; lme-often-attend-yoga-classes-help-anxiety,"[""answer_6a4f8626_2"", ""answer_6a4f8626_1""]","[""longmemeval_945e3d21::obs_1::0"", ""longmemeval_945e3d21::obs_0::0""]",[],True,2,2,True,True,1,True,False,True,True,True,True,True,True,True,True
path_b_only_denominator,cq_pending_multi_evidence,9bbe84a2,longmemeval_9bbe84a2,False,[pending-multi] 2 candidate(s): lme-previous-goal-apex-legends-level-before-updated-goal; lme-previous-goal-apex-legends-level-before-updated-goal,"[""answer_c6a0c6c2_2"", ""answer_c6a0c6c2_1""]","[""longmemeval_9bbe84a2::obs_1::0"", ""longmemeval_9bbe84a2::obs_0::0""]",[],True,2,2,True,True,1,True,False,True,True,True,True,True,True,True,True
path_b_only_denominator,cq_pending_multi_evidence,9ea5eabc,longmemeval_9ea5eabc,False,[pending-multi] 2 candidate(s): lme-go-most-family-trip; lme-go-most-family-trip,"[""answer_02e66dec_2"", ""answer_02e66dec_1""]","[""longmemeval_9ea5eabc::obs_1::0"", ""longmemeval_9ea5eabc::obs_0::0""]",[],True,2,2,True,True,1,True,False,True,True,True,True,True,True,True,True
path_b_only_denominator,cq_pending_multi_evidence,a1eacc2a,longmemeval_a1eacc2a,False,[pending-multi] 2 candidate(s): lme-short-stories-written-since-started-writing-regularly; lme-short-stories-written-since-started-writing-regularly,"[""answer_0eb23770_2"", ""answer_0eb23770_1""]","[""longmemeval_a1eacc2a::obs_1::0"", ""longmemeval_a1eacc2a::obs_0::0""]",[],True,2,2,True,True,1,True,False,True,True,True,True,True,True,True,True
path_b_only_denominator,cq_pending_multi_evidence,a2f3aa27,longmemeval_a2f3aa27,False,[pending-multi] 2 candidate(s): lme-followers-instagram-now; lme-followers-instagram-now,"[""answer_5126c02d_2"", ""answer_5126c02d_1""]","[""longmemeval_a2f3aa27::obs_1::0"", ""longmemeval_a2f3aa27::obs_0::0""]",[],True,2,2,True,True,1,True,False,True,True,True,True,True,True,True,True
path_b_only_denominator,cq_pending_multi_evidence,affe2881,longmemeval_affe2881,False,[pending-multi] 2 candidate(s): lme-different-species-birds-seen-local-park; lme-different-species-birds-seen-local-park,"[""answer_90de9b4d_2"", ""answer_90de9b4d_1""]","[""longmemeval_affe2881::obs_1::0"", ""longmemeval_affe2881::obs_0::0""]",[],True,2,2,True,True,1,True,False,True,True,True,True,True,True,True,True
path_b_only_denominator,cq_pending_multi_evidence,b01defab,longmemeval_b01defab,False,[pending-multi] 2 candidate(s): lme-finish-reading-nightingale-by-kristin-hannah; lme-finish-reading-nightingale-by-kristin-hannah,"[""answer_8c0712af_2"", ""answer_8c0712af_1""]","[""longmemeval_b01defab::obs_1::0"", ""longmemeval_b01defab::obs_0::0""]",[],True,2,2,True,True,1,True,False,True,True,True,True,True,True,True,True
path_b_only_denominator,cq_pending_multi_evidence,b6019101,longmemeval_b6019101,False,[pending-multi] 2 candidate(s): lme-mcu-films-watch-last-months; lme-mcu-films-watch-last-months,"[""answer_67074b4b_2"", ""answer_67074b4b_1""]","[""longmemeval_b6019101::obs_1::0"", ""longmemeval_b6019101::obs_0::0""]",[],True,2,2,True,True,1,True,False,True,True,True,True,True,True,True,True
path_b_only_denominator,cq_pending_multi_evidence,ba61f0b9,longmemeval_ba61f0b9,False,[pending-multi] 2 candidate(s): lme-women-team-led-by-former-manager-rachel; lme-women-team-led-by-former-manager-rachel,"[""answer_f377cda7_2"", ""answer_f377cda7_1""]","[""longmemeval_ba61f0b9::obs_1::0"", ""longmemeval_ba61f0b9::obs_0::0""]",[],True,2,2,True,True,1,True,False,True,True,True,True,True,True,True,True
path_b_only_denominator,cq_pending_multi_evidence,c4ea545c,longmemeval_c4ea545c,False,[pending-multi] 2 candidate(s): lme-go-gym-more-frequently-than-previously; lme-go-gym-more-frequently-than-previously,"[""answer_d3bf812b_2"", ""answer_d3bf812b_1""]","[""longmemeval_c4ea545c::obs_1::0"", ""longmemeval_c4ea545c::obs_0::0""]",[],True,2,2,True,True,1,True,False,True,True,True,True,True,True,True,True
path_b_only_denominator,cq_pending_multi_evidence,c6853660,longmemeval_c6853660,False,[pending-multi] 2 candidate(s): lme-mostly-increase-or-decrease-limit-number-cups-coffee-morning; lme-mostly-increase-or-decrease-limit-number-cups-coffee-morning,"[""answer_626e93c4_2"", ""answer_626e93c4_1""]","[""longmemeval_c6853660::obs_1::0"", ""longmemeval_c6853660::obs_0::0""]",[],True,2,2,True,True,1,True,False,True,True,True,True,True,True,True,True
path_b_only_denominator,cq_pending_multi_evidence,c7dc5443,longmemeval_c7dc5443,False,[pending-multi] 2 candidate(s): lme-record-recreational-volleyball-league; lme-record-recreational-volleyball-league,"[""answer_0cdbca92_2"", ""answer_0cdbca92_1""]","[""longmemeval_c7dc5443::obs_1::0"", ""longmemeval_c7dc5443::obs_0::0""]",[],True,2,2,True,True,1,True,False,True,True,True,True,True,True,True,True
path_b_only_denominator,cq_pending_multi_evidence,cc5ded98,longmemeval_cc5ded98,False,[pending-multi] 2 candidate(s): lme-much-time-dedicate-coding-exercises-each-day; lme-much-time-dedicate-coding-exercises-each-day,"[""answer_a5b68517_2"", ""answer_a5b68517_1""]","[""longmemeval_cc5ded98::obs_1::0"", ""longmemeval_cc5ded98::obs_0::0""]",[],True,2,2,True,True,1,True,False,True,True,True,True,True,True,True,True
path_b_only_denominator,cq_pending_multi_evidence,ce6d2d27,longmemeval_ce6d2d27,False,[pending-multi] 2 candidate(s): lme-day-week-take-cocktail-making-class; lme-day-week-take-cocktail-making-class,"[""answer_73540165_2"", ""answer_73540165_1""]","[""longmemeval_ce6d2d27::obs_1::0"", ""longmemeval_ce6d2d27::obs_0::0""]",[],True,2,2,True,True,1,True,False,True,True,True,True,True,True,True,True
path_b_only_denominator,cq_pending_multi_evidence,cf22b7bf,longmemeval_cf22b7bf,False,[pending-multi] 2 candidate(s): lme-much-weight-lost-since-started-going-gym-consistently; lme-much-weight-lost-since-started-going-gym-consistently,"[""answer_ae3a122b_2"", ""answer_ae3a122b_1""]","[""longmemeval_cf22b7bf::obs_1::0"", ""longmemeval_cf22b7bf::obs_0::0""]",[],True,2,2,True,True,1,True,False,True,True,True,True,True,True,True,True
path_b_only_denominator,cq_pending_multi_evidence,d7c942c3,longmemeval_d7c942c3,False,[pending-multi] 2 candidate(s): lme-mom-using-same-grocery-list-method-as; lme-mom-using-same-grocery-list-method-as,"[""answer_eecb10d9_2"", ""answer_eecb10d9_1""]","[""longmemeval_d7c942c3::obs_1::0"", ""longmemeval_d7c942c3::obs_0::0""]",[],True,2,2,True,True,1,True,False,True,True,True,True,True,True,True,True
path_b_only_denominator,cq_pending_multi_evidence,dad224aa,longmemeval_dad224aa,False,[pending-multi] 2 candidate(s): lme-time-wake-up-saturday-mornings; lme-time-wake-up-saturday-mornings,"[""answer_4a97ae40_2"", ""answer_4a97ae40_1""]","[""longmemeval_dad224aa::obs_1::0"", ""longmemeval_dad224aa::obs_0::0""]",[],True,2,2,True,True,1,True,False,True,True,True,True,True,True,True,True
path_b_only_denominator,cq_pending_multi_evidence,db467c8c,longmemeval_db467c8c,False,[pending-multi] 2 candidate(s): lme-long-parents-been-staying-us; lme-long-parents-been-staying-us,"[""answer_611b6e83_2"", ""answer_611b6e83_1""]","[""longmemeval_db467c8c::obs_1::0"", ""longmemeval_db467c8c::obs_0::0""]",[],True,2,2,True,True,1,True,False,True,True,True,True,True,True,True,True
path_b_only_denominator,cq_pending_multi_evidence,dfde3500,longmemeval_dfde3500,False,[pending-multi] 2 candidate(s): lme-day-week-meet-previous-language-exchange-tutor-juan; lme-day-week-meet-previous-language-exchange-tutor-juan,"[""answer_35d6c0be_2"", ""answer_35d6c0be_1""]","[""longmemeval_dfde3500::obs_1::0"", ""longmemeval_dfde3500::obs_0::0""]",[],True,2,2,True,True,1,True,False,True,True,True,True,True,True,True,True
path_b_only_denominator,cq_pending_multi_evidence,e493bb7c,longmemeval_e493bb7c,False,[pending-multi] 2 candidate(s): lme-painting-ethereal-dreams-by-emma-taylor-hanging; lme-painting-ethereal-dreams-by-emma-taylor-hanging,"[""answer_1a374afa_2"", ""answer_1a374afa_1""]","[""longmemeval_e493bb7c::obs_1::0"", ""longmemeval_e493bb7c::obs_0::0""]",[],True,2,2,True,True,1,True,False,True,True,True,True,True,True,True,True
path_b_only_denominator,cq_pending_multi_evidence,e61a7584,longmemeval_e61a7584,False,[pending-multi] 2 candidate(s): lme-long-cat-luna; lme-long-cat-luna,"[""answer_f25c32f5_2"", ""answer_f25c32f5_1""]","[""longmemeval_e61a7584::obs_1::0"", ""longmemeval_e61a7584::obs_0::0""]",[],True,2,2,True,True,1,True,False,True,True,True,True,True,True,True,True
path_b_only_denominator,cq_pending_multi_evidence,e66b632c,longmemeval_e66b632c,False,[pending-multi] 2 candidate(s): lme-previous-personal-best-time-charity-5k-run; lme-previous-personal-best-time-charity-5k-run,"[""answer_ac0140ce_2"", ""answer_ac0140ce_1""]","[""longmemeval_e66b632c::obs_1::0"", ""longmemeval_e66b632c::obs_0::0""]",[],True,2,2,True,True,1,True,False,True,True,True,True,True,True,True,True
path_b_only_denominator,cq_pending_multi_evidence,eace081b,longmemeval_eace081b,False,[pending-multi] 2 candidate(s): lme-planning-stay-birthday-trip-hawaii; lme-planning-stay-birthday-trip-hawaii,"[""answer_8a791264_2"", ""answer_8a791264_1""]","[""longmemeval_eace081b::obs_1::0"", ""longmemeval_eace081b::obs_0::0""]",[],True,2,2,True,True,1,True,False,True,True,True,True,True,True,True,True
path_b_only_denominator,cq_pending_multi_evidence,ed4ddc30,longmemeval_ed4ddc30,False,[pending-multi] 2 candidate(s): lme-dozen-eggs-we-stocked-up-our-refrigerator; lme-dozen-eggs-we-stocked-up-our-refrigerator,"[""answer_babbaccb_2"", ""answer_babbaccb_1""]","[""longmemeval_ed4ddc30::obs_1::0"", ""longmemeval_ed4ddc30::obs_0::0""]",[],True,2,2,True,True,1,True,False,True,True,True,True,True,True,True,True
path_b_only_denominator,cq_pending_multi_evidence,f685340e,longmemeval_f685340e,False,[pending-multi] 2 candidate(s): lme-often-play-tennis-friends-at-local-park-previously; lme-often-play-tennis-friends-at-local-park-previously,"[""answer_25df025b_2"", ""answer_25df025b_1""]","[""longmemeval_f685340e::obs_1::0"", ""longmemeval_f685340e::obs_0::0""]",[],True,2,2,True,True,1,True,False,True,True,True,True,True,True,True,True
path_b_only_denominator,cq_pending_multi_evidence,f9e8c073,longmemeval_f9e8c073,False,[pending-multi] 2 candidate(s): lme-sessions-bereavement-support-group-attend; lme-sessions-bereavement-support-group-attend,"[""answer_b191df5b_2"", ""answer_b191df5b_1""]","[""longmemeval_f9e8c073::obs_1::0"", ""longmemeval_f9e8c073::obs_0::0""]",[],True,2,2,True,True,1,True,False,True,True,True,True,True,True,True,True
path_b_only_denominator,reflection_eager_write_cardinality_capped,01493427,longmemeval_01493427,False,[durable-capped] lme-new-postcards-added-collection-since-started-collecting-again (confidence 0.73),"[""answer_a7b44747_2""]","[""longmemeval_01493427::obs_1::0""]","[""memory-longmemeval_01493427::obs_0::0""]",False,2,1,True,False,1,True,False,True,False,True,False,True,False,True,False
path_b_only_denominator,reflection_eager_write_cardinality_capped,031748ae,longmemeval_031748ae,False,[durable-capped] lme-engineers-lead-just-started-new-role-as-senior-software-engineer (confidence 0.73),"[""answer_8748f791_2""]","[""longmemeval_031748ae::obs_1::0""]","[""memory-longmemeval_031748ae::obs_0::0""]",False,2,1,True,False,1,True,False,True,False,True,False,True,False,True,False
path_b_only_denominator,reflection_eager_write_cardinality_capped,06db6396,longmemeval_06db6396,False,[durable-capped] lme-projects-completed-since-starting-painting-classes (confidence 0.73),"[""answer_da72b1b4_2""]","[""longmemeval_06db6396::obs_1::0""]","[""memory-longmemeval_06db6396::obs_0::0""]",False,2,1,True,False,1,True,False,True,False,True,False,True,False,True,False
path_b_only_denominator,reflection_eager_write_cardinality_capped,07741c44,longmemeval_07741c44,False,[durable-capped] lme-initially-keep-old-sneakers (confidence 0.73),"[""answer_7e9ad7b4_2""]","[""longmemeval_07741c44::obs_1::0""]","[""memory-longmemeval_07741c44::obs_0::0""]",False,2,1,True,False,1,True,False,True,False,True,False,True,False,True,False
path_b_only_denominator,reflection_eager_write_cardinality_capped,07741c45,longmemeval_07741c45,False,[durable-capped] lme-keep-old-sneakers (confidence 0.73),"[""answer_7e9ad7b4_2""]","[""longmemeval_07741c45::obs_1::0""]","[""memory-longmemeval_07741c45::obs_0::0""]",False,2,1,True,False,1,True,False,True,False,True,False,True,False,True,False
path_b_only_denominator,reflection_eager_write_cardinality_capped,08e075c7,longmemeval_08e075c7,False,[durable-capped] lme-long-been-using-fitbit-charge (confidence 0.73),"[""answer_cdbe2250_2""]","[""longmemeval_08e075c7::obs_1::0""]","[""memory-longmemeval_08e075c7::obs_0::0""]",False,2,1,True,False,1,True,False,True,False,True,False,True,False,True,False
path_b_only_denominator,reflection_eager_write_cardinality_capped,0977f2af,longmemeval_0977f2af,False,[durable-capped] lme-new-kitchen-gadget-invest-before-getting-air-fryer (confidence 0.73),"[""answer_3bf5b73b_2""]","[""longmemeval_0977f2af::obs_1::0""]","[""memory-longmemeval_0977f2af::obs_0::0""]",False,2,1,True,False,1,True,False,True,False,True,False,True,False,True,False
path_b_only_denominator,reflection_eager_write_cardinality_capped,0ddfec37,longmemeval_0ddfec37,False,[durable-capped] lme-autographed-baseballs-added-collection-first-three-months-collection (confidence 0.73),"[""answer_a22b654d_2""]","[""longmemeval_0ddfec37::obs_1::0""]","[""memory-longmemeval_0ddfec37::obs_0::0""]",False,2,1,True,False,1,True,False,True,False,True,False,True,False,True,False
path_b_only_denominator,reflection_eager_write_cardinality_capped,0e4e4c46,longmemeval_0e4e4c46,False,[durable-capped] lme-highest-score-ticket-ride (confidence 0.73),"[""answer_f2f998c7_2""]","[""longmemeval_0e4e4c46::obs_1::0""]","[""memory-longmemeval_0e4e4c46::obs_0::0""]",False,2,1,True,False,1,True,False,True,False,True,False,True,False,True,False
path_b_only_denominator,reflection_eager_write_cardinality_capped,0f05491a,longmemeval_0f05491a,False,[durable-capped] lme-stars-need-reach-gold-level-starbucks-rewards-app (confidence 0.73),"[""answer_d6d2eba8_2""]","[""longmemeval_0f05491a::obs_1::0""]","[""memory-longmemeval_0f05491a::obs_0::0""]",False,2,1,True,False,1,True,False,True,False,True,False,True,False,True,False
path_b_only_denominator,reflection_eager_write_cardinality_capped,10e09553,longmemeval_10e09553,False,[durable-capped] lme-largemouth-bass-catch-alex-earlier-fishing-trip-lake-michigan-before-22-trip (confidence 0.73),"[""answer_67be2c38_2""]","[""longmemeval_10e09553::obs_1::0""]","[""memory-longmemeval_10e09553::obs_0::0""]",False,2,1,True,False,1,True,False,True,False,True,False,True,False,True,False
path_b_only_denominator,reflection_eager_write_cardinality_capped,184da446,longmemeval_184da446,False,[durable-capped] lme-pages-short-history-nearly-everything-read-so-far (confidence 0.73),"[""answer_e2f4f947_2""]","[""longmemeval_184da446::obs_1::0""]","[""memory-longmemeval_184da446::obs_0::0""]",False,2,1,True,False,1,True,False,True,False,True,False,True,False,True,False
path_b_only_denominator,reflection_eager_write_cardinality_capped,18bc8abd,longmemeval_18bc8abd,False,[durable-capped] lme-brand-bbq-sauce-obsessed (confidence 0.73),"[""answer_fff743f5_2""]","[""longmemeval_18bc8abd::obs_1::0""]","[""memory-longmemeval_18bc8abd::obs_0::0""]",False,2,1,True,False,1,True,False,True,False,True,False,True,False,True,False
path_b_only_denominator,reflection_eager_write_cardinality_capped,1cea1afa,longmemeval_1cea1afa,False,[durable-capped] lme-instagram-followers (confidence 0.73),"[""answer_79c395a9_2""]","[""longmemeval_1cea1afa::obs_1::0""]","[""memory-longmemeval_1cea1afa::obs_0::0""]",False,2,1,True,False,1,True,False,True,False,True,False,True,False,True,False
path_b_only_denominator,reflection_eager_write_cardinality_capped,2133c1b5,longmemeval_2133c1b5,False,[durable-capped] lme-long-been-living-apartment-harajuku (confidence 0.73),"[""answer_52382508_2""]","[""longmemeval_2133c1b5::obs_1::0""]","[""memory-longmemeval_2133c1b5::obs_0::0""]",False,2,1,True,False,1,True,False,True,False,True,False,True,False,True,False
path_b_only_denominator,reflection_eager_write_cardinality_capped,22d2cb42,longmemeval_22d2cb42,False,[durable-capped] lme-get-guitar-serviced (confidence 0.73),"[""answer_bcce0b73_2""]","[""longmemeval_22d2cb42::obs_1::0""]","[""memory-longmemeval_22d2cb42::obs_0::0""]",False,2,1,True,False,1,True,False,True,False,True,False,True,False,True,False
path_b_only_denominator,reflection_eager_write_cardinality_capped,2698e78f,longmemeval_2698e78f,False,[durable-capped] lme-often-see-therapist-dr (confidence 0.73),"[""answer_9282283d_2""]","[""longmemeval_2698e78f::obs_1::0""]","[""memory-longmemeval_2698e78f::obs_0::0""]",False,2,1,True,False,1,True,False,True,False,True,False,True,False,True,False
path_b_only_denominator,reflection_eager_write_cardinality_capped,26bdc477,longmemeval_26bdc477,False,[durable-capped] lme-trips-taken-canon-eos-80d-camera (confidence 0.73),"[""answer_f762ad8d_2""]","[""longmemeval_26bdc477::obs_1::0""]","[""memory-longmemeval_26bdc477::obs_0::0""]",False,2,1,True,False,1,True,False,True,False,True,False,True,False,True,False
path_b_only_denominator,reflection_eager_write_cardinality_capped,3ba21379,longmemeval_3ba21379,False,[durable-capped] lme-type-vehicle-model-working (confidence 0.73),"[""answer_cd345582_2""]","[""longmemeval_3ba21379::obs_1::0""]","[""memory-longmemeval_3ba21379::obs_0::0""]",False,2,1,True,False,1,True,False,True,False,True,False,True,False,True,False
path_b_only_denominator,reflection_eager_write_cardinality_capped,41698283,longmemeval_41698283,False,[durable-capped] lme-type-camera-lens-purchase-most (confidence 0.73),"[""answer_c7ddc051_2""]","[""longmemeval_41698283::obs_1::0""]","[""memory-longmemeval_41698283::obs_0::0""]",False,2,1,True,False,1,True,False,True,False,True,False,True,False,True,False
path_b_only_denominator,reflection_eager_write_cardinality_capped,42ec0761,longmemeval_42ec0761,False,[durable-capped] lme-spare-screwdriver-opening-up-laptop (confidence 0.73),"[""answer_e3892371_2""]","[""longmemeval_42ec0761::obs_1::0""]","[""memory-longmemeval_42ec0761::obs_0::0""]",False,2,1,True,False,1,True,False,True,False,True,False,True,False,True,False
path_b_only_denominator,reflection_eager_write_cardinality_capped,45dc21b6,longmemeval_45dc21b6,False,[durable-capped] lme-emma-recipes-tried-out (confidence 0.73),"[""answer_07664d43_2""]","[""longmemeval_45dc21b6::obs_1::0""]","[""memory-longmemeval_45dc21b6::obs_0::0""]",False,2,1,True,False,1,True,False,True,False,True,False,True,False,True,False
path_b_only_denominator,reflection_eager_write_cardinality_capped,4b24c848,longmemeval_4b24c848,False,[durable-capped] lme-tops-bought-so-far (confidence 0.73),"[""answer_2cec623b_2""]","[""longmemeval_4b24c848::obs_1::0""]","[""memory-longmemeval_4b24c848::obs_0::0""]",False,2,1,True,False,1,True,False,True,False,True,False,True,False,True,False
path_b_only_denominator,reflection_eager_write_cardinality_capped,4d6b87c8,longmemeval_4d6b87c8,False,[durable-capped] lme-titles-watch-list (confidence 0.73),"[""answer_766ab8da_2""]","[""longmemeval_4d6b87c8::obs_1::0""]","[""memory-longmemeval_4d6b87c8::obs_0::0""]",False,2,1,True,False,1,True,False,True,False,True,False,True,False,True,False
path_b_only_denominator,reflection_eager_write_cardinality_capped,50635ada,longmemeval_50635ada,False,[durable-capped] lme-previous-frequent-flyer-status-united-airlines-before-got-status (confidence 0.73),"[""answer_dcd74827_2""]","[""longmemeval_50635ada::obs_1::0""]","[""memory-longmemeval_50635ada::obs_0::0""]",False,2,1,True,False,1,True,False,True,False,True,False,True,False,True,False
path_b_only_denominator,reflection_eager_write_cardinality_capped,5831f84d,longmemeval_5831f84d,False,[durable-capped] lme-crash-course-videos-watched-past-few-weeks (confidence 0.73),"[""answer_8d63a897_2""]","[""longmemeval_5831f84d::obs_1::0""]","[""memory-longmemeval_5831f84d::obs_0::0""]",False,2,1,True,False,1,True,False,True,False,True,False,True,False,True,False
path_b_only_denominator,reflection_eager_write_cardinality_capped,59524333,longmemeval_59524333,False,[durable-capped] lme-time-usually-go-gym (confidence 0.73),"[""answer_b28f2c7a_2""]","[""longmemeval_59524333::obs_1::0""]","[""memory-longmemeval_59524333::obs_0::0""]",False,2,1,True,False,1,True,False,True,False,True,False,True,False,True,False
path_b_only_denominator,reflection_eager_write_cardinality_capped,5a4f22c0,longmemeval_5a4f22c0,False,[durable-capped] lme-company-rachel-old-colleague-previous-company-working-at (confidence 0.73),"[""answer_b0f3dfff_2""]","[""longmemeval_5a4f22c0::obs_1::0""]","[""memory-longmemeval_5a4f22c0::obs_0::0""]",False,2,1,True,False,1,True,False,True,False,True,False,True,False,True,False
path_b_only_denominator,reflection_eager_write_cardinality_capped,5c40ec5b,longmemeval_5c40ec5b,False,[durable-capped] lme-times-met-up-alex-germany (confidence 0.73),"[""answer_1cb52d0a_2""]","[""longmemeval_5c40ec5b::obs_1::0""]","[""memory-longmemeval_5c40ec5b::obs_0::0""]",False,2,1,True,False,1,True,False,True,False,True,False,True,False,True,False
path_b_only_denominator,reflection_eager_write_cardinality_capped,603deb26,longmemeval_603deb26,False,[durable-capped] lme-times-tried-making-negroni-at-home-since-friend-emma-showed-make-it (confidence 0.73),"[""answer_8afdebac_2""]","[""longmemeval_603deb26::obs_1::0""]","[""memory-longmemeval_603deb26::obs_0::0""]",False,2,1,True,False,1,True,False,True,False,True,False,True,False,True,False
path_b_only_denominator,reflection_eager_write_cardinality_capped,6071bd76,longmemeval_6071bd76,False,[durable-capped] lme-coffee-water-ratio-french-press-switch-more-water-per-tablespoon-coffee-or (confidence 0.73),"[""answer_4dac77cb_2""]","[""longmemeval_6071bd76::obs_1::0""]","[""memory-longmemeval_6071bd76::obs_0::0""]",False,2,1,True,False,1,True,False,True,False,True,False,True,False,True,False
path_b_only_denominator,reflection_eager_write_cardinality_capped,618f13b2,longmemeval_618f13b2,False,[durable-capped] lme-times-worn-new-black-converse-chuck-taylor-all-star-sneakers (confidence 0.73),"[""answer_caf5b52e_2""]","[""longmemeval_618f13b2::obs_1::0""]","[""memory-longmemeval_618f13b2::obs_0::0""]",False,2,1,True,False,1,True,False,True,False,True,False,True,False,True,False
path_b_only_denominator,reflection_eager_write_cardinality_capped,69fee5aa,longmemeval_69fee5aa,False,[durable-capped] lme-pre-1920-american-coins-collection (confidence 0.73),"[""answer_d6028d6e_2""]","[""longmemeval_69fee5aa::obs_1::0""]","[""memory-longmemeval_69fee5aa::obs_0::0""]",False,2,1,True,False,1,True,False,True,False,True,False,True,False,True,False
path_b_only_denominator,reflection_eager_write_cardinality_capped,6a1eabeb,longmemeval_6a1eabeb,False,[durable-capped] lme-personal-best-time-charity-5k-run (confidence 0.73),"[""answer_a25d4a91_2""]","[""longmemeval_6a1eabeb::obs_1::0""]","[""memory-longmemeval_6a1eabeb::obs_0::0""]",False,2,1,True,False,1,True,False,True,False,True,False,True,False,True,False
path_b_only_denominator,reflection_eager_write_cardinality_capped,6a27ffc2,longmemeval_6a27ffc2,False,[durable-capped] lme-videos-corey-schafer-python-programming-series-completed-so-far (confidence 0.73),"[""answer_77f32504_2""]","[""longmemeval_6a27ffc2::obs_1::0""]","[""memory-longmemeval_6a27ffc2::obs_0::0""]",False,2,1,True,False,1,True,False,True,False,True,False,True,False,True,False
path_b_only_denominator,reflection_eager_write_cardinality_capped,6aeb4375,longmemeval_6aeb4375,False,[durable-capped] lme-korean-restaurants-tried-city (confidence 0.73),"[""answer_3f9693b7_2""]","[""longmemeval_6aeb4375::obs_1::0""]","[""memory-longmemeval_6aeb4375::obs_0::0""]",False,2,1,True,False,1,True,False,True,False,True,False,True,False,True,False
path_b_only_denominator,reflection_eager_write_cardinality_capped,71315a70,longmemeval_71315a70,False,[durable-capped] lme-hours-spent-abstract-ocean-sculpture (confidence 0.73),"[""answer_c44b9df4_2""]","[""longmemeval_71315a70::obs_1::0""]","[""memory-longmemeval_71315a70::obs_0::0""]",False,2,1,True,False,1,True,False,True,False,True,False,True,False,True,False
path_b_only_denominator,reflection_eager_write_cardinality_capped,72e3ee87,longmemeval_72e3ee87,False,[durable-capped] lme-episodes-science-series-completed-crash-course (confidence 0.73),"[""answer_d7de9a6a_2""]","[""longmemeval_72e3ee87::obs_1::0""]","[""memory-longmemeval_72e3ee87::obs_0::0""]",False,2,1,True,False,1,True,False,True,False,True,False,True,False,True,False
path_b_only_denominator,reflection_eager_write_cardinality_capped,7401057b,longmemeval_7401057b,False,[durable-capped] lme-free-night-stays-can-redeem-at-any-hilton-property-accumulated-points (confidence 0.73),"[""answer_94650bfa_2""]","[""longmemeval_7401057b::obs_1::0""]","[""memory-longmemeval_7401057b::obs_0::0""]",False,2,1,True,False,1,True,False,True,False,True,False,True,False,True,False
path_b_only_denominator,reflection_eager_write_cardinality_capped,7a87bd0c,longmemeval_7a87bd0c,False,[durable-capped] lme-long-been-sticking-daily-tidying-routine (confidence 0.73),"[""answer_d08a934d_2""]","[""longmemeval_7a87bd0c::obs_1::0""]","[""memory-longmemeval_7a87bd0c::obs_0::0""]",False,2,1,True,False,1,True,False,True,False,True,False,True,False,True,False
path_b_only_denominator,reflection_eager_write_cardinality_capped,7e974930,longmemeval_7e974930,False,[durable-capped] lme-much-earn-at-downtown-farmers-market-most-visit (confidence 0.73),"[""answer_c9f5693c_2""]","[""longmemeval_7e974930::obs_1::0""]","[""memory-longmemeval_7e974930::obs_0::0""]",False,2,1,True,False,1,True,False,True,False,True,False,True,False,True,False
path_b_only_denominator,reflection_eager_write_cardinality_capped,830ce83f,longmemeval_830ce83f,False,[durable-capped] lme-rachel-move-her-relocation (confidence 0.73),"[""answer_0b1a0942_2""]","[""longmemeval_830ce83f::obs_1::0""]","[""memory-longmemeval_830ce83f::obs_0::0""]",False,2,1,True,False,1,True,False,True,False,True,False,True,False,True,False
path_b_only_denominator,reflection_eager_write_cardinality_capped,852ce960,longmemeval_852ce960,False,[durable-capped] lme-amount-pre-approved-got-mortgage-wells-fargo (confidence 0.73),"[""answer_3a6f1e82_2""]","[""longmemeval_852ce960::obs_1::0""]","[""memory-longmemeval_852ce960::obs_0::0""]",False,2,1,True,False,1,True,False,True,False,True,False,True,False,True,False
path_b_only_denominator,reflection_eager_write_cardinality_capped,89941a93,longmemeval_89941a93,False,[durable-capped] lme-bikes-own (confidence 0.73),"[""answer_e1403127_2""]","[""longmemeval_89941a93::obs_1::0""]","[""memory-longmemeval_89941a93::obs_0::0""]",False,2,1,True,False,1,True,False,True,False,True,False,True,False,True,False
path_b_only_denominator,reflection_eager_write_cardinality_capped,89941a94,longmemeval_89941a94,False,[durable-capped] lme-before-purchased-gravel-bike-other-bikes-addition-mountain-bike-commuter-bike (confidence 0.73),"[""answer_e1403127_2""]","[""longmemeval_89941a94::obs_1::0""]","[""memory-longmemeval_89941a94::obs_0::0""]",False,2,1,True,False,1,True,False,True,False,True,False,True,False,True,False
path_b_only_denominator,reflection_eager_write_cardinality_capped,8fb83627,longmemeval_8fb83627,False,[durable-capped] lme-issues-national-geographic-finished-reading (confidence 0.73),"[""answer_966cecbb_2""]","[""longmemeval_8fb83627::obs_1::0""]","[""memory-longmemeval_8fb83627::obs_0::0""]",False,2,1,True,False,1,True,False,True,False,True,False,True,False,True,False
path_b_only_denominator,reflection_eager_write_cardinality_capped,945e3d21,longmemeval_945e3d21,False,[durable-capped] lme-often-attend-yoga-classes-help-anxiety (confidence 0.73),"[""answer_6a4f8626_2""]","[""longmemeval_945e3d21::obs_1::0""]","[""memory-longmemeval_945e3d21::obs_0::0""]",False,2,1,True,False,1,True,False,True,False,True,False,True,False,True,False
path_b_only_denominator,reflection_eager_write_cardinality_capped,9bbe84a2,longmemeval_9bbe84a2,False,[durable-capped] lme-previous-goal-apex-legends-level-before-updated-goal (confidence 0.73),"[""answer_c6a0c6c2_2""]","[""longmemeval_9bbe84a2::obs_1::0""]","[""memory-longmemeval_9bbe84a2::obs_0::0""]",False,2,1,True,False,1,True,False,True,False,True,False,True,False,True,False
path_b_only_denominator,reflection_eager_write_cardinality_capped,9ea5eabc,longmemeval_9ea5eabc,False,[durable-capped] lme-go-most-family-trip (confidence 0.73),"[""answer_02e66dec_2""]","[""longmemeval_9ea5eabc::obs_1::0""]","[""memory-longmemeval_9ea5eabc::obs_0::0""]",False,2,1,True,False,1,True,False,True,False,True,False,True,False,True,False
path_b_only_denominator,reflection_eager_write_cardinality_capped,a1eacc2a,longmemeval_a1eacc2a,False,[durable-capped] lme-short-stories-written-since-started-writing-regularly (confidence 0.73),"[""answer_0eb23770_2""]","[""longmemeval_a1eacc2a::obs_1::0""]","[""memory-longmemeval_a1eacc2a::obs_0::0""]",False,2,1,True,False,1,True,False,True,False,True,False,True,False,True,False
path_b_only_denominator,reflection_eager_write_cardinality_capped,a2f3aa27,longmemeval_a2f3aa27,False,[durable-capped] lme-followers-instagram-now (confidence 0.73),"[""answer_5126c02d_2""]","[""longmemeval_a2f3aa27::obs_1::0""]","[""memory-longmemeval_a2f3aa27::obs_0::0""]",False,2,1,True,False,1,True,False,True,False,True,False,True,False,True,False
path_b_only_denominator,reflection_eager_write_cardinality_capped,affe2881,longmemeval_affe2881,False,[durable-capped] lme-different-species-birds-seen-local-park (confidence 0.73),"[""answer_90de9b4d_2""]","[""longmemeval_affe2881::obs_1::0""]","[""memory-longmemeval_affe2881::obs_0::0""]",False,2,1,True,False,1,True,False,True,False,True,False,True,False,True,False
path_b_only_denominator,reflection_eager_write_cardinality_capped,b01defab,longmemeval_b01defab,False,[durable-capped] lme-finish-reading-nightingale-by-kristin-hannah (confidence 0.73),"[""answer_8c0712af_2""]","[""longmemeval_b01defab::obs_1::0""]","[""memory-longmemeval_b01defab::obs_0::0""]",False,2,1,True,False,1,True,False,True,False,True,False,True,False,True,False
path_b_only_denominator,reflection_eager_write_cardinality_capped,b6019101,longmemeval_b6019101,False,[durable-capped] lme-mcu-films-watch-last-months (confidence 0.73),"[""answer_67074b4b_2""]","[""longmemeval_b6019101::obs_1::0""]","[""memory-longmemeval_b6019101::obs_0::0""]",False,2,1,True,False,1,True,False,True,False,True,False,True,False,True,False
path_b_only_denominator,reflection_eager_write_cardinality_capped,ba61f0b9,longmemeval_ba61f0b9,False,[durable-capped] lme-women-team-led-by-former-manager-rachel (confidence 0.73),"[""answer_f377cda7_2""]","[""longmemeval_ba61f0b9::obs_1::0""]","[""memory-longmemeval_ba61f0b9::obs_0::0""]",False,2,1,True,False,1,True,False,True,False,True,False,True,False,True,False
path_b_only_denominator,reflection_eager_write_cardinality_capped,c4ea545c,longmemeval_c4ea545c,False,[durable-capped] lme-go-gym-more-frequently-than-previously (confidence 0.73),"[""answer_d3bf812b_2""]","[""longmemeval_c4ea545c::obs_1::0""]","[""memory-longmemeval_c4ea545c::obs_0::0""]",False,2,1,True,False,1,True,False,True,False,True,False,True,False,True,False
path_b_only_denominator,reflection_eager_write_cardinality_capped,c6853660,longmemeval_c6853660,False,[durable-capped] lme-mostly-increase-or-decrease-limit-number-cups-coffee-morning (confidence 0.73),"[""answer_626e93c4_2""]","[""longmemeval_c6853660::obs_1::0""]","[""memory-longmemeval_c6853660::obs_0::0""]",False,2,1,True,False,1,True,False,True,False,True,False,True,False,True,False
path_b_only_denominator,reflection_eager_write_cardinality_capped,c7dc5443,longmemeval_c7dc5443,False,[durable-capped] lme-record-recreational-volleyball-league (confidence 0.73),"[""answer_0cdbca92_2""]","[""longmemeval_c7dc5443::obs_1::0""]","[""memory-longmemeval_c7dc5443::obs_0::0""]",False,2,1,True,False,1,True,False,True,False,True,False,True,False,True,False
path_b_only_denominator,reflection_eager_write_cardinality_capped,cc5ded98,longmemeval_cc5ded98,False,[durable-capped] lme-much-time-dedicate-coding-exercises-each-day (confidence 0.73),"[""answer_a5b68517_2""]","[""longmemeval_cc5ded98::obs_1::0""]","[""memory-longmemeval_cc5ded98::obs_0::0""]",False,2,1,True,False,1,True,False,True,False,True,False,True,False,True,False
path_b_only_denominator,reflection_eager_write_cardinality_capped,ce6d2d27,longmemeval_ce6d2d27,False,[durable-capped] lme-day-week-take-cocktail-making-class (confidence 0.73),"[""answer_73540165_2""]","[""longmemeval_ce6d2d27::obs_1::0""]","[""memory-longmemeval_ce6d2d27::obs_0::0""]",False,2,1,True,False,1,True,False,True,False,True,False,True,False,True,False
path_b_only_denominator,reflection_eager_write_cardinality_capped,cf22b7bf,longmemeval_cf22b7bf,False,[durable-capped] lme-much-weight-lost-since-started-going-gym-consistently (confidence 0.73),"[""answer_ae3a122b_2""]","[""longmemeval_cf22b7bf::obs_1::0""]","[""memory-longmemeval_cf22b7bf::obs_0::0""]",False,2,1,True,False,1,True,False,True,False,True,False,True,False,True,False
path_b_only_denominator,reflection_eager_write_cardinality_capped,d7c942c3,longmemeval_d7c942c3,False,[durable-capped] lme-mom-using-same-grocery-list-method-as (confidence 0.73),"[""answer_eecb10d9_2""]","[""longmemeval_d7c942c3::obs_1::0""]","[""memory-longmemeval_d7c942c3::obs_0::0""]",False,2,1,True,False,1,True,False,True,False,True,False,True,False,True,False
path_b_only_denominator,reflection_eager_write_cardinality_capped,dad224aa,longmemeval_dad224aa,False,[durable-capped] lme-time-wake-up-saturday-mornings (confidence 0.73),"[""answer_4a97ae40_2""]","[""longmemeval_dad224aa::obs_1::0""]","[""memory-longmemeval_dad224aa::obs_0::0""]",False,2,1,True,False,1,True,False,True,False,True,False,True,False,True,False
path_b_only_denominator,reflection_eager_write_cardinality_capped,db467c8c,longmemeval_db467c8c,False,[durable-capped] lme-long-parents-been-staying-us (confidence 0.73),"[""answer_611b6e83_2""]","[""longmemeval_db467c8c::obs_1::0""]","[""memory-longmemeval_db467c8c::obs_0::0""]",False,2,1,True,False,1,True,False,True,False,True,False,True,False,True,False
path_b_only_denominator,reflection_eager_write_cardinality_capped,dfde3500,longmemeval_dfde3500,False,[durable-capped] lme-day-week-meet-previous-language-exchange-tutor-juan (confidence 0.73),"[""answer_35d6c0be_2""]","[""longmemeval_dfde3500::obs_1::0""]","[""memory-longmemeval_dfde3500::obs_0::0""]",False,2,1,True,False,1,True,False,True,False,True,False,True,False,True,False
path_b_only_denominator,reflection_eager_write_cardinality_capped,e493bb7c,longmemeval_e493bb7c,False,[durable-capped] lme-painting-ethereal-dreams-by-emma-taylor-hanging (confidence 0.73),"[""answer_1a374afa_2""]","[""longmemeval_e493bb7c::obs_1::0""]","[""memory-longmemeval_e493bb7c::obs_0::0""]",False,2,1,True,False,1,True,False,True,False,True,False,True,False,True,False
path_b_only_denominator,reflection_eager_write_cardinality_capped,e61a7584,longmemeval_e61a7584,False,[durable-capped] lme-long-cat-luna (confidence 0.73),"[""answer_f25c32f5_2""]","[""longmemeval_e61a7584::obs_1::0""]","[""memory-longmemeval_e61a7584::obs_0::0""]",False,2,1,True,False,1,True,False,True,False,True,False,True,False,True,False
path_b_only_denominator,reflection_eager_write_cardinality_capped,e66b632c,longmemeval_e66b632c,False,[durable-capped] lme-previous-personal-best-time-charity-5k-run (confidence 0.73),"[""answer_ac0140ce_2""]","[""longmemeval_e66b632c::obs_1::0""]","[""memory-longmemeval_e66b632c::obs_0::0""]",False,2,1,True,False,1,True,False,True,False,True,False,True,False,True,False
path_b_only_denominator,reflection_eager_write_cardinality_capped,eace081b,longmemeval_eace081b,False,[durable-capped] lme-planning-stay-birthday-trip-hawaii (confidence 0.73),"[""answer_8a791264_2""]","[""longmemeval_eace081b::obs_1::0""]","[""memory-longmemeval_eace081b::obs_0::0""]",False,2,1,True,False,1,True,False,True,False,True,False,True,False,True,False
path_b_only_denominator,reflection_eager_write_cardinality_capped,ed4ddc30,longmemeval_ed4ddc30,False,[durable-capped] lme-dozen-eggs-we-stocked-up-our-refrigerator (confidence 0.73),"[""answer_babbaccb_2""]","[""longmemeval_ed4ddc30::obs_1::0""]","[""memory-longmemeval_ed4ddc30::obs_0::0""]",False,2,1,True,False,1,True,False,True,False,True,False,True,False,True,False
path_b_only_denominator,reflection_eager_write_cardinality_capped,f685340e,longmemeval_f685340e,False,[durable-capped] lme-often-play-tennis-friends-at-local-park-previously (confidence 0.73),"[""answer_25df025b_2""]","[""longmemeval_f685340e::obs_1::0""]","[""memory-longmemeval_f685340e::obs_0::0""]",False,2,1,True,False,1,True,False,True,False,True,False,True,False,True,False
path_b_only_denominator,reflection_eager_write_cardinality_capped,f9e8c073,longmemeval_f9e8c073,False,[durable-capped] lme-sessions-bereavement-support-group-attend (confidence 0.73),"[""answer_b191df5b_2""]","[""longmemeval_f9e8c073::obs_1::0""]","[""memory-longmemeval_f9e8c073::obs_0::0""]",False,2,1,True,False,1,True,False,True,False,True,False,True,False,True,False
