run_name,memory_provider,mode,query_id,sample_id,qa_index,category,answer_correct,question,gold_answer,gold_evidence_ids,gold_evidence_count,lookup_relevant,retrieved_memory_blocks,retrieved_dia_id_count,any_hit_all_context,all_hit_all_context,first_gold_memory_block_rank,any_hit_at_1,all_hit_at_1,any_hit_at_5,all_hit_at_5,any_hit_at_10,all_hit_at_10,any_hit_at_20,all_hit_at_20,any_hit_at_50,all_hit_at_50,any_hit_at_200,all_hit_at_200
locomo-hindsight,hindsight,rag,conv-26_q0,conv-26,0,2,True,When did Caroline go to the LGBTQ support group?,7 May 2023,D1:3,1,True,47,419,True,True,11,False,False,False,False,False,False,True,True,True,True,True,True
locomo-hindsight,hindsight,rag,conv-26_q1,conv-26,1,2,True,When did Melanie paint a sunrise?,2022,D1:12,1,True,47,419,True,True,15,False,False,False,False,False,False,True,True,True,True,True,True
locomo-hindsight,hindsight,rag,conv-26_q2,conv-26,2,3,True,What fields would Caroline be likely to pursue in her educaton?,"Psychology, counseling certification",D1:11 D1:9,2,True,47,419,True,True,11,False,False,False,False,False,False,True,True,True,True,True,True
locomo-hindsight,hindsight,rag,conv-26_q3,conv-26,3,1,True,What did Caroline research?,Adoption agencies,D2:8,1,True,47,419,True,True,2,False,False,True,True,True,True,True,True,True,True,True,True
locomo-hindsight,hindsight,rag,conv-26_q4,conv-26,4,1,True,What is Caroline's identity?,Transgender woman,D1:5,1,True,47,419,True,True,16,False,False,False,False,False,False,True,True,True,True,True,True
locomo-hindsight,hindsight,rag,conv-26_q5,conv-26,5,2,True,When did Melanie run a charity race?,The sunday before 25 May 2023,D2:1,1,True,47,419,True,True,5,False,False,True,True,True,True,True,True,True,True,True,True
locomo-hindsight,hindsight,rag,conv-26_q6,conv-26,6,2,True,When is Melanie planning on going camping?,June 2023,D2:7,1,True,47,419,True,True,10,False,False,False,False,True,True,True,True,True,True,True,True
locomo-hindsight,hindsight,rag,conv-26_q7,conv-26,7,1,True,What is Caroline's relationship status?,Single,D2:14 D3:13,2,True,47,419,True,True,1,True,False,True,True,True,True,True,True,True,True,True,True
locomo-hindsight,hindsight,rag,conv-26_q8,conv-26,8,2,True,When did Caroline give a speech at a school?,The week before 9 June 2023,D3:1,1,True,47,419,True,True,10,False,False,False,False,True,True,True,True,True,True,True,True
locomo-hindsight,hindsight,rag,conv-26_q9,conv-26,9,2,True,"When did Caroline meet up with her friends, family, and mentors?",The week before 9 June 2023,D3:11,1,True,47,419,True,True,4,False,False,True,True,True,True,True,True,True,True,True,True
locomo-hindsight,hindsight,rag,conv-26_q10,conv-26,10,2,True,How long has Caroline had her current group of friends for?,4 years,D3:13,1,True,47,419,True,True,4,False,False,True,True,True,True,True,True,True,True,True,True
locomo-hindsight,hindsight,rag,conv-26_q11,conv-26,11,1,True,Where did Caroline move from 4 years ago?,Sweden,D3:13 D4:3,2,True,47,419,True,True,1,True,False,True,True,True,True,True,True,True,True,True,True
locomo-hindsight,hindsight,rag,conv-26_q12,conv-26,12,2,True,How long ago was Caroline's 18th birthday?,10 years ago,D4:5,1,True,47,419,True,True,4,False,False,True,True,True,True,True,True,True,True,True,True
locomo-hindsight,hindsight,rag,conv-26_q13,conv-26,13,1,True,What career path has Caroline decided to persue?,counseling or mental health for Transgender people,D1:11 D4:13,2,True,47,419,True,True,5,False,False,True,False,True,False,True,True,True,True,True,True
locomo-hindsight,hindsight,rag,conv-26_q14,conv-26,14,3,True,Would Caroline still want to pursue counseling as a career if she hadn't received support growing up?,Likely no,D3:5 D4:15,2,True,47,419,True,True,3,False,False,True,False,True,False,True,True,True,True,True,True
locomo-hindsight,hindsight,rag,conv-26_q15,conv-26,15,1,True,What activities does Melanie partake in?,"pottery, camping, painting, swimming",D1:12 D1:18 D5:4 D9:1,4,True,47,419,True,True,6,False,False,False,False,True,False,True,False,True,True,True,True
locomo-hindsight,hindsight,rag,conv-26_q16,conv-26,16,2,True,When did Melanie sign up for a pottery class?,2 July 2023,D5:4,1,True,47,419,True,True,1,True,True,True,True,True,True,True,True,True,True,True,True
locomo-hindsight,hindsight,rag,conv-26_q17,conv-26,17,2,True,When is Caroline going to the transgender conference?,July 2023,D5:13,1,True,47,419,True,True,1,True,True,True,True,True,True,True,True,True,True,True,True
locomo-hindsight,hindsight,rag,conv-26_q18,conv-26,18,1,True,Where has Melanie camped?,"beach, mountains, forest",D4:6 D6:16 D8:32,3,True,47,419,True,True,2,False,False,True,False,True,False,True,False,True,True,True,True
locomo-hindsight,hindsight,rag,conv-26_q19,conv-26,19,1,True,What do Melanie's kids like?,"dinosaurs, nature",D4:8 D6:6,2,True,47,419,True,True,28,False,False,False,False,False,False,False,False,True,True,True,True
locomo-hindsight,hindsight,rag,conv-26_q20,conv-26,20,2,True,When did Melanie go to the museum?,5 July 2023,D6:4,1,True,47,419,True,True,11,False,False,False,False,False,False,True,True,True,True,True,True
locomo-hindsight,hindsight,rag,conv-26_q21,conv-26,21,2,True,When did Caroline have a picnic?,The week before 6 July 2023,D6:11,1,True,47,419,True,True,6,False,False,False,False,True,True,True,True,True,True,True,True
locomo-hindsight,hindsight,rag,conv-26_q22,conv-26,22,3,True,Would Caroline likely have Dr. Seuss books on her bookshelf?,"Yes, since she collects classic children's books",D6:9,1,True,47,419,True,True,19,False,False,False,False,False,False,True,True,True,True,True,True
locomo-hindsight,hindsight,rag,conv-26_q23,conv-26,23,1,True,What books has Melanie read?,"""Nothing is Impossible"", ""Charlotte's Web""",D6:10 D7:8,2,True,47,419,True,True,11,False,False,False,False,False,False,True,True,True,True,True,True
locomo-hindsight,hindsight,rag,conv-26_q24,conv-26,24,1,True,What does Melanie do to destress?,"Running, pottery",D5:4 D7:22,2,True,47,419,True,True,9,False,False,False,False,True,False,True,True,True,True,True,True
locomo-hindsight,hindsight,rag,conv-26_q25,conv-26,25,2,True,When did Caroline go to the LGBTQ conference?,10 July 2023,D7:1,1,True,47,419,True,True,5,False,False,True,True,True,True,True,True,True,True,True,True
locomo-hindsight,hindsight,rag,conv-26_q26,conv-26,26,2,True,"When did Melanie read the book ""nothing is impossible""?",2022,D7:8,1,True,47,419,True,True,9,False,False,False,False,True,True,True,True,True,True,True,True
locomo-hindsight,hindsight,rag,conv-26_q27,conv-26,27,3,True,Would Caroline pursue writing as a career option?,"LIkely no; though she likes reading, she wants to be a counselor",D7:5 D7:9,2,True,47,419,True,True,11,False,False,False,False,False,False,True,True,True,True,True,True
locomo-hindsight,hindsight,rag,conv-26_q28,conv-26,28,2,True,When did Caroline go to the adoption meeting?,The friday before 15 July 2023,D8:9,1,True,47,419,True,True,6,False,False,False,False,True,True,True,True,True,True,True,True
locomo-hindsight,hindsight,rag,conv-26_q29,conv-26,29,2,True,When did Melanie go to the pottery workshop?,The Friday before 15 July 2023,D8:2,1,True,47,419,True,True,4,False,False,True,True,True,True,True,True,True,True,True,True
locomo-hindsight,hindsight,rag,conv-26_q30,conv-26,30,3,True,Would Melanie be considered a member of the LGBTQ community?,"Likely no, she does not refer to herself as part of it",,0,False,47,419,False,True,,False,True,False,True,False,True,False,True,False,True,False,True
locomo-hindsight,hindsight,rag,conv-26_q31,conv-26,31,2,True,When did Melanie go camping in June?,The week before 27 June 2023,D4:8,1,True,47,419,True,True,10,False,False,False,False,True,True,True,True,True,True,True,True
locomo-hindsight,hindsight,rag,conv-26_q32,conv-26,32,1,True,What LGBTQ+ events has Caroline participated in?,"Pride parade, school speech, support group",D1:3 D3:1 D5:1 D8:17,4,True,47,419,True,True,10,False,False,False,False,True,False,True,False,True,True,True,True
locomo-hindsight,hindsight,rag,conv-26_q33,conv-26,33,2,False,When did Caroline go to a pride parade during the summer?,The week before 3 July 2023,D5:1,1,True,47,419,True,True,1,True,True,True,True,True,True,True,True,True,True,True,True
locomo-hindsight,hindsight,rag,conv-26_q34,conv-26,34,1,True,What events has Caroline participated in to help children?,"Mentoring program, school speech",D3:3 D9:2,2,True,47,419,True,True,10,False,False,False,False,True,False,True,False,True,True,True,True
locomo-hindsight,hindsight,rag,conv-26_q35,conv-26,35,2,True,When did Melanie go camping in July?,two weekends before 17 July 2023,D9:1,1,True,47,419,True,True,1,True,True,True,True,True,True,True,True,True,True,True,True
locomo-hindsight,hindsight,rag,conv-26_q36,conv-26,36,2,True,When did Caroline join a mentorship program?,The weekend before 17 July 2023,D9:2,1,True,47,419,True,True,5,False,False,True,True,True,True,True,True,True,True,True,True
locomo-hindsight,hindsight,rag,conv-26_q37,conv-26,37,1,True,What did Melanie paint recently?,sunset,D8:6; D9:17,1,True,47,419,False,False,,False,False,False,False,False,False,False,False,False,False,False,False
locomo-hindsight,hindsight,rag,conv-26_q38,conv-26,38,1,True,What activities has Melanie done with her family?,"Pottery, painting, camping, museum, swimming, hiking",D1:18 D3:14 D6:4 D8:4 D8:6 D9:1,6,True,47,419,True,True,3,False,False,True,False,True,False,True,False,True,True,True,True
locomo-hindsight,hindsight,rag,conv-26_q39,conv-26,39,1,True,In what ways is Caroline participating in the LGBTQ community?,"Joining activist group, going to pride parades, participating in an art show, mentoring program",D10:3 D5:1 D9:12 D9:2,4,True,47,419,True,True,7,False,False,False,False,True,False,True,True,True,True,True,True
locomo-hindsight,hindsight,rag,conv-26_q40,conv-26,40,1,False,How many times has Melanie gone to the beach in 2023?,2,D10:8 D6:16,2,True,47,419,True,True,13,False,False,False,False,False,False,True,True,True,True,True,True
locomo-hindsight,hindsight,rag,conv-26_q41,conv-26,41,2,True,When did Caroline join a new activist group?,The Tuesday before 20 July 2023,D10:3,1,True,47,419,True,True,2,False,False,True,True,True,True,True,True,True,True,True,True
locomo-hindsight,hindsight,rag,conv-26_q42,conv-26,42,3,True,Would Melanie be more interested in going to a national park or a theme park?,National park; she likes the outdoors,D10:12 D10:14,2,True,47,419,True,True,9,False,False,False,False,True,True,True,True,True,True,True,True
locomo-hindsight,hindsight,rag,conv-26_q43,conv-26,43,1,True,What kind of art does Caroline make?,abstract art,D11:12 D11:8 D9:14,3,True,47,419,True,True,2,False,False,True,False,True,False,True,False,True,True,True,True
locomo-hindsight,hindsight,rag,conv-26_q44,conv-26,44,2,True,When is Melanie's daughter's birthday?,13 August,D11:1,1,True,47,419,True,True,6,False,False,False,False,True,True,True,True,True,True,True,True
locomo-hindsight,hindsight,rag,conv-26_q45,conv-26,45,2,True,When did Caroline attend a pride parade in August?,The Friday before 14 August 2023,D11:4,1,True,47,419,True,True,7,False,False,False,False,True,True,True,True,True,True,True,True
locomo-hindsight,hindsight,rag,conv-26_q46,conv-26,46,3,True,Would Melanie be considered an ally to the transgender community?,"Yes, she is supportive",,0,False,47,419,False,True,,False,True,False,True,False,True,False,True,False,True,False,True
locomo-hindsight,hindsight,rag,conv-26_q47,conv-26,47,1,True,Who supports Caroline when she has a negative experience?,"Her mentors, family, and friends",D12:1 D3:11,2,True,47,419,True,True,1,True,False,True,False,True,False,True,True,True,True,True,True
locomo-hindsight,hindsight,rag,conv-26_q48,conv-26,48,1,True,What types of pottery have Melanie and her kids made?,"bowls, cup",D12:14 D5:6 D8:4,3,True,47,419,True,True,5,False,False,True,False,True,False,True,False,True,True,True,True
locomo-hindsight,hindsight,rag,conv-26_q49,conv-26,49,2,True,When did Caroline and Melanie go to a pride fesetival together?,2022,D12:15,1,True,47,419,True,True,3,False,False,True,True,True,True,True,True,True,True,True,True
locomo-hindsight,hindsight,rag,conv-26_q50,conv-26,50,3,True,What would Caroline's political leaning likely be?,Liberal,D12:1,1,True,47,419,True,True,32,False,False,False,False,False,False,False,False,True,True,True,True
locomo-hindsight,hindsight,rag,conv-26_q51,conv-26,51,1,True,What has Melanie painted?,"Horse, sunset, sunrise",D13:8 D1:12 D8:6,3,True,47,419,True,True,1,True,False,True,False,True,False,True,True,True,True,True,True
locomo-hindsight,hindsight,rag,conv-26_q52,conv-26,52,1,True,What are Melanie's pets' names?,"Oliver, Luna, Bailey",D13:4 D7:18,2,True,47,419,True,True,6,False,False,False,False,True,True,True,True,True,True,True,True
locomo-hindsight,hindsight,rag,conv-26_q53,conv-26,53,2,True,When did Caroline apply to adoption agencies?,The week of 23 August 2023,D13:1,1,True,47,419,True,True,8,False,False,False,False,True,True,True,True,True,True,True,True
locomo-hindsight,hindsight,rag,conv-26_q54,conv-26,54,2,True,When did Caroline draw a self-portrait?,The week before 23 August 2023,D13:11,1,True,47,419,True,True,5,False,False,True,True,True,True,True,True,True,True,True,True
locomo-hindsight,hindsight,rag,conv-26_q55,conv-26,55,1,True,What subject have Caroline and Melanie both painted?,Sunsets,D14:5 D8:6,2,True,47,419,True,True,7,False,False,False,False,True,True,True,True,True,True,True,True
locomo-hindsight,hindsight,rag,conv-26_q56,conv-26,56,1,False,What symbols are important to Caroline?,"Rainbow flag, transgender symbol",D14:15 D4:1,2,True,47,419,True,True,5,False,False,True,False,True,False,True,True,True,True,True,True
locomo-hindsight,hindsight,rag,conv-26_q57,conv-26,57,2,True,When did Caroline encounter people on a hike and have a negative experience?,The week before 25 August 2023,D14:1,1,True,47,419,True,True,9,False,False,False,False,True,True,True,True,True,True,True,True
locomo-hindsight,hindsight,rag,conv-26_q58,conv-26,58,2,True,When did Melanie make a plate in pottery class?,24 August 2023,D14:4,1,True,47,419,True,True,5,False,False,True,True,True,True,True,True,True,True,True,True
locomo-hindsight,hindsight,rag,conv-26_q59,conv-26,59,3,False,Would Caroline be considered religious?,"Somewhat, but not extremely religious",D12:1 D14:19,2,True,47,419,True,True,5,False,False,True,False,True,False,True,True,True,True,True,True
locomo-hindsight,hindsight,rag,conv-26_q60,conv-26,60,1,True,What instruments does Melanie play?,clarinet and violin,D15:26 D2:5,2,True,47,419,True,True,13,False,False,False,False,False,False,True,False,True,True,True,True
locomo-hindsight,hindsight,rag,conv-26_q61,conv-26,61,1,True,What musical artists/bands has Melanie seen?,"Summer Sounds, Matt Patterson",D11:3 D15:16,2,True,47,419,True,True,6,False,False,False,False,True,True,True,True,True,True,True,True
locomo-hindsight,hindsight,rag,conv-26_q62,conv-26,62,2,True,When did Melanie go to the park?,27 August 2023,D15:2,1,True,47,419,True,True,8,False,False,False,False,True,True,True,True,True,True,True,True
locomo-hindsight,hindsight,rag,conv-26_q63,conv-26,63,2,True,When is Caroline's youth center putting on a talent show?,September 2023,D15:11,1,True,47,419,True,True,10,False,False,False,False,True,True,True,True,True,True,True,True
locomo-hindsight,hindsight,rag,conv-26_q64,conv-26,64,3,True,"Would Melanie likely enjoy the song ""The Four Seasons"" by Vivaldi?",Yes; it's classical music,D15:28,1,True,47,419,True,True,17,False,False,False,False,False,False,True,True,True,True,True,True
locomo-hindsight,hindsight,rag,conv-26_q65,conv-26,65,1,True,What are some changes Caroline has faced during her transition journey?,"Changes to her body, losing unsupportive friends",D11:14 D16:15,2,True,47,419,True,True,1,True,False,True,True,True,True,True,True,True,True,True,True
locomo-hindsight,hindsight,rag,conv-26_q66,conv-26,66,1,False,What does Melanie do with her family on hikes?,"Roast marshmallows, tell stories",D10:12 D16:4,2,True,47,419,True,True,1,True,False,True,False,True,False,True,False,True,True,True,True
locomo-hindsight,hindsight,rag,conv-26_q67,conv-26,67,2,True,When did Caroline go biking with friends?,The weekend before 13 September 2023,D16:1,1,True,47,419,True,True,3,False,False,True,True,True,True,True,True,True,True,True,True
locomo-hindsight,hindsight,rag,conv-26_q68,conv-26,68,2,True,How long has Melanie been practicing art?,Since 2016,D16:8,1,True,47,419,True,True,10,False,False,False,False,True,True,True,True,True,True,True,True
locomo-hindsight,hindsight,rag,conv-26_q69,conv-26,69,3,True,What personality traits might Melanie say Caroline has?,"Thoughtful, authentic, driven",D13:16 D16:18 D7:4,3,True,47,419,True,True,8,False,False,False,False,True,False,True,False,True,True,True,True
locomo-hindsight,hindsight,rag,conv-26_q70,conv-26,70,1,True,What transgender-specific events has Caroline attended?,"Poetry reading, conference",D15:13 D17:19,2,True,47,419,True,True,9,False,False,False,False,True,False,True,True,True,True,True,True
locomo-hindsight,hindsight,rag,conv-26_q71,conv-26,71,1,True,What book did Melanie read from Caroline's suggestion?,"""Becoming Nicole""",D17:10 D7:11,2,True,47,419,True,True,10,False,False,False,False,True,False,True,True,True,True,True,True
locomo-hindsight,hindsight,rag,conv-26_q72,conv-26,72,2,True,When did Melanie's friend adopt a child?,2022,D17:3,1,True,47,419,True,True,8,False,False,False,False,True,True,True,True,True,True,True,True
locomo-hindsight,hindsight,rag,conv-26_q73,conv-26,73,2,True,When did Melanie get hurt?,September 2023,D17:8,1,True,47,419,True,True,35,False,False,False,False,False,False,False,False,True,True,True,True
locomo-hindsight,hindsight,rag,conv-26_q74,conv-26,74,2,True,When did Melanie's family go on a roadtrip?,The weekend before 20 October 2023,D18:1,1,True,47,419,True,True,6,False,False,False,False,True,True,True,True,True,True,True,True
locomo-hindsight,hindsight,rag,conv-26_q75,conv-26,75,1,True,How many children does Melanie have?,3,D18:1 D18:7,2,True,47,419,True,True,3,False,False,True,True,True,True,True,True,True,True,True,True
locomo-hindsight,hindsight,rag,conv-26_q76,conv-26,76,1,True,When did Melanie go on a hike after the roadtrip?,19 October 2023,D18:17,1,True,47,419,True,True,8,False,False,False,False,True,True,True,True,True,True,True,True
locomo-hindsight,hindsight,rag,conv-26_q77,conv-26,77,3,False,Would Melanie go on another roadtrip soon?,Likely no; since this one went badly,D18:1 D18:3,2,True,47,419,True,True,14,False,False,False,False,False,False,True,True,True,True,True,True
locomo-hindsight,hindsight,rag,conv-26_q78,conv-26,78,1,True,What items has Melanie bought?,"Figurines, shoes",D19:2 D7:18,2,True,47,419,True,True,13,False,False,False,False,False,False,True,True,True,True,True,True
locomo-hindsight,hindsight,rag,conv-26_q79,conv-26,79,2,True,When did Caroline pass the adoption interview?,The Friday before 22 October 2023,D19:1,1,True,47,419,True,True,7,False,False,False,False,True,True,True,True,True,True,True,True
locomo-hindsight,hindsight,rag,conv-26_q80,conv-26,80,2,True,When did Melanie buy the figurines?,21 October 2023,D19:2,1,True,47,419,True,True,15,False,False,False,False,False,False,True,True,True,True,True,True
locomo-hindsight,hindsight,rag,conv-26_q81,conv-26,81,3,True,Would Caroline want to move back to her home country soon?,No; she's in the process of adopting children.,D19:1 D19:3,2,True,47,419,True,True,8,False,False,False,False,True,True,True,True,True,True,True,True
locomo-hindsight,hindsight,rag,conv-26_q82,conv-26,82,4,True,What did the charity race raise awareness for?,mental health,D2:2,1,True,47,419,True,True,2,False,False,True,True,True,True,True,True,True,True,True,True
locomo-hindsight,hindsight,rag,conv-26_q83,conv-26,83,4,True,What did Melanie realize after the charity race?,self-care is important,D2:3,1,True,47,419,True,True,4,False,False,True,True,True,True,True,True,True,True,True,True
locomo-hindsight,hindsight,rag,conv-26_q84,conv-26,84,4,True,How does Melanie prioritize self-care?,"by carving out some me-time each day for activities like running, reading, or playing the violin",D2:5,1,True,47,419,True,True,3,False,False,True,True,True,True,True,True,True,True,True,True
locomo-hindsight,hindsight,rag,conv-26_q85,conv-26,85,4,False,What are Caroline's plans for the summer?,researching adoption agencies,D2:8,1,True,47,419,True,True,9,False,False,False,False,True,True,True,True,True,True,True,True
locomo-hindsight,hindsight,rag,conv-26_q86,conv-26,86,4,True,What type of individuals does the adoption agency Caroline is considering support?,LGBTQ+ individuals,D2:12,1,True,47,419,True,True,3,False,False,True,True,True,True,True,True,True,True,True,True
locomo-hindsight,hindsight,rag,conv-26_q87,conv-26,87,4,True,Why did Caroline choose the adoption agency?,because of their inclusivity and support for LGBTQ+ individuals,D2:12,1,True,47,419,True,True,3,False,False,True,True,True,True,True,True,True,True,True,True
locomo-hindsight,hindsight,rag,conv-26_q88,conv-26,88,4,True,What is Caroline excited about in the adoption process?,creating a family for kids who need one,D2:14,1,True,47,419,True,True,2,False,False,True,True,True,True,True,True,True,True,True,True
locomo-hindsight,hindsight,rag,conv-26_q89,conv-26,89,4,True,What does Melanie think about Caroline's decision to adopt?,she thinks Caroline is doing something amazing and will be an awesome mom,D2:15,1,True,47,419,True,True,3,False,False,True,True,True,True,True,True,True,True,True,True
locomo-hindsight,hindsight,rag,conv-26_q90,conv-26,90,4,True,How long have Mel and her husband been married?,Mel and her husband have been married for 5 years.,D3:16,1,True,47,419,True,True,1,True,True,True,True,True,True,True,True,True,True,True,True
locomo-hindsight,hindsight,rag,conv-26_q91,conv-26,91,4,True,What does Caroline's necklace symbolize?,"love, faith, and strength",D4:3,1,True,47,419,True,True,4,False,False,True,True,True,True,True,True,True,True,True,True
locomo-hindsight,hindsight,rag,conv-26_q92,conv-26,92,4,True,What country is Caroline's grandma from?,Sweden,D4:3,1,True,47,419,True,True,6,False,False,False,False,True,True,True,True,True,True,True,True
locomo-hindsight,hindsight,rag,conv-26_q93,conv-26,93,4,True,What was grandma's gift to Caroline?,necklace,D4:3,1,True,47,419,True,True,2,False,False,True,True,True,True,True,True,True,True,True,True
locomo-hindsight,hindsight,rag,conv-26_q94,conv-26,94,4,True,What is Melanie's hand-painted bowl a reminder of?,art and self-expression,D4:5,1,True,47,419,True,True,10,False,False,False,False,True,True,True,True,True,True,True,True
locomo-hindsight,hindsight,rag,conv-26_q95,conv-26,95,4,True,What did Melanie and her family do while camping?,"explored nature, roasted marshmallows, and went on a hike",D4:8,1,True,47,419,True,True,15,False,False,False,False,False,False,True,True,True,True,True,True
locomo-hindsight,hindsight,rag,conv-26_q96,conv-26,96,4,True,What kind of counseling and mental health services is Caroline interested in pursuing?,"working with trans people, helping them accept themselves and supporting their mental health",D4:13,1,True,47,419,True,True,10,False,False,False,False,True,True,True,True,True,True,True,True
locomo-hindsight,hindsight,rag,conv-26_q97,conv-26,97,4,True,What workshop did Caroline attend recently?,LGBTQ+ counseling workshop,D4:13,1,True,47,419,True,True,14,False,False,False,False,False,False,True,True,True,True,True,True
locomo-hindsight,hindsight,rag,conv-26_q98,conv-26,98,4,True,What was discussed in the LGBTQ+ counseling workshop?,therapeutic methods and how to best work with trans people,D4:13,1,True,47,419,True,True,10,False,False,False,False,True,True,True,True,True,True,True,True
locomo-hindsight,hindsight,rag,conv-26_q99,conv-26,99,4,True,What motivated Caroline to pursue counseling?,"her own journey and the support she received, and how counseling improved her life",D4:15,1,True,47,419,True,True,7,False,False,False,False,True,True,True,True,True,True,True,True
locomo-hindsight,hindsight,rag,conv-26_q100,conv-26,100,4,True,What kind of place does Caroline want to create for people?,a safe and inviting place for people to grow,D4:15,1,True,47,419,True,True,5,False,False,True,True,True,True,True,True,True,True,True,True
locomo-hindsight,hindsight,rag,conv-26_q101,conv-26,101,4,True,Did Melanie make the black and white bowl in the photo?,Yes,D5:8,1,True,47,419,True,True,5,False,False,True,True,True,True,True,True,True,True,True,True
locomo-hindsight,hindsight,rag,conv-26_q102,conv-26,102,4,True,What kind of books does Caroline have in her library?,"kids' books - classics, stories from different cultures, educational books",D6:9,1,True,47,419,True,True,8,False,False,False,False,True,True,True,True,True,True,True,True
locomo-hindsight,hindsight,rag,conv-26_q103,conv-26,103,4,True,What was Melanie's favorite book from her childhood?,"""Charlotte's Web""",D6:10,1,True,47,419,True,True,6,False,False,False,False,True,True,True,True,True,True,True,True
locomo-hindsight,hindsight,rag,conv-26_q104,conv-26,104,4,True,What book did Caroline recommend to Melanie?,"""Becoming Nicole""",D7:11,1,True,47,419,True,True,26,False,False,False,False,False,False,False,False,True,True,True,True
locomo-hindsight,hindsight,rag,conv-26_q105,conv-26,105,4,True,"What did Caroline take away from the book ""Becoming Nicole""?",Lessons on self-acceptance and finding support,D7:13,1,True,47,419,True,True,7,False,False,False,False,True,True,True,True,True,True,True,True
locomo-hindsight,hindsight,rag,conv-26_q106,conv-26,106,4,True,What are the new shoes that Melanie got used for?,Running,D7:19,1,True,47,419,True,True,10,False,False,False,False,True,True,True,True,True,True,True,True
locomo-hindsight,hindsight,rag,conv-26_q107,conv-26,107,4,True,What is Melanie's reason for getting into running?,To de-stress and clear her mind,D7:21,1,True,47,419,True,True,5,False,False,True,True,True,True,True,True,True,True,True,True
locomo-hindsight,hindsight,rag,conv-26_q108,conv-26,108,4,True,What does Melanie say running has been great for?,Her mental health,D7:24,1,True,47,419,True,True,11,False,False,False,False,False,False,True,True,True,True,True,True
locomo-hindsight,hindsight,rag,conv-26_q109,conv-26,109,4,True,What did Mel and her kids make during the pottery workshop?,pots,D8:2,1,True,47,419,True,True,7,False,False,False,False,True,True,True,True,True,True,True,True
locomo-hindsight,hindsight,rag,conv-26_q110,conv-26,110,4,True,What kind of pot did Mel and her kids make with clay?,a cup with a dog face on it,D8:4,1,True,47,419,True,True,7,False,False,False,False,True,True,True,True,True,True,True,True
locomo-hindsight,hindsight,rag,conv-26_q111,conv-26,111,4,True,What creative project do Mel and her kids do together besides pottery?,painting,D8:5,1,True,47,419,True,True,2,False,False,True,True,True,True,True,True,True,True,True,True
locomo-hindsight,hindsight,rag,conv-26_q112,conv-26,112,4,False,What did Mel and her kids paint in their latest project in July 2023?,a sunset with a palm tree,D8:6,1,True,47,419,True,True,2,False,False,True,True,True,True,True,True,True,True,True,True
locomo-hindsight,hindsight,rag,conv-26_q113,conv-26,113,4,True,What did Caroline see at the council meeting for adoption?,many people wanting to create loving homes for children in need,D8:9,1,True,47,419,True,True,6,False,False,False,False,True,True,True,True,True,True,True,True
locomo-hindsight,hindsight,rag,conv-26_q114,conv-26,114,4,True,What do sunflowers represent according to Caroline?,warmth and happiness,D8:11,1,True,47,419,True,True,7,False,False,False,False,True,True,True,True,True,True,True,True
locomo-hindsight,hindsight,rag,conv-26_q115,conv-26,115,4,True,Why are flowers important to Melanie?,They remind her to appreciate the small moments and were a part of her wedding decor,D8:12,1,True,47,419,True,True,4,False,False,True,True,True,True,True,True,True,True,True,True
locomo-hindsight,hindsight,rag,conv-26_q116,conv-26,116,4,True,What inspired Caroline's painting for the art show?,visiting an LGBTQ center and wanting to capture unity and strength,D9:16,1,True,47,419,True,True,1,True,True,True,True,True,True,True,True,True,True,True,True
locomo-hindsight,hindsight,rag,conv-26_q117,conv-26,117,4,True,How often does Melanie go to the beach with her kids?,once or twice a year,D10:10,1,True,47,419,True,True,14,False,False,False,False,False,False,True,True,True,True,True,True
locomo-hindsight,hindsight,rag,conv-26_q118,conv-26,118,4,True,What did Melanie and her family see during their camping trip last year?,Perseid meteor shower,D10:14,1,True,47,419,True,True,1,True,True,True,True,True,True,True,True,True,True,True,True
locomo-hindsight,hindsight,rag,conv-26_q119,conv-26,119,4,True,How did Melanie feel while watching the meteor shower?,in awe of the universe,D10:18,1,True,47,419,True,True,5,False,False,True,True,True,True,True,True,True,True,True,True
locomo-hindsight,hindsight,rag,conv-26_q120,conv-26,120,4,True,Whose birthday did Melanie celebrate recently?,Melanie's daughter,D11:1,1,True,47,419,True,True,5,False,False,True,True,True,True,True,True,True,True,True,True
locomo-hindsight,hindsight,rag,conv-26_q121,conv-26,121,4,True,Who performed at the concert at Melanie's daughter's birthday?,Matt Patterson,D11:3,1,True,47,419,True,True,7,False,False,False,False,True,True,True,True,True,True,True,True
locomo-hindsight,hindsight,rag,conv-26_q122,conv-26,122,4,True,Why did Melanie choose to use colors and patterns in her pottery project?,She wanted to catch the eye and make people smile.,D12:6,1,True,47,419,True,True,7,False,False,False,False,True,True,True,True,True,True,True,True
locomo-hindsight,hindsight,rag,conv-26_q123,conv-26,123,4,True,What pet does Caroline have?,guinea pig,D13:3,1,True,47,419,True,True,23,False,False,False,False,False,False,False,False,True,True,True,True
locomo-hindsight,hindsight,rag,conv-26_q124,conv-26,124,4,True,What pets does Melanie have?,Two cats and a dog,D13:4,1,True,47,419,True,True,15,False,False,False,False,False,False,True,True,True,True,True,True
locomo-hindsight,hindsight,rag,conv-26_q125,conv-26,125,4,True,Where did Oliver hide his bone once?,In Melanie's slipper,D13:6,1,True,47,419,True,True,2,False,False,True,True,True,True,True,True,True,True,True,True
locomo-hindsight,hindsight,rag,conv-26_q126,conv-26,126,4,True,What activity did Caroline used to do with her dad?,Horseback riding,D13:7,1,True,47,419,True,True,6,False,False,False,False,True,True,True,True,True,True,True,True
locomo-hindsight,hindsight,rag,conv-26_q127,conv-26,127,4,True,What did Caroline make for a local church?,a stained glass window,D14:17,1,True,47,419,True,True,9,False,False,False,False,True,True,True,True,True,True,True,True
locomo-hindsight,hindsight,rag,conv-26_q128,conv-26,128,4,True,What did Caroline find in her neighborhood during her walk?,a rainbow sidewalk,D14:23,1,True,47,419,True,True,9,False,False,False,False,True,True,True,True,True,True,True,True
locomo-hindsight,hindsight,rag,conv-26_q129,conv-26,129,4,True,Which song motivates Caroline to be courageous?,Brave by Sara Bareilles,D15:23,1,True,47,419,True,True,9,False,False,False,False,True,True,True,True,True,True,True,True
locomo-hindsight,hindsight,rag,conv-26_q130,conv-26,130,4,True,Which  classical musicians does Melanie enjoy listening to?,Bach and Mozart,D15:28,1,True,47,419,True,True,23,False,False,False,False,False,False,False,False,True,True,True,True
locomo-hindsight,hindsight,rag,conv-26_q131,conv-26,131,4,True,Who is Melanie a fan of in terms of modern music?,Ed Sheeran,D15:28,1,True,47,419,True,True,5,False,False,True,True,True,True,True,True,True,True,True,True
locomo-hindsight,hindsight,rag,conv-26_q132,conv-26,132,4,True,How long has Melanie been creating art?,7 years,D16:7,1,True,47,419,True,True,15,False,False,False,False,False,False,True,True,True,True,True,True
locomo-hindsight,hindsight,rag,conv-26_q133,conv-26,133,4,True,What precautionary sign did Melanie see at the café?,A sign stating that someone is not being able to leave,D16:16,1,True,47,419,True,True,7,False,False,False,False,True,True,True,True,True,True,True,True
locomo-hindsight,hindsight,rag,conv-26_q134,conv-26,134,4,True,What advice does Caroline give for getting started with adoption?,"Do research, find an adoption agency or lawyer, gather necessary documents, and prepare emotionally.",D17:7,1,True,47,419,True,True,5,False,False,True,True,True,True,True,True,True,True,True,True
locomo-hindsight,hindsight,rag,conv-26_q135,conv-26,135,4,True,What setback did Melanie face in October 2023?,She got hurt and had to take a break from pottery.,D17:8,1,True,47,419,True,True,2,False,False,True,True,True,True,True,True,True,True,True,True
locomo-hindsight,hindsight,rag,conv-26_q136,conv-26,136,4,True,What does Melanie do to keep herself busy during her pottery break?,Read a book and paint.,D17:10,1,True,47,419,True,True,6,False,False,False,False,True,True,True,True,True,True,True,True
locomo-hindsight,hindsight,rag,conv-26_q137,conv-26,137,4,True,"What painting did Melanie show to Caroline on October 13, 2023?",A painting inspired by sunsets with a pink sky.,D17:12,1,True,47,419,True,True,3,False,False,True,True,True,True,True,True,True,True,True,True
locomo-hindsight,hindsight,rag,conv-26_q138,conv-26,138,4,False,"What kind of painting did Caroline share with Melanie on October 13, 2023?",An abstract painting with blue streaks on a wall.,D17:14,1,True,47,419,True,True,4,False,False,True,True,True,True,True,True,True,True,True,True
locomo-hindsight,hindsight,rag,conv-26_q139,conv-26,139,4,True,What was the poetry reading that Caroline attended about?,It was a transgender poetry reading where transgender people shared their stories.,D17:18,1,True,47,419,True,True,5,False,False,True,True,True,True,True,True,True,True,True,True
locomo-hindsight,hindsight,rag,conv-26_q140,conv-26,140,4,True,What did the posters at the poetry reading say?,"""Trans Lives Matter""",D17:19,1,True,47,419,True,True,3,False,False,True,True,True,True,True,True,True,True,True,True
locomo-hindsight,hindsight,rag,conv-26_q141,conv-26,141,4,True,What does Caroline's drawing symbolize for her?,Freedom and being true to herself.,D17:23,1,True,47,419,True,True,1,True,True,True,True,True,True,True,True,True,True,True,True
locomo-hindsight,hindsight,rag,conv-26_q142,conv-26,142,4,True,How do Melanie and Caroline describe their journey through life together?,An ongoing adventure of learning and growing.,D17:25,1,True,47,419,True,True,18,False,False,False,False,False,False,True,True,True,True,True,True
locomo-hindsight,hindsight,rag,conv-26_q143,conv-26,143,4,True,What happened to Melanie's son on their road trip?,He got into an accident,D18:1,1,True,47,419,True,True,2,False,False,True,True,True,True,True,True,True,True,True,True
locomo-hindsight,hindsight,rag,conv-26_q144,conv-26,144,4,True,How did Melanie's son handle the accident?,He was scared but reassured by his family,D18:6 D18:7,2,True,47,419,True,True,9,False,False,False,False,True,True,True,True,True,True,True,True
locomo-hindsight,hindsight,rag,conv-26_q145,conv-26,145,4,True,How did Melanie feel about her family after the accident?,They are important and mean the world to her,D18:5,1,True,47,419,True,True,9,False,False,False,False,True,True,True,True,True,True,True,True
locomo-hindsight,hindsight,rag,conv-26_q146,conv-26,146,4,True,How did Melanie's children handle the accident?,They were scared but resilient,D18:7,1,True,47,419,True,True,11,False,False,False,False,False,False,True,True,True,True,True,True
locomo-hindsight,hindsight,rag,conv-26_q147,conv-26,147,4,True,How did Melanie feel after the accident?,Grateful and thankful for her family,D18:5,1,True,47,419,True,True,4,False,False,True,True,True,True,True,True,True,True,True,True
locomo-hindsight,hindsight,rag,conv-26_q148,conv-26,148,4,True,What was Melanie's reaction to her children enjoying the Grand Canyon?,She was happy and thankful,D18:5,1,True,47,419,True,True,4,False,False,True,True,True,True,True,True,True,True,True,True
locomo-hindsight,hindsight,rag,conv-26_q149,conv-26,149,4,True,What do Melanie's family give her?,Strength and motivation,D18:9,1,True,47,419,True,True,24,False,False,False,False,False,False,False,False,True,True,True,True
locomo-hindsight,hindsight,rag,conv-26_q150,conv-26,150,4,True,How did Melanie feel about her family supporting her?,She appreciated them a lot,D18:13,1,True,47,419,True,True,14,False,False,False,False,False,False,True,True,True,True,True,True
locomo-hindsight,hindsight,rag,conv-26_q151,conv-26,151,4,True,What did Melanie do after the road trip to relax?,Went on a nature walk or hike,D18:17,1,True,47,419,True,True,8,False,False,False,False,True,True,True,True,True,True,True,True
locomo-hindsight,hindsight,rag,conv-30_q0,conv-30,0,2,True,When Jon has lost his job as a banker?,"19 January, 2023",D1:2,1,True,36,369,True,True,5,False,False,True,True,True,True,True,True,True,True,True,True
locomo-hindsight,hindsight,rag,conv-30_q1,conv-30,1,2,True,When Gina has lost her job at Door Dash?,"January, 2023",D1:3,1,True,36,369,True,True,3,False,False,True,True,True,True,True,True,True,True,True,True
locomo-hindsight,hindsight,rag,conv-30_q2,conv-30,2,4,True,How do Jon and Gina both like to destress?,by dancing,D1:6 D1:7,2,True,36,369,True,True,24,False,False,False,False,False,False,False,False,True,True,True,True
locomo-hindsight,hindsight,rag,conv-30_q3,conv-30,3,1,True,What do Jon and Gina both have in common?,They lost their jobs and decided to start their own businesses.,D1:2 D1:3 D1:4 D2:1,4,True,36,369,True,True,29,False,False,False,False,False,False,False,False,True,True,True,True
locomo-hindsight,hindsight,rag,conv-30_q4,conv-30,4,4,True,Why did Jon decide to start his dance studio?,He lost his job and decided to start his own business to share his passion.,D1:2 D1:4,2,True,36,369,True,True,9,False,False,False,False,True,True,True,True,True,True,True,True
locomo-hindsight,hindsight,rag,conv-30_q5,conv-30,5,1,True,What Jon thinks the ideal dance studio should look like?,"By the water, with natural light and Marley flooring",D1:20 D2:4 D2:8,3,True,36,369,True,True,4,False,False,True,False,True,False,True,True,True,True,True,True
locomo-hindsight,hindsight,rag,conv-30_q6,conv-30,6,2,True,When is Jon's group performing at a festival?,"February, 2023",D1:24,1,True,36,369,True,True,4,False,False,True,True,True,True,True,True,True,True,True,True
locomo-hindsight,hindsight,rag,conv-30_q7,conv-30,7,2,True,When did Gina launch an ad campaign for her store?,"29 January, 2023",D2:1,1,True,36,369,True,True,6,False,False,False,False,True,True,True,True,True,True,True,True
locomo-hindsight,hindsight,rag,conv-30_q8,conv-30,8,2,True,When was Jon in Paris?,28 January 2023,D2:4,1,True,36,369,True,True,4,False,False,True,True,True,True,True,True,True,True,True,True
locomo-hindsight,hindsight,rag,conv-30_q9,conv-30,9,1,True,Which city have both Jean and John visited?,Rome,D15:1 D2:5,2,True,36,369,True,True,1,True,False,True,True,True,True,True,True,True,True,True,True
locomo-hindsight,hindsight,rag,conv-30_q10,conv-30,10,2,True,When did Gina team up with a local artist for some cool designs?,"February, 2023",D5:5,1,True,36,369,True,True,7,False,False,False,False,True,True,True,True,True,True,True,True
locomo-hindsight,hindsight,rag,conv-30_q11,conv-30,11,2,True,When did Gina get her tattoo?,A few years ago,D5:15,1,True,36,369,True,True,1,True,True,True,True,True,True,True,True,True,True,True,True
locomo-hindsight,hindsight,rag,conv-30_q12,conv-30,12,2,True,When did Jon start to go to the gym?,"March, 2023",D6:1,1,True,36,369,True,True,2,False,False,True,True,True,True,True,True,True,True,True,True
locomo-hindsight,hindsight,rag,conv-30_q13,conv-30,13,2,True,When did Gina open her online clothing store?,"16 March, 2023",D6:6,1,True,36,369,True,True,6,False,False,False,False,True,True,True,True,True,True,True,True
locomo-hindsight,hindsight,rag,conv-30_q14,conv-30,14,2,True,When did Jon start expanding his studio's social media presence?,"April, 2023",D8:13,1,True,36,369,True,True,9,False,False,False,False,True,True,True,True,True,True,True,True
locomo-hindsight,hindsight,rag,conv-30_q15,conv-30,15,2,True,When did Jon host a dance competition?,"May, 2023",D8:13,1,True,36,369,True,True,9,False,False,False,False,True,True,True,True,True,True,True,True
locomo-hindsight,hindsight,rag,conv-30_q16,conv-30,16,2,True,When did Jon go to a fair to get more exposure for his dance studio?,"24 April, 2023",D10:1,1,True,36,369,True,True,9,False,False,False,False,True,True,True,True,True,True,True,True
locomo-hindsight,hindsight,rag,conv-30_q17,conv-30,17,1,False,Why did Gina decide to start her own clothing store?,She always loved fashion trends and finding unique pieces and she lost her job so decided it was time to start her own business.,D1:3 D6:8,2,True,36,369,True,True,2,False,False,True,False,True,False,True,False,True,True,True,True
locomo-hindsight,hindsight,rag,conv-30_q18,conv-30,18,1,True,Do Jon and Gina start businesses out of what they love?,Yes,D1:4 D6:8,2,True,36,369,True,True,8,False,False,False,False,True,False,True,False,True,True,True,True
locomo-hindsight,hindsight,rag,conv-30_q19,conv-30,19,2,True,When did Gina interview for a design internship?,"10 May, 2023",D11:14,1,True,36,369,True,True,6,False,False,False,False,True,True,True,True,True,True,True,True
locomo-hindsight,hindsight,rag,conv-30_q20,conv-30,20,2,True,When did Gina get accepted for the design internship?,"27 May, 2023",D12:1,1,True,36,369,True,True,7,False,False,False,False,True,True,True,True,True,True,True,True
locomo-hindsight,hindsight,rag,conv-30_q21,conv-30,21,2,True,"When did Jon start reading ""The Lean Startup""?","May, 2023",D12:6,1,True,36,369,True,True,6,False,False,False,False,True,True,True,True,True,True,True,True
locomo-hindsight,hindsight,rag,conv-30_q22,conv-30,22,2,True,When did Gina develop a video presentation to teach how to style her fashion pieces? ,"June, 2023",D13:4,1,True,36,369,True,True,3,False,False,True,True,True,True,True,True,True,True,True,True
locomo-hindsight,hindsight,rag,conv-30_q23,conv-30,23,1,True,How did Gina promote her clothes store?,"worked with an artist to make unique fashion pieces, made limited-edition sweatshirts, got some new offers and promotions for online store, developed a video presentation showing how to style her pieces",D13:4 D16:3 D5:5 D8:4,4,True,36,369,True,True,1,True,False,True,False,True,False,True,True,True,True,True,True
locomo-hindsight,hindsight,rag,conv-30_q24,conv-30,24,1,True,Which events has Jon participated in to promote his business venture?,"fair, networking events, dance competition",D10:1 D16:6 D8:4,3,True,36,369,True,True,1,True,False,True,False,True,False,True,False,True,True,True,True
locomo-hindsight,hindsight,rag,conv-30_q25,conv-30,25,1,True,What does Jon's dance studio offer?,"one-on-one metoring and training to dancers,  workshops and classes to local schools and centers",D13:7 D8:13,2,True,36,369,True,True,8,False,False,False,False,True,False,True,True,True,True,True,True
locomo-hindsight,hindsight,rag,conv-30_q26,conv-30,26,2,True,When did Jon receive mentorship to promote his venture?,"15 June, 2023",D14:1,1,True,36,369,True,True,13,False,False,False,False,False,False,True,True,True,True,True,True
locomo-hindsight,hindsight,rag,conv-30_q27,conv-30,27,1,True,Did Jon and Gina both participate in dance competitions?,Yes,D14:14 D1:14 D1:16 D1:17 D9:10,5,True,36,369,True,True,8,False,False,False,False,True,False,True,False,True,True,True,True
locomo-hindsight,hindsight,rag,conv-30_q28,conv-30,28,2,True,When was Jon in Rome?,June 2023,D15:1,1,True,36,369,True,True,3,False,False,True,True,True,True,True,True,True,True,True,True
locomo-hindsight,hindsight,rag,conv-30_q29,conv-30,29,1,True,Which cities has Jon visited?,"Paris, Rome",D15:1 D2:4,2,True,36,369,True,True,1,True,False,True,False,True,True,True,True,True,True,True,True
locomo-hindsight,hindsight,rag,conv-30_q30,conv-30,30,2,True,When Jon is planning to open his dance studio?,"20 June, 2023",D15:5,1,True,36,369,True,True,1,True,True,True,True,True,True,True,True,True,True,True,True
locomo-hindsight,hindsight,rag,conv-30_q31,conv-30,31,1,False,How long did it take for Jon to open his studio?,six months,D15:13 D1:2,2,True,36,369,True,True,2,False,False,True,False,True,True,True,True,True,True,True,True
locomo-hindsight,hindsight,rag,conv-30_q32,conv-30,32,2,True,When did Gina design a limited collection of hoodies?,June 2023,D16:3,1,True,36,369,True,True,5,False,False,True,True,True,True,True,True,True,True,True,True
locomo-hindsight,hindsight,rag,conv-30_q33,conv-30,33,2,True,When did Jon visit networking events for his store?,"20 June, 2023",D16:6,1,True,36,369,True,True,5,False,False,True,True,True,True,True,True,True,True,True,True
locomo-hindsight,hindsight,rag,conv-30_q34,conv-30,34,2,True,When did Gina start being recognized by fashion editors?,July 2023,D17:1,1,True,36,369,True,True,8,False,False,False,False,True,True,True,True,True,True,True,True
locomo-hindsight,hindsight,rag,conv-30_q35,conv-30,35,2,True,When did Jon start learning marketing and analytics tools?,"July, 2023",D17:4,1,True,36,369,True,True,5,False,False,True,True,True,True,True,True,True,True,True,True
locomo-hindsight,hindsight,rag,conv-30_q36,conv-30,36,2,True,When did Jon and Gina decide to collaborate to create dance content?,21 July 2023,D18:18,1,True,36,369,True,True,4,False,False,True,True,True,True,True,True,True,True,True,True
locomo-hindsight,hindsight,rag,conv-30_q37,conv-30,37,2,True,When did Gina mention Shia Labeouf?," 23 July, 2023",D19:4,1,True,36,369,True,True,2,False,False,True,True,True,True,True,True,True,True,True,True
locomo-hindsight,hindsight,rag,conv-30_q38,conv-30,38,2,True,When did Gina go to a dance class with a group of friends?,21 July 2023,D19:6,1,True,36,369,True,True,13,False,False,False,False,False,False,True,True,True,True,True,True
locomo-hindsight,hindsight,rag,conv-30_q39,conv-30,39,4,True,What is Gina's favorite style of dance?,Contemporary,D1:9,1,True,36,369,True,True,16,False,False,False,False,False,False,True,True,True,True,True,True
locomo-hindsight,hindsight,rag,conv-30_q40,conv-30,40,4,True,What is Jon's favorite style of dance?,Contemporary,D1:8,1,True,36,369,True,True,10,False,False,False,False,True,True,True,True,True,True,True,True
locomo-hindsight,hindsight,rag,conv-30_q41,conv-30,41,4,True,What was Gina's favorite dancing memory?,Winning first place at a regionals dance competition,D1:17,1,True,36,369,True,True,9,False,False,False,False,True,True,True,True,True,True,True,True
locomo-hindsight,hindsight,rag,conv-30_q42,conv-30,42,4,True,What kind of dance piece did Gina's team perform to win first place?,"""Finding Freedom""",D1:19,1,True,36,369,True,True,8,False,False,False,False,True,True,True,True,True,True,True,True
locomo-hindsight,hindsight,rag,conv-30_q43,conv-30,43,4,False,What do the dancers in the photo represent?,They are performing at the festival,D1:25,1,True,36,369,True,True,4,False,False,True,True,True,True,True,True,True,True,True,True
locomo-hindsight,hindsight,rag,conv-30_q44,conv-30,44,4,True,What does Gina say about the dancers in the photo?,They look graceful,D1:26,1,True,36,369,True,True,12,False,False,False,False,False,False,True,True,True,True,True,True
locomo-hindsight,hindsight,rag,conv-30_q45,conv-30,45,4,True,What is Jon's attitude towards being part of the dance festival?,Glad,D1:28,1,True,36,369,True,True,18,False,False,False,False,False,False,True,True,True,True,True,True
locomo-hindsight,hindsight,rag,conv-30_q46,conv-30,46,4,True,What kind of flooring is Jon looking for in his dance studio?,Marley flooring,D2:8,1,True,36,369,True,True,10,False,False,False,False,True,True,True,True,True,True,True,True
locomo-hindsight,hindsight,rag,conv-30_q47,conv-30,47,4,True,"What did Gina find for her clothing store on 1 February, 2023?",The perfect spot for her store,D3:2,1,True,36,369,True,True,1,True,True,True,True,True,True,True,True,True,True,True,True
locomo-hindsight,hindsight,rag,conv-30_q48,conv-30,48,4,False,What did Gina design for her store?,"the space, furniture, and decor",D3:4,1,True,36,369,True,True,2,False,False,True,True,True,True,True,True,True,True,True,True
locomo-hindsight,hindsight,rag,conv-30_q49,conv-30,49,4,True,What did Gina want her customers to feel in her store?,cozy and comfortable,D3:6 D3:8,2,True,36,369,True,True,3,False,False,True,True,True,True,True,True,True,True,True,True
locomo-hindsight,hindsight,rag,conv-30_q50,conv-30,50,4,True,What did Jon say about Gina's progress with her store?,hard work's paying off,D3:3,1,True,36,369,True,True,25,False,False,False,False,False,False,False,False,True,True,True,True
locomo-hindsight,hindsight,rag,conv-30_q51,conv-30,51,4,True,What made Gina choose the furniture and decor for her store?,personal style and customer comfort,D3:6,1,True,36,369,True,True,2,False,False,True,True,True,True,True,True,True,True,True,True
locomo-hindsight,hindsight,rag,conv-30_q52,conv-30,52,4,True,What did Jon say about creating a special experience for customers?,It's the key to making them feel welcome and coming back,D3:9,1,True,36,369,True,True,20,False,False,False,False,False,False,True,True,True,True,True,True
locomo-hindsight,hindsight,rag,conv-30_q53,conv-30,53,4,True,What did Gina say about creating an experience for her customers?,making them want to come back,D3:8,1,True,36,369,True,True,3,False,False,True,True,True,True,True,True,True,True,True,True
locomo-hindsight,hindsight,rag,conv-30_q54,conv-30,54,4,True,How is Gina's store doing?,The store is doing great.,D4:2,1,True,36,369,True,True,34,False,False,False,False,False,False,False,False,True,True,True,True
locomo-hindsight,hindsight,rag,conv-30_q55,conv-30,55,4,True,What does Gina's tattoo symbolize?,Freedom and expressing herself through dance,D5:15,1,True,36,369,True,True,5,False,False,True,True,True,True,True,True,True,True,True,True
locomo-hindsight,hindsight,rag,conv-30_q56,conv-30,56,4,True,What did Jon and Gina compare their entrepreneurial journeys to?,dancing together and supporting each other,D6:15 D6:16,2,True,36,369,True,True,15,False,False,False,False,False,False,True,True,True,True,True,True
locomo-hindsight,hindsight,rag,conv-30_q57,conv-30,57,4,False,What advice does Gina give to Jon about running a successful business?,"build relationships with customers, create a strong brand image, stay positive",D7:5,1,True,36,369,True,True,4,False,False,True,True,True,True,True,True,True,True,True,True
locomo-hindsight,hindsight,rag,conv-30_q58,conv-30,58,4,True,Why did Jon shut down his bank account?,for his business,D8:1,1,True,36,369,True,True,5,False,False,True,True,True,True,True,True,True,True,True,True
locomo-hindsight,hindsight,rag,conv-30_q59,conv-30,59,4,True,Why did Gina combine her clothing business with dance?,she is passionate about dance and fashion,D8:8,1,True,36,369,True,True,8,False,False,False,False,True,True,True,True,True,True,True,True
locomo-hindsight,hindsight,rag,conv-30_q60,conv-30,60,4,True,What does Jon's dance make him?,happy,D9:5,1,True,36,369,True,True,16,False,False,False,False,False,False,True,True,True,True,True,True
locomo-hindsight,hindsight,rag,conv-30_q61,conv-30,61,4,True,What did Gina receive from a dance contest?,a trophy,D9:10,1,True,36,369,True,True,7,False,False,False,False,True,True,True,True,True,True,True,True
locomo-hindsight,hindsight,rag,conv-30_q62,conv-30,62,4,True,How does Gina stay confident in her business?,"By reminding herself of her successes and progress, having a support system, and focusing on why she started",D10:8,1,True,36,369,True,True,7,False,False,False,False,True,True,True,True,True,True,True,True
locomo-hindsight,hindsight,rag,conv-30_q63,conv-30,63,4,True,"What kind of professional experience did Gina get accepted for on May 23, 2023?",fashion internship,D12:1,1,True,36,369,True,True,5,False,False,True,True,True,True,True,True,True,True,True,True
locomo-hindsight,hindsight,rag,conv-30_q64,conv-30,64,4,True,Where is Gina's fashion internship?,fashion department of an international company,D12:3,1,True,36,369,True,True,5,False,False,True,True,True,True,True,True,True,True,True,True
locomo-hindsight,hindsight,rag,conv-30_q65,conv-30,65,4,True,What book is Jon currently reading?,The Lean Startup,D12:6,1,True,36,369,True,True,7,False,False,False,False,True,True,True,True,True,True,True,True
locomo-hindsight,hindsight,rag,conv-30_q66,conv-30,66,4,True,What is Jon offering to the dancers at his dance studio?,One-on-one mentoring and training,D13:7,1,True,36,369,True,True,7,False,False,False,False,True,True,True,True,True,True,True,True
locomo-hindsight,hindsight,rag,conv-30_q67,conv-30,67,4,True,How does Jon use the clipboard with a notepad attached to it?,"To set goals, track achievements, and find areas for improvement",D13:11,1,True,36,369,True,True,2,False,False,True,True,True,True,True,True,True,True,True,True
locomo-hindsight,hindsight,rag,conv-30_q68,conv-30,68,4,True,What does Jon tell Gina he won't do?,quit,D14:17,1,True,36,369,True,True,10,False,False,False,False,True,True,True,True,True,True,True,True
locomo-hindsight,hindsight,rag,conv-30_q69,conv-30,69,4,True,What did Jon take a trip to Rome for?,To clear his mind,D15:1,1,True,36,369,True,True,6,False,False,False,False,True,True,True,True,True,True,True,True
locomo-hindsight,hindsight,rag,conv-30_q70,conv-30,70,4,True,What is Jon working on opening?,a dance studio,D15:3,1,True,36,369,True,True,1,True,True,True,True,True,True,True,True,True,True,True,True
locomo-hindsight,hindsight,rag,conv-30_q71,conv-30,71,4,False,How does Gina describe the studio that Jon has opened?,amazing,D15:6,1,True,36,369,True,True,5,False,False,True,True,True,True,True,True,True,True,True,True
locomo-hindsight,hindsight,rag,conv-30_q72,conv-30,72,4,True,How does Jon feel about the opening night of his dance studio?,excited,D15:7,1,True,36,369,True,True,13,False,False,False,False,False,False,True,True,True,True,True,True
locomo-hindsight,hindsight,rag,conv-30_q73,conv-30,73,4,False,How does Gina describe the feeling that dance brings?,magical,D15:8,1,True,36,369,True,True,2,False,False,True,True,True,True,True,True,True,True,True,True
locomo-hindsight,hindsight,rag,conv-30_q74,conv-30,74,4,True,What does Jon plan to do at the grand opening of his dance studio?,savor all the good vibes,D15:9,1,True,36,369,True,True,4,False,False,True,True,True,True,True,True,True,True,True,True
locomo-hindsight,hindsight,rag,conv-30_q75,conv-30,75,4,True,What does Gina say to Jon about the grand opening?,Let's live it up and make some great memories,D15:12,1,True,36,369,True,True,6,False,False,False,False,True,True,True,True,True,True,True,True
locomo-hindsight,hindsight,rag,conv-30_q76,conv-30,76,4,True,What is the general sentiment about the upcoming grand opening?,excitement,D15:18 D15:19,2,True,36,369,True,True,2,False,False,True,True,True,True,True,True,True,True,True,True
locomo-hindsight,hindsight,rag,conv-30_q77,conv-30,77,4,True,What did Gina make a limited edition line of?,Hoodies,D16:3,1,True,36,369,True,True,7,False,False,False,False,True,True,True,True,True,True,True,True
locomo-hindsight,hindsight,rag,conv-30_q78,conv-30,78,4,True,"According to Gina, what makes Jon a perfect mentor and guide?",His positivity and determination,D17:7,1,True,36,369,True,True,11,False,False,False,False,False,False,True,True,True,True,True,True
locomo-hindsight,hindsight,rag,conv-30_q80,conv-30,80,4,True,What plans does Jon have after receiving advice at the networking event?,"Sprucing up his business plan, tweaking his pitch to investors, and working on an online platform.",D18:10,1,True,36,369,True,True,3,False,False,True,True,True,True,True,True,True,True,True,True
locomo-hindsight,hindsight,rag,conv-30_q81,conv-30,81,4,True,What offer does Gina make to Jon regarding social media?,Helping with making content and managing his social media accounts.,D18:13,1,True,36,369,True,True,12,False,False,False,False,False,False,True,True,True,True,True,True
locomo-hindsight,hindsight,rag,conv-41_q0,conv-41,0,2,True,"Who did Maria have dinner with on May 3, 2023?",her mother,D13:16,1,True,66,536,True,True,1,True,True,True,True,True,True,True,True,True,True,True,True
locomo-hindsight,hindsight,rag,conv-41_q1,conv-41,1,2,True,When did Maria donate her car?,21 December 2022,D2:1,1,True,66,539,True,True,8,False,False,False,False,True,True,True,True,True,True,True,True
locomo-hindsight,hindsight,rag,conv-41_q2,conv-41,2,1,True,What martial arts has John done?,"Kickboxing, Taekwondo",D1:4 D2:28,2,True,65,543,True,True,11,False,False,False,False,False,False,True,False,True,True,True,True
locomo-hindsight,hindsight,rag,conv-41_q3,conv-41,3,1,True,What type of volunteering have John and Maria both done?,Volunteering at a homeless shelter,D2:1 D3:5,2,True,66,545,True,True,41,False,False,False,False,False,False,False,False,True,False,True,True
locomo-hindsight,hindsight,rag,conv-41_q4,conv-41,4,2,True,When did John join the online support group?,The week before 1 January 2023,D3:1,1,True,66,545,True,True,9,False,False,False,False,True,True,True,True,True,True,True,True
locomo-hindsight,hindsight,rag,conv-41_q5,conv-41,5,2,True,When did Maria go to the beach?,December 2022,D3:15,1,True,64,532,True,True,10,False,False,False,False,True,True,True,True,True,True,True,True
locomo-hindsight,hindsight,rag,conv-41_q6,conv-41,6,1,True,Where has Maria made friends?,"homeless shelter, gym, church",D14:10 D19:1 D2:1 D4:1,4,True,66,536,True,True,3,False,False,True,False,True,False,True,False,True,True,True,True
locomo-hindsight,hindsight,rag,conv-41_q7,conv-41,7,1,True,What items des John mention having as a child?,"A doll, a film camera",D3:15 D5:13,2,True,66,550,True,True,15,False,False,False,False,False,False,True,False,True,True,True,True
locomo-hindsight,hindsight,rag,conv-41_q8,conv-41,8,3,False,What might John's financial status be?,Middle-class or wealthy,D5:5,1,True,66,547,False,False,,False,False,False,False,False,False,False,False,False,False,False,False
locomo-hindsight,hindsight,rag,conv-41_q9,conv-41,9,1,True,Who gave Maria's family money when she was younger and her family was going through tough times?,Her aunt,D5:8 D6:9,2,True,66,539,True,True,12,False,False,False,False,False,False,True,True,True,True,True,True
locomo-hindsight,hindsight,rag,conv-41_q10,conv-41,10,2,True,When did Maria meet Jean?,"February 24, 2023",D7:1,1,True,66,540,True,True,5,False,False,True,True,True,True,True,True,True,True,True,True
locomo-hindsight,hindsight,rag,conv-41_q11,conv-41,11,1,True,What people has Maria met and helped while volunteering?,"David, Jean, Cindy, Laura",D21:19 D27:8 D6:5 D7:5,4,True,66,538,True,True,18,False,False,False,False,False,False,True,False,True,True,True,True
locomo-hindsight,hindsight,rag,conv-41_q12,conv-41,12,1,True,What test has John taken multiple times?,The military aptitude test,D3:11 D8:18,2,True,66,543,True,True,6,False,False,False,False,True,False,True,True,True,True,True,True
locomo-hindsight,hindsight,rag,conv-41_q13,conv-41,13,2,True,When did Maria's grandmother pass away?,The week before 6 March 2023,D8:1,1,True,64,539,True,True,7,False,False,False,False,True,True,True,True,True,True,True,True
locomo-hindsight,hindsight,rag,conv-41_q14,conv-41,14,3,True,Would John be considered a patriotic person?,Yes,D8:18 D8:20,2,True,66,542,True,True,10,False,False,False,False,True,True,True,True,True,True,True,True
locomo-hindsight,hindsight,rag,conv-41_q15,conv-41,15,1,True,What writing classes has Maria taken?,"Poetry, creative writing",D7:1 D9:1,2,True,64,539,True,True,4,False,False,True,False,True,False,True,True,True,True,True,True
locomo-hindsight,hindsight,rag,conv-41_q16,conv-41,16,2,True,When did John get his degree?,The week before 2 April 2023,D9:2,1,True,66,546,True,True,1,True,True,True,True,True,True,True,True,True,True,True,True
locomo-hindsight,hindsight,rag,conv-41_q17,conv-41,17,3,True,What might John's degree be in?,"Political science, Public administration, Public affairs",D9:6,1,True,66,545,True,True,3,False,False,True,True,True,True,True,True,True,True,True,True
locomo-hindsight,hindsight,rag,conv-41_q18,conv-41,18,1,True,Who did John go to yoga with?,Rob,D10:1 D7:16,2,True,66,547,True,True,4,False,False,True,False,True,True,True,True,True,True,True,True
locomo-hindsight,hindsight,rag,conv-41_q19,conv-41,19,1,False,What damages have happened to John's car?,"Broken windshield, Car broke down",D11:1 D4:2,2,True,66,543,True,True,6,False,False,False,False,True,False,True,False,True,True,True,True
locomo-hindsight,hindsight,rag,conv-41_q20,conv-41,20,2,True,When did John take a road trip to the Pacific Northwest?,2022,D11:3 D11:5,2,True,66,543,True,True,6,False,False,False,False,True,True,True,True,True,True,True,True
locomo-hindsight,hindsight,rag,conv-41_q21,conv-41,21,1,True,What areas of the U.S. has John been to or is planning to go to?,"Pacific northwest, east coast",D11:5 D12:17,2,True,66,542,True,True,14,False,False,False,False,False,False,True,False,True,True,True,True
locomo-hindsight,hindsight,rag,conv-41_q22,conv-41,22,2,True,When did John go to a convention with colleagues?,March 2023,D12:9,1,True,66,537,True,True,5,False,False,True,True,True,True,True,True,True,True,True,True
locomo-hindsight,hindsight,rag,conv-41_q23,conv-41,23,1,True,What desserts has Maria made?,"Banana split sundae, Peach cobbler",D13:18 D2:25,2,True,66,544,True,True,2,False,False,True,False,True,True,True,True,True,True,True,True
locomo-hindsight,hindsight,rag,conv-41_q24,conv-41,24,2,True,When did John start boot camp with his family?,April.2023,D13:3,1,True,66,535,True,True,4,False,False,True,True,True,True,True,True,True,True,True,True
locomo-hindsight,hindsight,rag,conv-41_q25,conv-41,25,1,True,What European countries has Maria been to?,"Spain, England",D13:24 D8:15,2,True,65,539,True,True,4,False,False,True,False,True,False,True,False,True,True,True,True
locomo-hindsight,hindsight,rag,conv-41_q26,conv-41,26,1,True,What has Maria done to feel closer to her faith?,"Join a local church, buy a cross necklace",D11:10 D14:10,2,True,66,541,True,True,2,False,False,True,True,True,True,True,True,True,True,True,True
locomo-hindsight,hindsight,rag,conv-41_q27,conv-41,27,2,True,When did John have a party with veterans?,The Friday before 20 May 2023,D15:11,1,True,66,539,True,True,7,False,False,False,False,True,True,True,True,True,True,True,True
locomo-hindsight,hindsight,rag,conv-41_q28,conv-41,28,1,True,What causes does John feel passionate about supporting?,"Veterans, schools, infrastructure",D12:5 D15:3 D1:8 D9:8,4,True,66,551,True,True,10,False,False,False,False,True,False,True,False,True,True,True,True
locomo-hindsight,hindsight,rag,conv-41_q29,conv-41,29,1,True,What events is Maria planning for the homeless shelter funraiser?,"Chili cook-off, ring-toss tournament",D15:18 D16:4,2,True,66,534,True,True,4,False,False,True,False,True,True,True,True,True,True,True,True
locomo-hindsight,hindsight,rag,conv-41_q30,conv-41,30,1,True,What shelters does Maria volunteer at?,"The homeless shelter, the dog shelter",D11:10 D17:12 D2:1,3,True,65,534,True,True,12,False,False,False,False,False,False,True,False,True,True,True,True
locomo-hindsight,hindsight,rag,conv-41_q31,conv-41,31,2,True,When did John get his dog Max?,In 2013,D17:1,1,True,66,546,True,True,1,True,True,True,True,True,True,True,True,True,True,True,True
locomo-hindsight,hindsight,rag,conv-41_q32,conv-41,32,1,True,What outdoor activities has John done with his colleagues?,"Hiking, mountaineering",D16:2 D18:2,2,True,66,544,True,True,19,False,False,False,False,False,False,True,False,True,True,True,True
locomo-hindsight,hindsight,rag,conv-41_q33,conv-41,33,1,True,What types of yoga has Maria practiced?,"Aerial, kundalini",D18:15 D19:3 D1:3,3,True,66,541,True,True,4,False,False,True,False,True,True,True,True,True,True,True,True
locomo-hindsight,hindsight,rag,conv-41_q34,conv-41,34,2,True,When did Maria join a gym?,The week before 16 June 2023,D19:1,1,True,66,531,True,True,10,False,False,False,False,True,True,True,True,True,True,True,True
locomo-hindsight,hindsight,rag,conv-41_q35,conv-41,35,1,True,What states has Maria vacationed at?,"Oregon, Florida",D18:3 D19:23,2,True,66,538,True,True,8,False,False,False,False,True,False,True,True,True,True,True,True
locomo-hindsight,hindsight,rag,conv-41_q36,conv-41,36,1,True,What music events has John attended?,"Live music event, violin concert",D20:4 D8:12,2,True,66,543,True,True,3,False,False,True,False,True,False,True,False,True,True,True,True
locomo-hindsight,hindsight,rag,conv-41_q37,conv-41,37,1,True,What events for veterans has John participated in?,"Petition, march, party, visiting veterans hospital, 5K charity run",D15:1 D15:11 D21:22 D24:1 D29:4,5,True,66,540,True,True,5,False,False,True,False,True,False,True,True,True,True,True,True
locomo-hindsight,hindsight,rag,conv-41_q38,conv-41,38,2,True,When did Maria get in a car accident?,"July 2, 2023",D21:3,1,True,65,531,True,True,1,True,True,True,True,True,True,True,True,True,True,True,True
locomo-hindsight,hindsight,rag,conv-41_q39,conv-41,39,3,True,Around which US holiday did Maria get into a car accident?,Independence Day,D21:3,1,True,65,539,True,True,3,False,False,True,True,True,True,True,True,True,True,True,True
locomo-hindsight,hindsight,rag,conv-41_q40,conv-41,40,1,True,What are the names of John's children?,"Kyle, Sara",D22:7 D8:4,2,True,66,549,True,True,9,False,False,False,False,True,False,True,True,True,True,True,True
locomo-hindsight,hindsight,rag,conv-41_q41,conv-41,41,3,True,Does John live close to a beach or the mountains?,beach,D22:15,1,True,66,545,True,True,32,False,False,False,False,False,False,False,False,True,True,True,True
locomo-hindsight,hindsight,rag,conv-41_q42,conv-41,42,1,True,What area was hit by a flood?,West County,D14:21 D23:1,2,True,66,542,True,True,1,True,False,True,True,True,True,True,True,True,True,True,True
locomo-hindsight,hindsight,rag,conv-41_q43,conv-41,43,2,True,When was John's old area hit with a flood?,The week before 7 July 2023,D23:1,1,True,66,540,True,True,7,False,False,False,False,True,True,True,True,True,True,True,True
locomo-hindsight,hindsight,rag,conv-41_q44,conv-41,44,1,True,What activities has Maria done with her church friends?,"Hiking, picnic, volunteer work",D24:6 D25:2 D28:5,3,True,66,537,True,True,14,False,False,False,False,False,False,True,True,True,True,True,True
locomo-hindsight,hindsight,rag,conv-41_q45,conv-41,45,3,False,Would John be open to moving to another country?,"No, he has goals specifically in the U.S. like joining the military and running for office.",D24:3 D7:2,2,True,66,551,True,True,48,False,False,False,False,False,False,False,False,True,True,True,True
locomo-hindsight,hindsight,rag,conv-41_q46,conv-41,46,2,True,When did Maria go hiking with her church friends?,The weekend before 22 July 2023,D25:2,1,True,66,541,True,True,9,False,False,False,False,True,True,True,True,True,True,True,True
locomo-hindsight,hindsight,rag,conv-41_q47,conv-41,47,1,True,What exercises has John done?,"Weight training, Circuit training, Kickboxing, yoga",D10:1 D1:4 D25:13 D25:17,4,True,66,545,True,True,10,False,False,False,False,True,False,True,True,True,True,True,True
locomo-hindsight,hindsight,rag,conv-41_q48,conv-41,48,2,False,When did John have his first firefighter call-out?,The sunday before 3` July 2023,D26:4,1,True,66,546,True,True,3,False,False,True,True,True,True,True,True,True,True,True,True
locomo-hindsight,hindsight,rag,conv-41_q49,conv-41,49,1,True,What food item did Maria drop off at the homeless shelter?,Cakes,D25:19 D26:1,2,True,66,535,True,True,7,False,False,False,False,True,False,True,False,True,True,True,True
locomo-hindsight,hindsight,rag,conv-41_q50,conv-41,50,3,True,What attributes describe John?,"Selfless, family-oriented, passionate, rational",D26:6 D2:14 D3:5 D4:6,4,True,66,548,True,True,4,False,False,True,False,True,False,True,False,True,False,True,True
locomo-hindsight,hindsight,rag,conv-41_q51,conv-41,51,2,True,When did Maria start volunteering at the homeless shelter?,Around August 2022,D27:4,1,True,66,537,True,True,9,False,False,False,False,True,True,True,True,True,True,True,True
locomo-hindsight,hindsight,rag,conv-41_q52,conv-41,52,1,True,Who have written notes of gratitude to Maria?,"Cindy, Laura",D21:19 D27:8,2,True,66,545,True,True,12,False,False,False,False,False,False,True,True,True,True,True,True
locomo-hindsight,hindsight,rag,conv-41_q53,conv-41,53,2,True,When did John help renovate his hometown community center?,2022,D28:11,1,True,66,544,True,True,8,False,False,False,False,True,True,True,True,True,True,True,True
locomo-hindsight,hindsight,rag,conv-41_q54,conv-41,54,2,True,When did Maria take up community work with her church friends?,"August 4, 2023",D28:8,1,True,66,544,True,True,7,False,False,False,False,True,True,True,True,True,True,True,True
locomo-hindsight,hindsight,rag,conv-41_q55,conv-41,55,2,True,When did Maria receive a medal from the homeless shelter?,The week before 9 August 2023,D29:1,1,True,66,534,True,True,9,False,False,False,False,True,True,True,True,True,True,True,True
locomo-hindsight,hindsight,rag,conv-41_q56,conv-41,56,2,True,When did John participate in a 5K charity run?,first weekend of August 2023,D29:2 D29:4,2,True,66,542,True,True,4,False,False,True,True,True,True,True,True,True,True,True,True
locomo-hindsight,hindsight,rag,conv-41_q57,conv-41,57,1,True,What causes has John done events for?,"Toy drive, Community food drive, veterans, domestic violence",D29:10 D29:4 D3:5 D6:12,4,True,66,546,True,False,6,False,False,False,False,True,False,True,False,True,False,True,False
locomo-hindsight,hindsight,rag,conv-41_q58,conv-41,58,2,True,When did Maria get Coco?,Two weeks before 11 August 2023,D30:1,1,True,65,540,True,True,6,False,False,False,False,True,True,True,True,True,True,True,True
locomo-hindsight,hindsight,rag,conv-41_q59,conv-41,59,2,True,When did John go on a camping trip with Max?,The summer of 2022,D30:6,1,True,66,541,True,True,3,False,False,True,True,True,True,True,True,True,True,True,True
locomo-hindsight,hindsight,rag,conv-41_q60,conv-41,60,1,True,What are Maria's dogs' names?,"Coco, Shadow",D30:1 D31:4,2,True,65,539,True,True,4,False,False,True,False,True,False,True,True,True,True,True,True
locomo-hindsight,hindsight,rag,conv-41_q61,conv-41,61,2,True,When did Maria adopt Shadow?,The week before 13 August 2023,D31:2,1,True,66,542,True,True,6,False,False,False,False,True,True,True,True,True,True,True,True
locomo-hindsight,hindsight,rag,conv-41_q62,conv-41,62,1,False,How many dogs has Maria adopted from the dog shelter she volunteers at?,two,D30:1 D31:2,2,True,66,535,True,True,8,False,False,False,False,True,False,True,False,True,True,True,True
locomo-hindsight,hindsight,rag,conv-41_q63,conv-41,63,2,True,How many weeks passed between Maria adopting Coco and Shadow?,two weeks,D30:1 D31:2,2,True,66,530,True,True,5,False,False,True,False,True,True,True,True,True,True,True,True
locomo-hindsight,hindsight,rag,conv-41_q64,conv-41,64,3,True,What job might Maria pursue in the future?,"Shelter coordinator, Counselor",D11:10 D27:4 D32:14 D5:8,4,True,66,547,True,True,27,False,False,False,False,False,False,False,False,True,False,True,True
locomo-hindsight,hindsight,rag,conv-41_q65,conv-41,65,4,True,What is John's main focus in local politics?,Improving education and infrastructure,D1:8,1,True,66,543,True,True,4,False,False,True,True,True,True,True,True,True,True,True,True
locomo-hindsight,hindsight,rag,conv-41_q66,conv-41,66,4,True,What sparked John's interest in improving education and infrastructure in the community?,Seeing how lack of education and crumbling infrastructure affected his neighborhood while growing up.,D1:10,1,True,66,540,True,True,8,False,False,False,False,True,True,True,True,True,True,True,True
locomo-hindsight,hindsight,rag,conv-41_q67,conv-41,67,4,True,How did the extra funding help the school shown in the photo shared by John?,"Enabled needed repairs and renovations, making the learning environment safer and more modern for students.",D1:12,1,True,66,540,True,True,23,False,False,False,False,False,False,False,False,True,True,True,True
locomo-hindsight,hindsight,rag,conv-41_q68,conv-41,68,4,True,What type of workout class did Maria start doing in December 2023?,aerial yoga,D1:3,1,True,65,532,True,True,52,False,False,False,False,False,False,False,False,False,False,True,True
locomo-hindsight,hindsight,rag,conv-41_q69,conv-41,69,4,False,What did Maria donate to a homeless shelter in December 2023?,old car,D2:1,1,True,66,526,True,True,8,False,False,False,False,True,True,True,True,True,True,True,True
locomo-hindsight,hindsight,rag,conv-41_q70,conv-41,70,4,True,What kind of meal did John and his family make together in the photo shared by John?,pizza,D2:24,1,True,66,538,True,True,5,False,False,True,True,True,True,True,True,True,True,True,True
locomo-hindsight,hindsight,rag,conv-41_q71,conv-41,71,4,True,What kind of online group did John join?,service-focused online group,D3:1,1,True,66,539,True,True,7,False,False,False,False,True,True,True,True,True,True,True,True
locomo-hindsight,hindsight,rag,conv-41_q72,conv-41,72,4,True,What kind of activities did John and his mates from the online group do as part of their service efforts?,"gave out food and supplies at a homeless shelter, organized a toy drive for kids in need",D3:5,1,True,66,537,True,True,2,False,False,True,True,True,True,True,True,True,True,True,True
locomo-hindsight,hindsight,rag,conv-41_q73,conv-41,73,4,True,Who inspired Maria to start volunteering?,Her aunt,D5:8,1,True,66,535,True,True,2,False,False,True,True,True,True,True,True,True,True,True,True
locomo-hindsight,hindsight,rag,conv-41_q74,conv-41,74,4,True,Why did Maria sit with the little girl at the shelter event in February 2023?,The girl seemed sad and had no other family,D5:10,1,True,65,528,True,True,11,False,False,False,False,False,False,True,True,True,True,True,True
locomo-hindsight,hindsight,rag,conv-41_q75,conv-41,75,4,True,What did Jean go through before meeting Maria?,"divorce, job loss, homelessness",D7:7,1,True,65,547,True,True,7,False,False,False,False,True,True,True,True,True,True,True,True
locomo-hindsight,hindsight,rag,conv-41_q76,conv-41,76,4,True,Why did John decide to run for office again?,saw the impact he could make in the community through politics,D7:4,1,True,66,540,True,True,7,False,False,False,False,True,True,True,True,True,True,True,True
locomo-hindsight,hindsight,rag,conv-41_q77,conv-41,77,4,True,"What activity did John's colleague, Rob, invite him to?",beginner's yoga class,D7:16,1,True,66,538,True,True,6,False,False,False,False,True,True,True,True,True,True,True,True
locomo-hindsight,hindsight,rag,conv-41_q78,conv-41,78,4,True,What is the name of John's one-year-old child?,Kyle,D8:4,1,True,66,547,True,True,7,False,False,False,False,True,True,True,True,True,True,True,True
locomo-hindsight,hindsight,rag,conv-41_q79,conv-41,79,4,True,How often does John take his kids to the park?,A few times a week,D8:8,1,True,66,541,True,True,8,False,False,False,False,True,True,True,True,True,True,True,True
locomo-hindsight,hindsight,rag,conv-41_q80,conv-41,80,4,True,What did Maria make for her home to remind her of a trip to England?,painting of a castle on a hill,D8:15,1,True,66,549,True,True,3,False,False,True,True,True,True,True,True,True,True,True,True
locomo-hindsight,hindsight,rag,conv-41_q81,conv-41,81,4,True,Where did Maria get the idea for the castle shadow box in her home?,England,D8:15,1,True,65,539,True,True,3,False,False,True,True,True,True,True,True,True,True,True,True
locomo-hindsight,hindsight,rag,conv-41_q82,conv-41,82,4,True,What did John receive a certificate for?,completion of a university degree,D9:2,1,True,66,546,True,True,3,False,False,True,True,True,True,True,True,True,True,True,True
locomo-hindsight,hindsight,rag,conv-41_q83,conv-41,83,4,True,What areas is John particularly interested in for policymaking?,education and infrastructure,D9:8,1,True,66,543,True,True,1,True,True,True,True,True,True,True,True,True,True,True,True
locomo-hindsight,hindsight,rag,conv-41_q84,conv-41,84,4,True,"What did Maria participate in last weekend before April 10, 2023?",a 5K charity run,D10:10,1,True,65,534,True,True,1,True,True,True,True,True,True,True,True,True,True,True,True
locomo-hindsight,hindsight,rag,conv-41_q85,conv-41,85,4,False,What event did John volunteer at last weekend?,career fair at a local school,D10:13,1,True,66,535,True,True,21,False,False,False,False,False,False,False,False,True,True,True,True
locomo-hindsight,hindsight,rag,conv-41_q86,conv-41,86,4,True,What did John do that put a strain on his wallet?,His car broke down,D11:1,1,True,66,539,True,True,15,False,False,False,False,False,False,True,True,True,True,True,True
locomo-hindsight,hindsight,rag,conv-41_q87,conv-41,87,4,True,Where did John explore on a road trip last year?,Pacific Northwest,D11:5,1,True,65,535,True,True,9,False,False,False,False,True,True,True,True,True,True,True,True
locomo-hindsight,hindsight,rag,conv-41_q88,conv-41,88,4,True,What topic has John been blogging about recently?,politics and the government,D12:1,1,True,66,534,True,True,5,False,False,True,True,True,True,True,True,True,True,True,True
locomo-hindsight,hindsight,rag,conv-41_q89,conv-41,89,4,True,Why did John start blogging about politics and policies?,raise awareness and start conversations to create positive change,D12:3,1,True,66,538,True,True,5,False,False,True,True,True,True,True,True,True,True,True,True
locomo-hindsight,hindsight,rag,conv-41_q90,conv-41,90,4,True,What was the focus of John's recent research and writing on his blog?,education reform and infrastructure development,D12:5,1,True,66,548,True,True,4,False,False,True,True,True,True,True,True,True,True,True,True
locomo-hindsight,hindsight,rag,conv-41_q91,conv-41,91,2,True,What did John attend with his colleagues in March 2023?,a tech-for-good convention,D12:9,1,True,66,541,True,True,1,True,True,True,True,True,True,True,True,True,True,True,True
locomo-hindsight,hindsight,rag,conv-41_q92,conv-41,92,4,True,How often does John work out with his family?,Three times a week,D13:7,1,True,66,546,True,True,2,False,False,True,True,True,True,True,True,True,True,True,True
locomo-hindsight,hindsight,rag,conv-41_q93,conv-41,93,4,True,How has John's fitness improved since starting boot camps with his family?,"More energy, gains in strength and endurance",D13:5,1,True,66,532,True,True,3,False,False,True,True,True,True,True,True,True,True,True,True
locomo-hindsight,hindsight,rag,conv-41_q94,conv-41,94,4,True,What kind of food did Maria have on her dinner spread iwth her mother?,"Salads, sandwiches, homemade desserts",D13:18,1,True,66,547,True,True,2,False,False,True,True,True,True,True,True,True,True,True,True
locomo-hindsight,hindsight,rag,conv-41_q95,conv-41,95,4,True,What activity did Maria and her mom do together in May 2023?,Made dinner together,D13:16,1,True,66,533,True,True,5,False,False,True,True,True,True,True,True,True,True,True,True
locomo-hindsight,hindsight,rag,conv-41_q96,conv-41,96,4,True,What did Maria do to feel closer to a community and her faith?,joined a nearby church,D14:10,1,True,66,541,True,True,8,False,False,False,False,True,True,True,True,True,True,True,True
locomo-hindsight,hindsight,rag,conv-41_q97,conv-41,97,4,True,Why did Maria join a nearby church recently?,to feel closer to a community and her faith,D14:10,1,True,66,542,True,True,6,False,False,False,False,True,True,True,True,True,True,True,True
locomo-hindsight,hindsight,rag,conv-41_q98,conv-41,98,4,True,What did John host for the veterans in May 2023 as part of the project?,a small party to share their stories,D15:13,1,True,66,543,True,True,4,False,False,True,True,True,True,True,True,True,True,True,True
locomo-hindsight,hindsight,rag,conv-41_q99,conv-41,99,4,True,What did John and the veterans do during the small party?,share stories and make connections,D15:13,1,True,66,545,True,True,5,False,False,True,True,True,True,True,True,True,True,True,True
locomo-hindsight,hindsight,rag,conv-41_q100,conv-41,100,4,True,What emotions did John feel during the small party with the veterans?,heartwarming,D15:13,1,True,66,541,True,True,1,True,True,True,True,True,True,True,True,True,True,True,True
locomo-hindsight,hindsight,rag,conv-41_q101,conv-41,101,4,True,"What event is Maria getting ready for at the shelter on May 25, 2023?",fundraiser,D16:2,1,True,66,529,True,True,1,True,True,True,True,True,True,True,True,True,True,True,True
locomo-hindsight,hindsight,rag,conv-41_q102,conv-41,102,4,True,What does Maria need to spread the word about for the fundraiser for the volunteer shelter?,chili cook-off,D16:4,1,True,66,540,True,True,1,True,True,True,True,True,True,True,True,True,True,True,True
locomo-hindsight,hindsight,rag,conv-41_q103,conv-41,103,4,True,"What was the name of the pet that John had to say goodbye to on 3 June, 2023?",Max,D17:1,1,True,66,536,True,True,1,True,True,True,True,True,True,True,True,True,True,True,True
locomo-hindsight,hindsight,rag,conv-41_q104,conv-41,104,4,True,How long was Max a part of John's family?,10 years,D17:1,1,True,66,541,True,True,10,False,False,False,False,True,True,True,True,True,True,True,True
locomo-hindsight,hindsight,rag,conv-41_q105,conv-41,105,4,True,How does John plan to honor the memories of his beloved pet?,By considering adopting a rescue dog,D17:11,1,True,66,538,True,True,2,False,False,True,True,True,True,True,True,True,True,True,True
locomo-hindsight,hindsight,rag,conv-41_q106,conv-41,106,4,True,What important values does John want to teach his kids through adopting a rescue dog?,Responsibility and compassion,D17:11,1,True,66,537,True,True,1,True,True,True,True,True,True,True,True,True,True,True,True
locomo-hindsight,hindsight,rag,conv-41_q107,conv-41,107,4,True,"What new activity did Maria start recently, as mentioned on 3 June, 2023?",volunteering at a local dog shelter once a month,D17:12,1,True,66,531,True,True,1,True,True,True,True,True,True,True,True,True,True,True,True
locomo-hindsight,hindsight,rag,conv-41_q108,conv-41,108,4,True,What did Maria say it was like being at the waterfall in Oregon?,Like being in a fairy tale,D18:7,1,True,65,529,True,True,4,False,False,True,True,True,True,True,True,True,True,True,True
locomo-hindsight,hindsight,rag,conv-41_q109,conv-41,109,4,True,What does Maria say she feels when doing upside-down yoga poses?,Free and light,D18:17,1,True,65,534,True,True,6,False,False,False,False,True,True,True,True,True,True,True,True
locomo-hindsight,hindsight,rag,conv-41_q110,conv-41,110,4,True,"What exciting news did Maria share on 16 June, 2023?",joined a gym,D19:1,1,True,65,538,True,True,2,False,False,True,True,True,True,True,True,True,True,True,True
locomo-hindsight,hindsight,rag,conv-41_q111,conv-41,111,4,True,What yoga activity has Maria been trying to improve her strength and endurance?,kundalini yoga,D19:3,1,True,66,537,True,True,6,False,False,False,False,True,True,True,True,True,True,True,True
locomo-hindsight,hindsight,rag,conv-41_q112,conv-41,112,4,True,What did John recently get promoted to?,assistant manager,D19:8,1,True,66,544,True,True,7,False,False,False,False,True,True,True,True,True,True,True,True
locomo-hindsight,hindsight,rag,conv-41_q113,conv-41,113,4,True,What was one of the biggest challenges John faced in his journey to becoming assistant manager?,self-doubt,D19:12,1,True,66,544,True,True,6,False,False,False,False,True,True,True,True,True,True,True,True
locomo-hindsight,hindsight,rag,conv-41_q114,conv-41,114,4,True,How does John describe the support he received during his journey to becoming assistant manager?,having support at home and his own grit,D19:12,1,True,66,548,True,True,5,False,False,True,True,True,True,True,True,True,True,True,True
locomo-hindsight,hindsight,rag,conv-41_q115,conv-41,115,4,True,What kind of event did John and his family attend in June 2023?,live music event,D20:4,1,True,66,540,True,True,1,True,True,True,True,True,True,True,True,True,True,True,True
locomo-hindsight,hindsight,rag,conv-41_q116,conv-41,116,4,True,Why did Maria need to help her cousin find a new place to live?,Her cousin had to leave and find a new place in a hurry.,D21:5,1,True,66,533,True,True,7,False,False,False,False,True,True,True,True,True,True,True,True
locomo-hindsight,hindsight,rag,conv-41_q117,conv-41,117,4,True,What event did John participate in to show support for veterans' rights?,marching event,D21:22,1,True,66,543,True,True,9,False,False,False,False,True,True,True,True,True,True,True,True
locomo-hindsight,hindsight,rag,conv-41_q118,conv-41,118,4,True,What inspired John to join the marching event for veterans' rights?,Respect for the military and the desire to show support,D21:24,1,True,66,542,True,True,7,False,False,False,False,True,True,True,True,True,True,True,True
locomo-hindsight,hindsight,rag,conv-41_q119,conv-41,119,4,True,How often does John get to see sunsets like the one he shared with Maria?,At least once a week,D22:17,1,True,66,551,True,True,7,False,False,False,False,True,True,True,True,True,True,True,True
locomo-hindsight,hindsight,rag,conv-41_q120,conv-41,120,4,True,"What natural disaster affected John's old area on 7 July, 2023?",Flood,D23:1,1,True,66,547,True,True,1,True,True,True,True,True,True,True,True,True,True,True,True
locomo-hindsight,hindsight,rag,conv-41_q121,conv-41,121,4,True,How did the flood impact the homes in John's old area?,Lots of homes were ruined.,D23:1,1,True,66,544,True,True,5,False,False,True,True,True,True,True,True,True,True,True,True
locomo-hindsight,hindsight,rag,conv-41_q122,conv-41,122,4,True,"What motivated Maria and John to discuss potential solutions for their community on 7 July, 2023?",Flood in John's old area,D23:1,1,True,66,546,True,True,4,False,False,True,True,True,True,True,True,True,True,True,True
locomo-hindsight,hindsight,rag,conv-41_q123,conv-41,123,4,True,"What did Maria plan to do later on the evening of 7 July, 2023?",have dinner with friends from the gym,D23:14,1,True,66,539,True,True,15,False,False,False,False,False,False,True,True,True,True,True,True
locomo-hindsight,hindsight,rag,conv-41_q124,conv-41,124,4,True,What kind of activities did Maria do at the picnic with her church friends?,played games like charades and a scavenger hunt,D24:8,1,True,66,536,True,True,5,False,False,True,True,True,True,True,True,True,True,True,True
locomo-hindsight,hindsight,rag,conv-41_q125,conv-41,125,4,False,What does John appreciate about the veteran's hospital visit?,the resilience of the veterans and their inspiring stories,D24:3,1,True,66,542,True,True,5,False,False,True,True,True,True,True,True,True,True,True,True
locomo-hindsight,hindsight,rag,conv-41_q126,conv-41,126,4,True,What did John take away from visiting the veteran's hospital?,appreciation for giving back,D24:1,1,True,66,545,True,True,9,False,False,False,False,True,True,True,True,True,True,True,True
locomo-hindsight,hindsight,rag,conv-41_q127,conv-41,127,4,True,Why did John feel inspired to join the military after the visit to the hospital?,seeing the resilience of the veterans,D24:3,1,True,66,542,True,True,8,False,False,False,False,True,True,True,True,True,True,True,True
locomo-hindsight,hindsight,rag,conv-41_q128,conv-41,128,4,True,In what activity did Maria and her church friends participate in July 2023?,hiking,D25:2,1,True,66,535,True,True,2,False,False,True,True,True,True,True,True,True,True,True,True
locomo-hindsight,hindsight,rag,conv-41_q129,conv-41,129,4,True,What does John think about trying new classes at the yoga studio?,Trying new classes is a fun way to switch up the exercise routine.,D25:14,1,True,66,544,True,True,13,False,False,False,False,False,False,True,True,True,True,True,True
locomo-hindsight,hindsight,rag,conv-41_q130,conv-41,130,4,True,Which activity has John done apart from yoga at the studio?,weight training,D25:17,1,True,66,548,True,True,3,False,False,True,True,True,True,True,True,True,True,True,True
locomo-hindsight,hindsight,rag,conv-41_q131,conv-41,131,4,True,"What community service did Maria mention that she was involved in on 31 July, 2023?",volunteered at a homeless shelter,D26:1,1,True,66,535,True,True,4,False,False,True,True,True,True,True,True,True,True,True,True
locomo-hindsight,hindsight,rag,conv-41_q132,conv-41,132,4,True,How did Maria start volunteering at the homeless shelter?,Witnessed a family struggling on the streets and reached out to the shelter,D27:4,1,True,66,539,True,True,9,False,False,False,False,True,True,True,True,True,True,True,True
locomo-hindsight,hindsight,rag,conv-41_q133,conv-41,133,4,True,"What did John do the week before August 3, 2023 involving his kids?",Had a meaningful experience at a military memorial,D27:9,1,True,66,541,True,True,9,False,False,False,False,True,True,True,True,True,True,True,True
locomo-hindsight,hindsight,rag,conv-41_q134,conv-41,134,4,True,How did John describe his kids' reaction at the military memorial?,awestruck and humbled,D27:11,1,True,66,543,True,True,9,False,False,False,False,True,True,True,True,True,True,True,True
locomo-hindsight,hindsight,rag,conv-41_q135,conv-41,135,4,True,Why does Maria think it's important for younger generations to visit military memorials?,To remember and appreciate those who served,D27:12,1,True,66,537,True,True,18,False,False,False,False,False,False,True,True,True,True,True,True
locomo-hindsight,hindsight,rag,conv-41_q136,conv-41,136,4,True,What does John believe is important for children regarding veterans?,Teaching them to respect and appreciate those who served,D27:13,1,True,66,546,True,True,9,False,False,False,False,True,True,True,True,True,True,True,True
locomo-hindsight,hindsight,rag,conv-41_q137,conv-41,137,4,True,What happened to John's job in August 2023?,John lost his job at the mechanical engineering company.,D28:1,1,True,66,541,True,True,1,True,True,True,True,True,True,True,True,True,True,True,True
locomo-hindsight,hindsight,rag,conv-41_q138,conv-41,138,4,True,What activity did Maria take up with her friends from church in August 2023?,community work,D28:8,1,True,66,537,True,True,5,False,False,True,True,True,True,True,True,True,True,True,True
locomo-hindsight,hindsight,rag,conv-41_q139,conv-41,139,4,True,What did John do to help his community last year in his hometown?,Helped renovate a rundown community center.,D28:11,1,True,66,542,True,True,14,False,False,False,False,False,False,True,True,True,True,True,True
locomo-hindsight,hindsight,rag,conv-41_q140,conv-41,140,4,True,What cause did the 5K charity run organized by John support?,veterans and their families,D29:4,1,True,66,545,True,True,3,False,False,True,True,True,True,True,True,True,True,True,True
locomo-hindsight,hindsight,rag,conv-41_q141,conv-41,141,4,True,Who did John work with to raise awareness and funds for victims of domestic abuse?,a local organization,D29:10,1,True,66,548,True,True,3,False,False,True,True,True,True,True,True,True,True,True,True
locomo-hindsight,hindsight,rag,conv-41_q142,conv-41,142,4,True,What recognition did Maria receive at the homeless shelter in August 2023?,a medal for volunteering,D29:1,1,True,66,532,True,True,16,False,False,False,False,False,False,True,True,True,True,True,True
locomo-hindsight,hindsight,rag,conv-41_q143,conv-41,143,4,True,"What is the name of Maria's puppy she got two weeks before August 11, 2023?",Coco,D30:1,1,True,65,533,True,True,6,False,False,False,False,True,True,True,True,True,True,True,True
locomo-hindsight,hindsight,rag,conv-41_q144,conv-41,144,4,True,What activity did John and Max enjoy together last summer?,Camping,D30:6,1,True,66,536,True,True,7,False,False,False,False,True,True,True,True,True,True,True,True
locomo-hindsight,hindsight,rag,conv-41_q145,conv-41,145,4,True,How does John describe the camping trip with Max?,Peaceful and awesome,D30:6,1,True,66,540,True,True,4,False,False,True,True,True,True,True,True,True,True,True,True
locomo-hindsight,hindsight,rag,conv-41_q146,conv-41,146,4,True,Why does John say he feels stuck and questioning his decisions and goals?,Not feeling like making much of an impact,D30:14,1,True,66,546,True,True,5,False,False,True,True,True,True,True,True,True,True,True,True
locomo-hindsight,hindsight,rag,conv-41_q147,conv-41,147,4,True,What is the name of Maria's second puppy?,Shadow,D31:4,1,True,66,534,True,True,3,False,False,True,True,True,True,True,True,True,True,True,True
locomo-hindsight,hindsight,rag,conv-41_q148,conv-41,148,4,True,How is Maria's new puppy adjusting to its new home?,doing great - learning commands and house training,D31:10,1,True,66,539,True,True,8,False,False,False,False,True,True,True,True,True,True,True,True
locomo-hindsight,hindsight,rag,conv-41_q149,conv-41,149,4,True,What is John currently doing as a volunteer in August 2023?,mentoring students at a local school,D31:1,1,True,66,539,True,True,11,False,False,False,False,False,False,True,True,True,True,True,True
locomo-hindsight,hindsight,rag,conv-41_q150,conv-41,150,4,True,What activities does John's family enjoy doing together?,"going for hikes, hanging out at the park, having picnics, playing board games, having movie nights",D31:19,1,True,66,548,True,True,7,False,False,False,False,True,True,True,True,True,True,True,True
locomo-hindsight,hindsight,rag,conv-41_q151,conv-41,151,4,True,"What did the donations help John's community acquire on 16 August, 2023?",a brand new fire truck,D32:11,1,True,66,540,True,True,1,True,True,True,True,True,True,True,True,True,True,True,True
locomo-hindsight,hindsight,rag,conv-42_q0,conv-42,0,3,True,Is it likely that Nate has friends besides Joanna?,Yesteammates on hisvideo game team.,D1:7,1,True,60,576,True,True,32,False,False,False,False,False,False,False,False,True,True,True,True
locomo-hindsight,hindsight,rag,conv-42_q1,conv-42,1,1,True,What kind of interests do Joanna and Nate share?,"Watching movies, making desserts",D10:9 D1:10 D1:11 D1:12 D20:2 D3:4 D4:9,7,True,60,577,True,True,21,False,False,False,False,False,False,False,False,True,False,True,True
locomo-hindsight,hindsight,rag,conv-42_q2,conv-42,2,2,True,"When did Joanna first watch ""Eternal Sunshine of the Spotless Mind?",2019,D1:18,1,True,58,569,True,True,7,False,False,False,False,True,True,True,True,True,True,True,True
locomo-hindsight,hindsight,rag,conv-42_q3,conv-42,3,2,True,When did Nate win his first video game tournament?,"the week before 21Janury, 2022",D1:3,1,True,60,563,True,True,5,False,False,True,True,True,True,True,True,True,True,True,True
locomo-hindsight,hindsight,rag,conv-42_q4,conv-42,4,3,False,What pets wouldn't cause any discomfort to Joanna?,"Hairless cats or pigs,since they don't have fur, which is one of the main causes of Joanna's allergy.",D2:23,1,True,60,576,True,True,13,False,False,False,False,False,False,True,True,True,True,True,True
locomo-hindsight,hindsight,rag,conv-42_q5,conv-42,5,1,False,What are Joanna's hobbies?,"Writing, watchingmovies, exploringnature, hanging withfriends.",D1:10 D2:25,2,True,59,573,True,True,14,False,False,False,False,False,False,True,True,True,True,True,True
locomo-hindsight,hindsight,rag,conv-42_q6,conv-42,6,2,True,How long has Nate had his first two turtles?,three years,D2:12,1,True,60,367,True,True,9,False,False,False,False,True,True,True,True,True,True,True,True
locomo-hindsight,hindsight,rag,conv-42_q7,conv-42,7,2,True,When did Joanna finish her first screenplay?,"The Friday before 23January, 2022",D2:3,1,True,59,571,True,True,14,False,False,False,False,False,False,True,True,True,True,True,True
locomo-hindsight,hindsight,rag,conv-42_q8,conv-42,8,2,True,When did Nate get his first two turtles?,2019,D2:12,1,True,60,513,True,True,19,False,False,False,False,False,False,True,True,True,True,True,True
locomo-hindsight,hindsight,rag,conv-42_q9,conv-42,9,2,True,What major achievement did Joanna accomplish in January 2022?,finished her screenplay and printed it,D2:3,1,True,59,578,True,True,1,True,True,True,True,True,True,True,True,True,True,True,True
locomo-hindsight,hindsight,rag,conv-42_q10,conv-42,10,1,True,What emotions is Joanna feeling about  the screenplay she submitted?,"Relief, excitement,worry, hope,anxiety.",D2:7 D3:1,2,True,59,575,True,True,3,False,False,True,False,True,False,True,True,True,True,True,True
locomo-hindsight,hindsight,rag,conv-42_q11,conv-42,11,1,True,What is Joanna allergic to?,"Most reptiles,animals with fur,cockroaches, dairy",D2:23 D4:4 D5:11,3,True,60,573,True,True,5,False,False,True,False,True,False,True,True,True,True,True,True
locomo-hindsight,hindsight,rag,conv-42_q12,conv-42,12,3,False,What underlying condition might Joanna have based on her allergies?,asthma,D2:23 D5:11,2,True,60,575,True,True,5,False,False,True,False,True,False,True,True,True,True,True,True
locomo-hindsight,hindsight,rag,conv-42_q13,conv-42,13,2,True,When did Joanna have an audition for a writing gig?,"23 March, 2022.",D6:2,1,True,59,570,True,True,12,False,False,False,False,False,False,True,True,True,True,True,True
locomo-hindsight,hindsight,rag,conv-42_q14,conv-42,14,3,True,What nickname does Nate use for Joanna?,Jo,D7:1,1,True,60,582,True,True,55,False,False,False,False,False,False,False,False,False,False,True,True
locomo-hindsight,hindsight,rag,conv-42_q15,conv-42,15,2,True,When did Nate get purple hair?,"The week before 15April, 2022.",D7:1,1,True,60,581,True,True,8,False,False,False,False,True,True,True,True,True,True,True,True
locomo-hindsight,hindsight,rag,conv-42_q16,conv-42,16,2,True,What physical transformation did Nate undergo in April 2022?,dyed his hair purple,D7:1 D7:3,2,True,60,575,True,True,2,False,False,True,True,True,True,True,True,True,True,True,True
locomo-hindsight,hindsight,rag,conv-42_q17,conv-42,17,2,True,"What movie did Joanna watch on 1 May, 2022?",Lord of the Rings,D10:1,1,True,59,577,True,True,1,True,True,True,True,True,True,True,True,True,True,True,True
locomo-hindsight,hindsight,rag,conv-42_q18,conv-42,18,2,True,Which outdoor spot did Joanna visit in May?,Whispering Falls waterfall,D11:7,1,True,59,577,True,True,4,False,False,True,True,True,True,True,True,True,True,True,True
locomo-hindsight,hindsight,rag,conv-42_q19,conv-42,19,1,False,How many times has Joanna found new hiking trails?,twice,D11:3 D8:4,2,True,57,577,True,True,4,False,False,True,True,True,True,True,True,True,True,True,True
locomo-hindsight,hindsight,rag,conv-42_q20,conv-42,20,2,True,When did Nate adopt Max?,May 2022,D12:3,1,True,60,578,True,True,6,False,False,False,False,True,True,True,True,True,True,True,True
locomo-hindsight,hindsight,rag,conv-42_q21,conv-42,21,2,True,Who was the new addition to Nate's family in May 2022?,Max,D12:3,1,True,60,575,True,True,3,False,False,True,True,True,True,True,True,True,True,True,True
locomo-hindsight,hindsight,rag,conv-42_q22,conv-42,22,2,True,When did Joanna start writing her third screenplay?,May 2022,D12:13 D12:14,2,True,59,572,True,True,17,False,False,False,False,False,False,True,True,True,True,True,True
locomo-hindsight,hindsight,rag,conv-42_q23,conv-42,23,1,False,Which of Joanna's screenplay were rejected from production companies?,"first screenplay on drama and romance, third screenplay on loss identity and connection",D14:1 D24:12 D24:13 D2:7 D3:1,5,True,59,571,True,True,2,False,False,True,False,True,False,True,True,True,True,True,True
locomo-hindsight,hindsight,rag,conv-42_q24,conv-42,24,2,False,When is Nate hosting a gaming party?,"The weekend after 3June, 2022.",D14:20,1,True,59,569,True,True,16,False,False,False,False,False,False,True,True,True,True,True,True
locomo-hindsight,hindsight,rag,conv-42_q25,conv-42,25,2,True,When did Joanna hike with her buddies?,"The weekend after 3June, 2022.",D14:19,1,True,59,579,True,True,35,False,False,False,False,False,False,False,False,True,True,True,True
locomo-hindsight,hindsight,rag,conv-42_q26,conv-42,26,2,True,When did Nate win his third tourney?,"The week before 3June, 2022",D14:8,1,True,59,571,True,True,2,False,False,True,True,True,True,True,True,True,True,True,True
locomo-hindsight,hindsight,rag,conv-42_q27,conv-42,27,1,True,What places has Joanna submitted her work to?,"film contest, film festival.",D16:1 D2:7,2,True,59,571,True,True,1,True,False,True,True,True,True,True,True,True,True,True,True
locomo-hindsight,hindsight,rag,conv-42_q28,conv-42,28,2,True,When did Nate make vegan icecream and share it with a vegan diet group?,"The Friday before 24June, 2022.",D16:8,1,True,59,577,True,True,6,False,False,False,False,True,True,True,True,True,True,True,True
locomo-hindsight,hindsight,rag,conv-42_q29,conv-42,29,2,True,When is Joanna going to make Nate's ice cream for her family?,"The weekend of 24June, 2022.",D16:11,1,True,59,580,True,True,7,False,False,False,False,True,True,True,True,True,True,True,True
locomo-hindsight,hindsight,rag,conv-42_q30,conv-42,30,1,True,What kind of writings does Joanna do?,"Screenplays,books, online blog posts, journal",D17:14 D18:1 D18:5 D2:3,4,True,60,571,True,True,9,False,False,False,False,True,False,True,True,True,True,True,True
locomo-hindsight,hindsight,rag,conv-42_q31,conv-42,31,2,True,When did Nate win his fourth video game tournament?,"The Friday before 10July, 2022.",D17:1,1,True,59,563,True,True,12,False,False,False,False,False,False,True,True,True,True,True,True
locomo-hindsight,hindsight,rag,conv-42_q32,conv-42,32,2,True,Where did Joanna travel to in July 2022?,Woodhaven,D17:4,1,True,59,573,True,True,2,False,False,True,True,True,True,True,True,True,True,True,True
locomo-hindsight,hindsight,rag,conv-42_q33,conv-42,33,2,True,When did someone write Joanna a touching letter?,"The week before 14August, 2022.",D18:5,1,True,60,577,True,True,1,True,True,True,True,True,True,True,True,True,True,True,True
locomo-hindsight,hindsight,rag,conv-42_q34,conv-42,34,1,True,What book recommendations has Joanna given to Nate?,"""Little Women"",'A Court of Thorns andRoses'.",D19:14 D19:16 D3:17,3,True,59,572,True,True,20,False,False,False,False,False,False,True,False,True,True,True,True
locomo-hindsight,hindsight,rag,conv-42_q35,conv-42,35,2,False,When did Nate take time off to chill with his pets?,"The weekend of 22August, 2022.",D19:9,1,True,60,577,True,True,2,False,False,True,True,True,True,True,True,True,True,True,True
locomo-hindsight,hindsight,rag,conv-42_q36,conv-42,36,2,True,When did Joanna share her book with her writers group?,"The week before 22August, 2022.",D19:6,1,True,60,572,True,True,10,False,False,False,False,True,True,True,True,True,True,True,True
locomo-hindsight,hindsight,rag,conv-42_q37,conv-42,37,2,True,When did Nate win an international tournament?,"21 August, 2022",D19:1,1,True,59,571,True,True,18,False,False,False,False,False,False,True,True,True,True,True,True
locomo-hindsight,hindsight,rag,conv-42_q38,conv-42,38,2,True,When did Joanna make a desert with almond milk?,"The Friday before 14September, 2022",D21:9,1,True,60,567,True,True,9,False,False,False,False,True,True,True,True,True,True,True,True
locomo-hindsight,hindsight,rag,conv-42_q39,conv-42,39,2,True,When did Nate attend a cooking show?,"The Monday before 14September, 2022",D21:4,1,True,59,575,True,True,7,False,False,False,False,True,True,True,True,True,True,True,True
locomo-hindsight,hindsight,rag,conv-42_q40,conv-42,40,2,True,When did Joanna's laptop crash?,"The week before 14September, 2022",D21:1,1,True,59,573,True,True,8,False,False,False,False,True,True,True,True,True,True,True,True
locomo-hindsight,hindsight,rag,conv-42_q41,conv-42,41,2,True,When did Joanna make a chocolate tart with raspberries?,"5 October, 2022",D22:1,1,True,59,576,True,True,15,False,False,False,False,False,False,True,True,True,True,True,True
locomo-hindsight,hindsight,rag,conv-42_q42,conv-42,42,1,True,What movies have both Joanna and Nate seen?,"""Little Women"", ""Lord of the Rings""",D10:1 D22:8 D3:17,3,True,59,573,True,True,18,False,False,False,False,False,False,True,False,True,True,True,True
locomo-hindsight,hindsight,rag,conv-42_q43,conv-42,43,2,False,How long did it take for Joanna to finish writing her book?,four months,D17:14 D22:9,2,True,59,572,True,True,9,False,False,False,False,True,False,True,True,True,True,True,True
locomo-hindsight,hindsight,rag,conv-42_q44,conv-42,44,2,True,When did Nate win a lot of money in a video game tournament?,September 2022,D22:2,1,True,60,563,True,True,14,False,False,False,False,False,False,True,True,True,True,True,True
locomo-hindsight,hindsight,rag,conv-42_q45,conv-42,45,2,True,When did Joanna finish up the writing for her book?,"The week before 6October, 2022",D22:9,1,True,59,572,True,True,9,False,False,False,False,True,True,True,True,True,True,True,True
locomo-hindsight,hindsight,rag,conv-42_q46,conv-42,46,1,True,What board games has Nate played?,"Chess, Catan.",D16:2 D23:7,2,True,59,562,True,True,10,False,False,False,False,True,False,True,True,True,True,True,True
locomo-hindsight,hindsight,rag,conv-42_q47,conv-42,47,1,False,What places has Nate met new people?,A tournament and agaming convention.,D14:8 D23:1,2,True,60,573,True,True,2,False,False,True,True,True,True,True,True,True,True,True,True
locomo-hindsight,hindsight,rag,conv-42_q48,conv-42,48,2,True,When did Nate go to a convention and meet new people?,"The Friday before 9October, 2022.",D23:1,1,True,60,571,True,True,6,False,False,False,False,True,True,True,True,True,True,True,True
locomo-hindsight,hindsight,rag,conv-42_q49,conv-42,49,1,True,How many times has Joanna's scripts been rejected?,Twice,D14:1 D24:12,2,True,59,575,True,True,8,False,False,False,False,True,False,True,True,True,True,True,True
locomo-hindsight,hindsight,rag,conv-42_q50,conv-42,50,1,True,What is something Nate gave to Joanna that brings her a lot of joy?,stuffed toy pup,D13:9 D24:2,2,True,59,580,True,True,7,False,False,False,False,True,False,True,True,True,True,True,True
locomo-hindsight,hindsight,rag,conv-42_q51,conv-42,51,1,True,When did Nate get Tilly for Joanna?,"25 May, 2022",D13:9 D24:2,2,True,59,580,True,True,10,False,False,False,False,True,False,True,True,True,True,True,True
locomo-hindsight,hindsight,rag,conv-42_q52,conv-42,52,1,False,How many of Joanna's writing have made it to the big screen?,two,D15:1 D25:2,2,True,58,567,True,True,20,False,False,False,False,False,False,True,False,True,True,True,True
locomo-hindsight,hindsight,rag,conv-42_q53,conv-42,53,1,False,How many times has Nate taken his turtles on a walk?,Twice.,D25:15 D5:4,2,True,60,372,True,True,2,False,False,True,True,True,True,True,True,True,True,True,True
locomo-hindsight,hindsight,rag,conv-42_q54,conv-42,54,2,True,When was Joanna's second movie script shown on the big screens?,"The Sunday before 25October, 2022.",D25:1,1,True,59,570,True,True,15,False,False,False,False,False,False,True,True,True,True,True,True
locomo-hindsight,hindsight,rag,conv-42_q55,conv-42,55,1,True,What is Joanna inspired by?,"Personal experiences,her own journey ofself discovery, Nate,nature, validation,stories about findingcourage and takingrisks, people she knows, stuff she sees, imagination",D11:11 D25:10 D26:3 D26:7 D4:6 D7:6,6,True,60,568,True,True,1,True,False,True,False,True,False,True,False,True,True,True,True
locomo-hindsight,hindsight,rag,conv-42_q56,conv-42,56,1,True,What animal do both Nate and Joanna like?,Turtles.,D26:9 D5:6,2,True,60,576,True,False,44,False,False,False,False,False,False,False,False,True,False,True,False
locomo-hindsight,hindsight,rag,conv-42_q57,conv-42,57,2,True,When did Joanna plan to go over to Nate's and share recipes?,"5 November, 2022.",D26:19,1,True,59,578,True,True,4,False,False,True,True,True,True,True,True,True,True,True,True
locomo-hindsight,hindsight,rag,conv-42_q58,conv-42,58,1,False,What things has Nate reccomended to Joanna?,"A pet,""The Lord of the Rings"" movies,a dragon book series,coconut flavoring,""Project Hail Mary"" book,Xenoblade Chronicles, dairy-free margarine, coconut oil",D10:11 D10:19 D19:17 D27:23 D2:14 D9:12 D9:14,7,True,59,582,True,False,13,False,False,False,False,False,False,True,False,True,False,True,False
locomo-hindsight,hindsight,rag,conv-42_q59,conv-42,59,1,True,What does Joanna do to remember happy memories?,"Hangs them on a corkboard, writes themin a notebook.",D15:9 D27:34,2,True,59,575,True,True,3,False,False,True,False,True,False,True,False,True,True,True,True
locomo-hindsight,hindsight,rag,conv-42_q60,conv-42,60,3,False,What Console does Nate own?,"A Nintendo Switch; since the game ""Xenoblade 2"" is made for this console.",D27:23,1,True,60,571,True,True,5,False,False,True,True,True,True,True,True,True,True,True,True
locomo-hindsight,hindsight,rag,conv-42_q61,conv-42,61,1,False,What mediums does Nate use to play games?,"Gamecube, PC,Playstation.",D22:2 D27:15 D27:21,3,True,60,567,True,True,1,True,False,True,True,True,True,True,True,True,True,True,True
locomo-hindsight,hindsight,rag,conv-42_q62,conv-42,62,1,False,How many letters has Joanna recieved?,Two,D14:1 D18:5,2,True,59,575,True,True,7,False,False,False,False,True,False,True,True,True,True,True,True
locomo-hindsight,hindsight,rag,conv-42_q63,conv-42,63,1,True,What video games does Nate play?,"Valorant, Counter Strike:Global Offensive,Xenoblade Chronicles, StreetFighter, Cyberpunk 2077",D10:6 D1:7 D23:17 D27:1 D27:23,5,True,60,564,True,True,5,False,False,True,False,True,False,True,False,True,True,True,True
locomo-hindsight,hindsight,rag,conv-42_q64,conv-42,64,2,True,When did Nate win a big Valorant tourney?,"The Saturday before 7November, 2022",D27:1,1,True,60,566,True,True,9,False,False,False,False,True,True,True,True,True,True,True,True
locomo-hindsight,hindsight,rag,conv-42_q65,conv-42,65,2,True,Which torunament did Nate win in the beginning of November 2022?,Valorant,D27:1,1,True,60,577,True,True,1,True,True,True,True,True,True,True,True,True,True,True,True
locomo-hindsight,hindsight,rag,conv-42_q66,conv-42,66,3,False,What alternative career might Nate consider after gaming?,"an animalkeeper at a localzoo and workingwith turtles; as heknows a great dealabout turtles andhow to care for them,and he enjoys it.",D19:3 D25:19 D28:25 D5:8,4,True,60,570,True,True,2,False,False,True,False,True,False,True,False,True,True,True,True
locomo-hindsight,hindsight,rag,conv-42_q67,conv-42,67,1,True,What pets does Nate have?,A dog and threeturtles.,D12:3 D28:23 D8:3,3,True,60,577,True,True,3,False,False,True,False,True,False,True,False,True,True,True,True
locomo-hindsight,hindsight,rag,conv-42_q68,conv-42,68,3,True,How many hikes has Joanna been on?,Four,D11:5 D14:21 D28:22 D7:6,4,True,57,575,True,True,6,False,False,False,False,True,False,True,False,True,True,True,True
locomo-hindsight,hindsight,rag,conv-42_q69,conv-42,69,1,True,How many turtles does Nate have?,Three,D28:23 D8:3,2,True,60,487,True,True,4,False,False,True,False,True,False,True,True,True,True,True,True
locomo-hindsight,hindsight,rag,conv-42_q70,conv-42,70,1,True,What activities does Nate do with his turtles?,"takes them onwalks, holds them,feeds themstrawberries, givesthem baths.",D25:21 D25:23 D28:31,3,True,60,412,True,True,2,False,False,True,True,True,True,True,True,True,True,True,True
locomo-hindsight,hindsight,rag,conv-42_q71,conv-42,71,1,True,What do both Joanna and Nate appreciate the beauty of?,Nature,D11:9 D28:23,2,True,60,581,True,True,3,False,False,True,False,True,False,True,False,True,True,True,True
locomo-hindsight,hindsight,rag,conv-42_q72,conv-42,72,2,True,When did Joanna plan on going to Nate's to watch him play with his turtles?,"10 November, 2022",D28:32,1,True,60,574,True,True,9,False,False,False,False,True,True,True,True,True,True,True,True
locomo-hindsight,hindsight,rag,conv-42_q73,conv-42,73,3,True,What state did Joanna visit in summer 2021?,Indiana,D28:22,1,True,59,572,True,True,4,False,False,True,True,True,True,True,True,True,True,True,True
locomo-hindsight,hindsight,rag,conv-42_q74,conv-42,74,1,True,What recommendations has Nate received from Joanna?,"""Eternal Sunshine of the Spotless Mind"" movie, ""A Court of Thorns and Roses"" book, pointers for making living room comfy, starting a cork board for memories, ""Little Women"" movie",D15:14 D15:15 D19:15 D19:16 D1:16 D23:26 D3:17,7,True,59,580,True,True,15,False,False,False,False,False,False,True,False,True,True,True,True
locomo-hindsight,hindsight,rag,conv-42_q75,conv-42,75,1,True,What are Nate's favorite desserts?,"coconut milk icecream, dairy-free chocolate cake with berries, chocolate and mixed-berry icecream, dairy-free chocolate mousse",D21:10 D3:10 D3:12 D3:4,4,True,59,577,True,True,2,False,False,True,False,True,False,True,True,True,True,True,True
locomo-hindsight,hindsight,rag,conv-42_q76,conv-42,76,1,True,How has Nate tried to disburse his vegan ice-cream recipes?,"teaching others, cooking show",D18:8 D21:4,2,True,59,579,True,True,7,False,False,False,False,True,False,True,True,True,True,True,True
locomo-hindsight,hindsight,rag,conv-42_q77,conv-42,77,2,True,When did Nate win his second tournament?,"The week before 2 May, 2022.",D10:4,1,True,59,571,True,True,13,False,False,False,False,False,False,True,True,True,True,True,True
locomo-hindsight,hindsight,rag,conv-42_q78,conv-42,78,1,False,How many video game tournaments has Nate participated in?,nine,D10:4 D14:8 D17:1 D19:1 D1:3 D20:1 D22:2 D27:1 D6:7,9,True,60,563,True,True,1,True,False,True,False,True,False,True,False,True,True,True,True
locomo-hindsight,hindsight,rag,conv-42_q79,conv-42,79,1,True,How many screenplays has Joanna written?,three,D12:13 D12:14 D2:3 D4:10 D5:1,5,True,58,570,True,True,6,False,False,False,False,True,False,True,True,True,True,True,True
locomo-hindsight,hindsight,rag,conv-42_q80,conv-42,80,1,True,How many tournaments has Nate won?,seven,D10:4 D14:8 D17:1 D19:1 D1:3 D22:2 D27:1,7,True,59,565,True,True,4,False,False,True,False,True,False,True,False,True,True,True,True
locomo-hindsight,hindsight,rag,conv-42_q81,conv-42,81,1,True,What recipes has Joanna made?,"dairy free vanilla cake with strawberry filling and coconut cream frosting, parfait, strawberry chocolate cake, chocolate coconut cupcakes, chocolate raspberry tart, chocolate cake with raspberries, blueberry cheesecake bars",D10:11 D10:9 D19:8 D20:10 D20:2 D21:11 D21:17 D21:3 D22:1,9,True,59,573,True,True,5,False,False,True,False,True,False,True,False,True,True,True,True
locomo-hindsight,hindsight,rag,conv-42_q82,conv-42,82,1,True,What recipes has Nate made?,"coconut milk icecream, chocolate and vanilla swirl",D3:4 D4:3,2,True,59,575,True,True,3,False,False,True,True,True,True,True,True,True,True,True,True
locomo-hindsight,hindsight,rag,conv-42_q83,conv-42,83,1,True,What are the skills that Nate has helped others learn?,"coconut milk ice cream recipe, reset high scores, tips to improve gaming skills",D14:16 D18:8 D26:12,3,True,60,571,True,True,11,False,False,False,False,False,False,True,False,True,True,True,True
locomo-hindsight,hindsight,rag,conv-42_q84,conv-42,84,3,True,Was the first half of September 2022 a good month career-wise for Nate and Joanna? Answer yes or no.,No; because both of them faced setbacks in their career,D20:1 D21:1,2,True,59,576,True,True,7,False,False,False,False,True,False,True,True,True,True,True,True
locomo-hindsight,hindsight,rag,conv-42_q85,conv-42,85,3,True,What kind of job is Joanna beginning to preform the duties of because of her movie scripts?,filmmaker.,D29:1,1,True,60,570,True,True,23,False,False,False,False,False,False,False,False,True,True,True,True
locomo-hindsight,hindsight,rag,conv-42_q86,conv-42,86,2,True,When did Nate take his turtles to the beach?,"10 November, 2022",D29:6,1,True,60,362,True,True,7,False,False,False,False,True,True,True,True,True,True,True,True
locomo-hindsight,hindsight,rag,conv-42_q87,conv-42,87,3,True,What state did Nate visit?,Florida,D29:6,1,True,60,573,True,True,16,False,False,False,False,False,False,True,True,True,True,True,True
locomo-hindsight,hindsight,rag,conv-42_q88,conv-42,88,4,True,What is one of Joanna's favorite movies?,"""Eternal Sunshineof the Spotless Mind""",D D1:18 D1:20,3,True,59,571,True,False,22,False,False,False,False,False,False,False,False,True,False,True,False
locomo-hindsight,hindsight,rag,conv-42_q89,conv-42,89,4,True,What color did Nate choose for his hair?,purple,D7:1 D7:3,2,True,60,578,True,True,8,False,False,False,False,True,True,True,True,True,True,True,True
locomo-hindsight,hindsight,rag,conv-42_q90,conv-42,90,4,True,What is Nate's favorite movie trilogy?,Lord of the Rings,D9:12,1,True,60,573,True,True,4,False,False,True,True,True,True,True,True,True,True,True,True
locomo-hindsight,hindsight,rag,conv-42_q91,conv-42,91,4,False,What is Nate's favorite book series about?,dragons,D9:14,1,True,60,574,True,True,12,False,False,False,False,False,False,True,True,True,True,True,True
locomo-hindsight,hindsight,rag,conv-42_q92,conv-42,92,4,False,What kind of lighting does Nate's gaming room have?,red and purple lighting,D10:2,1,True,60,564,True,True,11,False,False,False,False,False,False,True,True,True,True,True,True
locomo-hindsight,hindsight,rag,conv-42_q93,conv-42,93,4,True,What game was the second tournament that Nate won based on?,Street Fighter,D10:4 D10:6,2,True,59,570,True,True,18,False,False,False,False,False,False,True,True,True,True,True,True
locomo-hindsight,hindsight,rag,conv-42_q94,conv-42,94,4,True,What is Joanna's third screenplay about?,"loss, identity, and connection",D12:13 D12:14,2,True,59,575,True,True,21,False,False,False,False,False,False,False,False,True,True,True,True
locomo-hindsight,hindsight,rag,conv-42_q95,conv-42,95,4,True,What is Nate's favorite video game?,Xenoblade Chronicles,D27:22 D27:23,2,True,60,565,True,True,6,False,False,False,False,True,True,True,True,True,True,True,True
locomo-hindsight,hindsight,rag,conv-42_q96,conv-42,96,4,True,What type of movies does Nate enjoy watching the most?,action and sci-fi,D1:13,1,True,60,573,True,True,13,False,False,False,False,False,False,True,True,True,True,True,True
locomo-hindsight,hindsight,rag,conv-42_q97,conv-42,97,4,False,"What did Joanna just finish last Friday on 23 January, 2022?",screenplay,D2:3,1,True,59,573,True,True,1,True,True,True,True,True,True,True,True,True,True,True,True
locomo-hindsight,hindsight,rag,conv-42_q98,conv-42,98,4,True,What genre is Joanna's first screenplay?,drama and romance,D2:5,1,True,60,570,True,True,15,False,False,False,False,False,False,True,True,True,True,True,True
locomo-hindsight,hindsight,rag,conv-42_q99,conv-42,99,4,True,What are Joanna's plans for her finished screenplay in January 2022?,submit it to film festivals and get producers and directors to check it out,D2:7,1,True,60,571,True,True,1,True,True,True,True,True,True,True,True,True,True,True,True
locomo-hindsight,hindsight,rag,conv-42_q100,conv-42,100,4,True,For how long has Nate had his turtles?,3 years,D2:12,1,True,60,369,True,True,7,False,False,False,False,True,True,True,True,True,True,True,True
locomo-hindsight,hindsight,rag,conv-42_q101,conv-42,101,4,True,What did Nate think of the coconut milk ice cream he made?,"Super good, rich and creamy",D3:6,1,True,59,578,True,True,4,False,False,True,True,True,True,True,True,True,True,True,True
locomo-hindsight,hindsight,rag,conv-42_q102,conv-42,102,4,True,Which dairy-free dessert flavors does Nate enjoy?,chocolate and mixed berry,D3:10,1,True,59,579,True,True,9,False,False,False,False,True,True,True,True,True,True,True,True
locomo-hindsight,hindsight,rag,conv-42_q103,conv-42,103,4,True,"What did Joanna recently watch and recommend to Nate on February 7, 2022?","""Little Women""",D3:17,1,True,60,572,True,True,16,False,False,False,False,False,False,True,True,True,True,True,True
locomo-hindsight,hindsight,rag,conv-42_q104,conv-42,104,4,True,"What is ""Little Women"" about according to Joanna?","Sisterhood, love, and reaching for your dreams",D3:17,1,True,60,570,True,True,3,False,False,True,True,True,True,True,True,True,True,True,True
locomo-hindsight,hindsight,rag,conv-42_q105,conv-42,105,4,True,"What flavor of ice cream did Nate make for his friend on 25 February, 2022?",chocolate and vanilla swirl,D4:3,1,True,59,572,True,True,1,True,True,True,True,True,True,True,True,True,True,True,True
locomo-hindsight,hindsight,rag,conv-42_q106,conv-42,106,4,True,"What inspired Joanna's new screenplay on 25 February, 2022?",personal experiences and her own journey of self-discovery,D4:16,1,True,59,571,True,True,1,True,True,True,True,True,True,True,True,True,True,True,True
locomo-hindsight,hindsight,rag,conv-42_q107,conv-42,107,4,True,Why does Nate like turtles as pets?,Their slow pace and calming nature,D5:6,1,True,60,368,True,True,26,False,False,False,False,False,False,False,False,True,True,True,True
locomo-hindsight,hindsight,rag,conv-42_q108,conv-42,108,4,True,How does Nate describe the process of taking care of turtles?,"Not tough; keep their area clean, feed them properly, give them enough light.",D5:8,1,True,60,364,True,True,8,False,False,False,False,True,True,True,True,True,True,True,True
locomo-hindsight,hindsight,rag,conv-42_q109,conv-42,109,4,True,What was Joanna's audition for?,writing gig,D6:2,1,True,59,572,True,True,12,False,False,False,False,False,False,True,True,True,True,True,True
locomo-hindsight,hindsight,rag,conv-42_q110,conv-42,110,4,True,Why did Nate choose the hair color he did?,Bright and bold - like him,D7:5,1,True,59,571,True,True,8,False,False,False,False,True,True,True,True,True,True,True,True
locomo-hindsight,hindsight,rag,conv-42_q111,conv-42,111,4,True,What are the main ingredients of the ice cream recipe shared by Nate?,"Coconut milk, vanilla extract, sugar, salt",D8:19,1,True,59,579,True,True,1,True,True,True,True,True,True,True,True,True,True,True,True
locomo-hindsight,hindsight,rag,conv-42_q112,conv-42,112,4,True,What is Joanna's project called in the writers group?,"""Finding Home""",D9:3,1,True,58,571,True,True,11,False,False,False,False,False,False,True,True,True,True,True,True
locomo-hindsight,hindsight,rag,conv-42_q113,conv-42,113,4,True,What is Nate's favorite genre of movies?,Fantasy and sci-fi,D9:10,1,True,60,573,True,True,9,False,False,False,False,True,True,True,True,True,True,True,True
locomo-hindsight,hindsight,rag,conv-42_q114,conv-42,114,4,True,What kind of books does Nate enjoy?,Adventures and magic,D9:14,1,True,60,574,True,True,7,False,False,False,False,True,True,True,True,True,True,True,True
locomo-hindsight,hindsight,rag,conv-42_q115,conv-42,115,4,True,What kind of films does Joanna enjoy?,Dramas and emotionally-driven films,D9:9,1,True,59,571,True,True,10,False,False,False,False,True,True,True,True,True,True,True,True
locomo-hindsight,hindsight,rag,conv-42_q116,conv-42,116,4,True,Which activity helps Nate escape and stimulates his imagination?,watching fantasy and sci-fi movies,D9:10,1,True,60,566,True,True,6,False,False,False,False,True,True,True,True,True,True,True,True
locomo-hindsight,hindsight,rag,conv-42_q117,conv-42,117,4,True,What filling did Joanna use in the cake she made recently in May 2022?,strawberry,D10:11,1,True,59,574,True,True,1,True,True,True,True,True,True,True,True,True,True,True,True
locomo-hindsight,hindsight,rag,conv-42_q118,conv-42,118,4,True,What kind of frosting did Joanna use on the cake she made recently in May 2022?,coconut cream,D10:11,1,True,59,574,True,True,1,True,True,True,True,True,True,True,True,True,True,True,True
locomo-hindsight,hindsight,rag,conv-42_q119,conv-42,119,4,True,What does Nate feel he could do when out in cool places like Whispering Falls?,write a whole movie,D11:13,1,True,60,572,True,True,13,False,False,False,False,False,False,True,True,True,True,True,True
locomo-hindsight,hindsight,rag,conv-42_q120,conv-42,120,4,True,What creative activity does Nate joke about pursuing after being inspired by their hikes with Jo?,Start thinking about a drama and publish a screenplay,D11:16,1,True,59,575,True,True,7,False,False,False,False,True,True,True,True,True,True,True,True
locomo-hindsight,hindsight,rag,conv-42_q121,conv-42,121,4,True,Who invited Nate to join her on the trails sometime?,Joanna,D11:17,1,True,59,578,True,True,3,False,False,True,True,True,True,True,True,True,True,True,True
locomo-hindsight,hindsight,rag,conv-42_q122,conv-42,122,4,True,"What did Nate do for Joanna on 25 May, 2022?",get her a stuffed animal,D13:9,1,True,59,578,True,True,2,False,False,True,True,True,True,True,True,True,True,True,True
locomo-hindsight,hindsight,rag,conv-42_q123,conv-42,123,4,True,How does Nate describe the stuffed animal he got for Joanna?,A stuffed animal to remind you of the good vibes,D13:11,1,True,60,575,True,True,10,False,False,False,False,True,True,True,True,True,True,True,True
locomo-hindsight,hindsight,rag,conv-42_q124,conv-42,124,4,True,What event is Nate organizing in June 2022?,A gaming party,D14:20,1,True,59,577,True,True,1,True,True,True,True,True,True,True,True,True,True,True,True
locomo-hindsight,hindsight,rag,conv-42_q125,conv-42,125,4,True,Who did Nate plan to invite to his gaming party in June 2022?,"Tournament friends, old friends, teammates",D14:22,1,True,60,566,True,True,2,False,False,True,True,True,True,True,True,True,True,True,True
locomo-hindsight,hindsight,rag,conv-42_q126,conv-42,126,4,True,What special items did Nate get for everyone at his gaming party?,Custom controller decorations,D14:24,1,True,59,564,True,True,13,False,False,False,False,False,False,True,True,True,True,True,True
locomo-hindsight,hindsight,rag,conv-42_q127,conv-42,127,4,True,What did Joanna write yesterday that appeared on the big screen?,screenplay bits,D15:1,1,True,59,573,True,True,15,False,False,False,False,False,False,True,True,True,True,True,True
locomo-hindsight,hindsight,rag,conv-42_q128,conv-42,128,4,True,What superhero is Joanna a fan of?,Spider-Man,D15:3,1,True,59,572,True,True,27,False,False,False,False,False,False,False,False,True,True,True,True
locomo-hindsight,hindsight,rag,conv-42_q129,conv-42,129,4,True,Which superhero toy figure does Nate share a photo of?,Iron Man,D15:4,1,True,59,571,True,True,26,False,False,False,False,False,False,False,False,True,True,True,True
locomo-hindsight,hindsight,rag,conv-42_q130,conv-42,130,4,True,What is displayed on Joanna's cork board for motivation and creativity?,"inspiring quotes, photos, and little keepsakes",D15:7,1,True,60,570,True,True,4,False,False,True,True,True,True,True,True,True,True,True,True
locomo-hindsight,hindsight,rag,conv-42_q131,conv-42,131,4,True,What does the photo on Joanna's cork board remind her of?,love and encouragement from her family,D15:11,1,True,59,574,True,True,6,False,False,False,False,True,True,True,True,True,True,True,True
locomo-hindsight,hindsight,rag,conv-42_q132,conv-42,132,4,True,What did Nate make and share with his vegan diet group?,vegan ice cream,D16:8,1,True,60,575,True,True,9,False,False,False,False,True,True,True,True,True,True,True,True
locomo-hindsight,hindsight,rag,conv-42_q133,conv-42,133,4,True,How many people attended the gaming party hosted by Nate in June 2022?,7,D16:6,1,True,60,565,True,True,2,False,False,True,True,True,True,True,True,True,True,True,True
locomo-hindsight,hindsight,rag,conv-42_q134,conv-42,134,4,True,What recipe Nate offer to share with Joanna?,vegan ice cream recipe,D16:10,1,True,59,575,True,True,27,False,False,False,False,False,False,False,False,True,True,True,True
locomo-hindsight,hindsight,rag,conv-42_q135,conv-42,135,4,True,What did Joanna plan to do with the recipe Nate promised to share?,make it for her family,D16:11,1,True,59,579,True,True,22,False,False,False,False,False,False,False,False,True,True,True,True
locomo-hindsight,hindsight,rag,conv-42_q136,conv-42,136,4,True,"How many video game tournaments has Nate won by July 10, 2022?",Four,D17:1,1,True,60,563,True,True,1,True,True,True,True,True,True,True,True,True,True,True,True
locomo-hindsight,hindsight,rag,conv-42_q137,conv-42,137,4,True,Where did Joanna go for a road trip for research?,Woodhaven,D17:4,1,True,60,572,True,True,6,False,False,False,False,True,True,True,True,True,True,True,True
locomo-hindsight,hindsight,rag,conv-42_q138,conv-42,138,4,True,What did Joanna discover at the library in Woodhaven?,cool old book collection,D17:4,1,True,59,572,True,True,4,False,False,True,True,True,True,True,True,True,True,True,True
locomo-hindsight,hindsight,rag,conv-42_q139,conv-42,139,4,True,What specific themes are explored in Joanna's new book?,"loss, redemption, and forgiveness",D17:16,1,True,60,574,True,True,1,True,True,True,True,True,True,True,True,True,True,True,True
locomo-hindsight,hindsight,rag,conv-42_q140,conv-42,140,4,True,What inspired Joanna's new script in July 2022?,Woodhaven's interesting past and people,D17:8,1,True,60,573,True,True,2,False,False,True,True,True,True,True,True,True,True,True,True
locomo-hindsight,hindsight,rag,conv-42_q141,conv-42,141,4,True,What did Nate do while Joanna was on her road trip?,Won a video game tournament,D17:2,1,True,60,578,True,True,20,False,False,False,False,False,False,True,True,True,True,True,True
locomo-hindsight,hindsight,rag,conv-42_q142,conv-42,142,4,True,What does Nate do that he loves and can make money from?,Competing in video game tournaments,D17:1,1,True,60,572,True,True,1,True,True,True,True,True,True,True,True,True,True,True,True
locomo-hindsight,hindsight,rag,conv-42_q143,conv-42,143,4,True,How did Joanna feel when someone wrote her a letter after reading her blog post?,Touched,D18:5,1,True,60,571,True,True,5,False,False,True,True,True,True,True,True,True,True,True,True
locomo-hindsight,hindsight,rag,conv-42_q144,conv-42,144,4,True,What kind of impact does Joanna hope to have with her writing?,share her stories and hopefully have an impact,D18:7,1,True,60,571,True,True,2,False,False,True,True,True,True,True,True,True,True,True,True
locomo-hindsight,hindsight,rag,conv-42_q145,conv-42,145,4,True,What kind of content did Joanna share that someone wrote her a letter about?,A blog post about a hard moment in her life,D18:5,1,True,60,577,True,True,8,False,False,False,False,True,True,True,True,True,True,True,True
locomo-hindsight,hindsight,rag,conv-42_q146,conv-42,146,4,True,What motivates Joanna to keep writing even on tough days?,Knowing that her writing can make a difference,D18:7,1,True,60,577,True,True,13,False,False,False,False,False,False,True,True,True,True,True,True
locomo-hindsight,hindsight,rag,conv-42_q147,conv-42,147,4,True,What type of ice cream does Joanna mention that Nate makes and is delicious?,Coconut milk ice cream,D18:9,1,True,59,578,True,True,3,False,False,True,True,True,True,True,True,True,True,True,True
locomo-hindsight,hindsight,rag,conv-42_q148,conv-42,148,4,True,How did Nate feel about sharing his love for dairy-free desserts with Joanna?,Happy to share,D18:12,1,True,59,572,True,True,2,False,False,True,True,True,True,True,True,True,True,True,True
locomo-hindsight,hindsight,rag,conv-42_q149,conv-42,149,4,True,What did Joanna share with her writers group in August 2022?,her book,D19:6,1,True,60,575,True,True,1,True,True,True,True,True,True,True,True,True,True,True,True
locomo-hindsight,hindsight,rag,conv-42_q150,conv-42,150,4,True,How did Joanna celebrate after sharing her book with her writers group?,making a delicious treat,D19:8,1,True,60,577,True,True,8,False,False,False,False,True,True,True,True,True,True,True,True
locomo-hindsight,hindsight,rag,conv-42_q151,conv-42,151,4,True,How did Nate celebrate winning the international tournament?,Taking time off to chill with pets,D19:9,1,True,60,572,True,True,18,False,False,False,False,False,False,True,True,True,True,True,True
locomo-hindsight,hindsight,rag,conv-42_q152,conv-42,152,4,True,Why is Joanna experimenting with dairy-free options in her dessert recipes?,lactose intolerance,D20:10,1,True,59,575,True,True,16,False,False,False,False,False,False,True,True,True,True,True,True
locomo-hindsight,hindsight,rag,conv-42_q153,conv-42,153,4,True,What substitution does Nate suggest for butter in dairy-free baking?,dairy-free margarine or coconut oil,D20:15,1,True,59,577,True,True,2,False,False,True,True,True,True,True,True,True,True,True,True
locomo-hindsight,hindsight,rag,conv-42_q154,conv-42,154,4,True,What type of show did Nate host where he taught vegan ice cream recipes?,a cooking show,D21:4,1,True,59,575,True,True,7,False,False,False,False,True,True,True,True,True,True,True,True
locomo-hindsight,hindsight,rag,conv-42_q155,conv-42,155,4,True,What is Nate's favorite dish from the cooking show he hosted?,Coconut milk ice cream,D21:6,1,True,59,574,True,True,5,False,False,True,True,True,True,True,True,True,True,True,True
locomo-hindsight,hindsight,rag,conv-42_q156,conv-42,156,4,True,What is one of Nate's favorite dairy-free treats besides coconut milk ice cream?,dairy-free chocolate mousse,D21:10,1,True,59,575,True,True,11,False,False,False,False,False,False,True,True,True,True,True,True
locomo-hindsight,hindsight,rag,conv-42_q157,conv-42,157,4,True,"What dessert did Joanna share a photo of that has an almond flour crust, chocolate ganache, and fresh raspberries?",chocolate raspberry tart,D21:11,1,True,59,571,True,True,6,False,False,False,False,True,True,True,True,True,True,True,True
locomo-hindsight,hindsight,rag,conv-42_q158,conv-42,158,4,True,What kind of cake did Joanna share a photo of that she likes making for birthdays and special days?,chocolate cake with raspberries,D21:13,1,True,59,570,True,True,4,False,False,True,True,True,True,True,True,True,True,True,True
locomo-hindsight,hindsight,rag,conv-42_q159,conv-42,159,4,True,"What two main ingredients are part of the dessert Joanna shared a photo of with blueberries, coconut milk, and a gluten-free crust?",blueberries and coconut milk,D21:17,1,True,59,572,True,True,9,False,False,False,False,True,True,True,True,True,True,True,True
locomo-hindsight,hindsight,rag,conv-42_q160,conv-42,160,4,True,"What movie did Nate recently watch and enjoy on October 6, 2022?",Little Women,D22:8,1,True,60,571,True,True,1,True,True,True,True,True,True,True,True,True,True,True,True
locomo-hindsight,hindsight,rag,conv-42_q161,conv-42,161,4,True,What did Joanna make for one of the ladies at her writing club?,a bookmark,D22:19,1,True,59,577,True,True,12,False,False,False,False,False,False,True,True,True,True,True,True
locomo-hindsight,hindsight,rag,conv-42_q162,conv-42,162,4,True,"What game did Nate play at the game convention he attended on 9 October, 2022?",Catan,D23:7,1,True,60,570,True,True,2,False,False,True,True,True,True,True,True,True,True,True,True
locomo-hindsight,hindsight,rag,conv-42_q163,conv-42,163,4,True,What movie has Nate recently seen that blew his mind?,"""Inception""",D23:17,1,True,60,575,True,True,10,False,False,False,False,True,True,True,True,True,True,True,True
locomo-hindsight,hindsight,rag,conv-42_q164,conv-42,164,4,True,"What game has Nate been playing nonstop with a futuristic setting and gameplay on October 9, 2022?",Cyberpunk 2077,D23:17,1,True,60,568,True,True,2,False,False,True,True,True,True,True,True,True,True,True,True
locomo-hindsight,hindsight,rag,conv-42_q165,conv-42,165,4,True,What did Nate share a photo of when mentioning unwinding at home?,a bookcase filled with dvds and movies,D23:15,1,True,60,578,True,True,5,False,False,True,True,True,True,True,True,True,True,True,True
locomo-hindsight,hindsight,rag,conv-42_q166,conv-42,166,4,True,How did Joanna describe the classic movie he watched?,gripping with great actors,D23:18,1,True,60,574,True,True,10,False,False,False,False,True,True,True,True,True,True,True,True
locomo-hindsight,hindsight,rag,conv-42_q167,conv-42,167,4,True,What does Joanna recommend to make a living room comfy like hers?,"couch for multiple people, fluffy blanket, lights that can be dimmed",D23:26,1,True,59,571,True,True,5,False,False,True,True,True,True,True,True,True,True,True,True
locomo-hindsight,hindsight,rag,conv-42_q168,conv-42,168,4,True,What helps Joanna stay focused and brings her joy?,stuffed animal dog named Tilly,D24:8,1,True,60,570,True,True,7,False,False,False,False,True,True,True,True,True,True,True,True
locomo-hindsight,hindsight,rag,conv-42_q169,conv-42,169,4,True,What does Joanna do while she writes?,have a stuffed animal dog named Tilly with her,D24:4,1,True,60,577,True,True,30,False,False,False,False,False,False,False,False,True,True,True,True
locomo-hindsight,hindsight,rag,conv-42_q170,conv-42,170,4,True,Why did Joanna name the stuffed animal dog Tilly?,after a dog she had in Michigan,D24:6,1,True,60,568,True,True,2,False,False,True,True,True,True,True,True,True,True,True,True
locomo-hindsight,hindsight,rag,conv-42_q171,conv-42,171,4,True,What does Joanna do after receiving a rejection from a production company?,keep grinding and moving ahead,D24:14,1,True,59,575,True,True,8,False,False,False,False,True,True,True,True,True,True,True,True
locomo-hindsight,hindsight,rag,conv-42_q172,conv-42,172,4,True,How does Nate feel about Joanna's ability to bounce back from setbacks?,respect Joanna for being able to bounce back,D24:15,1,True,59,579,True,True,5,False,False,True,True,True,True,True,True,True,True,True,True
locomo-hindsight,hindsight,rag,conv-42_q173,conv-42,173,4,True,What encouragement does Nate give to Joanna after her setback?,"rejections don't define her, keep grinding and she'll find the perfect opportunity",D24:13,1,True,59,580,True,True,4,False,False,True,True,True,True,True,True,True,True,True,True
locomo-hindsight,hindsight,rag,conv-42_q174,conv-42,174,4,True,What does Nate rely on for cheer and joy?,his turtles,D24:3,1,True,59,576,True,True,1,True,True,True,True,True,True,True,True,True,True,True,True
locomo-hindsight,hindsight,rag,conv-42_q175,conv-42,175,4,True,What does Joanna use to remember her dog from Michigan?,naming a stuffed animal dog Tilly,D24:6,1,True,59,574,True,True,3,False,False,True,True,True,True,True,True,True,True,True,True
locomo-hindsight,hindsight,rag,conv-42_q176,conv-42,176,4,True,"What did Joanna contribute to that was shown on the big screen on the Sunday before October 25, 2022?",movie script,D25:2,1,True,60,570,True,True,12,False,False,False,False,False,False,True,True,True,True,True,True
locomo-hindsight,hindsight,rag,conv-42_q177,conv-42,177,4,True,What inspires Joanna to create drawings of her characters?,visuals to help bring the characters alive in her head so she can write better,D25:8,1,True,60,570,True,True,6,False,False,False,False,True,True,True,True,True,True,True,True
locomo-hindsight,hindsight,rag,conv-42_q178,conv-42,178,4,True,Where does Joanna get her ideas for the characters from?,"people she knows, things she saw, her imagination",D25:10,1,True,60,570,True,True,6,False,False,False,False,True,True,True,True,True,True,True,True
locomo-hindsight,hindsight,rag,conv-42_q179,conv-42,179,4,True,"How did Joanna feel on October 25, 2022 about seeing her characters come alive on the big screen?",surreal and cool,D25:6,1,True,60,574,True,True,1,True,True,True,True,True,True,True,True,True,True,True,True
locomo-hindsight,hindsight,rag,conv-42_q180,conv-42,180,4,True,What type of diet do Nate's turtles have?,"combination of vegetables, fruits, and insects",D25:19,1,True,60,369,True,True,5,False,False,True,True,True,True,True,True,True,True,True,True
locomo-hindsight,hindsight,rag,conv-42_q181,conv-42,181,4,True,What ingredient did Nate use to make the ice cream lactose-free?,coconut milk,D26:18,1,True,59,579,True,True,11,False,False,False,False,False,False,True,True,True,True,True,True
locomo-hindsight,hindsight,rag,conv-42_q182,conv-42,182,4,True,What did Joanna find in old notebooks last week that prompted her to reflect on her progress as a writer?,early writings,D26:5,1,True,60,570,True,True,10,False,False,False,False,True,True,True,True,True,True,True,True
locomo-hindsight,hindsight,rag,conv-42_q183,conv-42,183,4,True,"What game is Nate currently playing and recommends to others on November 7, 2022?","""Xenoblade Chronicles""",D27:23,1,True,59,571,True,True,4,False,False,True,True,True,True,True,True,True,True,True,True
locomo-hindsight,hindsight,rag,conv-42_q184,conv-42,184,4,True,What did Joanna receive from her brother that brought back childhood memories?,a handwritten letter,D27:29,1,True,59,575,True,True,1,True,True,True,True,True,True,True,True,True,True,True,True
locomo-hindsight,hindsight,rag,conv-42_q185,conv-42,185,4,True,"What is the type of game ""Xenoblade Chronicles"" that Nate is playing?",fantasy RPG,D27:23,1,True,59,566,True,True,9,False,False,False,False,True,True,True,True,True,True,True,True
locomo-hindsight,hindsight,rag,conv-42_q186,conv-42,186,4,True,"What dish did Nate make on 9 November, 2022?",Homemade coconut ice cream,D28:1,1,True,59,567,True,True,1,True,True,True,True,True,True,True,True,True,True,True,True
locomo-hindsight,hindsight,rag,conv-42_q187,conv-42,187,4,True,"What project is Joanna working on in her notebook on November 9, 2022?",A suspenseful thriller set in a small Midwestern town,D28:12,1,True,60,573,True,True,1,True,True,True,True,True,True,True,True,True,True,True,True
locomo-hindsight,hindsight,rag,conv-42_q188,conv-42,188,4,True,"What is Nate creating for YouTube on 9 November, 2022?",gaming content,D28:13,1,True,60,571,True,True,1,True,True,True,True,True,True,True,True,True,True,True,True
locomo-hindsight,hindsight,rag,conv-42_q189,conv-42,189,4,True,What inspired Nate to start making gaming videos?,Love of gaming and connecting with others who enjoy it too,D28:15,1,True,60,569,True,True,12,False,False,False,False,False,False,True,True,True,True,True,True
locomo-hindsight,hindsight,rag,conv-42_q190,conv-42,190,4,True,What new content is Nate creating for YouTube?,Gaming videos,D28:13,1,True,60,573,True,True,5,False,False,True,True,True,True,True,True,True,True,True,True
locomo-hindsight,hindsight,rag,conv-42_q191,conv-42,191,4,True,What advice does Joanna give to Nate about making YouTube videos?,Watch other people's videos to understand what the audience likes,D28:18,1,True,60,574,True,True,33,False,False,False,False,False,False,False,False,True,True,True,True
locomo-hindsight,hindsight,rag,conv-42_q192,conv-42,192,4,True,What did Joanna take a picture of near Fort Wayne last summer?,Sunset,D28:22,1,True,60,575,True,True,8,False,False,False,False,True,True,True,True,True,True,True,True
locomo-hindsight,hindsight,rag,conv-42_q193,conv-42,193,4,True,What inspired Joanna to take a picture of the sunset in the field near Fort Wayne?,The incredible sunset and surrounding beauty,D28:22,1,True,60,577,True,True,6,False,False,False,False,True,True,True,True,True,True,True,True
locomo-hindsight,hindsight,rag,conv-42_q194,conv-42,194,4,True,Why did Nate get a third turtle?,He saw another one at a pet store and wanted to get it,D28:25,1,True,60,370,True,True,7,False,False,False,False,True,True,True,True,True,True,True,True
locomo-hindsight,hindsight,rag,conv-42_q195,conv-42,195,4,False,What does Nate want to do when he goes over to Joanna's place?,Watch one of Joanna's movies together or go to the park,D28:29,1,True,59,580,True,True,9,False,False,False,False,True,True,True,True,True,True,True,True
locomo-hindsight,hindsight,rag,conv-42_q196,conv-42,196,4,True,What did Nate take to the beach in Tampa?,turtles,D29:6,1,True,60,575,True,True,4,False,False,True,True,True,True,True,True,True,True,True,True
locomo-hindsight,hindsight,rag,conv-42_q197,conv-42,197,4,True,What does Nate love most about having turtles?,They make him feel calm and don't require much looking after,D29:8,1,True,59,365,True,True,2,False,False,True,True,True,True,True,True,True,True,True,True
locomo-hindsight,hindsight,rag,conv-42_q198,conv-42,198,4,True,What did Nate share a photo of as a part of his experimentation in November 2022?,colorful bowls of coconut milk ice cream,D29:10,1,True,60,568,True,True,3,False,False,True,True,True,True,True,True,True,True,True,True
locomo-hindsight,hindsight,rag,conv-43_q0,conv-43,0,1,True,what are John's goals with regards to his basketball career?,"improve shooting percentage, win a championship",D11:17 D1:9 D6:15,3,True,63,521,True,True,19,False,False,False,False,False,False,True,False,True,True,True,True
locomo-hindsight,hindsight,rag,conv-43_q1,conv-43,1,1,True,What are John's goals for his career that are not related to his basketball skills?,"get endorsements, build his brand, do charity work",D11:17 D6:15,2,True,63,517,True,True,16,False,False,False,False,False,False,True,False,True,True,True,True
locomo-hindsight,hindsight,rag,conv-43_q2,conv-43,2,1,True,What items does John collect?,"sneakers, fantasy movie DVDs, jerseys",D12:18 D1:15 D27:20,3,True,65,521,True,True,3,False,False,True,False,True,False,True,False,True,True,True,True
locomo-hindsight,hindsight,rag,conv-43_q3,conv-43,3,3,True,Would Tim enjoy reading books by C. S. Lewis or John Greene?,C. S.Lewis,D1:14 D1:16 D1:18,3,True,61,525,True,True,31,False,False,False,False,False,False,False,False,True,True,True,True
locomo-hindsight,hindsight,rag,conv-43_q4,conv-43,4,1,False,What books has Tim read?,"Harry Potter, Game of Thrones, the Name of the Wind, The Alchemist, The Hobbit, A Dance with Dragons, and the Wheel of Time.",D11:26 D1:14 D20:21 D22:13 D26:36 D2:7 D6:8,7,True,64,520,True,True,8,False,False,False,False,True,False,True,False,True,True,True,True
locomo-hindsight,hindsight,rag,conv-43_q5,conv-43,5,3,True,"Based on Tim's collections, what is a shop that he would enjoy visiting in New York city?",House of MinaLima,D2:9,1,True,63,525,True,True,2,False,False,True,True,True,True,True,True,True,True,True,True
locomo-hindsight,hindsight,rag,conv-43_q6,conv-43,6,2,False,In which month's game did John achieve a career-high score in points?,June 2023,D3:1,1,True,65,503,True,True,3,False,False,True,True,True,True,True,True,True,True,True,True
locomo-hindsight,hindsight,rag,conv-43_q7,conv-43,7,1,True,Which geographical locations has Tim been to?,"California, London, the Smoky Mountains",D14:16 D1:18 D3:2,3,True,65,523,True,True,23,False,False,False,False,False,False,False,False,True,True,True,True
locomo-hindsight,hindsight,rag,conv-43_q8,conv-43,8,3,True,Which outdoor gear company likely signed up John for an endorsement deal?,Under Armour,D25:2 D3:15,2,True,65,503,True,True,7,False,False,False,False,True,False,True,True,True,True,True,True
locomo-hindsight,hindsight,rag,conv-43_q9,conv-43,9,1,True,Which endorsement deals has John been offered?,"basketball shoes and gear deal with Nike, potential sponsorship with Gatorade, Moxie a popular beverage company, outdoor gear company",D25:2 D29:4 D3:13 D3:15,4,True,64,528,True,True,5,False,False,True,False,True,False,True,True,True,True,True,True
locomo-hindsight,hindsight,rag,conv-43_q10,conv-43,10,2,True,When was John in Seattle for a game?,"early August, 2023",D3:19 D5:2,2,True,63,515,True,True,7,False,False,False,False,True,False,True,False,True,True,True,True
locomo-hindsight,hindsight,rag,conv-43_q11,conv-43,11,1,True,What sports does John like besides basketball?,surfing,D1:7 D2:14 D3:1 D3:25,4,True,65,499,True,True,1,True,False,True,False,True,False,True,False,True,True,True,True
locomo-hindsight,hindsight,rag,conv-43_q12,conv-43,12,2,True,What year did John start surfing?,2018,D3:27,1,True,65,505,True,True,6,False,False,False,False,True,True,True,True,True,True,True,True
locomo-hindsight,hindsight,rag,conv-43_q13,conv-43,13,1,True,What does Tim do to escape reality?,Read fantasy books.,D2:11 D3:30,2,True,64,528,True,True,8,False,False,False,False,True,False,True,False,True,True,True,True
locomo-hindsight,hindsight,rag,conv-43_q14,conv-43,14,1,False,What kind of writing does Tim do?,"comments on favorite books in a fantasy literature forum, articles on fantasy novels, studying characters, themes, and making book recommendations, writing a fantasy novel",D15:3 D2:1 D4:3 D4:5,4,True,62,516,True,True,2,False,False,True,False,True,False,True,True,True,True,True,True
locomo-hindsight,hindsight,rag,conv-43_q15,conv-43,15,3,True,Who is Anthony?,"likely John's friend, colleague or family",D4:8,1,True,64,527,True,True,1,True,True,True,True,True,True,True,True,True,True,True,True
locomo-hindsight,hindsight,rag,conv-43_q16,conv-43,16,2,True,After how many weeks did Tim reconnect with the fellow Harry Potter fan from California?,three weeks,D3:2 D5:1,2,True,61,523,True,True,8,False,False,False,False,True,True,True,True,True,True,True,True
locomo-hindsight,hindsight,rag,conv-43_q17,conv-43,17,1,False,How many games has John mentioned winning?,6,D22:4 D23:7 D24:2 D3:3 D5:2,5,True,64,512,True,True,1,True,False,True,False,True,False,True,False,True,True,True,True
locomo-hindsight,hindsight,rag,conv-43_q18,conv-43,18,1,False,What authors has Tim read books from?,"J.K. Rowling, R.R. Martin, Patrick Rothfuss, Paulo Coelho, and J. R. R. Tolkien.",D1:14 D20:21 D26:36 D2:7 D4:7 D5:15 D:11:26,7,True,61,524,True,False,4,False,False,True,False,True,False,True,False,True,False,True,False
locomo-hindsight,hindsight,rag,conv-43_q19,conv-43,19,3,False,What is a prominent charity organization that John might want to work with and why?,"Good Sports, because they work with Nike, Gatorade, and Under Armour and they aim toprovide youth sports opportunities for kids ages 3-18 in high-need communities.",D3:13 D3:15 D6:15,3,True,65,520,True,True,5,False,False,True,False,True,False,True,True,True,True,True,True
locomo-hindsight,hindsight,rag,conv-43_q20,conv-43,20,2,False,Which city was John in before traveling to Chicago?,Seattle,D3:19 D5:2 D6:1 D6:3,4,True,65,510,True,True,7,False,False,False,False,True,False,True,False,True,True,True,True
locomo-hindsight,hindsight,rag,conv-43_q21,conv-43,21,1,True,Which US cities does John mention visiting to Tim?,"Seattle, Chicago, New York",D3:19 D6:3 D9:6,3,True,63,532,True,True,2,False,False,True,False,True,False,True,False,True,True,True,True
locomo-hindsight,hindsight,rag,conv-43_q22,conv-43,22,2,True,When did John meet with his teammates after returning from Chicago?,"August 15, 2023",D7:1,1,True,63,514,True,True,5,False,False,True,True,True,True,True,True,True,True,True,True
locomo-hindsight,hindsight,rag,conv-43_q23,conv-43,23,2,True,When is Tim attending a book conference?,September 2023,D7:6,1,True,64,526,True,True,12,False,False,False,False,False,False,True,True,True,True,True,True
locomo-hindsight,hindsight,rag,conv-43_q24,conv-43,24,2,True,Where was John between August 11 and August 15 2023?,Chicago,D6:1 D6:3 D7:1,3,True,65,526,True,True,4,False,False,True,False,True,True,True,True,True,True,True,True
locomo-hindsight,hindsight,rag,conv-43_q25,conv-43,25,1,True,What similar sports collectible do Tim and John own?,signed basketball,D16:7 D16:9 D7:7 D7:9,4,True,64,518,True,True,10,False,False,False,False,True,False,True,False,True,True,True,True
locomo-hindsight,hindsight,rag,conv-43_q26,conv-43,26,1,True,Which TV series does Tim mention watching?,"That, Wheel of Time",D17:1 D17:11 D26:36,3,True,61,526,True,True,6,False,False,False,False,True,False,True,True,True,True,True,True
locomo-hindsight,hindsight,rag,conv-43_q27,conv-43,27,3,True,Which popular time management technique does Tim use to prepare for exams?,Pomodoro technique,D18:3 D18:7,2,True,64,530,True,True,8,False,False,False,False,True,True,True,True,True,True,True,True
locomo-hindsight,hindsight,rag,conv-43_q28,conv-43,28,3,False,Which popular music composer's tunes does Tim enjoy playing on the piano?,John Williams,D8:14 D8:16,2,True,64,521,True,True,8,False,False,False,False,True,True,True,True,True,True,True,True
locomo-hindsight,hindsight,rag,conv-43_q29,conv-43,29,1,True,What schools did John play basketball in and how many years was he with his team during high school?,"Middle school, high school, and college and he was with his high school team for 4 years.",D6:13 D9:4,2,True,65,498,True,True,1,True,False,True,False,True,False,True,True,True,True,True,True
locomo-hindsight,hindsight,rag,conv-43_q30,conv-43,30,1,True,Which cities has John been to?,"Seattle, Chicago, New York, and Paris.",D27:36 D3:19 D6:3 D9:6,4,True,65,514,True,True,2,False,False,True,False,True,False,True,False,True,False,True,True
locomo-hindsight,hindsight,rag,conv-43_q31,conv-43,31,2,True,What month did Tim plan on going to Universal Studios?,"September, 2023",D10:9,1,True,64,524,True,True,8,False,False,False,False,True,True,True,True,True,True,True,True
locomo-hindsight,hindsight,rag,conv-43_q32,conv-43,32,3,True,Which US states might Tim be in during September 2023 based on his plans of visiting Universal Studios?,California or Florida,D10:9,1,True,64,522,True,True,2,False,False,True,True,True,True,True,True,True,True,True,True
locomo-hindsight,hindsight,rag,conv-43_q33,conv-43,33,2,True,When does John plan on traveling with his team on a team trip?,"October, 2023",D11:7,1,True,63,510,True,True,6,False,False,False,False,True,True,True,True,True,True,True,True
locomo-hindsight,hindsight,rag,conv-43_q34,conv-43,34,3,False,What could John do after his basketball career?,become a basketball coach since he likes giving back and leadership,D11:19 D26:1 D27:26,3,True,63,514,True,False,29,False,False,False,False,False,False,False,False,True,False,True,False
locomo-hindsight,hindsight,rag,conv-43_q35,conv-43,35,1,True,What outdoor activities does John enjoy?,"Hiking, surfing",D12:6 D3:27,2,True,64,508,True,True,13,False,False,False,False,False,False,True,False,True,True,True,True
locomo-hindsight,hindsight,rag,conv-43_q36,conv-43,36,1,True,Who is Tim and John's favorite basketball player?,LeBron James,D12:20 D12:22 D16:9,3,True,62,516,True,True,4,False,False,True,False,True,False,True,True,True,True,True,True
locomo-hindsight,hindsight,rag,conv-43_q37,conv-43,37,2,True,Which week did Tim visit the UK for the Harry Potter Conference?,"The week before October 13th, 2023.",D13:1,1,True,61,527,True,True,7,False,False,False,False,True,True,True,True,True,True,True,True
locomo-hindsight,hindsight,rag,conv-43_q38,conv-43,38,1,True,which country has Tim visited most frequently in his travels?,UK,D13:1 D18:1 D1:18,3,True,63,523,True,True,4,False,False,True,False,True,False,True,False,True,True,True,True
locomo-hindsight,hindsight,rag,conv-43_q39,conv-43,39,2,True,What year did Tim go to the Smoky Mountains?,2022,D14:16,1,True,63,523,True,True,6,False,False,False,False,True,True,True,True,True,True,True,True
locomo-hindsight,hindsight,rag,conv-43_q40,conv-43,40,2,True,Has Tim been to North Carolina and/or Tennesee states in the US?,Yes,D14:16,1,True,63,526,True,True,21,False,False,False,False,False,False,False,False,True,True,True,True
locomo-hindsight,hindsight,rag,conv-43_q41,conv-43,41,1,True,What kind of fiction stories does Tim write?,Fantasy stories with plot twists,D15:3 D16:1,2,True,61,523,True,True,5,False,False,True,False,True,False,True,True,True,True,True,True
locomo-hindsight,hindsight,rag,conv-43_q42,conv-43,42,1,True,What has John cooked?,"Soup, a slow cooker meal, and honey garlic chicken with roasted veg.",D10:4 D15:30 D15:31 D15:32,4,True,65,523,True,True,9,False,False,False,False,True,False,True,False,True,True,True,True
locomo-hindsight,hindsight,rag,conv-43_q43,conv-43,43,1,True,What does John like about Lebron James?,"His heart, determination, skills, and leadership.",D12:20 D16:12,2,True,65,508,True,True,7,False,False,False,False,True,True,True,True,True,True,True,True
locomo-hindsight,hindsight,rag,conv-43_q44,conv-43,44,2,True,When did John and his wife go on a European vacation?,"November, 2023.",D16:14,1,True,65,522,True,True,5,False,False,True,True,True,True,True,True,True,True,True,True
locomo-hindsight,hindsight,rag,conv-43_q45,conv-43,45,2,True,Which country was Tim visiting in the second week of November?,UK,D18:1,1,True,64,529,True,True,5,False,False,True,True,True,True,True,True,True,True,True,True
locomo-hindsight,hindsight,rag,conv-43_q46,conv-43,46,2,True,Where was Tim in the week before 16 November 2023?,UK,D18:1,1,True,64,531,True,True,1,True,True,True,True,True,True,True,True,True,True,True,True
locomo-hindsight,hindsight,rag,conv-43_q47,conv-43,47,2,True,When did John get married at a greenhouse?,last week of September 2023,D12:2,1,True,65,517,True,True,4,False,False,True,True,True,True,True,True,True,True,True,True
locomo-hindsight,hindsight,rag,conv-43_q48,conv-43,48,1,False,When did John get an ankle injury in 2023?,"around November 16, 2023",D18:2,1,True,64,513,True,True,14,False,False,False,False,False,False,True,True,True,True,True,True
locomo-hindsight,hindsight,rag,conv-43_q49,conv-43,49,1,True,How many times has John injured his ankle?,two times,D18:2 D19:6,2,True,64,502,True,True,5,False,False,True,False,True,False,True,False,True,True,True,True
locomo-hindsight,hindsight,rag,conv-43_q50,conv-43,50,1,True,Which book was John reading during his recovery from an ankle injury?,The Alchemist,D18:2 D19:20,2,True,64,514,True,True,3,False,False,True,True,True,True,True,True,True,True,True,True
locomo-hindsight,hindsight,rag,conv-43_q51,conv-43,51,3,False,What kind of yoga for building core strength might John benefit from?,Hatha Yoga,D20:2,1,True,65,512,True,True,5,False,False,True,True,True,True,True,True,True,True,True,True
locomo-hindsight,hindsight,rag,conv-43_q52,conv-43,52,1,True,What does John do to supplement his basketball training?,"Yoga, strength training",D20:2 D8:5,2,True,63,519,True,True,9,False,False,False,False,True,False,True,False,True,True,True,True
locomo-hindsight,hindsight,rag,conv-43_q53,conv-43,53,3,False,What other exercises can help John with his basketball performance?,"Sprinting, long-distance running, and boxing.",D20:2 D8:5,2,True,63,525,True,True,11,False,False,False,False,False,False,True,False,True,True,True,True
locomo-hindsight,hindsight,rag,conv-43_q54,conv-43,54,2,True,When did John take a trip to the Rocky Mountains?,2022,D20:40,1,True,65,517,True,True,4,False,False,True,True,True,True,True,True,True,True,True,True
locomo-hindsight,hindsight,rag,conv-43_q55,conv-43,55,2,True,When did John start playing professionally?,"May, 2023",D1:3 D21:4,2,True,65,503,True,True,12,False,False,False,False,False,False,True,True,True,True,True,True
locomo-hindsight,hindsight,rag,conv-43_q56,conv-43,56,2,True,When did Tim start playing the violin?,August 2023,D21:13,1,True,64,521,True,True,44,False,False,False,False,False,False,False,False,True,True,True,True
locomo-hindsight,hindsight,rag,conv-43_q57,conv-43,57,1,True,What instruments does Tim play?,"piano, violin",D21:11 D8:12,2,True,64,523,True,True,6,False,False,False,False,True,True,True,True,True,True,True,True
locomo-hindsight,hindsight,rag,conv-43_q58,conv-43,58,2,True,When did John attend the Harry Potter trivia?,August 2023.,D22:2 D4:8,2,True,64,530,True,True,1,True,False,True,True,True,True,True,True,True,True,True,True
locomo-hindsight,hindsight,rag,conv-43_q59,conv-43,59,1,True,Which career-high performances did John achieve in 2023?,"highest point score, highest assist",D23:2 D3:1,2,True,65,516,True,True,4,False,False,True,False,True,True,True,True,True,True,True,True
locomo-hindsight,hindsight,rag,conv-43_q60,conv-43,60,2,False,When did John achieve a career-high assist performance?,"December 11, 2023",D23:2,1,True,65,503,True,True,10,False,False,False,False,True,True,True,True,True,True,True,True
locomo-hindsight,hindsight,rag,conv-43_q61,conv-43,61,1,True,What books has John read?,"inpsiring book on dreaming big, The Alchemist, fantasy series, non-fiction books on personal development, Dune",D11:26 D17:9 D19:16 D19:20 D22:12 D4:10,6,True,65,528,True,True,2,False,False,True,False,True,True,True,True,True,True,True,True
locomo-hindsight,hindsight,rag,conv-43_q62,conv-43,62,1,True,What does John do to share his knowledge?,"gives seminars, mentors younger players.",D14:3 D26:1,2,True,64,520,True,True,3,False,False,True,False,True,True,True,True,True,True,True,True
locomo-hindsight,hindsight,rag,conv-43_q63,conv-43,63,2,True,When did John organize a basketball camp for kids?,summer 2023,D26:23,1,True,63,506,True,True,12,False,False,False,False,False,False,True,True,True,True,True,True
locomo-hindsight,hindsight,rag,conv-43_q64,conv-43,64,2,True,Which month was John in Italy?,"December, 2023",D27:2,1,True,65,521,True,True,5,False,False,True,True,True,True,True,True,True,True,True,True
locomo-hindsight,hindsight,rag,conv-43_q65,conv-43,65,1,True,What fantasy movies does Tim like?,"Lord of the Rings, Harry Potter, and Star Wars.",D26:28 D26:32 D27:21 D8:16 D8:18,5,True,64,524,True,True,4,False,False,True,False,True,False,True,False,True,True,True,True
locomo-hindsight,hindsight,rag,conv-43_q66,conv-43,66,3,False,What is a Star Wars book that Tim might enjoy?,Star Wars: Jedi Apprentice by Judy Blundell and David Farland. It is a highly rated and immersive series about his favorite movies.,D27:19 D27:21,2,True,62,525,True,True,10,False,False,False,False,True,True,True,True,True,True,True,True
locomo-hindsight,hindsight,rag,conv-43_q67,conv-43,67,3,True,What would be a good hobby related to his travel dreams for Tim to pick up?,Writing a travel blog.,D15:3 D27:37 D4:1 D6:6,4,True,65,526,True,False,16,False,False,False,False,False,False,True,False,True,False,True,False
locomo-hindsight,hindsight,rag,conv-43_q68,conv-43,68,2,True,What day did Tim get into his study abroad program?,"Januarty 5, 2024",D28:1,1,True,62,522,True,True,7,False,False,False,False,True,True,True,True,True,True,True,True
locomo-hindsight,hindsight,rag,conv-43_q69,conv-43,69,2,True,When will Tim leave for Ireland?,"February, 2024",D28:1,1,True,65,527,True,True,8,False,False,False,False,True,True,True,True,True,True,True,True
locomo-hindsight,hindsight,rag,conv-43_q70,conv-43,70,3,False,Which Star Wars-related locations would Tim enjoy during his visit to Ireland?,"Skellig Michael, Malin Head, Loop Head, Ceann Sibéal, and Brow Head because they are Star Wars filming locations.",D1:18 D27:21 D28:1,3,True,62,523,True,True,9,False,False,False,False,True,False,True,True,True,True,True,True
locomo-hindsight,hindsight,rag,conv-43_q71,conv-43,71,4,True,"Which team did John sign with on 21 May, 2023?",The Minnesota Wolves,D1:5,1,True,63,507,True,True,1,True,True,True,True,True,True,True,True,True,True,True,True
locomo-hindsight,hindsight,rag,conv-43_q72,conv-43,72,4,True,What is John's position on the team he signed with?,shooting guard,D1:7,1,True,65,503,True,True,16,False,False,False,False,False,False,True,True,True,True,True,True
locomo-hindsight,hindsight,rag,conv-43_q73,conv-43,73,4,True,What challenge did John encounter during pre-season training?,fitting into the new team's style of play,D1:11,1,True,63,515,True,True,5,False,False,True,True,True,True,True,True,True,True,True,True
locomo-hindsight,hindsight,rag,conv-43_q74,conv-43,74,4,True,What aspects of the Harry Potter universe will be discussed in John's fan project collaborations?,"characters, spells, magical creatures",D1:16,1,True,65,524,True,True,5,False,False,True,True,True,True,True,True,True,True,True,True
locomo-hindsight,hindsight,rag,conv-43_q75,conv-43,75,4,True,What forum did Tim join recently?,fantasy literature forum,D2:1,1,True,61,523,True,True,7,False,False,False,False,True,True,True,True,True,True,True,True
locomo-hindsight,hindsight,rag,conv-43_q76,conv-43,76,4,True,What kind of picture did Tim share as part of their Harry Potter book collection?,MinaLima's creation from the Harry Potter films,D2:9,1,True,61,527,True,True,5,False,False,True,True,True,True,True,True,True,True,True,True
locomo-hindsight,hindsight,rag,conv-43_q77,conv-43,77,4,True,What was the highest number of points John scored in a game recently?,40 points,D3:1,1,True,64,507,True,True,3,False,False,True,True,True,True,True,True,True,True,True,True
locomo-hindsight,hindsight,rag,conv-43_q78,conv-43,78,4,True,What did John celebrate at a restaurant with teammates?,a tough win,D3:5,1,True,65,505,True,True,3,False,False,True,True,True,True,True,True,True,True,True,True
locomo-hindsight,hindsight,rag,conv-43_q79,conv-43,79,4,True,What kind of deals did John sign with Nike and Gatorade?,"basketball shoe and gear deal with Nike, potential sponsorship deal with Gatorade",D3:13,1,True,63,513,True,True,5,False,False,True,True,True,True,True,True,True,True,True,True
locomo-hindsight,hindsight,rag,conv-43_q80,conv-43,80,4,True,Which city is John excited to have a game at?,Seattle,D3:19,1,True,65,502,True,True,6,False,False,False,False,True,True,True,True,True,True,True,True
locomo-hindsight,hindsight,rag,conv-43_q81,conv-43,81,4,True,How long has John been surfing?,five years,D3:27,1,True,65,524,True,True,3,False,False,True,True,True,True,True,True,True,True,True,True
locomo-hindsight,hindsight,rag,conv-43_q82,conv-43,82,4,True,How does John feel while surfing?,super exciting and free-feeling,D3:29,1,True,65,515,True,True,2,False,False,True,True,True,True,True,True,True,True,True,True
locomo-hindsight,hindsight,rag,conv-43_q83,conv-43,83,4,True,What kind of articles has Tim been writing about for the online magazine?,"different fantasy novels, characters, themes, and book recommendations",D4:5,1,True,61,526,True,True,2,False,False,True,True,True,True,True,True,True,True,True,True
locomo-hindsight,hindsight,rag,conv-43_q84,conv-43,84,4,True,Which two fantasy novels does Tim particularly enjoy writing about?,Harry Potter and Game of Thrones,D4:7,1,True,61,520,True,True,2,False,False,True,True,True,True,True,True,True,True,True,True
locomo-hindsight,hindsight,rag,conv-43_q85,conv-43,85,4,True,What did Anthony and John end up playing during the charity event?,an intense Harry Potter trivia contest,D4:8,1,True,65,508,True,True,6,False,False,False,False,True,True,True,True,True,True,True,True
locomo-hindsight,hindsight,rag,conv-43_q86,conv-43,86,4,False,What did John share with the person he skyped about?,Characters from Harry Potter,D5:1,1,True,65,512,True,True,45,False,False,False,False,False,False,False,False,True,True,True,True
locomo-hindsight,hindsight,rag,conv-43_q87,conv-43,87,4,True,How did John describe the team bond?,Awesome,D5:6,1,True,65,502,True,True,8,False,False,False,False,True,True,True,True,True,True,True,True
locomo-hindsight,hindsight,rag,conv-43_q88,conv-43,88,4,True,How did John get introduced to basketball?,Dad signed him up for a local league,D6:13,1,True,63,503,True,True,23,False,False,False,False,False,False,False,False,True,True,True,True
locomo-hindsight,hindsight,rag,conv-43_q89,conv-43,89,4,True,What is John's number one goal in his basketball career?,Winning a championship,D6:15,1,True,63,514,True,True,28,False,False,False,False,False,False,False,False,True,True,True,True
locomo-hindsight,hindsight,rag,conv-43_q90,conv-43,90,4,True,What organization is John teaming up with for his charity work?,A local organization helping disadvantaged kids with sports and school,D6:17,1,True,64,522,True,True,3,False,False,True,True,True,True,True,True,True,True,True,True
locomo-hindsight,hindsight,rag,conv-43_q91,conv-43,91,4,True,When did John meet back up with his teammates after his trip in August 2023?,Aug 15th,D7:1,1,True,64,507,True,True,1,True,True,True,True,True,True,True,True,True,True,True,True
locomo-hindsight,hindsight,rag,conv-43_q92,conv-43,92,4,True,What did John's teammates give him when they met on Aug 15th?,a basketball with autographs on it,D7:7,1,True,63,507,True,True,1,True,True,True,True,True,True,True,True,True,True,True,True
locomo-hindsight,hindsight,rag,conv-43_q93,conv-43,93,4,True,Why did John's teammates sign the basketball they gave him?,to show their friendship and appreciation,D7:9,1,True,63,510,True,True,2,False,False,True,True,True,True,True,True,True,True,True,True
locomo-hindsight,hindsight,rag,conv-43_q94,conv-43,94,4,True,What is the main intention behind Tim wanting to attend the book conference?,to learn more about literature and create a stronger bond to it,D7:6,1,True,64,524,True,True,9,False,False,False,False,True,True,True,True,True,True,True,True
locomo-hindsight,hindsight,rag,conv-43_q95,conv-43,95,4,True,What new activity has Tim started learning in August 2023?,play the piano,D8:12,1,True,65,521,True,True,4,False,False,True,True,True,True,True,True,True,True,True,True
locomo-hindsight,hindsight,rag,conv-43_q96,conv-43,96,4,True,Which movie's theme is Tim's favorite to play on the piano?,"""Harry Potter and the Philosopher's Stone""",D8:14 D8:16,2,True,63,523,True,True,5,False,False,True,True,True,True,True,True,True,True,True,True
locomo-hindsight,hindsight,rag,conv-43_q97,conv-43,97,4,True,"What special memory does ""Harry Potter and the Philosopher's Stone"" bring to Tim?",Watching it with his family,D8:16,1,True,64,524,True,True,11,False,False,False,False,False,False,True,True,True,True,True,True
locomo-hindsight,hindsight,rag,conv-43_q98,conv-43,98,4,True,Which movie does Tim mention they enjoy watching during Thanksgiving?,"""Home Alone""",D8:24,1,True,64,526,True,True,8,False,False,False,False,True,True,True,True,True,True,True,True
locomo-hindsight,hindsight,rag,conv-43_q99,conv-43,99,4,True,What tradition does Tim mention they love during Thanksgiving?,Prepping the feast and talking about what they're thankful for,D8:22,1,True,65,525,True,True,17,False,False,False,False,False,False,True,True,True,True,True,True
locomo-hindsight,hindsight,rag,conv-43_q100,conv-43,100,4,True,How long did John and his high school basketball teammates play together?,Four years,D9:4,1,True,63,509,True,True,19,False,False,False,False,False,False,True,True,True,True,True,True
locomo-hindsight,hindsight,rag,conv-43_q101,conv-43,101,4,True,How was John's experience in New York City?,Amazing,D9:8,1,True,65,514,True,True,3,False,False,True,True,True,True,True,True,True,True,True,True
locomo-hindsight,hindsight,rag,conv-43_q102,conv-43,102,4,True,"What did John say about NYC, enticing Tim to visit?","It's got so much to check out - the culture, food - you won't regret it.",D9:10,1,True,64,534,True,True,3,False,False,True,True,True,True,True,True,True,True,True,True
locomo-hindsight,hindsight,rag,conv-43_q103,conv-43,103,4,True,What kind of soup did John make recently?,tasty soup with sage,D10:4 D10:8,2,True,65,523,True,True,6,False,False,False,False,True,True,True,True,True,True,True,True
locomo-hindsight,hindsight,rag,conv-43_q104,conv-43,104,4,True,What spice did John add to the soup for flavor?,sage,D10:8,1,True,65,527,True,True,2,False,False,True,True,True,True,True,True,True,True,True,True
locomo-hindsight,hindsight,rag,conv-43_q105,conv-43,105,4,True,What is Tim excited to see at Universal Studios?,The Harry Potter stuff,D10:11,1,True,64,528,True,True,5,False,False,True,True,True,True,True,True,True,True,True,True
locomo-hindsight,hindsight,rag,conv-43_q106,conv-43,106,4,True,Where are John and his teammates planning to explore on a team trip?,a new city,D11:7,1,True,63,510,True,True,5,False,False,True,True,True,True,True,True,True,True,True,True
locomo-hindsight,hindsight,rag,conv-43_q107,conv-43,107,4,True,What city did Tim suggest to John for the team trip next month?,"Edinburgh, Scotland",D11:10,1,True,63,520,True,True,9,False,False,False,False,True,True,True,True,True,True,True,True
locomo-hindsight,hindsight,rag,conv-43_q108,conv-43,108,4,True,What does John want to do after his basketball career?,"positively influence and inspire others, potentially start a foundation and engage in charity work",D11:19,1,True,63,513,True,True,28,False,False,False,False,False,False,False,False,True,True,True,True
locomo-hindsight,hindsight,rag,conv-43_q109,conv-43,109,4,True,What advice did Tim give John about picking endorsements?,"Ensure they align with values and brand, look for companies that share the desire to make a change and help others, make sure the endorsement feels authentic",D11:22,1,True,64,519,True,True,12,False,False,False,False,False,False,True,True,True,True,True,True
locomo-hindsight,hindsight,rag,conv-43_q110,conv-43,110,4,True,What book recommendation did Tim give to John for the trip?,A fantasy novel by Patrick Rothfuss,D11:24,1,True,65,536,True,True,7,False,False,False,False,True,True,True,True,True,True,True,True
locomo-hindsight,hindsight,rag,conv-43_q111,conv-43,111,4,True,What type of venue did John and his girlfriend choose for their wedding ceremony?,Greenhouse,D12:4,1,True,65,519,True,True,2,False,False,True,True,True,True,True,True,True,True,True,True
locomo-hindsight,hindsight,rag,conv-43_q112,conv-43,112,4,True,What was the setting for John and his wife's first dance?,Cozy restaurant,D12:10,1,True,65,515,True,True,1,True,True,True,True,True,True,True,True,True,True,True,True
locomo-hindsight,hindsight,rag,conv-43_q113,conv-43,113,4,False,Which basketball team does Tim support?,The Wolves,D12:21,1,True,64,510,True,True,12,False,False,False,False,False,False,True,True,True,True,True,True
locomo-hindsight,hindsight,rag,conv-43_q114,conv-43,114,4,True,What passion does Tim mention connects him with people from all over the world?,passion for fantasy stuff,D13:1,1,True,63,523,True,True,17,False,False,False,False,False,False,True,True,True,True,True,True
locomo-hindsight,hindsight,rag,conv-43_q115,conv-43,115,4,True,How does John describe the game season for his team?,intense with tough losses and great wins,D13:4,1,True,63,511,True,True,20,False,False,False,False,False,False,True,True,True,True,True,True
locomo-hindsight,hindsight,rag,conv-43_q116,conv-43,116,4,True,How does John say his team handles tough opponents?,by backing each other up and not quitting,D13:6,1,True,63,513,True,True,13,False,False,False,False,False,False,True,True,True,True,True,True
locomo-hindsight,hindsight,rag,conv-43_q117,conv-43,117,4,True,"What motivates John's team to get better, according to John?",facing tough opponents,D13:6,1,True,63,509,True,True,15,False,False,False,False,False,False,True,True,True,True,True,True
locomo-hindsight,hindsight,rag,conv-43_q118,conv-43,118,4,True,What did John's team win at the end of the season?,a trophy,D13:8,1,True,65,508,True,True,7,False,False,False,False,True,True,True,True,True,True,True,True
locomo-hindsight,hindsight,rag,conv-43_q119,conv-43,119,4,True,Where did Tim capture the photography of the sunset over the mountain range?,Smoky Mountains,D14:16,1,True,64,532,True,True,5,False,False,True,True,True,True,True,True,True,True,True,True
locomo-hindsight,hindsight,rag,conv-43_q120,conv-43,120,4,True,How does John feel about being seen as a mentor by some of the younger players?,It feels great,D14:11,1,True,64,510,True,True,8,False,False,False,False,True,True,True,True,True,True,True,True
locomo-hindsight,hindsight,rag,conv-43_q121,conv-43,121,4,True,What does John find rewarding about mentoring the younger players?,"Seeing their growth, improvement, and confidence",D14:7,1,True,63,511,True,True,6,False,False,False,False,True,True,True,True,True,True,True,True
locomo-hindsight,hindsight,rag,conv-43_q122,conv-43,122,4,True,What has John been able to help the younger players achieve?,reach their goals,D14:5,1,True,63,518,True,True,9,False,False,False,False,True,True,True,True,True,True,True,True
locomo-hindsight,hindsight,rag,conv-43_q123,conv-43,123,4,True,What genre is the novel that Tim is writing?,Fantasy,D15:3,1,True,64,522,True,True,3,False,False,True,True,True,True,True,True,True,True,True,True
locomo-hindsight,hindsight,rag,conv-43_q124,conv-43,124,4,True,Who is one of Tim's sources of inspiration for writing?,J.K. Rowling,D15:7,1,True,61,524,True,True,7,False,False,False,False,True,True,True,True,True,True,True,True
locomo-hindsight,hindsight,rag,conv-43_q125,conv-43,125,4,True,What J.K. Rowling quote does Tim resonate with?,"""Turn on the light - happiness hides in the darkest of times.""",D15:11,1,True,65,525,True,True,10,False,False,False,False,True,True,True,True,True,True,True,True
locomo-hindsight,hindsight,rag,conv-43_q126,conv-43,126,4,True,What does John write on the whiteboard to help him stay motivated?,motivational quotes and strategies,D15:14,1,True,64,522,True,True,6,False,False,False,False,True,True,True,True,True,True,True,True
locomo-hindsight,hindsight,rag,conv-43_q127,conv-43,127,4,True,What hobby is a therapy for John when away from the court?,Cooking,D15:30,1,True,63,510,True,True,25,False,False,False,False,False,False,False,False,True,True,True,True
locomo-hindsight,hindsight,rag,conv-43_q128,conv-43,128,4,True,What type of meal does John often cook using a slow cooker?,honey garlic chicken with roasted veg,D15:32 D15:33,2,True,65,521,True,True,4,False,False,True,True,True,True,True,True,True,True,True,True
locomo-hindsight,hindsight,rag,conv-43_q129,conv-43,129,4,True,How will John share the honey garlic chicken recipe with the other person?,write it down and mail it,D15:34,1,True,65,512,True,True,4,False,False,True,True,True,True,True,True,True,True,True,True
locomo-hindsight,hindsight,rag,conv-43_q130,conv-43,130,4,True,"What was Tim's huge writing issue last week,as mentioned on November 6, 2023?",He got stuck on a plot twist,D16:1,1,True,61,528,True,True,13,False,False,False,False,False,False,True,True,True,True,True,True
locomo-hindsight,hindsight,rag,conv-43_q131,conv-43,131,4,True,What does Tim have that serves as a reminder of hard work and is his prized possession?,a basketball signed by his favorite player,D16:7,1,True,65,522,True,True,3,False,False,True,True,True,True,True,True,True,True,True,True
locomo-hindsight,hindsight,rag,conv-43_q132,conv-43,132,4,True,Why do Tim and John find LeBron inspiring?,LeBron's determination and the epic block in Game 7 of the '16 Finals,D16:10 D16:9,2,True,62,513,True,True,8,False,False,False,False,True,True,True,True,True,True,True,True
locomo-hindsight,hindsight,rag,conv-43_q133,conv-43,133,4,True,How did John describe the views during their road trip out on the European coastline?,Spectacular,D17:3,1,True,65,527,True,True,4,False,False,True,True,True,True,True,True,True,True,True,True
locomo-hindsight,hindsight,rag,conv-43_q134,conv-43,134,4,True,"What is one of Tim's favorite fantasy TV shows, as mentioned on November 11, 2023?","""That""",D17:10,1,True,64,521,True,True,1,True,True,True,True,True,True,True,True,True,True,True,True
locomo-hindsight,hindsight,rag,conv-43_q135,conv-43,135,4,False,How does Tim stay motivated during difficult study sessions?,Visualizing goals and success,D18:6,1,True,65,524,True,True,11,False,False,False,False,False,False,True,True,True,True,True,True
locomo-hindsight,hindsight,rag,conv-43_q136,conv-43,136,4,False,"What did Tim say about his injury on 16 November, 2023?",The doctor said it's not too serious,D18:10,1,True,64,522,True,True,2,False,False,True,True,True,True,True,True,True,True,True,True
locomo-hindsight,hindsight,rag,conv-43_q137,conv-43,137,4,True,"What was the setback Tim faced in his writing project on 21 November, 2023?",Story based on experiences in the UK didn't go as planned,D19:3,1,True,65,525,True,True,2,False,False,True,True,True,True,True,True,True,True,True,True
locomo-hindsight,hindsight,rag,conv-43_q138,conv-43,138,4,True,How did John overcome his ankle injury from last season?,stayed focused on recovery and worked hard to strengthen his body,D19:6,1,True,63,512,True,True,7,False,False,False,False,True,True,True,True,True,True,True,True
locomo-hindsight,hindsight,rag,conv-43_q139,conv-43,139,4,True,What motivated Tim to keep pushing himself to get better in writing and reading?,Love for writing and reading,D19:9,1,True,64,526,True,True,7,False,False,False,False,True,True,True,True,True,True,True,True
locomo-hindsight,hindsight,rag,conv-43_q140,conv-43,140,4,True,How did John overcome a mistake he made during a big game in basketball?,Worked hard to get better and focused on growth,D19:10,1,True,63,511,True,True,12,False,False,False,False,False,False,True,True,True,True,True,True
locomo-hindsight,hindsight,rag,conv-43_q141,conv-43,141,4,True,What book did John recently finish rereading that left him feeling inspired and hopeful about following dreams?,The Alchemist,D19:20,1,True,64,522,True,True,5,False,False,True,True,True,True,True,True,True,True,True,True
locomo-hindsight,hindsight,rag,conv-43_q142,conv-43,142,4,True,"How did ""The Alchemist"" impact John's perspective on following dreams?",made him think again about following dreams and searching for personal legends,D19:20,1,True,65,523,True,True,4,False,False,True,True,True,True,True,True,True,True,True,True
locomo-hindsight,hindsight,rag,conv-43_q143,conv-43,143,4,True,What is John trying out to improve his strength and flexibility after recovery from ankle injury?,yoga,D20:2,1,True,63,513,True,True,5,False,False,True,True,True,True,True,True,True,True,True,True
locomo-hindsight,hindsight,rag,conv-43_q144,conv-43,144,4,True,How long does John usually hold the yoga pose he shared with Tim?,30-60 seconds,D20:10,1,True,64,522,True,True,12,False,False,False,False,False,False,True,True,True,True,True,True
locomo-hindsight,hindsight,rag,conv-43_q145,conv-43,145,4,True,"Where was the forest picture shared by John on December 1,2023 taken?",near his hometown,D20:28,1,True,65,505,True,True,1,True,True,True,True,True,True,True,True,True,True,True,True
locomo-hindsight,hindsight,rag,conv-43_q146,conv-43,146,4,True,What did Tim recently start learning in addition to being part of a travel club and working on studies?,an instrument,D21:9,1,True,64,524,True,True,1,True,True,True,True,True,True,True,True,True,True,True,True
locomo-hindsight,hindsight,rag,conv-43_q147,conv-43,147,4,True,What instrument is Tim learning to play in December 2023?,violin,D21:11,1,True,62,522,True,True,13,False,False,False,False,False,False,True,True,True,True,True,True
locomo-hindsight,hindsight,rag,conv-43_q148,conv-43,148,4,True,"How long has Tim been playing the piano for, as of December 2023?",about four months,D21:13,1,True,64,526,True,True,51,False,False,False,False,False,False,False,False,False,False,True,True
locomo-hindsight,hindsight,rag,conv-43_q149,conv-43,149,4,True,"What book did Tim just finish reading on 8th December, 2023?","""A Dance with Dragons""",D22:13,1,True,61,522,True,True,2,False,False,True,True,True,True,True,True,True,True,True,True
locomo-hindsight,hindsight,rag,conv-43_q150,conv-43,150,4,True,"Which book did Tim recommend to John as a good story on 8th December, 2023?","""A Dance with Dragons""",D22:13,1,True,64,528,True,True,6,False,False,False,False,True,True,True,True,True,True,True,True
locomo-hindsight,hindsight,rag,conv-43_q151,conv-43,151,4,True,"What is the topic of discussion between John and Tim on 11 December, 2023?",Academic achievements and sports successes,D23:1 D23:2 D23:3,3,True,64,530,True,True,35,False,False,False,False,False,False,False,False,True,True,True,True
locomo-hindsight,hindsight,rag,conv-43_q152,conv-43,152,4,True,What kind of game did John have a career-high in assists in?,basketball,D23:3,1,True,65,505,True,True,11,False,False,False,False,False,False,True,True,True,True,True,True
locomo-hindsight,hindsight,rag,conv-43_q153,conv-43,153,4,True,What was John's way of dealing with doubts and stress when he was younger?,practicing basketball outside for hours,D23:9,1,True,65,516,True,True,3,False,False,True,True,True,True,True,True,True,True,True,True
locomo-hindsight,hindsight,rag,conv-43_q154,conv-43,154,4,True,How did John feel about the atmosphere during the big game against the rival team?,electric and intense,D23:5,1,True,64,510,True,True,4,False,False,True,True,True,True,True,True,True,True,True,True
locomo-hindsight,hindsight,rag,conv-43_q155,conv-43,155,4,True,How did John feel after being able to jog without pain?,It was a huge success.,D24:16,1,True,64,508,True,True,3,False,False,True,True,True,True,True,True,True,True,True,True
locomo-hindsight,hindsight,rag,conv-43_q156,conv-43,156,4,True,What kind of deal did John get in December?,Deal with a renowned outdoor gear company,D25:2,1,True,65,523,True,True,4,False,False,True,True,True,True,True,True,True,True,True,True
locomo-hindsight,hindsight,rag,conv-43_q157,conv-43,157,4,True,Where was the photoshoot done for John's gear deal?,In a gorgeous forest,D25:4,1,True,65,513,True,True,2,False,False,True,True,True,True,True,True,True,True,True,True
locomo-hindsight,hindsight,rag,conv-43_q158,conv-43,158,4,True,In which area has John's team seen the most growth during training?,Communication and bonding,D25:14,1,True,65,500,True,True,7,False,False,False,False,True,True,True,True,True,True,True,True
locomo-hindsight,hindsight,rag,conv-43_q159,conv-43,159,4,True,What type of seminars is John conducting?,Sports and marketing seminars,D26:1,1,True,64,521,True,True,5,False,False,True,True,True,True,True,True,True,True,True,True
locomo-hindsight,hindsight,rag,conv-43_q160,conv-43,160,4,True,What activity did Tim do after reading the stories about the Himalayan trek?,visited a travel agency,D26:12,1,True,65,519,True,True,5,False,False,True,True,True,True,True,True,True,True,True,True
locomo-hindsight,hindsight,rag,conv-43_q161,conv-43,161,4,True,What is one cause that John supports with his influence and resources?,youth sports and fair chances in sports,D26:21,1,True,65,525,True,True,8,False,False,False,False,True,True,True,True,True,True,True,True
locomo-hindsight,hindsight,rag,conv-43_q162,conv-43,162,4,True,What new fantasy TV series is Tim excited about?,"""The Wheel of Time""",D26:36,1,True,61,524,True,True,7,False,False,False,False,True,True,True,True,True,True,True,True
locomo-hindsight,hindsight,rag,conv-43_q163,conv-43,163,4,True,Which language is Tim learning?,German,D27:5,1,True,64,526,True,True,4,False,False,True,True,True,True,True,True,True,True,True,True
locomo-hindsight,hindsight,rag,conv-43_q164,conv-43,164,4,False,What language does Tim know besides German?,Spanish,D27:6,1,True,62,524,True,True,5,False,False,True,True,True,True,True,True,True,True,True,True
locomo-hindsight,hindsight,rag,conv-43_q165,conv-43,165,4,False,What book did Tim get in Italy that inspired him to cook?,a cooking book,D27:4,1,True,65,526,True,True,7,False,False,False,False,True,True,True,True,True,True,True,True
locomo-hindsight,hindsight,rag,conv-43_q166,conv-43,166,4,True,What is John's favorite book series?,Harry Potter,D27:19,1,True,65,521,True,True,1,True,True,True,True,True,True,True,True,True,True,True,True
locomo-hindsight,hindsight,rag,conv-43_q167,conv-43,167,4,True,"According to John, who is his favorite character from Lord of the Rings?",Aragorn,D27:24,1,True,65,521,True,True,3,False,False,True,True,True,True,True,True,True,True,True,True
locomo-hindsight,hindsight,rag,conv-43_q168,conv-43,168,4,True,Why does John like Aragorn from Lord of the Rings?,"brave, selfless, down-to-earth attitude",D27:30,1,True,65,521,True,True,1,True,True,True,True,True,True,True,True,True,True,True,True
locomo-hindsight,hindsight,rag,conv-43_q169,conv-43,169,4,True,What kind of painting does John have in his room as a reminder?,a painting of Aragorn,D27:28,1,True,65,516,True,True,6,False,False,False,False,True,True,True,True,True,True,True,True
locomo-hindsight,hindsight,rag,conv-43_q170,conv-43,170,4,True,What is the painting of Aragorn a reminder for John to be in everything he does?,be a leader,D27:28,1,True,64,539,True,True,2,False,False,True,True,True,True,True,True,True,True,True,True
locomo-hindsight,hindsight,rag,conv-43_q171,conv-43,171,4,True,What map does Tim show to his friend John?,a map of Middle-earth from LOTR,D27:33,1,True,63,519,True,True,26,False,False,False,False,False,False,False,False,True,True,True,True
locomo-hindsight,hindsight,rag,conv-43_q172,conv-43,172,4,True,Where will Tim be going for a semester abroad?,Ireland,D28:1,1,True,63,521,True,True,12,False,False,False,False,False,False,True,True,True,True,True,True
locomo-hindsight,hindsight,rag,conv-43_q173,conv-43,173,4,True,Which city in Ireland will Tim be staying in during his semester abroad?,Galway,D28:3,1,True,64,521,True,True,4,False,False,True,True,True,True,True,True,True,True,True,True
locomo-hindsight,hindsight,rag,conv-43_q174,conv-43,174,4,True,What charity event did John organize recently in 2024?,benefit basketball game,D28:10,1,True,65,519,True,True,2,False,False,True,True,True,True,True,True,True,True,True,True
locomo-hindsight,hindsight,rag,conv-43_q175,conv-43,175,4,True,What achievement did John share with Tim in January 2024?,endorsement with a popular beverage company,D29:4,1,True,64,522,True,True,23,False,False,False,False,False,False,False,False,True,True,True,True
locomo-hindsight,hindsight,rag,conv-43_q176,conv-43,176,4,True,What was Johns's reaction to sealing the deal with the beverage company?,"crazy feeling, sense of accomplishment",D29:6,1,True,65,521,True,True,4,False,False,True,True,True,True,True,True,True,True,True,True
locomo-hindsight,hindsight,rag,conv-43_q177,conv-43,177,4,True,Which city did John recommend to Tim in January 2024?,Barcelona,D29:12,1,True,65,530,True,True,26,False,False,False,False,False,False,False,False,True,True,True,True
locomo-hindsight,hindsight,rag,conv-44_q0,conv-44,0,2,True,Which year did Audrey adopt the first three of her dogs?,2020,D1:7,1,True,63,495,True,True,22,False,False,False,False,False,False,False,False,True,True,True,True
locomo-hindsight,hindsight,rag,conv-44_q1,conv-44,1,2,True,When did Andrew start his new job as a financial analyst?,"The week before March 27, 2023",D1:2,1,True,65,498,True,True,5,False,False,True,True,True,True,True,True,True,True,True,True
locomo-hindsight,hindsight,rag,conv-44_q2,conv-44,2,1,True,What kind of indoor activities has Andrew pursued with his girlfriend?,"boardgames, volunteering at pet shelter, wine tasting, growing flowers",D13:1 D19:15 D23:1 D25:1,4,True,64,497,True,False,12,False,False,False,False,False,False,True,False,True,False,True,False
locomo-hindsight,hindsight,rag,conv-44_q3,conv-44,3,1,True,What kind of places have Andrew and his girlfriend checked out around the city?,"cafes, new places to eat, open space for hikes, pet shelter, wine tasting event, park",D13:1 D23:3 D25:1 D27:1 D3:1 D3:11 D4:2 D6:1,8,True,64,499,True,True,3,False,False,True,False,True,False,True,True,True,True,True,True
locomo-hindsight,hindsight,rag,conv-44_q4,conv-44,4,2,True,When did Audrey make muffins for herself?,The week of April 3rd to 9th,D3:18,1,True,64,438,True,True,9,False,False,False,False,True,True,True,True,True,True,True,True
locomo-hindsight,hindsight,rag,conv-44_q5,conv-44,5,2,True,When did Audrey see a hummingbird?,first week of May 2023,D4:1,1,True,65,498,True,True,1,True,True,True,True,True,True,True,True,True,True,True,True
locomo-hindsight,hindsight,rag,conv-44_q6,conv-44,6,2,True,When did Audrey adopt Pixie?,"around April 2, 2023",D2:1,1,True,64,493,True,True,7,False,False,False,False,True,True,True,True,True,True,True,True
locomo-hindsight,hindsight,rag,conv-44_q7,conv-44,7,2,True,How many years passed between Audrey adopting Pixie and her other three dogs?,three years,D1:7 D2:1,2,True,63,489,True,True,11,False,False,False,False,False,False,True,True,True,True,True,True
locomo-hindsight,hindsight,rag,conv-44_q8,conv-44,8,2,True,Did Andrew have a pet dog during March 2023?,No,D2:8,1,True,63,508,True,True,5,False,False,True,True,True,True,True,True,True,True,True,True
locomo-hindsight,hindsight,rag,conv-44_q9,conv-44,9,1,True,What kind of classes or groups has Audrey joined to take better care of her dogs?,"positive reinforcement training workshop to bond with pets, dog training course, agility training course, grooming course, dog-owners group",D10:1 D14:2 D16:6 D27:2 D6:2,5,True,64,470,True,True,6,False,False,False,False,True,False,True,False,True,True,True,True
locomo-hindsight,hindsight,rag,conv-44_q10,conv-44,10,2,True,When did Audrey's positive reinforcement training course for dogs take place?,"June, 2023",D6:2,1,True,62,463,True,True,1,True,True,True,True,True,True,True,True,True,True,True,True
locomo-hindsight,hindsight,rag,conv-44_q11,conv-44,11,2,True,When did Andrew go rock climbing?,"June 11, 2023",D8:1,1,True,64,518,True,True,5,False,False,True,True,True,True,True,True,True,True,True,True
locomo-hindsight,hindsight,rag,conv-44_q12,conv-44,12,1,True,What outdoor activities has Andrew done other than hiking in nature?,"rock climbing, fishing, camping",D14:1 D17:1 D8:1,3,True,65,524,True,True,3,False,False,True,False,True,False,True,False,True,True,True,True
locomo-hindsight,hindsight,rag,conv-44_q13,conv-44,13,2,True,When did Audrey move to a new place?,June 2023,D9:1,1,True,64,511,True,True,5,False,False,True,True,True,True,True,True,True,True,True,True
locomo-hindsight,hindsight,rag,conv-44_q14,conv-44,14,1,True,What is something that Andrew really misses while working in the city?,being in nature,D3:7 D9:20,2,True,64,492,True,True,3,False,False,True,False,True,False,True,False,True,True,True,True
locomo-hindsight,hindsight,rag,conv-44_q15,conv-44,15,1,True,What is a shared frustration regarding dog ownership for Audrey and Andrew?,Not being able to find pet friendly spots.,D10:5 D7:8,2,True,61,491,True,False,34,False,False,False,False,False,False,False,False,True,False,True,False
locomo-hindsight,hindsight,rag,conv-44_q16,conv-44,16,2,True,When is Andrew going to go hiking with Audrey?,August,D11:7,1,True,64,525,True,True,4,False,False,True,True,True,True,True,True,True,True,True,True
locomo-hindsight,hindsight,rag,conv-44_q17,conv-44,17,1,False,How many times did Audrey and Andew plan to hike together?,three times,D11:7 D24:13 D26:20,3,True,64,515,True,True,2,False,False,True,False,True,False,True,True,True,True,True,True
locomo-hindsight,hindsight,rag,conv-44_q18,conv-44,18,1,True,Where did Audrey get Pixie from?,breeder,D11:4 D2:1,2,True,63,490,True,True,6,False,False,False,False,True,True,True,True,True,True,True,True
locomo-hindsight,hindsight,rag,conv-44_q19,conv-44,19,3,True,What is an indoor activity that Andrew would enjoy doing while make his dog happy?,cook dog treats,D10:12 D12:1,2,True,63,498,True,True,31,False,False,False,False,False,False,False,False,True,True,True,True
locomo-hindsight,hindsight,rag,conv-44_q20,conv-44,20,3,True,Which meat does Audrey prefer eating more than others?,chicken,D10:13 D10:23,2,True,64,495,True,True,15,False,False,False,False,False,False,True,False,True,True,True,True
locomo-hindsight,hindsight,rag,conv-44_q21,conv-44,21,1,True,What are the classes that Audrey took for her dogs to?,"Positive reinforcement training class for bonding, dog training course, agility class",D10:1 D14:2 D6:4,3,True,65,497,True,True,6,False,False,False,False,True,False,True,False,True,True,True,True
locomo-hindsight,hindsight,rag,conv-44_q22,conv-44,22,2,True,Where did Andrew go during the first weekend of August 2023?,camping with girlfriend,D14:1,1,True,63,508,True,True,5,False,False,True,True,True,True,True,True,True,True,True,True
locomo-hindsight,hindsight,rag,conv-44_q23,conv-44,23,1,True,What are some problems that Andrew faces before he adopted Toby?,Finding the right dog and pet-friendly apartments close to open spaces,D2:12 D5:3 D5:5 D5:7,4,True,63,505,True,True,12,False,False,False,False,False,False,True,False,True,True,True,True
locomo-hindsight,hindsight,rag,conv-44_q24,conv-44,24,1,True,Did Audrey and Andrew grow up with a pet dog?,Yes,D13:10 D2:16,2,True,61,494,True,False,14,False,False,False,False,False,False,True,False,True,False,True,False
locomo-hindsight,hindsight,rag,conv-44_q25,conv-44,25,2,True,When did Andrew and his girlfriend go fishing?,"weekend before August 24, 2023",D17:1,1,True,65,509,True,True,3,False,False,True,True,True,True,True,True,True,True,True,True
locomo-hindsight,hindsight,rag,conv-44_q26,conv-44,26,1,True,What is the biggest stressor in Andrew's life besides not being able to hike frequently?,work,D10:16 D12:3 D16:1 D18:1,4,True,63,515,True,True,8,False,False,False,False,True,False,True,False,True,True,True,True
locomo-hindsight,hindsight,rag,conv-44_q27,conv-44,27,1,True,How does Andrew feel about his current work?,Stressful,D10:16 D12:3 D16:1 D18:1,4,True,65,499,True,True,8,False,False,False,False,True,False,True,True,True,True,True,True
locomo-hindsight,hindsight,rag,conv-44_q28,conv-44,28,1,True,What is something that Audrey often dresses up her dogs with?,Hats,D19:6 D4:23 D4:25,3,True,63,479,True,True,11,False,False,False,False,False,False,True,False,True,True,True,True
locomo-hindsight,hindsight,rag,conv-44_q29,conv-44,29,1,True,What are the names of Audrey's dogs?,"Pepper, Precious, Panda, and Pixie",D19:12 D1:7 D2:1,3,True,63,482,True,True,10,False,False,False,False,True,False,True,False,True,True,True,True
locomo-hindsight,hindsight,rag,conv-44_q30,conv-44,30,2,True,When is Andrew planning to go to the beach with his girlfriend?,November 2023,D20:1,1,True,64,512,True,True,2,False,False,True,True,True,True,True,True,True,True,True,True
locomo-hindsight,hindsight,rag,conv-44_q31,conv-44,31,1,True,What has Andrew done with his dogs?,Taking walks and hiking,D14:27 D24:8,2,True,63,502,True,True,11,False,False,False,False,False,False,True,False,True,True,True,True
locomo-hindsight,hindsight,rag,conv-44_q32,conv-44,32,1,True,What kind of tattoo does Audrey have on her arm?,Tattoos of her four dogs.,D15:1 D23:20 D3:26,3,True,64,492,True,True,3,False,False,True,False,True,True,True,True,True,True,True,True
locomo-hindsight,hindsight,rag,conv-44_q33,conv-44,33,3,False,What can Andrew potentially do to improve his stress and accomodate his living situation with his dogs?,Change to a hybrid or remote job so he can move away from the city to the suburbs to have a larger living space and be closer to nature.,D12:3 D18:1 D21:5,3,True,64,504,True,True,16,False,False,False,False,False,False,True,False,True,True,True,True
locomo-hindsight,hindsight,rag,conv-44_q34,conv-44,34,2,True,How many months passed between Andrew adopting Toby and Buddy?,three months,D12:1 D24:2,2,True,62,507,True,True,2,False,False,True,False,True,True,True,True,True,True,True,True
locomo-hindsight,hindsight,rag,conv-44_q35,conv-44,35,1,True,What are the names of Andrew's dogs?,"Toby, Scout, Buddy",D12:1 D24:6 D28:8,3,True,64,505,True,True,8,False,False,False,False,True,False,True,True,True,True,True,True
locomo-hindsight,hindsight,rag,conv-44_q36,conv-44,36,1,True,What are some foods that Audrey likes eating?,"chicken pot pie, chicken roast, blueberry muffins, sushi",D10:13 D10:23 D25:6 D3:18,4,True,64,496,True,True,10,False,False,False,False,True,False,True,False,True,True,True,True
locomo-hindsight,hindsight,rag,conv-44_q37,conv-44,37,2,False,When did Audrey get into an accident in the park?,"between October 19 and 24, 2023",D25:2,1,True,64,488,True,True,11,False,False,False,False,False,False,True,True,True,True,True,True
locomo-hindsight,hindsight,rag,conv-44_q38,conv-44,38,2,True,When did Andrew and his girlfriend go on a wine tasting trip?,"the weekend before October 24, 2023",D25:1,1,True,65,502,True,True,2,False,False,True,True,True,True,True,True,True,True,True,True
locomo-hindsight,hindsight,rag,conv-44_q39,conv-44,39,1,False,What did Audrey get wtih having so many dogs?,Companionship,D23:18 D2:15,2,True,63,475,True,False,3,False,False,True,False,True,False,True,False,True,False,True,False
locomo-hindsight,hindsight,rag,conv-44_q40,conv-44,40,1,True,What is a good place for dogs to run around freely and meet new friends?,The dog park,D14:2 D23:10 D4:25,3,True,61,497,True,True,4,False,False,True,False,True,False,True,False,True,True,True,True
locomo-hindsight,hindsight,rag,conv-44_q41,conv-44,41,1,True,What are the breeds of Audrey's dogs?,Mongrel mixed with Lab for Pepper and Panda. Mongrel mixed with Chihuahua for Precious and Pixie.,D19:12 D26:13,2,True,61,492,True,True,11,False,False,False,False,False,False,True,True,True,True,True,True
locomo-hindsight,hindsight,rag,conv-44_q42,conv-44,42,1,True,What technique is Audrey using to discipline her dogs?,Positive reinforcement,D26:5 D6:4,2,True,62,434,True,True,1,True,False,True,False,True,False,True,True,True,True,True,True
locomo-hindsight,hindsight,rag,conv-44_q43,conv-44,43,3,False,Which US state do Audrey and Andrew potentially live in?,Minnesota,D11:9,1,True,64,512,True,True,5,False,False,True,True,True,True,True,True,True,True,True,True
locomo-hindsight,hindsight,rag,conv-44_q44,conv-44,44,3,False,Which national park could Audrey and Andrew be referring to in their conversations?,Voyageurs National Park,D11:9 D5:8,2,True,62,511,True,True,1,True,False,True,False,True,True,True,True,True,True,True,True
locomo-hindsight,hindsight,rag,conv-44_q45,conv-44,45,2,True,"How many pets will Andrew have, as of December 2023?",three,D12:1 D24:2 D28:6,3,True,65,505,True,True,3,False,False,True,False,True,False,True,False,True,True,True,True
locomo-hindsight,hindsight,rag,conv-44_q46,conv-44,46,2,True,"How many pets did Andrew have, as of September 2023?",one,D12:1 D24:2,2,True,64,378,True,True,6,False,False,False,False,True,False,True,False,True,True,True,True
locomo-hindsight,hindsight,rag,conv-44_q47,conv-44,47,2,True,How many months passed between Andrew adopting Buddy and Scout,one month,D24:2 D28:6,2,True,62,507,True,True,3,False,False,True,False,True,True,True,True,True,True,True,True
locomo-hindsight,hindsight,rag,conv-44_q48,conv-44,48,1,True,What does Andrew view his pets as?,Family,D15:14 D28:18,2,True,63,504,True,True,3,False,False,True,False,True,False,True,True,True,True,True,True
locomo-hindsight,hindsight,rag,conv-44_q49,conv-44,49,1,True,What does Audrey view her pets as?,Family,D15:15 D23:18,2,True,64,495,True,True,12,False,False,False,False,False,False,True,False,True,True,True,True
locomo-hindsight,hindsight,rag,conv-44_q50,conv-44,50,1,True,What is a skill that Audrey learned to take care of her dogs?,Grooming,D16:2 D17:4,2,True,63,391,True,True,14,False,False,False,False,False,False,True,True,True,True,True,True
locomo-hindsight,hindsight,rag,conv-44_q51,conv-44,51,1,True,What items has Audrey bought or made for her dogs?,"dog tags, toys, dog beds, collars",D18:10 D1:2 D24:1 D9:5,4,True,64,501,True,True,18,False,False,False,False,False,False,True,False,True,True,True,True
locomo-hindsight,hindsight,rag,conv-44_q52,conv-44,52,3,False,What is something that Andrew could do to make birdwatching hobby to fit in his city schedule?,Install a bird feeder outside where he can see the birds without going outdoors.,D1:14 D20:21 D20:5 D23:1,4,True,65,514,True,True,7,False,False,False,False,True,False,True,False,True,True,True,True
locomo-hindsight,hindsight,rag,conv-44_q53,conv-44,53,3,True,What is a career that Andrew could potentially pursue with his love for animals and nature?,Park ranger or a similar position working for the National Park Services.,D2:18 D3:1 D5:7 D8:27,4,True,65,512,True,True,1,True,False,True,False,True,False,True,False,True,True,True,True
locomo-hindsight,hindsight,rag,conv-44_q54,conv-44,54,1,True,What activity do Audrey's dogs like to do in the dog park?,"Play fetch with ball and frisbee, run around and meet other dogs",D10:7 D13:8 D23:14 D27:12 D4:21,5,True,63,494,True,True,9,False,False,False,False,True,False,True,False,True,True,True,True
locomo-hindsight,hindsight,rag,conv-44_q55,conv-44,55,2,True,When did Andrew make his dogs a fun indoor area?,"few days before November 22, 2023",D28:12,1,True,65,501,True,True,17,False,False,False,False,False,False,True,True,True,True,True,True
locomo-hindsight,hindsight,rag,conv-44_q56,conv-44,56,1,True,Has Andrew moved into a new apartment for his dogs?,No,D28:12 D5:5,2,True,62,510,True,True,8,False,False,False,False,True,False,True,True,True,True,True,True
locomo-hindsight,hindsight,rag,conv-44_q57,conv-44,57,2,True,When did Andrew adopt Scout?,few days before November 2023,D28:6,1,True,64,503,True,True,4,False,False,True,True,True,True,True,True,True,True,True,True
locomo-hindsight,hindsight,rag,conv-44_q58,conv-44,58,2,True,"What did Audrey eat for dinner on October 24, 2023?",sushi,D25:14,1,True,65,496,True,True,3,False,False,True,True,True,True,True,True,True,True,True,True
locomo-hindsight,hindsight,rag,conv-44_q59,conv-44,59,2,True,"How long has it been since Andrew adopted his first pet, as of November 2023?",4 months,D12:1,1,True,64,505,True,True,6,False,False,False,False,True,True,True,True,True,True,True,True
locomo-hindsight,hindsight,rag,conv-44_q60,conv-44,60,1,True,How many dogs does Andrew have?,3,D12:1 D24:2 D28:6,3,True,64,499,True,True,22,False,False,False,False,False,False,False,False,True,True,True,True
locomo-hindsight,hindsight,rag,conv-44_q61,conv-44,61,4,True,Which specific type of bird mesmerizes Andrew?,Eagles,D1:16,1,True,64,495,True,True,3,False,False,True,True,True,True,True,True,True,True,True,True
locomo-hindsight,hindsight,rag,conv-44_q62,conv-44,62,4,True,What did Andrew express missing about exploring nature trails with his family's dog?,The peaceful moments,D2:18,1,True,65,520,True,True,8,False,False,False,False,True,True,True,True,True,True,True,True
locomo-hindsight,hindsight,rag,conv-44_q63,conv-44,63,4,True,What kind of pastries did Andrew and his girlfriend have at the cafe?,"croissants, muffins, and tarts",D3:17,1,True,64,488,True,True,17,False,False,False,False,False,False,True,True,True,True,True,True
locomo-hindsight,hindsight,rag,conv-44_q64,conv-44,64,4,True,What kind of flowers does Audrey have a tattoo of?,sunflowers,D3:26,1,True,64,486,True,True,16,False,False,False,False,False,False,True,True,True,True,True,True
locomo-hindsight,hindsight,rag,conv-44_q65,conv-44,65,4,True,What does Audrey do during dog playdates in the park?,chat with people while dogs make new friends,D4:21,1,True,63,494,True,True,10,False,False,False,False,True,True,True,True,True,True,True,True
locomo-hindsight,hindsight,rag,conv-44_q66,conv-44,66,4,True,What type of dog was Andrew looking to adopt based on his living space?,smaller dog,D5:3,1,True,64,506,True,True,6,False,False,False,False,True,True,True,True,True,True,True,True
locomo-hindsight,hindsight,rag,conv-44_q67,conv-44,67,4,True,"Where does Andrew want to live to give their dog a large, open space to run around?",near a park or woods,D5:7,1,True,64,509,True,True,7,False,False,False,False,True,True,True,True,True,True,True,True
locomo-hindsight,hindsight,rag,conv-44_q68,conv-44,68,4,True,Why did Audrey sign up for a workshop about bonding with pets?,Strengthen the bond with her pets,D6:2,1,True,64,502,True,True,1,True,True,True,True,True,True,True,True,True,True,True,True
locomo-hindsight,hindsight,rag,conv-44_q69,conv-44,69,4,True,How did Audrey hear about the workshop on bonding with pets?,Saw a workshop flyer at the local pet store,D6:4,1,True,64,445,True,True,1,True,True,True,True,True,True,True,True,True,True,True,True
locomo-hindsight,hindsight,rag,conv-44_q70,conv-44,70,4,True,What type of training was the workshop Audrey signed up for in May 2023?,Positive reinforcement training,D6:4,1,True,65,511,True,True,1,True,True,True,True,True,True,True,True,True,True,True,True
locomo-hindsight,hindsight,rag,conv-44_q71,conv-44,71,4,True,How did Audrey describe she dog he met at the pet store?,Friendly and playful,D6:4,1,True,63,488,True,True,1,True,True,True,True,True,True,True,True,True,True,True,True
locomo-hindsight,hindsight,rag,conv-44_q72,conv-44,72,4,True,Why did Audrey think positive reinforcement training is important for pets?,To have pets learn how to behave in a positive way,D6:12,1,True,64,374,True,True,6,False,False,False,False,True,True,True,True,True,True,True,True
locomo-hindsight,hindsight,rag,conv-44_q73,conv-44,73,4,True,What challenge is Andrew facing in their search for a pet?,Finding a pet-friendly spot in the city,D7:8,1,True,63,506,True,True,8,False,False,False,False,True,True,True,True,True,True,True,True
locomo-hindsight,hindsight,rag,conv-44_q74,conv-44,74,4,True,How does Andrew feel about their search for a pet-friendly place?,Discouraged but determined,D7:8,1,True,64,518,True,True,6,False,False,False,False,True,True,True,True,True,True,True,True
locomo-hindsight,hindsight,rag,conv-44_q75,conv-44,75,4,True,What outdoor activities does Andrew plan on trying after the rock climbing class?,kayaking and bungee jumping,D8:7,1,True,65,513,True,True,6,False,False,False,False,True,True,True,True,True,True,True,True
locomo-hindsight,hindsight,rag,conv-44_q76,conv-44,76,4,True,How long does Audrey typically walk her dogs for?,about an hour,D8:14,1,True,63,497,True,True,5,False,False,True,True,True,True,True,True,True,True,True,True
locomo-hindsight,hindsight,rag,conv-44_q77,conv-44,77,4,True,"What did Audrey set up in the backyard for their dogs on June 26, 2023?",a doggy play area with agility stuff and toys,D9:5,1,True,63,410,True,True,1,True,True,True,True,True,True,True,True,True,True,True,True
locomo-hindsight,hindsight,rag,conv-44_q78,conv-44,78,4,True,"What did Audrey and her friends stumble across during a hike a few years back, as mentioned on June 26, 2023?",a stunning lake in the mountains,D9:23,1,True,64,513,True,True,1,True,True,True,True,True,True,True,True,True,True,True,True
locomo-hindsight,hindsight,rag,conv-44_q79,conv-44,79,4,True,"What is Audrey's favorite recipe that she shares with Andrew on 3 July, 2023?",Chicken Pot Pie,D10:13,1,True,62,513,True,True,2,False,False,True,True,True,True,True,True,True,True,True,True
locomo-hindsight,hindsight,rag,conv-44_q80,conv-44,80,4,True,"What dish is one of Audrey's favorite dishes that includes garlic and is shared with Andrew on 3 July, 2023?",Roasted Chicken,D10:23,1,True,62,505,True,True,1,True,True,True,True,True,True,True,True,True,True,True,True
locomo-hindsight,hindsight,rag,conv-44_q81,conv-44,81,4,False,"What did Andrew and his GF do on the Monday before July 24, 2023?",volunteered at a pet shelter,D13:1,1,True,64,506,True,True,3,False,False,True,True,True,True,True,True,True,True,True,True
locomo-hindsight,hindsight,rag,conv-44_q82,conv-44,82,4,True,What is the name of Audrey's childhood dog?,Max,D13:8,1,True,63,487,True,True,7,False,False,False,False,True,True,True,True,True,True,True,True
locomo-hindsight,hindsight,rag,conv-44_q83,conv-44,83,4,True,"What special memories does Audrey have with her childhood dog, Max?","Long walks in the neighborhood, exploring new paths, sharing worries and hopes",D13:10,1,True,63,471,True,True,9,False,False,False,False,True,True,True,True,True,True,True,True
locomo-hindsight,hindsight,rag,conv-44_q84,conv-44,84,4,True,What are some of the personalities of Audrey's four fur babies?,"oldest is relaxed, second is playful, third can be naughty but loves cuddles, youngest is full of life",D13:6,1,True,64,495,True,True,6,False,False,False,False,True,True,True,True,True,True,True,True
locomo-hindsight,hindsight,rag,conv-44_q85,conv-44,85,4,True,"What type of classes did Audrey start with her pups recently on 4 August, 2023?",Agility classes,D14:2,1,True,63,488,True,True,3,False,False,True,True,True,True,True,True,True,True,True,True
locomo-hindsight,hindsight,rag,conv-44_q86,conv-44,86,4,True,How often does Audrey take her pups to the park for practice?,Twice a week,D14:4,1,True,64,491,True,True,13,False,False,False,False,False,False,True,True,True,True,True,True
locomo-hindsight,hindsight,rag,conv-44_q87,conv-44,87,4,True,How long did the trail hike that Audrey went on with her pups take?,Two hours,D14:8,1,True,65,497,True,True,6,False,False,False,False,True,True,True,True,True,True,True,True
locomo-hindsight,hindsight,rag,conv-44_q88,conv-44,88,4,True,What advice did Audrey give to Andrew regarding grooming Toby?,"Grooming slowly and gently, paying attention to sensitive areas like ears and paws. And remember to stay patient and positive throughout the grooming process.",D16:8,1,True,61,499,True,True,8,False,False,False,False,True,True,True,True,True,True,True,True
locomo-hindsight,hindsight,rag,conv-44_q89,conv-44,89,4,True,What is essential to keep the dogs looking good according to Audrey?,"Daily brushing, regular baths, nail trims, and lots of love",D17:4,1,True,61,431,True,True,12,False,False,False,False,False,False,True,True,True,True,True,True
locomo-hindsight,hindsight,rag,conv-44_q90,conv-44,90,4,True,What did Audrey organize with the neighbors' dogs?,a doggy playdate,D18:6,1,True,63,453,True,True,16,False,False,False,False,False,False,True,True,True,True,True,True
locomo-hindsight,hindsight,rag,conv-44_q91,conv-44,91,4,True,What did Audrey do to give her dogs extra comfort as the weather cooled down?,Got new beds for them,D18:10,1,True,63,476,True,True,4,False,False,True,True,True,True,True,True,True,True,True,True
locomo-hindsight,hindsight,rag,conv-44_q92,conv-44,92,4,True,How does Audrey describe the new beds for her dogs?,Super cozy and comfy,D18:12,1,True,63,469,True,True,12,False,False,False,False,False,False,True,True,True,True,True,True
locomo-hindsight,hindsight,rag,conv-44_q93,conv-44,93,4,True,How did Audrey calm down her dog after the leash incident?,"Petted, hugged, spoke calmly and slowly walked the dog",D19:4,1,True,62,483,True,True,7,False,False,False,False,True,True,True,True,True,True,True,True
locomo-hindsight,hindsight,rag,conv-44_q94,conv-44,94,4,True,How often does Audrey take her dogs for walks?,Multiple times a day,D19:10,1,True,63,499,True,True,10,False,False,False,False,True,True,True,True,True,True,True,True
locomo-hindsight,hindsight,rag,conv-44_q95,conv-44,95,4,True,What kind of flowers does Audrey take care of?,Peruvian Lilies,D19:20,1,True,64,493,True,True,8,False,False,False,False,True,True,True,True,True,True,True,True
locomo-hindsight,hindsight,rag,conv-44_q96,conv-44,96,4,True,What did Andrew learn from reading books about ecological systems?,"about animals, plants, and ecosystems and how they work together",D20:25,1,True,65,494,True,True,4,False,False,True,True,True,True,True,True,True,True,True,True
locomo-hindsight,hindsight,rag,conv-44_q97,conv-44,97,4,True,What did Andrew suggest as a way to reduce carbon footprint?,biking or using public transport,D20:33,1,True,65,523,True,True,4,False,False,True,True,True,True,True,True,True,True,True,True
locomo-hindsight,hindsight,rag,conv-44_q98,conv-44,98,4,True,How does Andrew suggest helping the planet while also training the body?,by biking,D20:35,1,True,65,515,True,True,3,False,False,True,True,True,True,True,True,True,True,True,True
locomo-hindsight,hindsight,rag,conv-44_q99,conv-44,99,4,True,"What did Audrey do with her pups over the weekend before 4th October, 2023?",Took them to the beach,D21:2,1,True,64,503,True,True,15,False,False,False,False,False,False,True,True,True,True,True,True
locomo-hindsight,hindsight,rag,conv-44_q100,conv-44,100,4,True,What was the reason Audrey couldn't walk her dogs for a period of time?,Knee injury,D22:1,1,True,64,490,True,True,7,False,False,False,False,True,True,True,True,True,True,True,True
locomo-hindsight,hindsight,rag,conv-44_q101,conv-44,101,4,True,What type of jewelry does Audrey make?,Jewelry made from recycled objects,D22:5,1,True,64,509,True,True,3,False,False,True,True,True,True,True,True,True,True,True,True
locomo-hindsight,hindsight,rag,conv-44_q102,conv-44,102,4,True,Why does Audrey make jewelry out of recycled objects?,To show love for creativity and sustainability,D22:5,1,True,64,512,True,True,2,False,False,True,True,True,True,True,True,True,True,True,True
locomo-hindsight,hindsight,rag,conv-44_q103,conv-44,103,4,True,What organization does Audrey donate a portion of his profits to?,Animal shelter,D22:7,1,True,65,493,True,True,5,False,False,True,True,True,True,True,True,True,True,True,True
locomo-hindsight,hindsight,rag,conv-44_q104,conv-44,104,4,True,How does Audrey help out the animal shelter?,By donating a portion of his profits frmo selling jwelery,D22:9,1,True,64,502,True,True,3,False,False,True,True,True,True,True,True,True,True,True,True
locomo-hindsight,hindsight,rag,conv-44_q105,conv-44,105,4,True,What type of games do Audrey's dogs like to play at the park?,Fetch and Frisbee,D23:14,1,True,64,496,True,True,19,False,False,False,False,False,False,True,True,True,True,True,True
locomo-hindsight,hindsight,rag,conv-44_q106,conv-44,106,4,True,What did Audrey make to thank her neighbors?,Goodies,D23:2,1,True,64,426,True,True,5,False,False,True,True,True,True,True,True,True,True,True,True
locomo-hindsight,hindsight,rag,conv-44_q107,conv-44,107,4,True,How do Audrey's dogs react to snow?,Confused,D23:12,1,True,63,498,True,True,9,False,False,False,False,True,True,True,True,True,True,True,True
locomo-hindsight,hindsight,rag,conv-44_q108,conv-44,108,4,True,How does Audrey describe her dogs' response to snow?,"They definitely prefer nice, sunny days in the grass.",D23:12,1,True,63,454,True,True,12,False,False,False,False,False,False,True,True,True,True,True,True
locomo-hindsight,hindsight,rag,conv-44_q109,conv-44,109,4,True,What kind of experiences are Audrey's dogs the best companions for?,Exploring the great outdoors,D23:24,1,True,63,500,True,True,24,False,False,False,False,False,False,False,False,True,True,True,True
locomo-hindsight,hindsight,rag,conv-44_q110,conv-44,110,4,True,What activity do Andrew and Buddy enjoy doing together?,Walking,D24:8,1,True,64,495,True,True,6,False,False,False,False,True,True,True,True,True,True,True,True
locomo-hindsight,hindsight,rag,conv-44_q111,conv-44,111,4,True,What do Andrew and Buddy like doing on walks?,Checking out new hiking trails,D24:10,1,True,64,515,True,True,3,False,False,True,True,True,True,True,True,True,True,True,True
locomo-hindsight,hindsight,rag,conv-44_q112,conv-44,112,4,True,What cuisine did Andrew recently try at a new spot in town?,sushi,D25:3,1,True,65,510,True,True,3,False,False,True,True,True,True,True,True,True,True,True,True
locomo-hindsight,hindsight,rag,conv-44_q113,conv-44,113,4,True,Which type of sushi did Audrey suggest trying first to someone new to sushi?,California or salmon roll,D25:8,1,True,64,499,True,True,6,False,False,False,False,True,True,True,True,True,True,True,True
locomo-hindsight,hindsight,rag,conv-44_q114,conv-44,114,4,True,What type of date is Andrew going on Sunday?,picnic date,D26:20,1,True,64,503,True,True,10,False,False,False,False,True,True,True,True,True,True,True,True
locomo-hindsight,hindsight,rag,conv-44_q115,conv-44,115,4,True,"What did Andrew and Audrey plan to do on the Saturday after October 28, 2023?",Go hiking,D26:20,1,True,62,519,True,True,1,True,True,True,True,True,True,True,True,True,True,True,True
locomo-hindsight,hindsight,rag,conv-44_q116,conv-44,116,4,True,What aspect of autumn does Andrew find beautiful?,The autumn colors,D26:36,1,True,65,511,True,True,6,False,False,False,False,True,True,True,True,True,True,True,True
locomo-hindsight,hindsight,rag,conv-44_q117,conv-44,117,4,True,What did Audrey do in November 2023 to better take care of her dogs?,Joined a dog owners group,D27:2,1,True,64,401,True,True,2,False,False,True,True,True,True,True,True,True,True,True,True
locomo-hindsight,hindsight,rag,conv-44_q118,conv-44,118,4,True,How often does Audrey meet up with other dog owners for tips and playdates?,Once a week,D27:4,1,True,63,499,True,True,3,False,False,True,True,True,True,True,True,True,True,True,True
locomo-hindsight,hindsight,rag,conv-44_q119,conv-44,119,4,True,What did Audrey share to show ways to keep dogs active in the city?,photography of a basket full of stuffed animals,D27:10,1,True,63,497,True,True,6,False,False,False,False,True,True,True,True,True,True,True,True
locomo-hindsight,hindsight,rag,conv-44_q120,conv-44,120,4,True,What type of activities does Audrey suggest for mental stimulation of the dogs?,"puzzles, training, hide-and-seek",D27:14,1,True,63,498,True,True,5,False,False,True,True,True,True,True,True,True,True,True,True
locomo-hindsight,hindsight,rag,conv-44_q121,conv-44,121,4,True,"What is Andrew planning to do with Scout, Toby, and Buddy?",Take them to a nearby park,D28:10,1,True,64,506,True,True,7,False,False,False,False,True,True,True,True,True,True,True,True
locomo-hindsight,hindsight,rag,conv-44_q122,conv-44,122,4,True,What did Andrew get for Scout to create a safe and fun space for them?,"essentials like a bed, toys, and puppy pads",D28:12,1,True,65,507,True,True,5,False,False,True,True,True,True,True,True,True,True,True,True
locomo-hindsight,hindsight,rag,conv-47_q0,conv-47,0,3,True,What are John's suspected health problems?,Obesity,D1:27,1,True,63,588,True,True,46,False,False,False,False,False,False,False,False,True,True,True,True
locomo-hindsight,hindsight,rag,conv-47_q1,conv-47,1,2,True,"Which recreational activity was James pursuing on March 16, 2022?",bowling,D1:26,1,True,63,582,True,True,1,True,True,True,True,True,True,True,True,True,True,True,True
locomo-hindsight,hindsight,rag,conv-47_q2,conv-47,2,1,True,Which places or events have John and James planned to meet at?,"VR Club, McGee's, baseball game",D1:36 D21:15 D23:5 D23:6,4,True,63,599,True,True,1,True,False,True,False,True,False,True,True,True,True,True,True
locomo-hindsight,hindsight,rag,conv-47_q3,conv-47,3,1,True,Do both James and John have pets?,No,D1:12 D2:18,2,True,61,593,True,True,13,False,False,False,False,False,False,True,False,True,True,True,True
locomo-hindsight,hindsight,rag,conv-47_q4,conv-47,4,2,True,When did John resume playing drums in his adulthood?,February 2022,D3:5,1,True,64,583,True,True,5,False,False,True,True,True,True,True,True,True,True,True,True
locomo-hindsight,hindsight,rag,conv-47_q5,conv-47,5,1,True,What are John and James' favorite games?,"John's favorite game is CS:GO, and James's is Apex Legends.",D3:11 D4:16,2,True,63,586,True,True,5,False,False,True,False,True,True,True,True,True,True,True,True
locomo-hindsight,hindsight,rag,conv-47_q6,conv-47,6,3,True,Does James live in Connecticut?,Likely yes,D5:1,1,True,63,586,True,True,30,False,False,False,False,False,False,False,False,True,True,True,True
locomo-hindsight,hindsight,rag,conv-47_q7,conv-47,7,3,True,In which state is the shelter from which James adopted the puppy?,Connecticut.,D5:1,1,True,64,580,True,True,10,False,False,False,False,True,True,True,True,True,True,True,True
locomo-hindsight,hindsight,rag,conv-47_q8,conv-47,8,1,True,How many pets does James have?,Three dogs.,D1:12 D1:14 D5:1,3,True,63,576,True,True,8,False,False,False,False,True,True,True,True,True,True,True,True
locomo-hindsight,hindsight,rag,conv-47_q9,conv-47,9,1,True,What are the names of James's dogs?,"Ned, Daisy, Max",D1:14 D5:1,2,True,63,577,True,True,10,False,False,False,False,True,False,True,False,True,True,True,True
locomo-hindsight,hindsight,rag,conv-47_q10,conv-47,10,2,True,When did James adopt Ned?,first week of April 2022,D5:1,1,True,62,590,True,True,6,False,False,False,False,True,True,True,True,True,True,True,True
locomo-hindsight,hindsight,rag,conv-47_q11,conv-47,11,2,True,"How was John feeling on April 10, 2022?",seeking solitude,D6:7,1,True,64,586,True,True,9,False,False,False,False,True,True,True,True,True,True,True,True
locomo-hindsight,hindsight,rag,conv-47_q12,conv-47,12,3,True,Did James have a girlfriend during April 2022?,Presumably not,D6:6,1,True,62,579,True,True,4,False,False,True,True,True,True,True,True,True,True,True,True
locomo-hindsight,hindsight,rag,conv-47_q13,conv-47,13,2,True,When did James visit Italy?,In 2021,D6:12,1,True,62,585,True,True,5,False,False,True,True,True,True,True,True,True,True,True,True
locomo-hindsight,hindsight,rag,conv-47_q14,conv-47,14,2,True,When did James buy himself a new adventure book?,"April 26, 2022",D8:11,1,True,63,582,True,True,10,False,False,False,False,True,True,True,True,True,True,True,True
locomo-hindsight,hindsight,rag,conv-47_q15,conv-47,15,2,True,When did James start playing Civilization VI?,March 2022,D8:29,1,True,63,584,True,True,1,True,True,True,True,True,True,True,True,True,True,True,True
locomo-hindsight,hindsight,rag,conv-47_q16,conv-47,16,3,False,What is the game with different colored cards that was John talking about with James?,UNO,D8:34,1,True,63,586,True,True,5,False,False,True,True,True,True,True,True,True,True,True,True
locomo-hindsight,hindsight,rag,conv-47_q17,conv-47,17,3,False,What is the board game where you have to find the imposter that John mentions to James?,Mafia,D8:36,1,True,61,588,True,True,8,False,False,False,False,True,True,True,True,True,True,True,True
locomo-hindsight,hindsight,rag,conv-47_q18,conv-47,18,1,True,Which books has John recommended to James?,"The Name of the Wind, Stormlight Archive, Kingkiller Chronicles, Expanse",D14:10 D8:14,2,True,63,589,True,True,9,False,False,False,False,True,False,True,False,True,True,True,True
locomo-hindsight,hindsight,rag,conv-47_q19,conv-47,19,3,False,Was James feeling lonely before meeting Samantha?,"Most likely yes, because he mentioned that the only creatures that gave him joy are dogs and he was actively trying to date.",D9:16,1,True,63,585,True,True,21,False,False,False,False,False,False,False,False,True,True,True,True
locomo-hindsight,hindsight,rag,conv-47_q20,conv-47,20,1,False,How many charity tournaments has John organized till date?,two,D10:2 D29:1,2,True,64,590,True,True,4,False,False,True,False,True,True,True,True,True,True,True,True
locomo-hindsight,hindsight,rag,conv-47_q21,conv-47,21,2,True,When did John first organize a charity tournament with his friends?,"May 7, 2022",D10:2,1,True,63,583,True,True,6,False,False,False,False,True,True,True,True,True,True,True,True
locomo-hindsight,hindsight,rag,conv-47_q22,conv-47,22,1,True,Who or which organizations have been the beneficiaries of John's charity tournaments?,"animal shelter, homeless, children's hospital",D10:10 D10:12 D29:1,3,True,63,590,True,True,7,False,False,False,False,True,True,True,True,True,True,True,True
locomo-hindsight,hindsight,rag,conv-47_q23,conv-47,23,2,True,When will John start his new job?,"In July, 2022",D13:5,1,True,64,589,True,True,5,False,False,True,True,True,True,True,True,True,True,True,True
locomo-hindsight,hindsight,rag,conv-47_q24,conv-47,24,1,False,What kind of games has James tried to develop?,"football simulator, virtual world inspired by Witcher 3",D13:7 D1:4 D27:2,3,True,61,580,True,True,7,False,False,False,False,True,False,True,False,True,True,True,True
locomo-hindsight,hindsight,rag,conv-47_q25,conv-47,25,3,True,Are John and James fans of the same football team?,"No, James is a Liverpool fan and John is a Manchester City fan.",D13:12 D13:15,2,True,63,588,True,True,9,False,False,False,False,True,True,True,True,True,True,True,True
locomo-hindsight,hindsight,rag,conv-47_q26,conv-47,26,1,True,Which countries has James visited?,"Italy, Mexico, Turkey, Canada, Greenland",D16:9 D17:22 D6:12 D6:14,4,True,62,577,True,True,2,False,False,True,False,True,True,True,True,True,True,True,True
locomo-hindsight,hindsight,rag,conv-47_q27,conv-47,27,1,True,What kind of classes has James joined?,"game design course, cooking classes",D13:6 D23:13,2,True,64,573,True,True,7,False,False,False,False,True,False,True,False,True,True,True,True
locomo-hindsight,hindsight,rag,conv-47_q28,conv-47,28,2,True,When did James volunteer at an organization?,May 2022,D15:9,1,True,63,577,True,True,1,True,True,True,True,True,True,True,True,True,True,True,True
locomo-hindsight,hindsight,rag,conv-47_q29,conv-47,29,2,True,When did James depart for his trip to Canada?,"July 11, 2022",D16:9,1,True,61,583,True,True,26,False,False,False,False,False,False,False,False,True,True,True,True
locomo-hindsight,hindsight,rag,conv-47_q30,conv-47,30,3,True,Which country did James book tickets for in July 2022?,Canada,D16:11 D16:9,2,True,62,577,True,True,2,False,False,True,True,True,True,True,True,True,True,True,True
locomo-hindsight,hindsight,rag,conv-47_q31,conv-47,31,2,False,How many days did James plan to spend on his trip in Canada?,19 days,D16:13 D16:9,2,True,63,580,True,True,17,False,False,False,False,False,False,True,True,True,True,True,True
locomo-hindsight,hindsight,rag,conv-47_q32,conv-47,32,2,True,"Where was James at on July 12, 2022?","Toronto, Canada",D16:9,1,True,63,583,True,True,7,False,False,False,False,True,True,True,True,True,True,True,True
locomo-hindsight,hindsight,rag,conv-47_q33,conv-47,33,3,False,Did John and James study together?,Yes,D17:13,1,True,63,584,True,True,26,False,False,False,False,False,False,False,False,True,True,True,True
locomo-hindsight,hindsight,rag,conv-47_q34,conv-47,34,1,True,Which countries did James visit in July 2022?,"Canada, Greenland",D16:9 D17:22,2,True,63,582,True,True,2,False,False,True,True,True,True,True,True,True,True,True,True
locomo-hindsight,hindsight,rag,conv-47_q35,conv-47,35,3,True,What additional country did James visit during his trip to Canada?,Greenland,D17:22,1,True,62,582,True,True,7,False,False,False,False,True,True,True,True,True,True,True,True
locomo-hindsight,hindsight,rag,conv-47_q36,conv-47,36,3,True,Who is Jill?,Most likely John's partner.,D17:24,1,True,62,581,True,True,1,True,True,True,True,True,True,True,True,True,True,True,True
locomo-hindsight,hindsight,rag,conv-47_q37,conv-47,37,2,False,When did John spend time with his sister and dogs?,"July 21, 2022",D17:28,1,True,63,591,True,True,4,False,False,True,True,True,True,True,True,True,True,True,True
locomo-hindsight,hindsight,rag,conv-47_q38,conv-47,38,1,True,What happened to John's job situation in 2022?,"quit his IT Job, secured his dream job, aspires to become an eSports competition organizer",D18:1 D18:7 D4:36,3,True,63,591,True,False,1,True,False,True,False,True,False,True,False,True,False,True,False
locomo-hindsight,hindsight,rag,conv-47_q39,conv-47,39,2,True,When did John start his job in IT?,2019,D18:1,1,True,62,586,True,True,7,False,False,False,False,True,True,True,True,True,True,True,True
locomo-hindsight,hindsight,rag,conv-47_q40,conv-47,40,1,True,What kind of tricks do James's pets know?,"swimming, catching frisbees, balancing on a skateboard, sit, stay, paw, and rollover",D14:17 D14:23 D17:16 D2:17,4,True,62,579,True,True,7,False,False,False,False,True,False,True,True,True,True,True,True
locomo-hindsight,hindsight,rag,conv-47_q41,conv-47,41,2,True,When did James meet Samantha?,"August 9, 2022",D19:12,1,True,62,580,True,True,24,False,False,False,False,False,False,False,False,True,True,True,True
locomo-hindsight,hindsight,rag,conv-47_q42,conv-47,42,2,True,When did James take his 3 dogs to the beach?,"August 9, 2022",D19:12,1,True,62,573,True,True,13,False,False,False,False,False,False,True,True,True,True,True,True
locomo-hindsight,hindsight,rag,conv-47_q43,conv-47,43,2,True,When did John plan his next meeting with his siblings?,"In September, 2022",D20:17,1,True,64,591,True,True,10,False,False,False,False,True,True,True,True,True,True,True,True
locomo-hindsight,hindsight,rag,conv-47_q44,conv-47,44,3,True,Why didn't John want to go to Starbucks?,Possibly because he likes to drink beer on his days off.,D21:12 D21:14,2,True,64,587,True,True,9,False,False,False,False,True,True,True,True,True,True,True,True
locomo-hindsight,hindsight,rag,conv-47_q45,conv-47,45,1,True,What kind of beer does McGee's bar serve?,"Stout, lager",D21:15 D21:17 D23:3,3,True,62,580,True,True,2,False,False,True,True,True,True,True,True,True,True,True,True
locomo-hindsight,hindsight,rag,conv-47_q46,conv-47,46,2,True,When did John and James meet at McGee's bar?,"August 27, 2022",D21:18,1,True,63,582,True,True,7,False,False,False,False,True,True,True,True,True,True,True,True
locomo-hindsight,hindsight,rag,conv-47_q47,conv-47,47,2,True,When did James ask Samantha to be his girlfriend?,"September 3, 2022",D23:1,1,True,62,585,True,True,1,True,True,True,True,True,True,True,True,True,True,True,True
locomo-hindsight,hindsight,rag,conv-47_q48,conv-47,48,2,True,"When did James, Samantha and John go to the baseball game together?","September 11, 2022",D23:5 D23:6,2,True,63,585,True,True,5,False,False,True,True,True,True,True,True,True,True,True,True
locomo-hindsight,hindsight,rag,conv-47_q49,conv-47,49,1,True,What gaming equipments did John buy or refurbish?,"Sennheiser headphones, Logitech mouse, gaming desk",D20:9 D23:10 D23:8,3,True,62,582,True,True,9,False,False,False,False,True,False,True,True,True,True,True,True
locomo-hindsight,hindsight,rag,conv-47_q50,conv-47,50,2,True,When did James start taking cooking classes?,"September 2, 2022",D23:13,1,True,62,578,True,True,2,False,False,True,True,True,True,True,True,True,True,True,True
locomo-hindsight,hindsight,rag,conv-47_q51,conv-47,51,1,True,Which new games did John start play during the course of the conversation with James?,"AC Valhalla, Witcher 3, FIFA 23, Dungeons of the Dragons, futuristic dystopian game",D19:7 D24:1 D24:3 D30:14 D5:4 D8:20,6,True,62,587,True,True,7,False,False,False,False,True,False,True,False,True,True,True,True
locomo-hindsight,hindsight,rag,conv-47_q52,conv-47,52,2,True,When did John start working on his 2D Adventure mobile game?,approximately summer of 2022,D25:9,1,True,63,582,True,True,10,False,False,False,False,True,True,True,True,True,True,True,True
locomo-hindsight,hindsight,rag,conv-47_q53,conv-47,53,2,True,How long did it take for James to complete his Witcher-inspired game?,six months,D27:2 D6:1,2,True,63,578,True,True,12,False,False,False,False,False,False,True,True,True,True,True,True
locomo-hindsight,hindsight,rag,conv-47_q54,conv-47,54,1,True,What kind of programming-related events has John hosted?,"online programming competition, programming seminar",D27:1 D28:6,2,True,64,590,True,True,6,False,False,False,False,True,False,True,True,True,True,True,True
locomo-hindsight,hindsight,rag,conv-47_q55,conv-47,55,2,True,When did John and his programming friends host an online programming competition?,Last week before 13 October 2022.,D27:1,1,True,63,586,True,True,11,False,False,False,False,False,False,True,True,True,True,True,True
locomo-hindsight,hindsight,rag,conv-47_q56,conv-47,56,1,False,Which of James's family members have visited him in the last year?,"mother, sister",D17:28 D28:19,2,True,63,584,True,True,2,False,False,True,True,True,True,True,True,True,True,True,True
locomo-hindsight,hindsight,rag,conv-47_q57,conv-47,57,2,True,When did James' mother and her friend visit him?,"October 19, 2022",D28:19,1,True,63,586,True,True,3,False,False,True,True,True,True,True,True,True,True,True,True
locomo-hindsight,hindsight,rag,conv-47_q58,conv-47,58,2,True,When did James try Cyberpunk 2077 game?,"October 20, 2022",D28:27,1,True,63,588,True,True,11,False,False,False,False,False,False,True,True,True,True,True,True
locomo-hindsight,hindsight,rag,conv-47_q59,conv-47,59,2,True,When did John and his gaming friends organize the charity tournament?,"On the night of October 30 to 31, 2022",D29:1,1,True,64,585,True,True,11,False,False,False,False,False,False,True,True,True,True,True,True
locomo-hindsight,hindsight,rag,conv-47_q60,conv-47,60,1,True,What games has John played with his friends at charity tournaments?,"CS:GO, Fortnite, Overwatch and Apex Legends",D10:4 D29:1 D29:3,3,True,62,583,True,True,9,False,False,False,False,True,False,True,True,True,True,True,True
locomo-hindsight,hindsight,rag,conv-47_q61,conv-47,61,2,True,What was James' big moment with Samantha in October 2023?,They decided to live together and rented an apartment not far from McGee's bar.,D29:10 D29:8,2,True,63,585,True,True,2,False,False,True,True,True,True,True,True,True,True,True,True
locomo-hindsight,hindsight,rag,conv-47_q62,conv-47,62,2,False,How long did James and Samantha date for before deciding to move in together?,nearly three months,D19:14 D29:10 D29:8,3,True,63,588,True,True,7,False,False,False,False,True,False,True,False,True,True,True,True
locomo-hindsight,hindsight,rag,conv-47_q63,conv-47,63,2,True,"When did James, his family and his dogs start on a road trip together?","November 4, 2022",D30:1,1,True,64,579,True,True,8,False,False,False,False,True,True,True,True,True,True,True,True
locomo-hindsight,hindsight,rag,conv-47_q64,conv-47,64,2,True,How long did John practice chess for before winning the chess tournament?,nearly four months,D17:1 D30:2 D30:4,3,True,64,585,True,True,7,False,False,False,False,True,True,True,True,True,True,True,True
locomo-hindsight,hindsight,rag,conv-47_q65,conv-47,65,2,True,When did James and his family visit Mark and Josh?,"November 7, 2022",D31:1,1,True,62,599,True,True,4,False,False,True,True,True,True,True,True,True,True,True,True
locomo-hindsight,hindsight,rag,conv-47_q66,conv-47,66,2,True,When did John work with a game developer on a project?,"November 5-6, 2022",D31:2,1,True,63,585,True,True,8,False,False,False,False,True,True,True,True,True,True,True,True
locomo-hindsight,hindsight,rag,conv-47_q67,conv-47,67,4,True,What programming languages has James worked with?,Python and C++,D1:8,1,True,63,578,True,True,6,False,False,False,False,True,True,True,True,True,True,True,True
locomo-hindsight,hindsight,rag,conv-47_q68,conv-47,68,4,True,What type of mobile application does James plan to build with John?,An app for dog walking and pet care,D1:14,1,True,64,588,True,True,6,False,False,False,False,True,True,True,True,True,True,True,True
locomo-hindsight,hindsight,rag,conv-47_q69,conv-47,69,4,True,How does James plan to make his dog-sitting app unique?,By allowing users to customize their pup's preferences/needs,D1:16,1,True,64,573,True,True,34,False,False,False,False,False,False,False,False,True,True,True,True
locomo-hindsight,hindsight,rag,conv-47_q70,conv-47,70,4,True,What has John mostly found with the metal detector so far?,bottle caps,D2:12,1,True,64,583,True,True,6,False,False,False,False,True,True,True,True,True,True,True,True
locomo-hindsight,hindsight,rag,conv-47_q71,conv-47,71,4,True,What did James offer to do for John regarding pets?,help find the perfect pet,D2:19,1,True,63,590,True,True,6,False,False,False,False,True,True,True,True,True,True,True,True
locomo-hindsight,hindsight,rag,conv-47_q72,conv-47,72,4,True,"What instrument is John learning to play as of 27 March, 2022?",Drums,D3:2 D3:3,2,True,64,584,True,True,2,False,False,True,True,True,True,True,True,True,True,True,True
locomo-hindsight,hindsight,rag,conv-47_q73,conv-47,73,4,True,"How long has John been playing the drums as of 27 March, 2022?",One month,D3:5,1,True,64,586,True,True,2,False,False,True,True,True,True,True,True,True,True,True,True
locomo-hindsight,hindsight,rag,conv-47_q74,conv-47,74,4,True,What game did John play in an intense tournament at the gaming convention in March 2022?,CS:GO,D3:11,1,True,64,584,True,True,1,True,True,True,True,True,True,True,True,True,True,True,True
locomo-hindsight,hindsight,rag,conv-47_q75,conv-47,75,4,True,What game was James playing in the online gaming tournament in April 2022?,Apex Legends,D4:16,1,True,62,587,True,True,5,False,False,True,True,True,True,True,True,True,True,True,True
locomo-hindsight,hindsight,rag,conv-47_q76,conv-47,76,4,True,How does James communicate with his gaming team?,voice chat,D4:14,1,True,61,581,True,True,6,False,False,False,False,True,True,True,True,True,True,True,True
locomo-hindsight,hindsight,rag,conv-47_q77,conv-47,77,4,True,What advice did James receive from the famous players he met at the tournament?,never put your ego above team success,D4:12,1,True,62,586,True,True,3,False,False,True,True,True,True,True,True,True,True,True,True
locomo-hindsight,hindsight,rag,conv-47_q78,conv-47,78,4,True,What did James adopt in April 2022?,a pup,D5:1,1,True,62,590,True,True,3,False,False,True,True,True,True,True,True,True,True,True,True
locomo-hindsight,hindsight,rag,conv-47_q79,conv-47,79,4,True,What is the name of the pup that was adopted by James?,Ned,D5:1,1,True,64,580,True,True,8,False,False,False,False,True,True,True,True,True,True,True,True
locomo-hindsight,hindsight,rag,conv-47_q80,conv-47,80,4,True,Why did James embody the appearance of the game character from the woman he saw during a walk?,He found her appearance and eyes amazing.,D6:6,1,True,63,579,True,True,9,False,False,False,False,True,True,True,True,True,True,True,True
locomo-hindsight,hindsight,rag,conv-47_q81,conv-47,81,4,True,What inspired James to create the game character in the virtual world?,Appearance of a woman he saw during a walk,D6:6,1,True,63,588,True,True,11,False,False,False,False,False,False,True,True,True,True,True,True
locomo-hindsight,hindsight,rag,conv-47_q82,conv-47,82,4,True,Which country did James visit in 2021?,Italy,D6:12,1,True,62,588,True,True,1,True,True,True,True,True,True,True,True,True,True,True,True
locomo-hindsight,hindsight,rag,conv-47_q83,conv-47,83,4,True,What impresses John about Japan?,Technologically advanced megacities and tasty street food,D6:15,1,True,64,587,True,True,5,False,False,True,True,True,True,True,True,True,True,True,True
locomo-hindsight,hindsight,rag,conv-47_q84,conv-47,84,4,True,What kind of assignment was giving John a hard time at work?,Coding assignment,D7:13,1,True,62,594,True,True,10,False,False,False,False,True,True,True,True,True,True,True,True
locomo-hindsight,hindsight,rag,conv-47_q85,conv-47,85,4,True,"What breed is Daisy, one of James' dogs?",Labrador,D9:12,1,True,63,576,True,True,9,False,False,False,False,True,True,True,True,True,True,True,True
locomo-hindsight,hindsight,rag,conv-47_q86,conv-47,86,4,True,What type of pizza is James' favorite?,Pepperoni,D9:18,1,True,62,580,True,True,2,False,False,True,True,True,True,True,True,True,True,True,True
locomo-hindsight,hindsight,rag,conv-47_q87,conv-47,87,4,True,What type of pizza is John's favorite?,Hawaiian,D9:19,1,True,64,588,True,True,4,False,False,True,True,True,True,True,True,True,True,True,True
locomo-hindsight,hindsight,rag,conv-47_q88,conv-47,88,4,False,"What did John organize with his friends on May 8, 2022?",A tournament for CS:GO,D10:4,1,True,64,593,True,True,1,True,True,True,True,True,True,True,True,True,True,True,True
locomo-hindsight,hindsight,rag,conv-47_q89,conv-47,89,4,True,What did John and his friends do with the remaining money after helping the dog shelter?,Bought groceries and cooked food for the homeless,D10:12,1,True,63,588,True,True,3,False,False,True,True,True,True,True,True,True,True,True,True
locomo-hindsight,hindsight,rag,conv-47_q90,conv-47,90,4,True,What was the main goal of the money raised from the charity tournament organized by John and his friends in May 2022?,Raise money for a dog shelter,D10:10,1,True,64,587,True,True,1,True,True,True,True,True,True,True,True,True,True,True,True
locomo-hindsight,hindsight,rag,conv-47_q91,conv-47,91,4,True,What did the system John created help the charitable foundation with?,"tracking inventory, resources, and donations",D11:5,1,True,63,592,True,True,8,False,False,False,False,True,True,True,True,True,True,True,True
locomo-hindsight,hindsight,rag,conv-47_q92,conv-47,92,4,True,What did John create for the charitable foundation that helped generate reports for analysis?,computer application on smartphones,D11:3,1,True,63,590,True,True,6,False,False,False,False,True,True,True,True,True,True,True,True
locomo-hindsight,hindsight,rag,conv-47_q93,conv-47,93,4,True,What did John receive for achieving second place in the tournament?,money and a trophy,D12:5 D12:6,2,True,64,593,True,True,2,False,False,True,True,True,True,True,True,True,True,True,True
locomo-hindsight,hindsight,rag,conv-47_q94,conv-47,94,4,True,What project is James working on in his game design course?,"a new part of the football simulator, collecting player databases",D13:8,1,True,63,578,True,True,24,False,False,False,False,False,False,False,False,True,True,True,True
locomo-hindsight,hindsight,rag,conv-47_q95,conv-47,95,4,True,Who does James support in football matches?,Liverpool,D13:12,1,True,63,586,True,True,6,False,False,False,False,True,True,True,True,True,True,True,True
locomo-hindsight,hindsight,rag,conv-47_q96,conv-47,96,4,True,Which football club does John support?,Manchester City,D13:15,1,True,64,588,True,True,6,False,False,False,False,True,True,True,True,True,True,True,True
locomo-hindsight,hindsight,rag,conv-47_q97,conv-47,97,4,True,What disagreement do James and John have about their football teams?,debating on which team will perform better in the championship,D13:15,1,True,63,590,True,True,13,False,False,False,False,False,False,True,True,True,True,True,True
locomo-hindsight,hindsight,rag,conv-47_q98,conv-47,98,4,True,What is Max good at doing according to James?,catching frisbees in mid-air,D14:23,1,True,63,578,True,True,1,True,True,True,True,True,True,True,True,True,True,True,True
locomo-hindsight,hindsight,rag,conv-47_q99,conv-47,99,4,True,What is the main focus of the organization that James volunteered with?,providing necessary items to those who are less fortunate,D15:11,1,True,63,577,True,True,5,False,False,True,True,True,True,True,True,True,True,True,True
locomo-hindsight,hindsight,rag,conv-47_q100,conv-47,100,4,True,Will there be an interview required to volunteer with the organization James volunteered for?,No,D15:15,1,True,62,587,True,True,13,False,False,False,False,False,False,True,True,True,True,True,True
locomo-hindsight,hindsight,rag,conv-47_q101,conv-47,101,4,True,"How did John relax in his free time on 9 July, 2022?",Reading,D16:8,1,True,64,591,True,True,1,True,True,True,True,True,True,True,True,True,True,True,True
locomo-hindsight,hindsight,rag,conv-47_q102,conv-47,102,4,True,What did James enjoy doing on cold winter days?,Reading while snuggled under the covers,D16:9,1,True,63,578,True,True,3,False,False,True,True,True,True,True,True,True,True,True,True
locomo-hindsight,hindsight,rag,conv-47_q103,conv-47,103,4,True,"What new hobby did James become interested in on 9 July, 2022?",Extreme sports,D16:5,1,True,62,584,True,True,1,True,True,True,True,True,True,True,True,True,True,True,True
locomo-hindsight,hindsight,rag,conv-47_q104,conv-47,104,4,True,Where did James plan to visit after Toronto?,Vancouver,D16:11,1,True,62,587,True,True,5,False,False,True,True,True,True,True,True,True,True,True,True
locomo-hindsight,hindsight,rag,conv-47_q105,conv-47,105,4,True,When did James plan to return from his trip to Toronto and Vancouver?,July 20,D16:13,1,True,62,585,True,True,5,False,False,True,True,True,True,True,True,True,True,True,True
locomo-hindsight,hindsight,rag,conv-47_q106,conv-47,106,4,True,What online game did John start playing recently for improving strategy?,Chess,D17:1,1,True,63,585,True,True,12,False,False,False,False,False,False,True,True,True,True,True,True
locomo-hindsight,hindsight,rag,conv-47_q107,conv-47,107,4,True,What made John leave his IT job?,to focus on things that align with his values and passions,D18:3,1,True,64,592,True,True,6,False,False,False,False,True,True,True,True,True,True,True,True
locomo-hindsight,hindsight,rag,conv-47_q108,conv-47,108,4,True,Which game tournaments does John plan to organize besides CS:GO?,Fortnite competitions,D18:9,1,True,64,587,True,True,3,False,False,True,True,True,True,True,True,True,True,True,True
locomo-hindsight,hindsight,rag,conv-47_q109,conv-47,109,4,True,What happened to James's puppy during the recent visit to the clinic?,routine examination and vaccination,D18:16,1,True,63,579,True,True,8,False,False,False,False,True,True,True,True,True,True,True,True
locomo-hindsight,hindsight,rag,conv-47_q110,conv-47,110,4,True,What game genre did John start exploring instead of shooters?,strategy and RPG games,D19:3,1,True,63,580,True,True,9,False,False,False,False,True,True,True,True,True,True,True,True
locomo-hindsight,hindsight,rag,conv-47_q111,conv-47,111,4,True,"Which RPG game is John playing and enjoying on 10 August, 2022?",The Witcher 3,D19:7,1,True,64,582,True,True,1,True,True,True,True,True,True,True,True,True,True,True,True
locomo-hindsight,hindsight,rag,conv-47_q112,conv-47,112,4,True,"What aspect of ""The Witcher 3"" does John find immersive?",shaping the world with choices,D19:7,1,True,63,584,True,True,6,False,False,False,False,True,True,True,True,True,True,True,True
locomo-hindsight,hindsight,rag,conv-47_q113,conv-47,113,4,True,Whose phone number did James receive during the beach outing?,Samantha,D19:14,1,True,63,593,True,True,4,False,False,True,True,True,True,True,True,True,True,True,True
locomo-hindsight,hindsight,rag,conv-47_q114,conv-47,114,4,True,What is James planning to do after receiving Samantha's phone number?,call her,D19:14,1,True,62,585,True,True,6,False,False,False,False,True,True,True,True,True,True,True,True
locomo-hindsight,hindsight,rag,conv-47_q115,conv-47,115,4,True,What is John organizing with his siblings?,a gaming night,D20:17,1,True,63,588,True,True,2,False,False,True,True,True,True,True,True,True,True,True,True
locomo-hindsight,hindsight,rag,conv-47_q116,conv-47,116,4,True,What type of beer does John not like?,dark beer,D21:16,1,True,63,590,True,True,4,False,False,True,True,True,True,True,True,True,True,True,True
locomo-hindsight,hindsight,rag,conv-47_q117,conv-47,117,4,True,What were some difficulties James faced during the development of his game?,balancing mechanics and ensuring fairness,D22:7,1,True,61,580,True,True,3,False,False,True,True,True,True,True,True,True,True,True,True
locomo-hindsight,hindsight,rag,conv-47_q118,conv-47,118,4,True,What has John been teaching his siblings?,coding,D22:10,1,True,64,586,True,True,3,False,False,True,True,True,True,True,True,True,True,True,True
locomo-hindsight,hindsight,rag,conv-47_q119,conv-47,119,4,True,What kind of programs are John's siblings making?,basic games and stories,D22:12,1,True,62,584,True,True,13,False,False,False,False,False,False,True,True,True,True,True,True
locomo-hindsight,hindsight,rag,conv-47_q120,conv-47,120,4,True,Which company's headphones did John choose for gaming?,Sennheiser,D23:10,1,True,64,586,True,True,11,False,False,False,False,False,False,True,True,True,True,True,True
locomo-hindsight,hindsight,rag,conv-47_q121,conv-47,121,4,True,What did James and Samantha discover they both enjoy at McGee's bar?,Lager beer,D23:3,1,True,63,578,True,True,1,True,True,True,True,True,True,True,True,True,True,True,True
locomo-hindsight,hindsight,rag,conv-47_q122,conv-47,122,4,True,How much does James pay per cooking class?,$10,D23:15,1,True,62,581,True,True,3,False,False,True,True,True,True,True,True,True,True,True,True
locomo-hindsight,hindsight,rag,conv-47_q123,conv-47,123,4,True,What did James learn to make in the cooking class besides omelette and meringue?,Dough,D23:15,1,True,63,579,True,True,5,False,False,True,True,True,True,True,True,True,True,True,True
locomo-hindsight,hindsight,rag,conv-47_q124,conv-47,124,4,True,Why did James sign up for a cooking class?,He wanted to learn something new,D23:13,1,True,63,577,True,True,5,False,False,True,True,True,True,True,True,True,True,True,True
locomo-hindsight,hindsight,rag,conv-47_q125,conv-47,125,4,True,What did James prepare for the first time in the cooking class?,Omelette,D23:13,1,True,62,582,True,True,6,False,False,False,False,True,True,True,True,True,True,True,True
locomo-hindsight,hindsight,rag,conv-47_q126,conv-47,126,4,True,What is the name of the board game John tried in September 2022?,Dungeons of the Dragon,D24:3,1,True,64,590,True,True,4,False,False,True,True,True,True,True,True,True,True,True,True
locomo-hindsight,hindsight,rag,conv-47_q127,conv-47,127,4,True,Where does James get his ideas from?,"books, movies, dreams",D24:4,1,True,63,583,True,True,4,False,False,True,True,True,True,True,True,True,True,True,True
locomo-hindsight,hindsight,rag,conv-47_q128,conv-47,128,4,True,What kind of dream did James have recently?,a dream with a medieval castle full of puzzles and traps,D24:8,1,True,63,581,True,True,5,False,False,True,True,True,True,True,True,True,True,True,True
locomo-hindsight,hindsight,rag,conv-47_q129,conv-47,129,4,True,What kind of music does John like?,electronic and rock music,D24:13,1,True,63,584,True,True,3,False,False,True,True,True,True,True,True,True,True,True,True
locomo-hindsight,hindsight,rag,conv-47_q130,conv-47,130,4,True,What instrument did James used to play when he was younger?,guitar,D24:14,1,True,61,579,True,True,2,False,False,True,True,True,True,True,True,True,True,True,True
locomo-hindsight,hindsight,rag,conv-47_q131,conv-47,131,4,True,What did John use to play when he was younger to let off steam?,drums,D24:15,1,True,63,582,True,True,4,False,False,True,True,True,True,True,True,True,True,True,True
locomo-hindsight,hindsight,rag,conv-47_q132,conv-47,132,4,True,What career milestone did John achieve recently in September 2022?,making his first mobile game,D25:7,1,True,64,585,True,True,4,False,False,True,True,True,True,True,True,True,True,True,True
locomo-hindsight,hindsight,rag,conv-47_q133,conv-47,133,4,True,What type of game is John's upcoming mobile game?,2D adventure,D25:9,1,True,63,593,True,True,9,False,False,False,False,True,True,True,True,True,True,True,True
locomo-hindsight,hindsight,rag,conv-47_q134,conv-47,134,4,True,What does John do to stay informed and constantly learn about game design?,watch tutorials and keep up with developer forums,D25:13,1,True,63,583,True,True,3,False,False,True,True,True,True,True,True,True,True,True,True
locomo-hindsight,hindsight,rag,conv-47_q135,conv-47,135,4,True,What kind of gig was John offered at the game dev non-profit organization?,programming mentor for game developers,D26:3,1,True,63,581,True,True,6,False,False,False,False,True,True,True,True,True,True,True,True
locomo-hindsight,hindsight,rag,conv-47_q136,conv-47,136,4,True,What does John feel about starting the journey as a programming mentor for game developers?,excited and inspired,D26:5,1,True,62,588,True,True,11,False,False,False,False,False,False,True,True,True,True,True,True
locomo-hindsight,hindsight,rag,conv-47_q137,conv-47,137,4,True,What kind of games is James excited to play with his new video card?,RPGs,D26:10,1,True,61,587,True,True,12,False,False,False,False,False,False,True,True,True,True,True,True
locomo-hindsight,hindsight,rag,conv-47_q138,conv-47,138,4,True,What inspired James to create his game?,Witcher 3,D27:6,1,True,62,583,True,True,11,False,False,False,False,False,False,True,True,True,True,True,True
locomo-hindsight,hindsight,rag,conv-47_q139,conv-47,139,4,True,What sparked James' passion for gaming when he was a kid?,Super Mario and The Legend of Zelda games,D28:25,1,True,62,591,True,True,6,False,False,False,False,True,True,True,True,True,True,True,True
locomo-hindsight,hindsight,rag,conv-47_q140,conv-47,140,4,True,What did James lose progress on due to a power outage?,a game,D28:3,1,True,63,582,True,True,6,False,False,False,False,True,True,True,True,True,True,True,True
locomo-hindsight,hindsight,rag,conv-47_q141,conv-47,141,4,True,"What games were played at the gaming tournament organized by John on 31 October, 2022?","Fortnite, Overwatch, Apex Legends",D29:1 D29:3,2,True,63,591,True,True,1,True,True,True,True,True,True,True,True,True,True,True,True
locomo-hindsight,hindsight,rag,conv-47_q142,conv-47,142,4,True,"What was the purpose of the gaming tournament organized by John on 31 October, 2022?",To raise money for a children's hospital,D29:1 D29:3,2,True,63,584,True,True,1,True,True,True,True,True,True,True,True,True,True,True,True
locomo-hindsight,hindsight,rag,conv-47_q143,conv-47,143,4,True,"What decision did James and Samantha make on 31 October, 2022?",To move in together,D29:10 D29:8,2,True,63,589,True,True,1,True,True,True,True,True,True,True,True,True,True,True,True
locomo-hindsight,hindsight,rag,conv-47_q144,conv-47,144,4,True,"Where did James and Samantha decide to live together on 31 October, 2022?",In an apartment not far from McGee's bar,D29:10,1,True,63,583,True,True,6,False,False,False,False,True,True,True,True,True,True,True,True
locomo-hindsight,hindsight,rag,conv-47_q145,conv-47,145,4,True,Why did James and Samantha choose an apartment near McGee's bar?,They love spending time together at the bar,D29:12,1,True,63,582,True,True,4,False,False,True,True,True,True,True,True,True,True,True,True
locomo-hindsight,hindsight,rag,conv-47_q146,conv-47,146,4,True,"What game is John hooked on playing on 5 November, 2022?",FIFA 23,D30:14,1,True,64,580,True,True,10,False,False,False,False,True,True,True,True,True,True,True,True
locomo-hindsight,hindsight,rag,conv-47_q147,conv-47,147,4,False,What did John suggest James practice before playing FIFA 23 together?,Control with a gamepad and timing,D30:18,1,True,63,588,False,False,,False,False,False,False,False,False,False,False,False,False,False,False
locomo-hindsight,hindsight,rag,conv-47_q148,conv-47,148,4,True,"What project did John work on with a game developer by 7 November, 2022?",An online board game,D31:4,1,True,64,583,True,True,7,False,False,False,False,True,True,True,True,True,True,True,True
locomo-hindsight,hindsight,rag,conv-47_q149,conv-47,149,4,True,What is the name of John's cousin's dog?,Luna,D31:22,1,True,63,592,True,True,3,False,False,True,True,True,True,True,True,True,True,True,True
locomo-hindsight,hindsight,rag,conv-48_q0,conv-48,0,2,True,What kind of project was Jolene working on in the beginning of January 2023?,electricity engineering project,D1:2,1,True,62,555,True,True,2,False,False,True,True,True,True,True,True,True,True,True,True
locomo-hindsight,hindsight,rag,conv-48_q1,conv-48,1,1,True,Which of Deborah`s family and friends have passed away?,"mother, father, her friend Karlie",D1:5 D2:1 D6:4,3,True,61,554,True,True,2,False,False,True,False,True,True,True,True,True,True,True,True
locomo-hindsight,hindsight,rag,conv-48_q2,conv-48,2,2,True,When did Deborah`s mother pass away?,a few years before 2023,D1:5,1,True,62,557,True,True,3,False,False,True,True,True,True,True,True,True,True,True,True
locomo-hindsight,hindsight,rag,conv-48_q3,conv-48,3,2,True,When did Jolene`s mother pass away?,in 2022,D1:6,1,True,63,558,True,True,3,False,False,True,True,True,True,True,True,True,True,True,True
locomo-hindsight,hindsight,rag,conv-48_q4,conv-48,4,2,True,When did Jolene's mom gift her a pendant?,in 2010,D1:8,1,True,63,551,True,True,3,False,False,True,True,True,True,True,True,True,True,True,True
locomo-hindsight,hindsight,rag,conv-48_q5,conv-48,5,3,True,In what country did Jolene's mother buy her the pendant?,In France,D1:8,1,True,63,556,True,True,4,False,False,True,True,True,True,True,True,True,True,True,True
locomo-hindsight,hindsight,rag,conv-48_q6,conv-48,6,1,True,What symbolic gifts do Deborah and Jolene have from their mothers?,pendants,D1:8 D1:9,2,True,62,561,True,True,7,False,False,False,False,True,True,True,True,True,True,True,True
locomo-hindsight,hindsight,rag,conv-48_q7,conv-48,7,2,True,Which country were Jolene and her mother visiting in 2010?,France,D1:8,1,True,63,553,True,True,4,False,False,True,True,True,True,True,True,True,True,True,True
locomo-hindsight,hindsight,rag,conv-48_q8,conv-48,8,1,True,What helped Deborah find peace when grieving deaths of her loved ones?,"yoga, old photos, the roses and dahlias in a flower garden, nature",D15:29 D1:15 D2:3 D6:4,4,True,63,556,True,True,1,True,False,True,False,True,False,True,True,True,True,True,True
locomo-hindsight,hindsight,rag,conv-48_q9,conv-48,9,2,True,When did Deborah's father pass away?,"January 25, 2023",D2:1,1,True,61,552,True,True,5,False,False,True,True,True,True,True,True,True,True,True,True
locomo-hindsight,hindsight,rag,conv-48_q10,conv-48,10,2,True,When was Deborah's parents' wedding?,in 1993,D2:3,1,True,61,556,True,True,6,False,False,False,False,True,True,True,True,True,True,True,True
locomo-hindsight,hindsight,rag,conv-48_q11,conv-48,11,3,True,Is Deborah married?,yes,D19:11 D23:4 D28:11 D2:5,4,True,62,559,True,True,4,False,False,True,False,True,False,True,False,True,True,True,True
locomo-hindsight,hindsight,rag,conv-48_q12,conv-48,12,2,True,When did Deborah receive an appreciation letter from her community?,"January 26, 2023",D2:7,1,True,63,567,True,True,8,False,False,False,False,True,True,True,True,True,True,True,True
locomo-hindsight,hindsight,rag,conv-48_q13,conv-48,13,1,True,What places give Deborah peace?,"sitting in a spot by the window in her Mom's house, sitting by the beach, Bali, forest trail in a nearby park",D19:17 D2:13 D4:34 D6:10,4,True,63,549,True,True,1,True,False,True,False,True,False,True,True,True,True,True,True
locomo-hindsight,hindsight,rag,conv-48_q14,conv-48,14,1,True,What were Deborah's mother's hobbies?,"reading, traveling, art, cooking",D12:3 D29:7 D2:17 D2:19,4,True,62,546,True,False,7,False,False,False,False,True,False,True,False,True,False,True,False
locomo-hindsight,hindsight,rag,conv-48_q15,conv-48,15,4,True,What pets does Jolene have?,snakes,D2:20 D2:22 D2:24,3,True,62,552,True,True,12,False,False,False,False,False,False,True,True,True,True,True,True
locomo-hindsight,hindsight,rag,conv-48_q16,conv-48,16,4,True,What are the names of Jolene's snakes?,"Susie, Seraphim",D2:20 D2:22,2,True,62,551,True,True,7,False,False,False,False,True,True,True,True,True,True,True,True
locomo-hindsight,hindsight,rag,conv-48_q17,conv-48,17,2,True,When did Jolene buy her pet Seraphim?,in 2022,D2:24,1,True,62,552,True,True,11,False,False,False,False,False,False,True,True,True,True,True,True
locomo-hindsight,hindsight,rag,conv-48_q18,conv-48,18,3,True,In what country did Jolene buy snake Seraphim?,In France,D2:24,1,True,61,552,True,True,4,False,False,True,True,True,True,True,True,True,True,True,True
locomo-hindsight,hindsight,rag,conv-48_q19,conv-48,19,1,True,How many times has Jolene been to France?,two times,D1:8 D2:24,2,True,62,552,True,True,20,False,False,False,False,False,False,True,False,True,True,True,True
locomo-hindsight,hindsight,rag,conv-48_q20,conv-48,20,1,True,Which games have Jolene and her partner played together?,"Detroit, Walking Dead, Battlefield 1, It Takes Two, Overcooked 2",D15:10 D19:10 D20:1 D2:26 D2:30,5,True,63,563,True,True,8,False,False,False,False,True,False,True,True,True,True,True,True
locomo-hindsight,hindsight,rag,conv-48_q21,conv-48,21,2,True,"When do Jolene and her partner plan to complete the game ""Walking Dead""?","Saturday after 27 January, 2023",D2:30,1,True,63,557,True,True,6,False,False,False,False,True,True,True,True,True,True,True,True
locomo-hindsight,hindsight,rag,conv-48_q22,conv-48,22,2,True,When did Deborah meet Anna?,"31 January, 2023",D3:4,1,True,62,558,True,True,6,False,False,False,False,True,True,True,True,True,True,True,True
locomo-hindsight,hindsight,rag,conv-48_q23,conv-48,23,3,False,Why did Jolene sometimes put off doing yoga?,She's more interested in playing video games,D2:30 D3:11,2,True,61,555,True,False,37,False,False,False,False,False,False,False,False,True,False,True,False
locomo-hindsight,hindsight,rag,conv-48_q24,conv-48,24,1,True,What new yoga poses did Deborah try?,"Warrior II, Dancer Pose (Natarajasana), Tree pose",D14:15 D14:3 D4:14,3,True,62,560,True,True,8,False,False,False,False,True,False,True,False,True,True,True,True
locomo-hindsight,hindsight,rag,conv-48_q25,conv-48,25,4,True,What are Jolene's favorite books?,"Sapiens, Avalanche by Neal Stephenson",D4:21 D4:23,2,True,63,551,True,True,42,False,False,False,False,False,False,False,False,True,True,True,True
locomo-hindsight,hindsight,rag,conv-48_q26,conv-48,26,2,True,Which book did Jolene read in January 2023?,Avalanche by Neal Stephenson,D4:23,1,True,63,558,True,True,2,False,False,True,True,True,True,True,True,True,True,True,True
locomo-hindsight,hindsight,rag,conv-48_q27,conv-48,27,2,True,When was Jolene in Bogota?,in summer 2022,D4:33,1,True,61,546,True,True,3,False,False,True,True,True,True,True,True,True,True,True,True
locomo-hindsight,hindsight,rag,conv-48_q28,conv-48,28,3,True,In what country was Jolene during summer 2022?,Colombia,D4:33,1,True,63,552,True,True,9,False,False,False,False,True,True,True,True,True,True,True,True
locomo-hindsight,hindsight,rag,conv-48_q29,conv-48,29,2,False,When did Jolene have a mini-retreat to reflect on her career?,"Wednesday before 9 February, 2023",D5:1,1,True,63,554,True,True,10,False,False,False,False,True,True,True,True,True,True,True,True
locomo-hindsight,hindsight,rag,conv-48_q30,conv-48,30,2,True,When did Jolene have a dinner and drinks with her friends?,"21 February, 2023",D6:1,1,True,63,556,True,True,6,False,False,False,False,True,True,True,True,True,True,True,True
locomo-hindsight,hindsight,rag,conv-48_q31,conv-48,31,2,True,When was the last photo of Deborah and Karlie taken?,in summer 2022,D6:8,1,True,63,563,True,True,6,False,False,False,False,True,True,True,True,True,True,True,True
locomo-hindsight,hindsight,rag,conv-48_q32,conv-48,32,2,True,When was Deborah in Bali?,in 2022,D6:10,1,True,63,553,True,True,7,False,False,False,False,True,True,True,True,True,True,True,True
locomo-hindsight,hindsight,rag,conv-48_q33,conv-48,33,4,True,How long have Jolene and her partner been together?,for three years,D7:7,1,True,63,554,True,True,5,False,False,True,True,True,True,True,True,True,True,True,True
locomo-hindsight,hindsight,rag,conv-48_q34,conv-48,34,2,True,Which year did Jolene and her partner start dating?,2020,D7:7,1,True,62,564,True,True,5,False,False,True,True,True,True,True,True,True,True,True,True
locomo-hindsight,hindsight,rag,conv-48_q35,conv-48,35,2,True,When did Deborah go for her first morning jog in a nearby park?,"24 February, 2023",D7:18,1,True,62,553,True,True,3,False,False,True,True,True,True,True,True,True,True,True,True
locomo-hindsight,hindsight,rag,conv-48_q36,conv-48,36,3,True,How old is Jolene?,likely no more than 30; since she's in school,D13:5 D21:6 D21:8 D22:14 D22:6 D24:14 D24:2 D25:5 D26:6 D8:2,10,True,63,560,True,False,3,False,False,True,False,True,False,True,False,True,False,True,False
locomo-hindsight,hindsight,rag,conv-48_q37,conv-48,37,2,True,When did Jolene take Seraphim to the park?,"Sunday before 2 March, 2023",D8:8,1,True,63,559,True,True,3,False,False,True,True,True,True,True,True,True,True,True,True
locomo-hindsight,hindsight,rag,conv-48_q38,conv-48,38,2,True,When did Deborah start the yoga class in the neighborhood?,"Friday before 13 March, 2023",D9:5,1,True,62,560,True,True,10,False,False,False,False,True,True,True,True,True,True,True,True
locomo-hindsight,hindsight,rag,conv-48_q39,conv-48,39,1,True,What time management techniques do Deborah and Jolene use?,"the Pomodoro Technique - 25 minutes work and 5-minute break, scheduler or to-do list, The Eisenhower Matrix, bullet journal",D10:13 D10:4 D10:5 D10:6 D18:3,5,True,62,570,True,True,10,False,False,False,False,True,False,True,True,True,True,True,True
locomo-hindsight,hindsight,rag,conv-48_q40,conv-48,40,3,True,Does Deborah live close to the beach or the mountains?,beach,D10:17,1,True,62,552,True,True,22,False,False,False,False,False,False,False,False,True,True,True,True
locomo-hindsight,hindsight,rag,conv-48_q41,conv-48,41,1,True,What ways do Deborah and Jolene use to enhance their yoga practice?,"candles, music, essential oils",D11:4 D11:7 D28:16 D28:18,4,True,62,566,True,True,7,False,False,False,False,True,False,True,True,True,True,True,True
locomo-hindsight,hindsight,rag,conv-48_q42,conv-48,42,4,True,What music pieces does Deborah listen to during her yoga practice?,"Savana, Sleep",D11:10 D11:8,2,True,61,556,True,True,2,False,False,True,True,True,True,True,True,True,True,True,True
locomo-hindsight,hindsight,rag,conv-48_q43,conv-48,43,2,True,When did Deborah go for a bicycle ride with Anna?,"first week of April, 2023",D12:1,1,True,62,553,False,False,,False,False,False,False,False,False,False,False,False,False,False,False
locomo-hindsight,hindsight,rag,conv-48_q44,conv-48,44,2,False,When did Deborah go to an art show with Anna?,"on 9 April, 2023",D12:1,1,True,63,558,True,True,4,False,False,True,True,True,True,True,True,True,True,True,True
locomo-hindsight,hindsight,rag,conv-48_q45,conv-48,45,2,True,When did Jolene finish her robotics project?,May 2023,D13:1,1,True,63,555,True,True,3,False,False,True,True,True,True,True,True,True,True,True,True
locomo-hindsight,hindsight,rag,conv-48_q46,conv-48,46,2,True,How long did Jolene work on the robotics project given to her by her Professor?,four months,D12:10 D13:1 D3:1,3,True,61,568,True,True,5,False,False,True,False,True,False,True,True,True,True,True,True
locomo-hindsight,hindsight,rag,conv-48_q47,conv-48,47,2,True,When did Jolene do yoga at Talkeetna?,"on 5 June, 2023",D13:15,1,True,61,553,True,True,9,False,False,False,False,True,True,True,True,True,True,True,True
locomo-hindsight,hindsight,rag,conv-48_q48,conv-48,48,3,True,Which US state did Jolene visit during her internship?,Alaska,D13:15,1,True,61,554,True,True,36,False,False,False,False,False,False,False,False,True,True,True,True
locomo-hindsight,hindsight,rag,conv-48_q49,conv-48,49,4,True,How long has Jolene been doing yoga and meditation?,about 3 years,D13:17,1,True,61,559,True,True,11,False,False,False,False,False,False,True,True,True,True,True,True
locomo-hindsight,hindsight,rag,conv-48_q50,conv-48,50,2,True,Which year did Jolene start practicing yoga?,2020,D13:17,1,True,60,552,True,True,13,False,False,False,False,False,False,True,True,True,True,True,True
locomo-hindsight,hindsight,rag,conv-48_q51,conv-48,51,2,True,When did Jolene buy a new aquarium for Seraphim?,"24 June, 2023",D14:4,1,True,63,558,True,True,2,False,False,True,True,True,True,True,True,True,True,True,True
locomo-hindsight,hindsight,rag,conv-48_q52,conv-48,52,2,True,When did Jolene lose a lot of progress in her work?,last week of July 2023,D16:2,1,True,62,560,True,True,5,False,False,True,True,True,True,True,True,True,True,True,True
locomo-hindsight,hindsight,rag,conv-48_q53,conv-48,53,2,True,When did Jolene adopt her snake Susie?,in 2021,D16:6 D28:26,2,True,63,561,True,True,7,False,False,False,False,True,False,True,True,True,True,True,True
locomo-hindsight,hindsight,rag,conv-48_q54,conv-48,54,2,True,Which pet did Jolene adopt first - Susie or Seraphim?,Susie,D16:6 D2:24 D2:28,3,True,63,562,True,True,5,False,False,True,False,True,False,True,True,True,True,True,True
locomo-hindsight,hindsight,rag,conv-48_q55,conv-48,55,2,True,Which pet did Jolene adopt more recently - Susie or Seraphim?,Seraphim,D16:6 D2:24 D2:28,3,True,62,558,True,True,4,False,False,True,False,True,False,True,True,True,True,True,True
locomo-hindsight,hindsight,rag,conv-48_q56,conv-48,56,2,True,When did Deborah lead a meditation session during the sunset?,"week before 16 August, 2023",D18:8,1,True,62,555,True,True,4,False,False,True,True,True,True,True,True,True,True,True,True
locomo-hindsight,hindsight,rag,conv-48_q57,conv-48,57,2,True,When did Jolene gift her partner a new console?,"17 August, 2023",D19:2,1,True,63,561,True,True,3,False,False,True,True,True,True,True,True,True,True,True,True
locomo-hindsight,hindsight,rag,conv-48_q58,conv-48,58,4,True,What games does Jolene recommend for Deborah?,"Zelda BOTW for Switch , Animal Crossing: New Horizons, Overcooked 2",D19:10 D19:8,2,True,63,555,True,True,34,False,False,False,False,False,False,False,False,True,True,True,True
locomo-hindsight,hindsight,rag,conv-48_q59,conv-48,59,4,False,What do Deborah and her husband do together?,"play detective games together, spend time outdoors and explore nature",D19:13 D19:15,2,True,63,557,True,True,1,True,True,True,True,True,True,True,True,True,True,True,True
locomo-hindsight,hindsight,rag,conv-48_q60,conv-48,60,2,True,When did Deborah go to a yoga retreat near her mom's place?,"a week before 24 August,2023",D21:1,1,True,62,549,True,True,11,False,False,False,False,False,False,True,True,True,True,True,True
locomo-hindsight,hindsight,rag,conv-48_q61,conv-48,61,4,True,What projects is Jolene planning for next year?,developing renewable energy finding ways to supply clean water to those with limited access,D22:10 D22:12,2,True,63,558,True,True,12,False,False,False,False,False,False,True,True,True,True,True,True
locomo-hindsight,hindsight,rag,conv-48_q62,conv-48,62,4,True,Where did Deborah get her cats?,Luna is from the shelter and Max is her mother's cat,D22:23 D22:25,2,True,63,563,True,True,7,False,False,False,False,True,True,True,True,True,True,True,True
locomo-hindsight,hindsight,rag,conv-48_q63,conv-48,63,4,True,How old are Deborah's cats?,Max is 8 years old and Luna is 5 years old,D22:27 D22:29,2,True,63,552,True,True,6,False,False,False,False,True,True,True,True,True,True,True,True
locomo-hindsight,hindsight,rag,conv-48_q64,conv-48,64,4,True,Does Deborah like cats?,Yes,D15:25 D22:27,2,True,62,558,True,True,3,False,False,True,True,True,True,True,True,True,True,True,True
locomo-hindsight,hindsight,rag,conv-48_q65,conv-48,65,2,True,Which country was Jolene located in during the last week of August 2023?,Brazil,D23:1,1,True,63,556,True,True,2,False,False,True,True,True,True,True,True,True,True,True,True
locomo-hindsight,hindsight,rag,conv-48_q66,conv-48,66,2,True,When did Jolene and her partner return home from Rio de Janeiro?,"29 August, 2023",D23:1,1,True,62,561,True,True,4,False,False,True,True,True,True,True,True,True,True,True,True
locomo-hindsight,hindsight,rag,conv-48_q67,conv-48,67,4,True,What was Jolene doing with her partner in Rio de Janeiro?,"they went on excursions, checked out some cool yoga classes, visited a lot of delicious cafes, visited an old temple",D23:1 D23:15 D23:17 D23:3,4,True,63,563,True,True,7,False,False,False,False,True,True,True,True,True,True,True,True
locomo-hindsight,hindsight,rag,conv-48_q68,conv-48,68,2,True,When did Deborah visit Brazil?,2020,D23:18,1,True,62,558,True,True,16,False,False,False,False,False,False,True,True,True,True,True,True
locomo-hindsight,hindsight,rag,conv-48_q69,conv-48,69,4,True,Have Deborah and Jolene been to Rio de Janeiro?,yes,D23:1 D23:18 D23:3,3,True,63,560,True,True,7,False,False,False,False,True,True,True,True,True,True,True,True
locomo-hindsight,hindsight,rag,conv-48_q70,conv-48,70,3,True,Is the friend who wrote Deborah the motivational quote no longer alive?,likely yes,D23:22,1,True,63,561,True,True,9,False,False,False,False,True,True,True,True,True,True,True,True
locomo-hindsight,hindsight,rag,conv-48_q71,conv-48,71,2,False,When did Deborah go to a community meetup?,last week of August 2023,D24:1,1,True,63,559,True,True,4,False,False,True,True,True,True,True,True,True,True,True,True
locomo-hindsight,hindsight,rag,conv-48_q72,conv-48,72,4,True,When did Jolene's parents give her first console?,when she was 10,D24:6,1,True,63,558,True,True,5,False,False,True,True,True,True,True,True,True,True,True,True
locomo-hindsight,hindsight,rag,conv-48_q73,conv-48,73,1,True,Did Jolene teach herself how to play the console?,yes,D24:8 D2:28,2,True,63,552,True,True,1,True,False,True,True,True,True,True,True,True,True,True,True
locomo-hindsight,hindsight,rag,conv-48_q74,conv-48,74,4,True,What do Deborah and Jolene plan to try when they meet in a new cafe?,coffee and fresh pastries,D26:10 D26:12,2,True,62,560,True,True,12,False,False,False,False,False,False,True,True,True,True,True,True
locomo-hindsight,hindsight,rag,conv-48_q75,conv-48,75,3,False,What card game is Deborah talking about?,Exploding Kittens,D27:12,1,True,63,561,True,True,6,False,False,False,False,True,True,True,True,True,True,True,True
locomo-hindsight,hindsight,rag,conv-48_q76,conv-48,76,2,True,When did Jolene and her partner try scuba diving lessons?,"Friday before 17 September, 2023",D29:4,1,True,63,550,True,True,8,False,False,False,False,True,True,True,True,True,True,True,True
locomo-hindsight,hindsight,rag,conv-48_q77,conv-48,77,1,True,Where did Jolene and her partner find a cool diving spot?,Phuket,D27:1 D29:4,2,True,63,555,True,True,7,False,False,False,False,True,False,True,True,True,True,True,True
locomo-hindsight,hindsight,rag,conv-48_q78,conv-48,78,2,True,Where did Jolene and her partner spend most of September 2023?,Phuket,D2:1,1,True,63,556,False,False,,False,False,False,False,False,False,False,False,False,False,False,False
locomo-hindsight,hindsight,rag,conv-48_q79,conv-48,79,1,True,Has Deborah tried surfing?,yes,D28:11 D29:25,2,True,62,558,True,True,6,False,False,False,False,True,False,True,True,True,True,True,True
locomo-hindsight,hindsight,rag,conv-48_q80,conv-48,80,1,True,Has Jolene tried surfing?,no,D10:20 D29:26 D29:30,3,True,62,555,True,True,4,False,False,True,False,True,True,True,True,True,True,True,True
locomo-hindsight,hindsight,rag,conv-48_q81,conv-48,81,2,True,When did the Deboran and Jolene agree to go surfing?,in October 2023,D29:34,1,True,62,554,True,True,6,False,False,False,False,True,True,True,True,True,True,True,True
locomo-hindsight,hindsight,rag,conv-48_q82,conv-48,82,1,False,Which locations does Deborah practice her yoga at?,"at her mother's old home, park, yoga studio, beach",D2:11 D2:13 D3:6 D4:12 D6:10,5,True,61,559,True,True,1,True,False,True,False,True,False,True,True,True,True,True,True
locomo-hindsight,hindsight,rag,conv-48_q83,conv-48,83,1,True,What kind of professional activities does Jolene participate in to gain more experience in her field?,"present work at virtual conference, attend workshops  and intern at firms",D13:5 D21:6,2,True,62,553,True,True,8,False,False,False,False,True,True,True,True,True,True,True,True
locomo-hindsight,hindsight,rag,conv-48_q84,conv-48,84,1,True,What kind of engineering projects has Jolene worked on?,"electrical engineering, robotics, sustainable water purifier, productive and affordable aerial surveillance system",D17:10 D17:12 D1:2 D3:1 D4:5,5,True,62,562,True,True,10,False,False,False,False,True,False,True,True,True,True,True,True
locomo-hindsight,hindsight,rag,conv-48_q85,conv-48,85,1,True,Which community activities have Deborah and Anna participated in?,"yoga, running",D15:1 D4:12 D4:16,3,True,63,544,True,False,4,False,False,True,False,True,False,True,False,True,False,True,False
locomo-hindsight,hindsight,rag,conv-48_q86,conv-48,86,1,True,What gifts has Deborah received?,"an appreciate letter from her community, a flower bouqet from her friend, a motivational quote from a friend",D23:20 D23:22 D2:7 D2:9 D4:26,5,True,63,566,True,True,14,False,False,False,False,False,False,True,False,True,True,True,True
locomo-hindsight,hindsight,rag,conv-48_q87,conv-48,87,1,False,Which countries has Deborah traveled to?,"Thailand, Brazil",D23:18 D6:10,2,True,63,557,True,True,11,False,False,False,False,False,False,True,False,True,True,True,True
locomo-hindsight,hindsight,rag,conv-48_q88,conv-48,88,1,True,What activities does Deborah pursue besides practicing and teaching yoga?,"biking, going to art shows, running, organizing workshops to practice mindfulness and self-care, surfing, gardening",D12:1 D15:1 D15:11 D28:11 D29:1,5,True,61,556,True,False,25,False,False,False,False,False,False,False,False,True,False,True,False
locomo-hindsight,hindsight,rag,conv-48_q89,conv-48,89,4,True,What are the names of Jolene's snakes?,"Susie, Seraphim",D2:20 D2:22,2,True,62,551,True,True,7,False,False,False,False,True,True,True,True,True,True,True,True
locomo-hindsight,hindsight,rag,conv-48_q90,conv-48,90,4,True,What are Jolene's favorite books?,"Sapiens, Avalanche by Neal Stephenson",D4:21 D4:23,2,True,63,551,True,True,42,False,False,False,False,False,False,False,False,True,True,True,True
locomo-hindsight,hindsight,rag,conv-48_q91,conv-48,91,4,True,What music pieces does Deborah listen to during her yoga practice?,"Savana, Sleep",D11:10 D11:8,2,True,61,556,True,True,2,False,False,True,True,True,True,True,True,True,True,True,True
locomo-hindsight,hindsight,rag,conv-48_q92,conv-48,92,4,True,What games does Jolene recommend for Deborah?,"Zelda BOTW for Switch , Animal Crossing: New Horizons, Overcooked 2",D19:10 D19:8,2,True,63,555,True,True,34,False,False,False,False,False,False,False,False,True,True,True,True
locomo-hindsight,hindsight,rag,conv-48_q93,conv-48,93,4,True,What projects is Jolene planning for next year?,developing renewable energy finding ways to supply clean water to those with limited access,D22:10 D22:12,2,True,63,558,True,True,12,False,False,False,False,False,False,True,True,True,True,True,True
locomo-hindsight,hindsight,rag,conv-48_q94,conv-48,94,4,True,Where did Deborah get her cats?,Luna is from the shelter and Max is her mother's cat,D22:23 D22:25,2,True,63,563,True,True,7,False,False,False,False,True,True,True,True,True,True,True,True
locomo-hindsight,hindsight,rag,conv-48_q95,conv-48,95,4,True,How old are Deborah's cats?,Max is 8 years old and Luna is 5 years old,D22:27 D22:29,2,True,63,552,True,True,6,False,False,False,False,True,True,True,True,True,True,True,True
locomo-hindsight,hindsight,rag,conv-48_q96,conv-48,96,4,True,What was Jolene doing with her partner in Rio de Janeiro?,"they went on excursions, checked out some cool yoga classes, visited a lot of delicious cafes, visited an old temple",D23:1 D23:15 D23:17 D23:3,4,True,63,563,True,True,7,False,False,False,False,True,True,True,True,True,True,True,True
locomo-hindsight,hindsight,rag,conv-48_q97,conv-48,97,4,True,Have Deborah and Jolene been to Rio de Janeiro?,yes,D23:1 D23:18 D23:3,3,True,63,560,True,True,7,False,False,False,False,True,True,True,True,True,True,True,True
locomo-hindsight,hindsight,rag,conv-48_q98,conv-48,98,4,True,When did Jolene's parents give her first console?,when she was 10,D24:6,1,True,63,558,True,True,5,False,False,True,True,True,True,True,True,True,True,True,True
locomo-hindsight,hindsight,rag,conv-48_q99,conv-48,99,4,True,What do Deborah and Jolene plan to try when they meet in a new cafe?,coffee and fresh pastries,D26:10 D26:12,2,True,62,560,True,True,12,False,False,False,False,False,False,True,True,True,True,True,True
locomo-hindsight,hindsight,rag,conv-48_q100,conv-48,100,4,True,"What project did Jolene finish last week before 23 January, 2023?",an electrical engineering project,D1:2,1,True,61,563,True,True,6,False,False,False,False,True,True,True,True,True,True,True,True
locomo-hindsight,hindsight,rag,conv-48_q101,conv-48,101,4,True,When did Jolene buy her pet snake?,A year ago,D2:24,1,True,62,550,True,True,7,False,False,False,False,True,True,True,True,True,True,True,True
locomo-hindsight,hindsight,rag,conv-48_q102,conv-48,102,4,True,"What project was Jolene working on as of 1 February, 2023?",Robotics project,D3:1,1,True,63,563,True,True,2,False,False,True,True,True,True,True,True,True,True,True,True
locomo-hindsight,hindsight,rag,conv-48_q103,conv-48,103,4,True,Where did Deborah meet her new neighbor Anna?,yoga in the park,D3:6,1,True,62,551,True,True,7,False,False,False,False,True,True,True,True,True,True,True,True
locomo-hindsight,hindsight,rag,conv-48_q104,conv-48,104,4,True,What activity did Jolene and her partner plan to do together instead of resuming yoga?,play the console,D3:11,1,True,61,561,True,True,18,False,False,False,False,False,False,True,True,True,True,True,True
locomo-hindsight,hindsight,rag,conv-48_q105,conv-48,105,4,True,"What milestone did Jolene achieve recently on 4 February, 2023?",Design and build a sustainable water purifier for a rural community,D4:3,1,True,62,557,True,True,2,False,False,True,True,True,True,True,True,True,True,True,True
locomo-hindsight,hindsight,rag,conv-48_q106,conv-48,106,4,True,"What is Jolene's favorite book which she mentioned on 4 February, 2023?","""Sapiens""",D4:21,1,True,63,552,True,True,2,False,False,True,True,True,True,True,True,True,True,True,True
locomo-hindsight,hindsight,rag,conv-48_q107,conv-48,107,4,True,What does Deborah bring with her whenever she comes to reflect on her mom?,amulet,D4:36,1,True,63,551,True,True,10,False,False,False,False,True,True,True,True,True,True,True,True
locomo-hindsight,hindsight,rag,conv-48_q108,conv-48,108,4,True,"What new outlook did Jolene gain after her mini retreat on 9 February, 2023?",A confidence boost,D5:3,1,True,63,557,True,True,1,True,True,True,True,True,True,True,True,True,True,True,True
locomo-hindsight,hindsight,rag,conv-48_q109,conv-48,109,4,True,"What cool stuff did Jolene accomplish at the retreat on 9 February, 2023?",Came up with neat solutions for her engineering project,D5:5,1,True,62,563,True,True,1,True,True,True,True,True,True,True,True,True,True,True,True
locomo-hindsight,hindsight,rag,conv-48_q110,conv-48,110,4,True,"What idea did Jolene have to help underprivileged kids learn about STEM subjects on 9 February, 2023?",A volunteer program where engineers teach STEM to underprivileged kids,D5:7,1,True,60,560,True,True,4,False,False,True,True,True,True,True,True,True,True,True,True
locomo-hindsight,hindsight,rag,conv-48_q111,conv-48,111,4,True,How does Jolene plan to involve local engineers in her idea of teaching STEM to underprivileged kids?,As guest speakers for workshops,D5:9,1,True,62,561,True,True,8,False,False,False,False,True,True,True,True,True,True,True,True
locomo-hindsight,hindsight,rag,conv-48_q112,conv-48,112,4,True,What gave Deborah peace in the garden she visited?,Roses and dahlias,D6:4,1,True,62,553,True,True,18,False,False,False,False,False,False,True,True,True,True,True,True
locomo-hindsight,hindsight,rag,conv-48_q113,conv-48,113,4,True,Why did Deborah spend time in the garden?,to find comfort after losing a friend,D6:4,1,True,62,556,True,True,4,False,False,True,True,True,True,True,True,True,True,True,True
locomo-hindsight,hindsight,rag,conv-48_q114,conv-48,114,4,True,How did Jolene and her partner initially meet?,In an engineering class in college,D7:9,1,True,63,561,True,True,1,True,True,True,True,True,True,True,True,True,True,True,True
locomo-hindsight,hindsight,rag,conv-48_q115,conv-48,115,4,False,What activity does Deborah incorporate into her daily routine after going for a morning jog in the park?,spending time with loved ones,D7:18,1,True,62,555,True,True,5,False,False,True,True,True,True,True,True,True,True,True,True
locomo-hindsight,hindsight,rag,conv-48_q116,conv-48,116,4,False,"According to Jolene, what does exercise help her to feel?",connected to her body,D7:20,1,True,61,558,True,True,22,False,False,False,False,False,False,False,False,True,True,True,True
locomo-hindsight,hindsight,rag,conv-48_q117,conv-48,117,4,True,"What did Deb share a photo of, which brought a smile to Jolene's face?",a yellow coffee cup with a handwritten message,D8:22,1,True,63,551,True,True,2,False,False,True,True,True,True,True,True,True,True,True,True
locomo-hindsight,hindsight,rag,conv-48_q118,conv-48,118,4,True,What is one of Jolene's favorite dishes?,lasagna,D8:2,1,True,62,553,True,True,5,False,False,True,True,True,True,True,True,True,True,True,True
locomo-hindsight,hindsight,rag,conv-48_q119,conv-48,119,4,True,What picture did Jolene share related to feeling overwhelmed?,a photo of a desk with a notebook and a computer monitor,D8:16,1,True,62,547,True,True,17,False,False,False,False,False,False,True,True,True,True,True,True
locomo-hindsight,hindsight,rag,conv-48_q120,conv-48,120,4,True,What did Jolene and Deb discuss as a helpful strategy for studying and time management?,"breaking tasks into smaller pieces and setting goals, using planners or schedulers",D8:19,1,True,60,559,True,True,7,False,False,False,False,True,True,True,True,True,True,True,True
locomo-hindsight,hindsight,rag,conv-48_q121,conv-48,121,4,True,"What did Jolene ask Deb to help with on 13 March, 2023?",time management,D9:14,1,True,63,556,True,True,43,False,False,False,False,False,False,False,False,True,True,True,True
locomo-hindsight,hindsight,rag,conv-48_q122,conv-48,122,4,True,What method does Deb suggest Jolene to try for organizing tasks based on importance and urgency?,The Eisenhower Matrix,D10:13,1,True,62,557,True,True,4,False,False,True,True,True,True,True,True,True,True,True,True
locomo-hindsight,hindsight,rag,conv-48_q123,conv-48,123,4,True,What did Jolene and Anna discuss while watching the sunset by the sea?,They realized they inspire each other,D10:17,1,True,62,560,True,True,3,False,False,True,True,True,True,True,True,True,True,True,True
locomo-hindsight,hindsight,rag,conv-48_q124,conv-48,124,4,True,How does Jolene plan to pursue her dream of learning to surf?,"gathering information, watching videos, getting a beginners' guide",D10:20,1,True,61,558,True,True,5,False,False,True,True,True,True,True,True,True,True,True,True
locomo-hindsight,hindsight,rag,conv-48_q125,conv-48,125,4,True,What did Deborah buy to enhance her yoga practice besides the props?,candle,D11:4,1,True,62,559,True,True,8,False,False,False,False,True,True,True,True,True,True,True,True
locomo-hindsight,hindsight,rag,conv-48_q126,conv-48,126,4,True,What type of music does Deborah find helpful during her yoga practice?,instrumental tracks with mellow melodies and rhythms,D11:8,1,True,62,556,True,True,3,False,False,True,True,True,True,True,True,True,True,True,True
locomo-hindsight,hindsight,rag,conv-48_q127,conv-48,127,4,True,Who are the musicians mentioned by Jolene that she enjoys listening to during her yoga practice?,Nils Frahm and Olafur Arnalds,D11:9,1,True,61,557,True,True,4,False,False,True,True,True,True,True,True,True,True,True,True
locomo-hindsight,hindsight,rag,conv-48_q128,conv-48,128,4,True,What album does Deborah recommend for meditation and deep relaxation?,'Sleep',D11:10,1,True,63,560,True,True,5,False,False,True,True,True,True,True,True,True,True,True,True
locomo-hindsight,hindsight,rag,conv-48_q129,conv-48,129,4,True,"Which show did Deborah go to with a friend on 9 April, 2023?",an art show,D12:1,1,True,63,552,True,True,14,False,False,False,False,False,False,True,True,True,True,True,True
locomo-hindsight,hindsight,rag,conv-48_q130,conv-48,130,4,True,What does Deborah find comforting about going to art shows?,It makes her feel like she's still experiencing it with her mom,D12:3,1,True,63,552,True,True,11,False,False,False,False,False,False,True,True,True,True,True,True
locomo-hindsight,hindsight,rag,conv-48_q131,conv-48,131,4,True,How does Jolene describe the time spent with her snakes and partner?,Valuable and relaxing,D12:6,1,True,61,561,True,True,9,False,False,False,False,True,True,True,True,True,True,True,True
locomo-hindsight,hindsight,rag,conv-48_q132,conv-48,132,4,True,What does Jolene enjoy doing with her partner after a long day?,Playing video games,D12:6,1,True,61,553,True,True,12,False,False,False,False,False,False,True,True,True,True,True,True
locomo-hindsight,hindsight,rag,conv-48_q133,conv-48,133,4,True,What is Jolene currently doing in June 2023?,interning at a well-known engineering firm,D13:5,1,True,63,553,True,True,4,False,False,True,True,True,True,True,True,True,True,True,True
locomo-hindsight,hindsight,rag,conv-48_q134,conv-48,134,4,True,For how long has Jolene had Seraphim as a pet?,one year,D14:6,1,True,63,558,True,True,3,False,False,True,True,True,True,True,True,True,True,True,True
locomo-hindsight,hindsight,rag,conv-48_q135,conv-48,135,4,True,How does Jolene feel when spending time with Seraphim?,comforted,D14:6,1,True,62,556,True,True,8,False,False,False,False,True,True,True,True,True,True,True,True
locomo-hindsight,hindsight,rag,conv-48_q136,conv-48,136,4,True,Which new yoga pose did Deborah share a photo of?,tree pose,D14:15,1,True,62,558,True,True,12,False,False,False,False,False,False,True,True,True,True,True,True
locomo-hindsight,hindsight,rag,conv-48_q137,conv-48,137,4,True,What group activity did Deborah start with Anna?,running group,D15:1,1,True,61,547,True,True,4,False,False,True,True,True,True,True,True,True,True,True,True
locomo-hindsight,hindsight,rag,conv-48_q138,conv-48,138,4,True,What made being part of the running group easy for Deborah to stay motivated?,helping and pushing each other during runs,D15:3,1,True,63,562,True,True,7,False,False,False,False,True,True,True,True,True,True,True,True
locomo-hindsight,hindsight,rag,conv-48_q139,conv-48,139,4,True,Why did Jolene decide to get a snake as a pet?,fascinated by reptiles and it felt like the perfect pet,D15:18,1,True,63,553,True,True,6,False,False,False,False,True,True,True,True,True,True,True,True
locomo-hindsight,hindsight,rag,conv-48_q140,conv-48,140,4,True,What is the favorite game Jolene plays with her partner?,It takes two,D15:10,1,True,63,567,True,True,8,False,False,False,False,True,True,True,True,True,True,True,True
locomo-hindsight,hindsight,rag,conv-48_q141,conv-48,141,4,True,What activity does Deborah do with her cats?,take them out for a run in the park every morning and evening,D15:27,1,True,61,547,True,True,10,False,False,False,False,True,True,True,True,True,True,True,True
locomo-hindsight,hindsight,rag,conv-48_q142,conv-48,142,4,True,How does Jolene describe the feeling of finding her snake snuggled under the bed after it got out?,It really showed how much she loves her.,D15:20,1,True,62,547,True,True,3,False,False,True,True,True,True,True,True,True,True,True,True
locomo-hindsight,hindsight,rag,conv-48_q143,conv-48,143,4,True,Why does Deborah take her cats out for a run in the park every day?,Exercise and nature are important to her,D15:27,1,True,62,551,True,True,4,False,False,True,True,True,True,True,True,True,True,True,True
locomo-hindsight,hindsight,rag,conv-48_q144,conv-48,144,4,True,"How did Jolene come to have her pet, Susie?",She adopted her two years ago when feeling lonely.,D16:6,1,True,63,558,True,True,5,False,False,True,True,True,True,True,True,True,True,True,True
locomo-hindsight,hindsight,rag,conv-48_q145,conv-48,145,4,True,What activities have been helping Jolene stay distracted during tough times?,"Video games and spending time with her pet, Susie",D16:4,1,True,61,552,True,True,3,False,False,True,True,True,True,True,True,True,True,True,True
locomo-hindsight,hindsight,rag,conv-48_q146,conv-48,146,4,True,What kind of yoga routine does Deborah recommend to Jolene?,A gentle flow routine focused on breathing and grounding,D16:15,1,True,61,565,True,True,7,False,False,False,False,True,True,True,True,True,True,True,True
locomo-hindsight,hindsight,rag,conv-48_q147,conv-48,147,4,True,What did Jolene design inspired by their love for space and engines?,Notebooks,D17:6,1,True,62,554,True,True,7,False,False,False,False,True,True,True,True,True,True,True,True
locomo-hindsight,hindsight,rag,conv-48_q148,conv-48,148,4,True,What journal has Jolene been using to help track tasks and stay organized?,bullet journal,D18:3,1,True,61,555,True,True,4,False,False,True,True,True,True,True,True,True,True,True,True
locomo-hindsight,hindsight,rag,conv-48_q149,conv-48,149,4,True,What game did Jolene recommend for being calming and cute?,Animal Crossing: New Horizons,D19:8,1,True,63,549,True,True,5,False,False,True,True,True,True,True,True,True,True,True,True
locomo-hindsight,hindsight,rag,conv-48_q150,conv-48,150,4,True,What game did Jolene suggest as an awesome open-world game for the Nintendo Switch?,Zelda BOTW,D19:8,1,True,63,555,True,True,4,False,False,True,True,True,True,True,True,True,True,True,True
locomo-hindsight,hindsight,rag,conv-48_q151,conv-48,151,4,True,What did Deborah and her husband use to play to bond and make memories?,video games,D19:11,1,True,62,543,True,True,7,False,False,False,False,True,True,True,True,True,True,True,True
locomo-hindsight,hindsight,rag,conv-48_q152,conv-48,152,4,True,What is special about the bench at the park near Deborah's house?,It holds special memories of conversations with her mom,D19:18,1,True,62,549,True,True,2,False,False,True,True,True,True,True,True,True,True,True,True
locomo-hindsight,hindsight,rag,conv-48_q153,conv-48,153,4,True,What did Deborah and her mom chat about at their special bench in the park?,dreams and life,D19:19,1,True,62,551,True,True,10,False,False,False,False,True,True,True,True,True,True,True,True
locomo-hindsight,hindsight,rag,conv-48_q154,conv-48,154,4,True,What feeling does Deborah get when she thinks about the time spent with her mom at their special spot?,peace and gratitude,D19:21,1,True,63,558,True,True,5,False,False,True,True,True,True,True,True,True,True,True,True
locomo-hindsight,hindsight,rag,conv-48_q155,conv-48,155,4,True,What habits does Jolene practice to feel balanced?,"yoga, meditation, walks, and mindfulness",D20:12,1,True,61,555,True,True,24,False,False,False,False,False,False,False,False,True,True,True,True
locomo-hindsight,hindsight,rag,conv-48_q156,conv-48,156,4,True,Which yoga pose is Jolene a fan of for rest and calmness?,savasana (the corpse pose),D20:19,1,True,61,556,True,True,6,False,False,False,False,True,True,True,True,True,True,True,True
locomo-hindsight,hindsight,rag,conv-48_q157,conv-48,157,4,True,How long has Jolene been doing yoga?,3 years,D20:21,1,True,61,557,True,True,5,False,False,True,True,True,True,True,True,True,True,True,True
locomo-hindsight,hindsight,rag,conv-48_q158,conv-48,158,4,True,What did Jolene participate in recently that provided her with a rewarding experience?,presenting at a virtual conference,D21:6,1,True,63,551,True,True,2,False,False,True,True,True,True,True,True,True,True,True,True
locomo-hindsight,hindsight,rag,conv-48_q159,conv-48,159,4,True,How did Jolene feel after receiving positive feedback at the virtual conference?,thrilled and rewarded,D21:8,1,True,63,559,True,True,4,False,False,True,True,True,True,True,True,True,True,True,True
locomo-hindsight,hindsight,rag,conv-48_q160,conv-48,160,4,True,What kind of event did Jolene present at recently?,virtual conference,D21:6,1,True,63,554,True,True,4,False,False,True,True,True,True,True,True,True,True,True,True
locomo-hindsight,hindsight,rag,conv-48_q161,conv-48,161,4,True,"What did Jolene's mom stress the value of, which she wants to keep in mind for her engineering projects?",Helping others,D22:6,1,True,61,559,True,True,4,False,False,True,True,True,True,True,True,True,True,True,True
locomo-hindsight,hindsight,rag,conv-48_q162,conv-48,162,4,True,What type of projects is Jolene interested in getting involved in the future?,Sustainable initiatives and developing innovative solutions for environmental issues,D22:8,1,True,63,548,True,True,5,False,False,True,True,True,True,True,True,True,True,True,True
locomo-hindsight,hindsight,rag,conv-48_q163,conv-48,163,4,True,"How did Deborah get Luna, one of her cats?",From the shelter,D22:25,1,True,63,556,True,True,5,False,False,True,True,True,True,True,True,True,True,True,True
locomo-hindsight,hindsight,rag,conv-48_q164,conv-48,164,4,True,How old is Max?,8 years old,D22:27,1,True,63,562,True,True,1,True,True,True,True,True,True,True,True,True,True,True,True
locomo-hindsight,hindsight,rag,conv-48_q165,conv-48,165,4,True,"What type of classes did Jolene and her partner check out during their trip to Rio de Janeiro on 30 August, 2023?",Yoga classes,D23:1,1,True,61,562,True,True,3,False,False,True,True,True,True,True,True,True,True,True,True
locomo-hindsight,hindsight,rag,conv-48_q166,conv-48,166,4,True,What type of place does Jolene visit to meditate?,A tranquil spot by a pond,D23:9,1,True,61,550,True,True,25,False,False,False,False,False,False,False,False,True,True,True,True
locomo-hindsight,hindsight,rag,conv-48_q167,conv-48,167,4,True,"What was the new plant Jolene got used as a reminder for on 30 August, 2023?",To nurture herself and embrace fresh starts,D23:29,1,True,62,549,True,True,1,True,True,True,True,True,True,True,True,True,True,True,True
locomo-hindsight,hindsight,rag,conv-48_q168,conv-48,168,4,True,"Why did Jolene get the new plant on 30 August, 2023?",As a reminder to nurture herself and embrace fresh starts,D23:29,1,True,63,557,True,True,1,True,True,True,True,True,True,True,True,True,True,True,True
locomo-hindsight,hindsight,rag,conv-48_q169,conv-48,169,4,True,What has Jolene been focusing on lately besides studying?,relationship with her partner,D24:2,1,True,62,551,True,True,5,False,False,True,True,True,True,True,True,True,True,True,True
locomo-hindsight,hindsight,rag,conv-48_q170,conv-48,170,4,True,How did Deborah's mom support her yoga practice when she first started?,attended classes with her,D24:5,1,True,61,553,True,True,7,False,False,False,False,True,True,True,True,True,True,True,True
locomo-hindsight,hindsight,rag,conv-48_q171,conv-48,171,4,True,What was the video game console that Jolene's parents got her at age 10?,nintendo game console,D24:6,1,True,63,561,True,True,4,False,False,True,True,True,True,True,True,True,True,True,True
locomo-hindsight,hindsight,rag,conv-48_q172,conv-48,172,4,True,What was one of Jolene's favorite games to play with her mom on the nintendo wii game system?,Monster Hunter: World,D24:10,1,True,63,561,True,True,4,False,False,True,True,True,True,True,True,True,True,True,True
locomo-hindsight,hindsight,rag,conv-48_q173,conv-48,173,4,True,What course did Jolene sign up for on 6 September 2023?,meditation,D25:1,1,True,61,556,True,True,16,False,False,False,False,False,False,True,True,True,True,True,True
locomo-hindsight,hindsight,rag,conv-48_q174,conv-48,174,4,False,"Why did Jolene have to reschedule their meeting with Deborah on September 8, 2023?",Jolene already had plans,D26:15,1,True,62,561,True,True,2,False,False,True,True,True,True,True,True,True,True,True,True
locomo-hindsight,hindsight,rag,conv-48_q175,conv-48,175,4,True,Where did Jolene and her partner travel for a few weeks in September 2023?,Phuket,D27:1,1,True,63,559,True,True,11,False,False,False,False,False,False,True,True,True,True,True,True
locomo-hindsight,hindsight,rag,conv-48_q176,conv-48,176,4,True,What was the main focus of the session that stood out to Jolene during the retreat?,releasing expectations and judgments and savoring the present,D27:5,1,True,61,546,True,True,12,False,False,False,False,False,False,True,True,True,True,True,True
locomo-hindsight,hindsight,rag,conv-48_q177,conv-48,177,4,True,How did Jolene feel about her progress in practicing mindfulness and gratitude?,experiencing a new level of joy and happiness,D27:9,1,True,61,552,True,True,8,False,False,False,False,True,True,True,True,True,True,True,True
locomo-hindsight,hindsight,rag,conv-48_q178,conv-48,178,4,False,What positive change did Jolene experience during the retreat?,finding inner peace,D27:1,1,True,63,548,True,True,16,False,False,False,False,False,False,True,True,True,True,True,True
locomo-hindsight,hindsight,rag,conv-48_q179,conv-48,179,4,False,What did Jolene recently play that she described to Deb?,a card game about cats,D27:12,1,True,62,566,True,True,11,False,False,False,False,False,False,True,True,True,True,True,True
locomo-hindsight,hindsight,rag,conv-48_q180,conv-48,180,4,True,What did Deborah do with their mom's old friends?,reminisced and looked through photos,D28:7,1,True,63,548,True,True,7,False,False,False,False,True,True,True,True,True,True,True,True
locomo-hindsight,hindsight,rag,conv-48_q181,conv-48,181,4,True,Where did Deborah get married?,on the beach,D28:11,1,True,63,559,True,True,14,False,False,False,False,False,False,True,True,True,True,True,True
locomo-hindsight,hindsight,rag,conv-48_q182,conv-48,182,4,True,What does yoga on the beach provide for Deborah?,a peaceful atmosphere,D28:15,1,True,62,564,True,True,14,False,False,False,False,False,False,True,True,True,True,True,True
locomo-hindsight,hindsight,rag,conv-48_q183,conv-48,183,4,True,How does Jolene describe their home room?,little haven for peace and rest,D28:22,1,True,63,554,True,True,4,False,False,True,True,True,True,True,True,True,True,True,True
locomo-hindsight,hindsight,rag,conv-48_q184,conv-48,184,4,True,"What new activity did Deborah and her neighbor organize for the community on 16 September, 2023?",Free gardening class,D29:1,1,True,63,555,True,True,2,False,False,True,True,True,True,True,True,True,True,True,True
locomo-hindsight,hindsight,rag,conv-48_q185,conv-48,185,4,True,What was Deborah's mom passionate about?,Cooking,D29:7,1,True,63,547,True,True,4,False,False,True,True,True,True,True,True,True,True,True,True
locomo-hindsight,hindsight,rag,conv-48_q186,conv-48,186,4,True,What food did Deborah's mom make for her on birthdays?,Pineapple cakes,D29:9,1,True,63,554,True,True,6,False,False,False,False,True,True,True,True,True,True,True,True
locomo-hindsight,hindsight,rag,conv-48_q187,conv-48,187,4,True,What kind of cookies did Jolene used to bake with someone close to her?,Chocolate chip cookies,D29:12,1,True,62,555,True,True,4,False,False,True,True,True,True,True,True,True,True,True,True
locomo-hindsight,hindsight,rag,conv-48_q188,conv-48,188,4,True,What outdoor activity did Jolene suggest doing together with Deborah?,Surfing,D29:27,1,True,61,563,True,True,7,False,False,False,False,True,True,True,True,True,True,True,True
locomo-hindsight,hindsight,rag,conv-48_q189,conv-48,189,4,True,"What activity did Deborah enjoy at the music festival with their pals on September 20, 2023?",Dancing and bopping around,D30:1,1,True,63,552,True,True,1,True,True,True,True,True,True,True,True,True,True,True,True
locomo-hindsight,hindsight,rag,conv-48_q190,conv-48,190,4,True,What did Deborah find freeing at the music festival?,Dancing and bopping around,D30:1,1,True,63,548,True,True,8,False,False,False,False,True,True,True,True,True,True,True,True
locomo-hindsight,hindsight,rag,conv-49_q0,conv-49,0,1,True,What kind of car does Evan drive?,Prius,D18:1 D18:3 D1:2 D1:4 D22:2,5,True,50,509,True,True,2,False,False,True,False,True,False,True,True,True,True,True,True
locomo-hindsight,hindsight,rag,conv-49_q1,conv-49,1,1,True,What kinds of things did Evan have broken?,His old Prius and his new Prius.,D18:1 D18:2 D18:3 D1:2 D1:4,5,True,50,509,True,True,4,False,False,True,False,True,False,True,True,True,True,True,True
locomo-hindsight,hindsight,rag,conv-49_q2,conv-49,2,1,True,Where has Evan been on roadtrips with his family?,"Rockies, Jasper",D1:2 D1:4 D2:1,3,True,50,509,True,True,3,False,False,True,False,True,True,True,True,True,True,True,True
locomo-hindsight,hindsight,rag,conv-49_q3,conv-49,3,1,True,How many Prius has Evan owned?,two,D1:2 D1:4,2,True,50,509,True,True,6,False,False,False,False,True,True,True,True,True,True,True,True
locomo-hindsight,hindsight,rag,conv-49_q4,conv-49,4,2,True,Which hobby did Sam take up in May 2023?,painting,D1:11,1,True,50,509,True,True,4,False,False,True,True,True,True,True,True,True,True,True,True
locomo-hindsight,hindsight,rag,conv-49_q5,conv-49,5,3,True,Which country was Evan visiting in May 2023?,Canada,D2:1,1,True,50,509,True,True,3,False,False,True,True,True,True,True,True,True,True,True,True
locomo-hindsight,hindsight,rag,conv-49_q6,conv-49,6,1,True,How many roadtrips did Evan take in May 2023?,two,D1:4 D2:1,2,True,50,509,True,True,1,True,False,True,True,True,True,True,True,True,True,True,True
locomo-hindsight,hindsight,rag,conv-49_q7,conv-49,7,1,True,What new hobbies did Sam consider trying?,"Painting, kayaking, hiking, cooking, running",D10:8 D13:6 D13:8 D1:11 D20:6 D21:19 D2:10 D7:2 D7:4 D7:6,10,True,50,509,True,True,1,True,False,True,False,True,False,True,False,True,True,True,True
locomo-hindsight,hindsight,rag,conv-49_q8,conv-49,8,1,True,What hobby did Evan start practicing a few years ago that he enjoys?,Watercolor painting,D1:14 D1:16 D8:13 D8:14,4,True,50,509,True,True,1,True,False,True,False,True,False,True,False,True,True,True,True
locomo-hindsight,hindsight,rag,conv-49_q9,conv-49,9,2,True,When did Evan go to Jasper with his family?,"weekend before May 24, 2023",D2:1,1,True,50,509,True,True,7,False,False,False,False,True,True,True,True,True,True,True,True
locomo-hindsight,hindsight,rag,conv-49_q10,conv-49,10,3,True,"Which type of vacation would Evan prefer with his family, walking tours in metropolitan cities or camping trip in the outdoors?",camping trip in the outdoors,D19:1 D19:3 D2:1 D2:3,4,True,50,509,True,True,1,True,False,True,False,True,True,True,True,True,True,True,True
locomo-hindsight,hindsight,rag,conv-49_q11,conv-49,11,1,True,What health issue did Sam face that motivated him to change his lifestyle?,Weight problem,D10:6 D12:1 D13:2 D14:1 D15:1 D16:3 D17:3 D24:12 D24:14 D24:20 D25:1 D25:3 D2:6 D3:4 D5:5 D6:2 D7:12 D7:2 D8:1,19,True,50,509,True,True,2,False,False,True,False,True,False,True,False,True,True,True,True
locomo-hindsight,hindsight,rag,conv-49_q12,conv-49,12,2,True,When did Sam first go to the doctor and find out he had a weight problem?,"A few days before May 24, 2023.",D2:6,1,True,50,509,True,True,8,False,False,False,False,True,True,True,True,True,True,True,True
locomo-hindsight,hindsight,rag,conv-49_q13,conv-49,13,2,True,When did Evan have his sudden heart palpitation incident that really shocked him up?,first week of June 2023,D3:1,1,True,50,509,True,True,4,False,False,True,True,True,True,True,True,True,True,True,True
locomo-hindsight,hindsight,rag,conv-49_q14,conv-49,14,1,True,What is Evan's favorite food?,Ginger snaps,D22:12 D23:15 D3:3 D5:5,4,True,50,509,True,True,4,False,False,True,False,True,False,True,False,True,True,True,True
locomo-hindsight,hindsight,rag,conv-49_q15,conv-49,15,1,True,What kind of unhealthy snacks does Sam enjoy eating?,"soda, candy",D3:4,1,True,50,509,True,True,17,False,False,False,False,False,False,True,True,True,True,True,True
locomo-hindsight,hindsight,rag,conv-49_q16,conv-49,16,1,True,What recurring issue frustrates Sam at the grocery store?,Malfunctioning self-checkout machines.,D22:19 D3:16,2,True,50,509,True,True,3,False,False,True,True,True,True,True,True,True,True,True,True
locomo-hindsight,hindsight,rag,conv-49_q17,conv-49,17,2,False,When did Sam's friends mock him for being overweight?,Friday before 27 July 2023,D4:1,1,True,50,509,True,True,1,True,True,True,True,True,True,True,True,True,True,True,True
locomo-hindsight,hindsight,rag,conv-49_q18,conv-49,18,1,True,What kind of healthy food suggestions has Evan given to Sam?,"flavored seltzer water, dark chocolate with high cocoa content, air-popped popcorn and fruit, veggies, healthy sandwich snacks, energy balls, grilled chicken salad with avocado",D22:10 D22:14 D24:15 D3:5 D4:10,5,True,50,509,True,True,1,True,False,True,False,True,False,True,False,True,True,True,True
locomo-hindsight,hindsight,rag,conv-49_q19,conv-49,19,3,True,"Considering their conversations and personal growth, what advice might Evan and Sam give to someone facing a major life transition or challenge?","Evan and Sam would likely advise embracing small, consistent changes​​, finding stress-relieving activities like hiking​​, painting, and road trips​​, and the importance of friendship and support in navigating challenges​​.",D12:11 D12:7 D14:12 D14:7 D22:1 D3:10 D3:15 D8:17 D8:22 D9:11 D9:8,11,True,50,509,True,True,8,False,False,False,False,True,False,True,False,True,True,True,True
locomo-hindsight,hindsight,rag,conv-49_q20,conv-49,20,3,True,"In light of the health and dietary changes discussed, what would be an appropriate gift for both Evan and Sam to encourage their healthy lifestyles?",a cookbook with healthy recipes or a subscription to a healthy meal delivery service.,D14:12 D2:9 D3:1 D3:3 D3:5 D4:10 D5:9 D7:12 D7:2 D7:3 D7:5 D8:1 D8:12 D8:5 D8:7 D8:8 D9:1,17,True,50,509,True,True,2,False,False,True,False,True,False,True,False,True,True,True,True
locomo-hindsight,hindsight,rag,conv-49_q21,conv-49,21,1,True,How does Evan describe the woman and his feelings for her that he met in Canada?,"He says she's cool, incredible, like something out of a movie, and that he feels alive around her. Every moment with her is fun and energetic, also Evan feels really lucky to have someone who gets him.",D23:3 D5:1 D5:3,3,True,50,509,True,True,5,False,False,True,False,True,False,True,True,True,True,True,True
locomo-hindsight,hindsight,rag,conv-49_q22,conv-49,22,2,True,When Evan did meet his future wife?,"week before August 7, 2023.",D5:1,1,True,50,509,True,True,5,False,False,True,True,True,True,True,True,True,True,True,True
locomo-hindsight,hindsight,rag,conv-49_q23,conv-49,23,2,True,When did Sam start working out at the gym?,"July 28, 2023",D4:15,1,True,50,509,True,True,2,False,False,True,True,True,True,True,True,True,True,True,True
locomo-hindsight,hindsight,rag,conv-49_q24,conv-49,24,2,False,What significant event happened in Sam's life towards the end of summer 2023?,He fell in love with a Canadian woman,D5:1,1,True,50,509,True,True,40,False,False,False,False,False,False,False,False,True,True,True,True
locomo-hindsight,hindsight,rag,conv-49_q25,conv-49,25,2,True,Which year did Evan start taking care of his health seriously?,2021,D5:6 D5:7,2,True,50,509,True,True,10,False,False,False,False,True,True,True,True,True,True,True,True
locomo-hindsight,hindsight,rag,conv-49_q26,conv-49,26,1,True,What motivates Evan to take care of his health?,"family, fitness tracker, thirst for adventure on interesting hikes",D5:11 D5:13 D5:9,3,True,50,509,True,True,7,False,False,False,False,True,True,True,True,True,True,True,True
locomo-hindsight,hindsight,rag,conv-49_q27,conv-49,27,3,True,What electronic device could Evan gift Sam to help him keep up with his fitness goals?,fitness tracker,D5:7,1,True,50,509,True,True,1,True,True,True,True,True,True,True,True,True,True,True,True
locomo-hindsight,hindsight,rag,conv-49_q28,conv-49,28,1,True,What kind of writing does Sam do to relax and cope with his health issues?,"journalling, creative writing",D11:7 D6:4,2,True,50,509,True,True,9,False,False,False,False,True,False,True,False,True,True,True,True
locomo-hindsight,hindsight,rag,conv-49_q29,conv-49,29,1,True,"Who did Evan meet on his trip to Canada, and who did he come back from Canada with?",Evan met the woman he fell in love with and returned with her.,D5:1 D6:1,2,True,50,509,True,True,2,False,False,True,True,True,True,True,True,True,True,True,True
locomo-hindsight,hindsight,rag,conv-49_q30,conv-49,30,2,True,When Evan get back from a vacation with his SO?,"August 13, 2023",D6:1,1,True,50,509,True,True,8,False,False,False,False,True,True,True,True,True,True,True,True
locomo-hindsight,hindsight,rag,conv-49_q31,conv-49,31,3,True,How might Evan and Sam's experiences with health and lifestyle changes influence their approach to stress and challenges?,"Their experiences likely lead them to view challenges as opportunities for growth and change. They both have embraced healthier lifestyles, indicating a proactive approach to managing stress and challenges.",D9:1 D4:4 D4:6,1,True,50,509,False,False,,False,False,False,False,False,False,False,False,False,False,False,False
locomo-hindsight,hindsight,rag,conv-49_q32,conv-49,32,1,True,What recurring frustration does Evan experience?,Evan consistently misplaces his keys every week.,D21:20 D6:13,2,True,50,509,True,True,1,True,False,True,False,True,False,True,True,True,True,True,True
locomo-hindsight,hindsight,rag,conv-49_q33,conv-49,33,1,True,What is the recurring dream that Sam keeps having?,he's flying over a cityscape.,D24:22 D6:14,2,True,50,509,True,True,3,False,False,True,False,True,True,True,True,True,True,True,True
locomo-hindsight,hindsight,rag,conv-49_q34,conv-49,34,1,True,What accidents has Evan's son faced lately?,"injured at a soccer game, fell off his bike",D20:3 D7:1,2,True,50,509,True,True,4,False,False,True,True,True,True,True,True,True,True,True,True
locomo-hindsight,hindsight,rag,conv-49_q35,conv-49,35,2,True,When was Evan's son injured at soccer?,"Saturday before August 15, 2023.",D7:1,1,True,50,509,True,True,4,False,False,True,True,True,True,True,True,True,True,True,True
locomo-hindsight,hindsight,rag,conv-49_q36,conv-49,36,1,False,What kind of foods or recipes has Sam recommended to Evan?,"grilled vegetables, grilled chicken and veggie stir-fry, poutine",D23:26 D7:8 D8:7,3,True,50,509,True,True,7,False,False,False,False,True,False,True,False,True,True,True,True
locomo-hindsight,hindsight,rag,conv-49_q37,conv-49,37,1,True,What kind of healthy meals did Sam start eating after getting a health scare?,"salad, grilled salmon and vegetables, grilled chicken and veggie stir-fry, Beef Merlot, fruit bowl, smoothie bowl",D10:2 D11:1 D18:6 D3:2 D7:4 D8:1 D8:7,7,True,50,509,True,True,7,False,False,False,False,True,False,True,False,True,True,True,True
locomo-hindsight,hindsight,rag,conv-49_q38,conv-49,38,3,True,What role does nature and the outdoors play in Evan and Sam's mental well-being?,Nature and outdoor activities seem to be significant stress relievers and sources of joy for both Evan and Sam. These activities likely contribute positively to their mental well-being.,D22:1 D22:2 D9:10 D9:11,1,True,50,509,False,False,,False,False,False,False,False,False,False,False,False,False,False,False
locomo-hindsight,hindsight,rag,conv-49_q39,conv-49,39,2,True,How many months lapsed between Sam's first and second doctor's appointment?,three months,D2:6 D7:2,2,True,50,509,True,True,4,False,False,True,False,True,False,True,False,True,True,True,True
locomo-hindsight,hindsight,rag,conv-49_q40,conv-49,40,2,True,When did Evan start taking painting classes?,"Few days before 19 August, 2023.",D8:12,1,True,50,509,True,True,4,False,False,True,True,True,True,True,True,True,True,True,True
locomo-hindsight,hindsight,rag,conv-49_q41,conv-49,41,2,True,Which classes did Evan join in mid-August 2023?,painting classes,D8:12,1,True,50,509,True,True,3,False,False,True,True,True,True,True,True,True,True,True,True
locomo-hindsight,hindsight,rag,conv-49_q42,conv-49,42,1,True,How did Evan get into painting?,His friend got him into it by gifting him a painting and giving him some advice. The painting inspired Evan.,D1:14 D1:15 D1:16 D8:14,4,True,50,509,True,True,4,False,False,True,False,True,False,True,False,True,True,True,True
locomo-hindsight,hindsight,rag,conv-49_q43,conv-49,43,3,False,How often does Sam get health checkups?,every three months,D12:1 D2:6 D7:2,3,True,50,509,True,True,3,False,False,True,False,True,False,True,False,True,True,True,True
locomo-hindsight,hindsight,rag,conv-49_q44,conv-49,44,1,True,What kind of subjects does Evan enjoy painting?,"nature landscapes, portraits, abstract minimalism",D20:13 D20:15 D21:10 D21:14 D8:20,5,True,50,509,True,True,1,True,False,True,False,True,True,True,True,True,True,True,True
locomo-hindsight,hindsight,rag,conv-49_q45,conv-49,45,2,True,Which places in Canada was Evan visiting in July 2023?,"Banff, Rocky Mountains",D8:27 D9:10 D9:8,3,True,50,509,True,True,2,False,False,True,True,True,True,True,True,True,True,True,True
locomo-hindsight,hindsight,rag,conv-49_q46,conv-49,46,3,True,How do Evan and Sam use creative outlets to cope with life's challenges?,"Evan and Sam use creative activities, like painting and writing, as therapeutic tools to express themselves and cope with stress.",D21:18 D21:22 D11:15 D11:19,1,True,50,509,False,False,,False,False,False,False,False,False,False,False,False,False,False,False
locomo-hindsight,hindsight,rag,conv-49_q47,conv-49,47,2,True,When did Evan go skiing in Banff?,July 2023,D8:26 D8:27 D8:28,3,True,50,509,True,True,3,False,False,True,True,True,True,True,True,True,True,True,True
locomo-hindsight,hindsight,rag,conv-49_q48,conv-49,48,1,True,What new diet and lifestyle change did Sam adopt over time?,"Healthy eating, exercise routine, running, hiking",D21:9 D22:1 D8:1 D9:1,4,True,50,509,True,True,3,False,False,True,False,True,False,True,False,True,True,True,True
locomo-hindsight,hindsight,rag,conv-49_q49,conv-49,49,1,False,Who was injured in Evan's family?,Evan's son and Evan himself,D11:2 D11:3 D7:1 D7:10 D7:9 D9:2,6,True,50,509,True,True,7,False,False,False,False,True,False,True,True,True,True,True,True
locomo-hindsight,hindsight,rag,conv-49_q50,conv-49,50,1,True,What kind of hobbies does Evan pursue?,"painting, hiking, reading books, biking, skiing, snowboarding, ice skating, swimming, camping, kayaking",D1:14 D1:6 D25:10 D25:8 D4:8 D6:1 D8:30 D9:6,8,True,50,509,True,True,2,False,False,True,False,True,False,True,False,True,True,True,True
locomo-hindsight,hindsight,rag,conv-49_q51,conv-49,51,3,True,"What challenges does Sam face in his quest for a healthier lifestyle, and how does he address them?",Sam faces challenges like maintaining motivation and making dietary changes. He addresses them by enrolling in cooking classes and seeking support from friends like Evan.,D14:1 D14:2 D4:2 D4:6,4,True,50,509,True,True,1,True,False,True,False,True,False,True,True,True,True,True,True
locomo-hindsight,hindsight,rag,conv-49_q52,conv-49,52,2,True,Which activity do Evan and Sam plan on doing together during September 2023?,painting,D10:12 D10:13 D10:14,3,True,50,509,True,True,1,True,True,True,True,True,True,True,True,True,True,True,True
locomo-hindsight,hindsight,rag,conv-49_q53,conv-49,53,2,True,When did Evan and Sam decide to paint together?,"Saturday after 11 September, 2023.",D10:12 D10:13 D10:14,3,True,50,509,True,True,5,False,False,True,True,True,True,True,True,True,True,True,True
locomo-hindsight,hindsight,rag,conv-49_q54,conv-49,54,1,False,What personal health incidents does Evan face in 2023?,"heart palpitations, twisted ankle, twisted ankle",D11:2 D3:1 D9:2,3,True,50,509,True,True,1,True,False,True,False,True,False,True,False,True,True,True,True
locomo-hindsight,hindsight,rag,conv-49_q55,conv-49,55,1,True,What recurring adventure does Evan have with strangers?,Helping lost tourists and experiencing unexpected adventures in the city.,D11:6 D14:2,2,True,50,509,True,True,16,False,False,False,False,False,False,True,False,True,True,True,True
locomo-hindsight,hindsight,rag,conv-49_q56,conv-49,56,1,True,What is Sam's persistent problem with his phone?,"His new phone malfunctioning, particularly with the navigation app.",D11:15 D14:1,2,True,50,509,True,True,3,False,False,True,False,True,False,True,True,True,True,True,True
locomo-hindsight,hindsight,rag,conv-49_q57,conv-49,57,3,True,Which US state was Sam travelling in during October 2023?,California,D13:14,1,True,50,509,True,True,4,False,False,True,True,True,True,True,True,True,True,True,True
locomo-hindsight,hindsight,rag,conv-49_q58,conv-49,58,2,True,When did Evan start lifting weights?,October 2022,D12:2,1,True,50,509,True,True,2,False,False,True,True,True,True,True,True,True,True,True,True
locomo-hindsight,hindsight,rag,conv-49_q59,conv-49,59,2,True,When did Sam and his friend decide to try kayaking?,"October 14, 2023",D13:10,1,True,50,509,True,True,8,False,False,False,False,True,True,True,True,True,True,True,True
locomo-hindsight,hindsight,rag,conv-49_q60,conv-49,60,2,True,Which new activity does Sam take up in October 2023?,kayaking,D13:8,1,True,50,509,True,True,2,False,False,True,True,True,True,True,True,True,True,True,True
locomo-hindsight,hindsight,rag,conv-49_q61,conv-49,61,2,True,What kind of stress was Sam dealing with in October 2023?,work-related stress,D13:4,1,True,50,509,True,True,2,False,False,True,True,True,True,True,True,True,True,True,True
locomo-hindsight,hindsight,rag,conv-49_q62,conv-49,62,1,True,What health scares did Sam and Evan experience?,"Sam faced a health scare with stomach pains that turned out to be gastritis, prompting him to rethink his health habits. Evan, on the other hand, experienced two separate incidents: a sudden heart palpitation incident and a different event involving a misunderstanding during a medical check-up. These experiences have significantly influenced their perspectives on health and well-being.",D14:1 D14:2 D17:2 D3:1,4,True,50,509,True,True,3,False,False,True,False,True,False,True,False,True,True,True,True
locomo-hindsight,hindsight,rag,conv-49_q63,conv-49,63,2,True,When was Sam in the ER?,"weekend before 17 October, 2023.",D14:1,1,True,50,509,True,True,5,False,False,True,True,True,True,True,True,True,True,True,True
locomo-hindsight,hindsight,rag,conv-49_q64,conv-49,64,1,True,Which ailment does Sam have to face due to his weight?,gastritis,D12:1 D14:1 D2:6 D7:2,4,True,50,509,True,True,5,False,False,True,False,True,False,True,False,True,True,True,True
locomo-hindsight,hindsight,rag,conv-49_q65,conv-49,65,3,True,Does Evan live close to a beach or mountains?,beach,D16:16 D16:18 D16:20,3,True,50,509,True,True,1,True,True,True,True,True,True,True,True,True,True,True,True
locomo-hindsight,hindsight,rag,conv-49_q66,conv-49,66,2,True,When did Evan lose his job?,end of October 2023,D16:10,1,True,50,509,True,True,7,False,False,False,False,True,True,True,True,True,True,True,True
locomo-hindsight,hindsight,rag,conv-49_q67,conv-49,67,2,True,When did Evan and Sam planned a trip to the beach together?,"December, 2023",D16:24,1,True,50,509,True,True,1,True,True,True,True,True,True,True,True,True,True,True,True
locomo-hindsight,hindsight,rag,conv-49_q68,conv-49,68,2,True,"What was Sam doing on December 4, 2023?",Attending a Weight Watchers meeting,D18:6,1,True,50,509,True,True,1,True,True,True,True,True,True,True,True,True,True,True,True
locomo-hindsight,hindsight,rag,conv-49_q69,conv-49,69,1,True,Which two significant life events occur in Evan's life in December 2023 with his partner?,his partner gets pregnant and they get married,D19:1 D21:2,2,True,50,509,True,True,1,True,False,True,True,True,True,True,True,True,True,True,True
locomo-hindsight,hindsight,rag,conv-49_q70,conv-49,70,2,True,How long did Evan and his partner date before getting married?,four months,D21:1 D5:1,2,True,50,509,True,True,10,False,False,False,False,True,False,True,True,True,True,True,True
locomo-hindsight,hindsight,rag,conv-49_q71,conv-49,71,3,True,Which major holiday season conincides with Evan's wedding?,Christmas,D21:2,1,True,50,509,True,True,22,False,False,False,False,False,False,False,False,True,True,True,True
locomo-hindsight,hindsight,rag,conv-49_q72,conv-49,72,1,True,Which activity did Sam resume in December 2023 after a long time?,hiking,D20:6 D22:1,2,True,50,509,True,True,1,True,False,True,True,True,True,True,True,True,True,True,True
locomo-hindsight,hindsight,rag,conv-49_q73,conv-49,73,2,True,When is Evan planning a big family reunion?,Summer 2024,D19:11,1,True,50,509,True,True,3,False,False,True,True,True,True,True,True,True,True,True,True
locomo-hindsight,hindsight,rag,conv-49_q74,conv-49,74,2,True,When did Evan's son fall off his bike?,"Thursday before December 17, 2023.",D20:3,1,True,50,509,True,True,4,False,False,True,True,True,True,True,True,True,True,True,True
locomo-hindsight,hindsight,rag,conv-49_q75,conv-49,75,2,True,When did Evan announce his marriage to his extended family?,"January 5, 2024",D23:1,1,True,50,509,True,True,2,False,False,True,True,True,True,True,True,True,True,True,True
locomo-hindsight,hindsight,rag,conv-49_q76,conv-49,76,2,True,When did Evan finish the painting that's hanging in the exhibit?,"few days before 17 December, 2023.",D20:13 D20:15,2,True,50,509,True,True,4,False,False,True,False,True,False,True,True,True,True,True,True
locomo-hindsight,hindsight,rag,conv-49_q77,conv-49,77,1,True,How does Evan spend his time with his bride after the wedding?,"family get-together, honeymoon in Canada to see snowy landscapes, ski, taste local cuisine and do some snowshoeing",D23:15 D23:23 D23:25 D24:9,4,True,50,509,True,True,5,False,False,True,False,True,False,True,False,True,True,True,True
locomo-hindsight,hindsight,rag,conv-49_q78,conv-49,78,1,True,Who did Evan tell about his marriage?,"To Sam, to his friends from work, and to his and his wife's families.",D21:2 D22:4 D22:5 D23:1 D23:5,5,True,50,509,True,True,7,False,False,False,False,True,False,True,False,True,True,True,True
locomo-hindsight,hindsight,rag,conv-49_q79,conv-49,79,2,True,When will Evan and his partner have their honeymoon in Canada?,February 2024,D23:23,1,True,50,509,True,True,2,False,False,True,True,True,True,True,True,True,True,True,True
locomo-hindsight,hindsight,rag,conv-49_q80,conv-49,80,2,False,When did Evan have a drunken night with his friends?,"January 9, 2023",D24:3,1,True,50,509,True,True,26,False,False,False,False,False,False,False,False,True,True,True,True
locomo-hindsight,hindsight,rag,conv-49_q81,conv-49,81,1,True,What is a stress reliever for Evan?,"Drawing, traveling, places with a beautiful view, yoga, sunsets or something comfortable for Evan",D10:8 D11:8 D16:23 D18:7 D1:14 D24:19 D24:21 D2:10 D2:11 D2:14 D8:18,11,True,50,509,True,True,1,True,False,True,False,True,False,True,False,True,True,True,True
locomo-hindsight,hindsight,rag,conv-49_q82,conv-49,82,1,False,What is a stress reliever for Sam?,"Unhealthy snacks, sweets, yoga, places with beautiful views",D10:6 D13:2 D13:4 D16:17 D16:23 D18:8,6,True,50,509,True,True,2,False,False,True,False,True,False,True,True,True,True,True,True
locomo-hindsight,hindsight,rag,conv-49_q83,conv-49,83,4,True,What type of car did Evan get after his old Prius broke down?,new Prius,D1:2,1,True,50,509,True,True,5,False,False,True,True,True,True,True,True,True,True,True,True
locomo-hindsight,hindsight,rag,conv-49_q84,conv-49,84,4,True,How did Evan get into watercolor painting?,friend's advice,D1:16,1,True,50,509,True,True,3,False,False,True,True,True,True,True,True,True,True,True,True
locomo-hindsight,hindsight,rag,conv-49_q85,conv-49,85,4,True,What did Evan start doing a few years back as a stress-buster?,watercolor painting,D1:14,1,True,50,509,True,True,9,False,False,False,False,True,True,True,True,True,True,True,True
locomo-hindsight,hindsight,rag,conv-49_q86,conv-49,86,4,True,What advice did Evan give Sam about finding a passion?,keep trying new things until something sparks excitement,D1:18,1,True,50,509,True,True,9,False,False,False,False,True,True,True,True,True,True,True,True
locomo-hindsight,hindsight,rag,conv-49_q87,conv-49,87,4,True,"Where did Evan take his family for a road trip on 24 May, 2023?",Jasper,D2:1,1,True,50,509,True,True,1,True,True,True,True,True,True,True,True,True,True,True,True
locomo-hindsight,hindsight,rag,conv-49_q88,conv-49,88,4,True,What did Evan find relaxing about his road trip to Jasper?,"fresh air, peacefulness, cozy cabin surrounded by mountains and forests",D2:3,1,True,50,509,True,True,3,False,False,True,True,True,True,True,True,True,True,True,True
locomo-hindsight,hindsight,rag,conv-49_q89,conv-49,89,4,True,What habit is Sam trying to change in terms of diet?,consuming soda and candy,D3:4,1,True,50,509,True,True,12,False,False,False,False,False,False,True,True,True,True,True,True
locomo-hindsight,hindsight,rag,conv-49_q90,conv-49,90,4,True,What new suggestion did Evan give to Sam regarding his soda and candy consumption?,try flavored seltzer water and dark chocolate with high cocoa content,D3:5,1,True,50,509,True,True,6,False,False,False,False,True,True,True,True,True,True,True,True
locomo-hindsight,hindsight,rag,conv-49_q91,conv-49,91,4,True,What did Sam agree to try instead of soda and candy?,flavored seltzer water and dark chocolate with high cocoa content,D3:6,1,True,50,509,True,True,6,False,False,False,False,True,True,True,True,True,True,True,True
locomo-hindsight,hindsight,rag,conv-49_q92,conv-49,92,4,True,What frustrating issue did Sam face at the supermarket?,broken self-checkout machines,D3:16,1,True,50,509,True,True,6,False,False,False,False,True,True,True,True,True,True,True,True
locomo-hindsight,hindsight,rag,conv-49_q93,conv-49,93,4,True,What novel is Evan reading that he finds gripping?,The Great Gatsby,D4:10,1,True,50,509,True,True,7,False,False,False,False,True,True,True,True,True,True,True,True
locomo-hindsight,hindsight,rag,conv-49_q94,conv-49,94,4,True,What kind of water does Evan suggest Sam try as an alternative to soda?,Flavored seltzer water,D4:8,1,True,50,509,True,True,8,False,False,False,False,True,True,True,True,True,True,True,True
locomo-hindsight,hindsight,rag,conv-49_q95,conv-49,95,4,True,What does the smartwatch help Evan with?,tracks progress and serves as a constant reminder to keep going,D5:9,1,True,50,509,True,True,11,False,False,False,False,False,False,True,True,True,True,True,True
locomo-hindsight,hindsight,rag,conv-49_q96,conv-49,96,4,True,What does the bonsai tree symbolize for Evan?,strength and resilience,D5:17,1,True,50,509,True,True,6,False,False,False,False,True,True,True,True,True,True,True,True
locomo-hindsight,hindsight,rag,conv-49_q97,conv-49,97,4,True,Why did Evan decide to get the bonsai tree?,motivates him to keep going through tough times,D5:17,1,True,50,509,True,True,6,False,False,False,False,True,True,True,True,True,True,True,True
locomo-hindsight,hindsight,rag,conv-49_q98,conv-49,98,4,True,"According to Sam, what is more important than perfection?",progress,D6:6,1,True,50,509,True,True,4,False,False,True,True,True,True,True,True,True,True,True,True
locomo-hindsight,hindsight,rag,conv-49_q99,conv-49,99,4,True,What did Evan suggest Sam to check out for insights into his dream?,dream interpretation book,D6:15,1,True,50,509,True,True,6,False,False,False,False,True,True,True,True,True,True,True,True
locomo-hindsight,hindsight,rag,conv-49_q100,conv-49,100,4,True,What did Evan mention he had been searching for fruitlessly for half an hour?,his keys,D6:13,1,True,50,509,True,True,6,False,False,False,False,True,True,True,True,True,True,True,True
locomo-hindsight,hindsight,rag,conv-49_q101,conv-49,101,4,True,What class is Sam taking to learn how to make healthier meals?,cooking class,D7:2,1,True,50,509,True,True,4,False,False,True,True,True,True,True,True,True,True,True,True
locomo-hindsight,hindsight,rag,conv-49_q102,conv-49,102,4,False,"What dish did Sam make on 18 August, 2023 that turned out flavorful?",grilled dish with salmon and vegetables,D7:4,1,True,50,509,True,True,6,False,False,False,False,True,True,True,True,True,True,True,True
locomo-hindsight,hindsight,rag,conv-49_q103,conv-49,103,4,True,"What kind of recipe did Evan request from Sam on 19 August, 2023?",recipes with more vegetables,D7:7,1,True,50,509,True,True,22,False,False,False,False,False,False,False,False,True,True,True,True
locomo-hindsight,hindsight,rag,conv-49_q104,conv-49,104,4,True,"What food did Sam share a photo of on 19 August, 2023?","bowl of spinach, avocado, and strawberries",D8:1,1,True,50,509,True,True,7,False,False,False,False,True,True,True,True,True,True,True,True
locomo-hindsight,hindsight,rag,conv-49_q105,conv-49,105,4,True,What type of painting classes did Evan start taking in 2023?,watercolor painting classes,D8:12,1,True,50,509,True,True,6,False,False,False,False,True,True,True,True,True,True,True,True
locomo-hindsight,hindsight,rag,conv-49_q106,conv-49,106,4,False,What did Evan start painting years ago due to being inspired by a friend's gift?,forest scene,D8:14,1,True,50,509,True,True,1,True,True,True,True,True,True,True,True,True,True,True,True
locomo-hindsight,hindsight,rag,conv-49_q107,conv-49,107,4,True,What nature concept do watercolor painting classes emphasize according to Evan?,observing nature and painting what is seen,D8:18,1,True,50,509,True,True,3,False,False,True,True,True,True,True,True,True,True,True,True
locomo-hindsight,hindsight,rag,conv-49_q108,conv-49,108,4,False,What type of landscapes does Evan love painting the most?,sunsets over the ocean,D8:20,1,True,50,509,True,True,2,False,False,True,True,True,True,True,True,True,True,True,True
locomo-hindsight,hindsight,rag,conv-49_q109,conv-49,109,4,True,What fun activity did Evan mention doing in July 2023?,skiing,D8:26,1,True,50,509,True,True,3,False,False,True,True,True,True,True,True,True,True,True,True
locomo-hindsight,hindsight,rag,conv-49_q110,conv-49,110,4,True,What injury did Evan suffer from in August 2023?,Twisted knee,D9:2,1,True,50,509,True,True,3,False,False,True,True,True,True,True,True,True,True,True,True
locomo-hindsight,hindsight,rag,conv-49_q111,conv-49,111,4,True,What sports activity has Evan been doing to stay active while dealing with the knee injury?,Swimming,D9:6,1,True,50,509,True,True,6,False,False,False,False,True,True,True,True,True,True,True,True
locomo-hindsight,hindsight,rag,conv-49_q112,conv-49,112,4,True,What suggestion did Sam give to Evan to help with his knee issue?,Consider low-impact exercises or physical therapy,D9:5,1,True,50,509,True,True,29,False,False,False,False,False,False,False,False,True,True,True,True
locomo-hindsight,hindsight,rag,conv-49_q113,conv-49,113,4,True,What did Evan suggest Sam try as a calming hobby?,Painting,D10:8,1,True,50,509,True,True,19,False,False,False,False,False,False,True,True,True,True,True,True
locomo-hindsight,hindsight,rag,conv-49_q114,conv-49,114,4,True,What did Evan recommend Sam acquire to get started with painting?,"Acrylic paints, brushes, canvas/paper, palette",D10:11,1,True,50,509,True,True,4,False,False,True,True,True,True,True,True,True,True,True,True
locomo-hindsight,hindsight,rag,conv-49_q115,conv-49,115,4,True,What activity does Evan do to keep himself busy while healing his knee?,Watercolor painting,D11:6,1,True,50,509,True,True,7,False,False,False,False,True,True,True,True,True,True,True,True
locomo-hindsight,hindsight,rag,conv-49_q116,conv-49,116,4,True,What painting did Evan share with Sam in October?,a cactus in the desert,D11:8,1,True,50,509,True,True,31,False,False,False,False,False,False,False,False,True,True,True,True
locomo-hindsight,hindsight,rag,conv-49_q117,conv-49,117,4,True,What kind of writing does Sam enjoy as a form of expression?,creative writing,D11:17,1,True,50,509,True,True,2,False,False,True,True,True,True,True,True,True,True,True,True
locomo-hindsight,hindsight,rag,conv-49_q118,conv-49,118,4,True,What electronics issue has been frustrating Sam lately?,malfunctioning navigation app on the new phone,D11:15,1,True,50,509,True,True,2,False,False,True,True,True,True,True,True,True,True,True,True
locomo-hindsight,hindsight,rag,conv-49_q119,conv-49,119,4,True,What activity did Evan start one year ago?,lifting weights,D12:2,1,True,50,509,True,True,4,False,False,True,True,True,True,True,True,True,True,True,True
locomo-hindsight,hindsight,rag,conv-49_q120,conv-49,120,4,True,What advice did Evan give to Sam to avoid injuries while starting weightlifting?,Find a trainer,D12:4,1,True,50,509,True,True,3,False,False,True,True,True,True,True,True,True,True,True,True
locomo-hindsight,hindsight,rag,conv-49_q121,conv-49,121,4,True,Where did Sam and his mate plan to try kayaking?,Lake Tahoe,D13:14,1,True,50,509,True,True,7,False,False,False,False,True,True,True,True,True,True,True,True
locomo-hindsight,hindsight,rag,conv-49_q122,conv-49,122,4,True,What digestive issue did Sam experience lately?,Gastritis,D14:1,1,True,50,509,True,True,22,False,False,False,False,False,False,False,False,True,True,True,True
locomo-hindsight,hindsight,rag,conv-49_q123,conv-49,123,4,True,What adventurous theme is emerging in Evan's life as mentioned by Sam?,helping lost tourists,D14:2,1,True,50,509,True,True,21,False,False,False,False,False,False,False,False,True,True,True,True
locomo-hindsight,hindsight,rag,conv-49_q124,conv-49,124,4,True,What does Evan mention about his progress at the gym to Sam?,gaining strength,D14:8,1,True,50,509,True,True,29,False,False,False,False,False,False,False,False,True,True,True,True
locomo-hindsight,hindsight,rag,conv-49_q125,conv-49,125,4,True,How did Evan start his transformation journey two years ago?,Changed his diet and started walking regularly,D15:8,1,True,50,509,True,True,1,True,True,True,True,True,True,True,True,True,True,True,True
locomo-hindsight,hindsight,rag,conv-49_q126,conv-49,126,4,True,What gift did Evan receive from a close friend?,1968 Kustom K-200A vintage guitar,D16:10,1,True,50,509,True,True,5,False,False,True,True,True,True,True,True,True,True,True,True
locomo-hindsight,hindsight,rag,conv-49_q127,conv-49,127,4,False,Why had Evan been going through a tough time lately?,Lost their job due to downsizing,D16:10,1,True,50,509,True,True,29,False,False,False,False,False,False,False,False,True,True,True,True
locomo-hindsight,hindsight,rag,conv-49_q128,conv-49,128,4,True,How does Evan describe the island he grew up on?,A happy place,D17:18,1,True,50,509,True,True,3,False,False,True,True,True,True,True,True,True,True,True,True
locomo-hindsight,hindsight,rag,conv-49_q129,conv-49,129,4,True,What was the main reason for Evan's frustration with his new Prius breaking down?,He relied on it for his active lifestyle and road trips,D18:1,1,True,50,509,True,True,4,False,False,True,True,True,True,True,True,True,True,True,True
locomo-hindsight,hindsight,rag,conv-49_q130,conv-49,130,4,True,How did Sam suggest Evan view the setback with his broken Prius?,As a chance to explore other ways of staying active and traveling,D18:5,1,True,50,509,True,True,29,False,False,False,False,False,False,False,False,True,True,True,True
locomo-hindsight,hindsight,rag,conv-49_q131,conv-49,131,4,True,What did Sam suggest Evan try for stress relief and flexibility?,Yoga,D18:8,1,True,50,509,True,True,9,False,False,False,False,True,True,True,True,True,True,True,True
locomo-hindsight,hindsight,rag,conv-49_q132,conv-49,132,4,True,What did Sam offer Evan regarding yoga?,Support and tips,D18:10,1,True,50,509,True,True,24,False,False,False,False,False,False,False,False,True,True,True,True
locomo-hindsight,hindsight,rag,conv-49_q133,conv-49,133,4,True,What news did Evan share with Sam on 9th December 2023?,partner is pregnant,D19:1,1,True,50,509,True,True,3,False,False,True,True,True,True,True,True,True,True,True,True
locomo-hindsight,hindsight,rag,conv-49_q134,conv-49,134,4,True,What family event is Evan planning for next summer?,big family reunion,D19:11,1,True,50,509,True,True,4,False,False,True,True,True,True,True,True,True,True,True,True
locomo-hindsight,hindsight,rag,conv-49_q135,conv-49,135,4,True,What is the motto of Evan's family?,'Bring it on Home',D19:7,1,True,50,509,True,True,2,False,False,True,True,True,True,True,True,True,True,True,True
locomo-hindsight,hindsight,rag,conv-49_q136,conv-49,136,4,True,"According to Evan, what is important for Sam to believe in concerning his weight?",Your worth is not defined by your weight,D20:9,1,True,50,509,True,True,4,False,False,True,True,True,True,True,True,True,True,True,True
locomo-hindsight,hindsight,rag,conv-49_q137,conv-49,137,4,True,Who helped Evan get the painting published in the exhibition?,a close friend,D20:17,1,True,50,509,True,True,3,False,False,True,True,True,True,True,True,True,True,True,True
locomo-hindsight,hindsight,rag,conv-49_q138,conv-49,138,4,True,What did Sam recently start enjoying to clear his head?,running in the mornings,D21:9,1,True,50,509,True,True,5,False,False,True,True,True,True,True,True,True,True,True,True
locomo-hindsight,hindsight,rag,conv-49_q139,conv-49,139,4,True,What did Sam suggest Evan should do with his keys?,put a GPS sensor on them,D21:21,1,True,50,509,True,True,7,False,False,False,False,True,True,True,True,True,True,True,True
locomo-hindsight,hindsight,rag,conv-49_q140,conv-49,140,4,True,How did Evan feel when he painted the piece with the bird flying over it?,a sense of joy and freedom,D21:16,1,True,50,509,True,True,3,False,False,True,True,True,True,True,True,True,True,True,True
locomo-hindsight,hindsight,rag,conv-49_q141,conv-49,141,4,True,What did Evan suggest Sam should keep doing to find his own version of love?,Keep trying new things,D21:10,1,True,50,509,True,True,40,False,False,False,False,False,False,False,False,True,True,True,True
locomo-hindsight,hindsight,rag,conv-49_q142,conv-49,142,4,True,How did Evan describe the process of creating the painting with the bird flying over it?,embracing the creative process without restraint,D21:16,1,True,50,509,True,True,1,True,True,True,True,True,True,True,True,True,True,True,True
locomo-hindsight,hindsight,rag,conv-49_q143,conv-49,143,4,True,What did Evan want to share with his work friends?,getting married,D22:4,1,True,50,509,True,True,8,False,False,False,False,True,True,True,True,True,True,True,True
locomo-hindsight,hindsight,rag,conv-49_q144,conv-49,144,4,False,What did Evan share with Sam after their hiking trip?,a photo of a man standing on a rock looking out over a valley,D22:1,1,True,50,509,True,True,24,False,False,False,False,False,False,False,False,True,True,True,True
locomo-hindsight,hindsight,rag,conv-49_q145,conv-49,145,4,True,What did Evan offer to share with Sam after talking about healthy snacks?,the recipes for cookies,D22:12,1,True,50,509,True,True,27,False,False,False,False,False,False,False,False,True,True,True,True
locomo-hindsight,hindsight,rag,conv-49_q146,conv-49,146,4,True,"What did Evan and his partner share with their extended family on January 5, 2024?",their marriage,D23:1,1,True,50,509,True,True,1,True,True,True,True,True,True,True,True,True,True,True,True
locomo-hindsight,hindsight,rag,conv-49_q147,conv-49,147,4,True,What was Evan limiting himself to on his new diet?,just two ginger snaps a day,D23:15,1,True,50,509,True,True,6,False,False,False,False,True,True,True,True,True,True,True,True
locomo-hindsight,hindsight,rag,conv-49_q148,conv-49,148,4,True,What sports activity did Evan and his partner try in a recent weekend?,Snowshoeing,D24:9,1,True,50,509,True,True,7,False,False,False,False,True,True,True,True,True,True,True,True
locomo-hindsight,hindsight,rag,conv-49_q149,conv-49,149,4,True,What advice did Evan suggest Sam seek from a doctor?,diet plan and low-impact exercises,D24:11 D24:14,2,True,50,509,True,True,20,False,False,False,False,False,False,True,True,True,True,True,True
locomo-hindsight,hindsight,rag,conv-49_q150,conv-49,150,4,True,What suggestions did Evan give for low-impact exercises?,"swimming, yoga, walking",D24:17,1,True,50,509,True,True,3,False,False,True,True,True,True,True,True,True,True,True,True
locomo-hindsight,hindsight,rag,conv-49_q151,conv-49,151,4,True,What movie did Sam watch that motivated him to keep up with his routine?,The Godfather,D24:18,1,True,50,509,True,True,5,False,False,True,True,True,True,True,True,True,True,True,True
locomo-hindsight,hindsight,rag,conv-49_q152,conv-49,152,4,True,What activity helped Evan with stress and flexibility?,Yoga,D24:19,1,True,50,509,True,True,4,False,False,True,True,True,True,True,True,True,True,True,True
locomo-hindsight,hindsight,rag,conv-49_q153,conv-49,153,4,True,What did Evan share a photo of that was taken on a camping trip?,a kayak,D25:8,1,True,50,509,True,True,5,False,False,True,True,True,True,True,True,True,True,True,True
locomo-hindsight,hindsight,rag,conv-49_q154,conv-49,154,4,True,Why did Evan apologize to his partner?,for a drunken night,D25:2,1,True,50,509,True,True,2,False,False,True,True,True,True,True,True,True,True,True,True
locomo-hindsight,hindsight,rag,conv-49_q155,conv-49,155,4,True,How does Evan describe being out on the water while kayaking and watching the sunset?,peaceful,D25:10,1,True,50,509,True,True,2,False,False,True,True,True,True,True,True,True,True,True,True
locomo-hindsight,hindsight,rag,conv-50_q0,conv-50,0,2,False,When did Calvin first travel to Tokyo?,between 26 March and 20 April 2023,D3:1,1,True,61,487,True,True,8,False,False,False,False,True,True,True,True,True,True,True,True
locomo-hindsight,hindsight,rag,conv-50_q1,conv-50,1,1,True,What items did Calvin buy in March 2023?,"mansion in Japan, luxury car Ferrari 488 GTB",D1:3 D2:1,2,True,63,498,True,True,1,True,False,True,True,True,True,True,True,True,True,True,True
locomo-hindsight,hindsight,rag,conv-50_q2,conv-50,2,2,True,When did Dave see Aerosmith perform live?,"on the weekend before March 26, 2023",D2:10,1,True,63,474,True,True,5,False,False,True,True,True,True,True,True,True,True,True,True
locomo-hindsight,hindsight,rag,conv-50_q3,conv-50,3,1,True,Which bands has Dave enjoyed listening to?,"Aerosmith, The Fireworks",D23:9 D2:10,2,True,63,483,True,True,3,False,False,True,False,True,False,True,True,True,True,True,True
locomo-hindsight,hindsight,rag,conv-50_q4,conv-50,4,3,True,Which country do Calvin and Dave want to meet in?,United States,D3:10 D3:9,2,True,62,497,True,True,7,False,False,False,False,True,True,True,True,True,True,True,True
locomo-hindsight,hindsight,rag,conv-50_q5,conv-50,5,1,True,What are Dave's dreams?,"open a car maintenance shop, work on classic cars, build a custom car from scratch",D4:5 D5:5,2,True,63,485,True,True,14,False,False,False,False,False,False,True,True,True,True,True,True
locomo-hindsight,hindsight,rag,conv-50_q6,conv-50,6,1,True,Which types of cars does Dave like the most?,classic vintage cars,D1:2 D3:12 D4:5 D4:7,4,True,63,473,True,True,13,False,False,False,False,False,False,True,False,True,True,True,True
locomo-hindsight,hindsight,rag,conv-50_q7,conv-50,7,3,True,Does Dave's shop employ a lot of people?,Yes,D4:17,1,True,63,476,True,True,12,False,False,False,False,False,False,True,True,True,True,True,True
locomo-hindsight,hindsight,rag,conv-50_q8,conv-50,8,2,True,When did Dave start his car maintenance shop?,"May 1, 2023",D4:1,1,True,63,476,True,True,5,False,False,True,True,True,True,True,True,True,True,True,True
locomo-hindsight,hindsight,rag,conv-50_q9,conv-50,9,2,True,When did a mishap occur with Calvin's musical gear and favorite mic?,"On a week before 16 May, 2023",D6:3,1,True,63,488,True,True,15,False,False,False,False,False,False,True,True,True,True,True,True
locomo-hindsight,hindsight,rag,conv-50_q10,conv-50,10,2,True,When did Calvin's place get flooded in Tokyo?,"On a week before 16 May, 2023",D6:3,1,True,63,495,True,True,1,True,True,True,True,True,True,True,True,True,True,True,True
locomo-hindsight,hindsight,rag,conv-50_q11,conv-50,11,1,True,What mishaps has Calvin run into?,"flooding of his mansion, car accident",D6:1 D9:1,2,True,63,492,True,True,24,False,False,False,False,False,False,False,False,True,True,True,True
locomo-hindsight,hindsight,rag,conv-50_q12,conv-50,12,2,True,When was Calvin's concert in Tokyo?,last week of May 2023,D6:11 D7:1,2,True,63,492,True,True,9,False,False,False,False,True,False,True,True,True,True,True,True
locomo-hindsight,hindsight,rag,conv-50_q13,conv-50,13,3,True,Would Calvin enjoy performing at the Hollywood Bowl?,Yes; because he enjoys the rush of performing onstage to large crowds,D7:11,1,True,62,493,True,True,21,False,False,False,False,False,False,False,False,True,True,True,True
locomo-hindsight,hindsight,rag,conv-50_q14,conv-50,14,2,True,When did Calvin meet with the creative team for his new album?,"8 June, 2023",D8:1,1,True,63,491,True,True,4,False,False,True,True,True,True,True,True,True,True,True,True
locomo-hindsight,hindsight,rag,conv-50_q15,conv-50,15,1,True,Why does Dave regularly visit parks?,because it relaxes and calms him,D1:16 D8:4,2,True,62,483,True,True,6,False,False,False,False,True,True,True,True,True,True,True,True
locomo-hindsight,hindsight,rag,conv-50_q16,conv-50,16,2,True,When did Dave take a trip to mountainous regions?,July 2023,D8:10,1,True,63,477,True,True,6,False,False,False,False,True,True,True,True,True,True,True,True
locomo-hindsight,hindsight,rag,conv-50_q17,conv-50,17,2,True,When did Calvin have a car incident?,"on the Friday before 21 June, 2023",D9:1,1,True,63,487,True,True,1,True,True,True,True,True,True,True,True,True,True,True,True
locomo-hindsight,hindsight,rag,conv-50_q18,conv-50,18,1,True,How many times has Calvin had to deal with insurance paperwork?,two times,D6:5 D9:1,2,True,63,490,True,True,1,True,False,True,True,True,True,True,True,True,True,True,True
locomo-hindsight,hindsight,rag,conv-50_q19,conv-50,19,1,True,Which places or events has Calvin visited in Tokyo?,"music festival, car museum, Shibuya crossing, Shinjuku",D12:7 D24:19 D3:1,3,True,61,489,True,True,1,True,False,True,False,True,False,True,False,True,False,True,True
locomo-hindsight,hindsight,rag,conv-50_q20,conv-50,20,1,True,Who inspired Dave's passion for car engineering?,His Dad,D12:2 D12:4 D26:6,3,True,63,473,True,True,17,False,False,False,False,False,False,True,False,True,True,True,True
locomo-hindsight,hindsight,rag,conv-50_q21,conv-50,21,3,True,Does Calvin wish to become more popular?,Yes; he want's to grow his fanbase,D12:11 D27:1,2,True,63,494,True,True,12,False,False,False,False,False,False,True,False,True,True,True,True
locomo-hindsight,hindsight,rag,conv-50_q22,conv-50,22,1,True,Does Calvin want to expand his brand?,yes,D12:11 D18:7,2,True,63,493,True,True,9,False,False,False,False,True,False,True,True,True,True,True,True
locomo-hindsight,hindsight,rag,conv-50_q23,conv-50,23,1,True,What is Dave's main passion?,auto engineering,D13:3 D3:12 D4:5 D5:5,4,True,63,483,True,True,8,False,False,False,False,True,False,True,False,True,False,True,True
locomo-hindsight,hindsight,rag,conv-50_q24,conv-50,24,1,True,Can Dave work with engines?,yes,D13:7 D20:1 D22:5,3,True,63,472,True,True,13,False,False,False,False,False,False,True,False,True,True,True,True
locomo-hindsight,hindsight,rag,conv-50_q25,conv-50,25,2,True,When did Dave host a card-playing night with his friends?,"on the Friday before 22 August, 2023",D15:1,1,True,62,478,True,True,5,False,False,True,True,True,True,True,True,True,True,True,True
locomo-hindsight,hindsight,rag,conv-50_q26,conv-50,26,2,True,When did Calvin record a podcast with his friends?,"21 August, 2023",D15:12,1,True,62,495,True,True,8,False,False,False,False,True,True,True,True,True,True,True,True
locomo-hindsight,hindsight,rag,conv-50_q27,conv-50,27,2,True,Which city was Calvin visiting in August 2023?,Miami,D16:6,1,True,63,493,True,True,41,False,False,False,False,False,False,False,False,True,True,True,True
locomo-hindsight,hindsight,rag,conv-50_q28,conv-50,28,1,True,What does Calvin do to relax?,"take long drives in his car, embrace nature, fixing cars",D5:10 D5:8 D7:5,3,True,63,491,True,True,7,False,False,False,False,True,False,True,True,True,True,True,True
locomo-hindsight,hindsight,rag,conv-50_q29,conv-50,29,1,True,What are Dave's hobbies other than fixing cars?,"take a walk, go hiking, listen to favorite albums, live concerts, photography",D27:2 D5:11 D5:9 D8:8,4,True,62,477,True,False,15,False,False,False,False,False,False,True,False,True,False,True,False
locomo-hindsight,hindsight,rag,conv-50_q30,conv-50,30,1,True,What kind of music does Dave listen to?,"classic rock, Japanese music",D10:11 D28:40 D2:10,3,True,62,482,True,True,11,False,False,False,False,False,False,True,False,True,True,True,True
locomo-hindsight,hindsight,rag,conv-50_q31,conv-50,31,2,True,Where was Dave in the last two weeks of August 2023?,San Francisco,D14:1 D17:1,2,True,63,478,True,True,12,False,False,False,False,False,False,True,False,True,True,True,True
locomo-hindsight,hindsight,rag,conv-50_q32,conv-50,32,1,True,Where did Dave return from with new knowledge of different techniques of car restoration?,San Francisco,D14:1 D17:1,2,True,62,476,True,True,12,False,False,False,False,False,False,True,True,True,True,True,True
locomo-hindsight,hindsight,rag,conv-50_q33,conv-50,33,1,True,What was Dave doing in San Francisco?,attending a car modification workshop,D14:1 D17:1,2,True,63,473,True,True,3,False,False,True,False,True,True,True,True,True,True,True,True
locomo-hindsight,hindsight,rag,conv-50_q34,conv-50,34,2,True,When did Dave return from San Francisco?,"September 1, 2023",D17:1,1,True,63,480,True,True,8,False,False,False,False,True,True,True,True,True,True,True,True
locomo-hindsight,hindsight,rag,conv-50_q35,conv-50,35,2,True,When did Calvin book flight tickets to Boston?,last week of August 2023,D17:6,1,True,63,489,True,True,10,False,False,False,False,True,True,True,True,True,True,True,True
locomo-hindsight,hindsight,rag,conv-50_q36,conv-50,36,2,True,When was Calvin's album released?,"September 11, 2023",D18:1,1,True,63,488,True,True,3,False,False,True,True,True,True,True,True,True,True,True,True
locomo-hindsight,hindsight,rag,conv-50_q37,conv-50,37,3,True,Does Calvin love music tours?,yes,D16:2 D18:7 D7:1,3,True,63,491,True,True,4,False,False,True,False,True,False,True,False,True,True,True,True
locomo-hindsight,hindsight,rag,conv-50_q38,conv-50,38,2,True,When did Dave have a great jam session with his band?,"September 14, 2023",D19:1,1,True,63,478,True,True,4,False,False,True,True,True,True,True,True,True,True,True,True
locomo-hindsight,hindsight,rag,conv-50_q39,conv-50,39,3,True,Would Dave prefer working on a Dodge Charger or a Subaru Forester?,Dodge Charger,,0,False,63,488,False,True,,False,True,False,True,False,True,False,True,False,True,False,True
locomo-hindsight,hindsight,rag,conv-50_q40,conv-50,40,1,True,What was the artists Calvin used to listen to when he was a kid?,Tupac and Dr. Dre,D20:6 D20:8,2,True,61,492,True,True,42,False,False,False,False,False,False,False,False,True,True,True,True
locomo-hindsight,hindsight,rag,conv-50_q41,conv-50,41,1,True,Which of their family member do Calvin and Dave have nostalgic memories about?,Dad,D12:2 D20:6,2,True,62,485,True,True,39,False,False,False,False,False,False,False,False,True,True,True,True
locomo-hindsight,hindsight,rag,conv-50_q42,conv-50,42,3,True,"Based on the conversation, did Calvin and Dave have a meeting in Boston between August and November 2023? Answer in yes or no.",No,,0,False,63,484,False,True,,False,True,False,True,False,True,False,True,False,True,False,True
locomo-hindsight,hindsight,rag,conv-50_q43,conv-50,43,2,True,"Which city was Calvin at on October 3, 2023?",Boston,D21:1,1,True,63,489,True,True,1,True,True,True,True,True,True,True,True,True,True,True,True
locomo-hindsight,hindsight,rag,conv-50_q44,conv-50,44,2,True,When did Calvin met with local artists in Boston?,"October 3, 2023",D21:1,1,True,63,490,True,True,10,False,False,False,False,True,True,True,True,True,True,True,True
locomo-hindsight,hindsight,rag,conv-50_q45,conv-50,45,1,False,What shared activities do Dave and Calvin have?,Working on cars,D21:3 D21:4,2,True,63,480,True,True,44,False,False,False,False,False,False,False,False,True,True,True,True
locomo-hindsight,hindsight,rag,conv-50_q46,conv-50,46,1,True,What is Dave's favorite activity?,Restoring cars,D19:7 D21:4 D22:7,3,True,63,478,True,True,6,False,False,False,False,True,False,True,False,True,True,True,True
locomo-hindsight,hindsight,rag,conv-50_q47,conv-50,47,1,False,How many car shows has Dave attended?,two,D22:1 D3:12,2,True,63,471,True,True,4,False,False,True,False,True,True,True,True,True,True,True,True
locomo-hindsight,hindsight,rag,conv-50_q48,conv-50,48,2,True,What was Dave doing in the first weekend of October 2023?,attending a car show,D22:1,1,True,63,484,True,True,29,False,False,False,False,False,False,False,False,True,True,True,True
locomo-hindsight,hindsight,rag,conv-50_q49,conv-50,49,1,True,"When Dave was a child, what did he and his father do in the garage?","tinkering with car engines, restoration and refurbishing cars",D12:2 D12:4 D22:5,3,True,62,476,True,True,4,False,False,True,False,True,True,True,True,True,True,True,True
locomo-hindsight,hindsight,rag,conv-50_q50,conv-50,50,2,True,When did Calvin buy his second Ferrari?,first week of October 2023,D23:16,1,True,63,489,True,True,2,False,False,True,True,True,True,True,True,True,True,True,True
locomo-hindsight,hindsight,rag,conv-50_q51,conv-50,51,2,True,When did Calvin and Frank Ocean start collaborating?,August 2022,D15:2 D24:5,2,True,62,491,True,True,10,False,False,False,False,True,False,True,True,True,True,True,True
locomo-hindsight,hindsight,rag,conv-50_q52,conv-50,52,2,True,When did Calvin plan on travelling to Tokyo the second time?,November 2023,D24:17,1,True,63,490,True,True,6,False,False,False,False,True,True,True,True,True,True,True,True
locomo-hindsight,hindsight,rag,conv-50_q53,conv-50,53,1,True,Who supports Calvin in tough times?,friends and team,D25:6 D29:7,2,True,63,489,True,True,11,False,False,False,False,False,False,True,False,True,True,True,True
locomo-hindsight,hindsight,rag,conv-50_q54,conv-50,54,1,True,What does help Calvin stay connected to the creative process?,Calvin stays connected to the creative process by always staying up-to-date on world events and watching documentaries about artists.,D25:8 D28:31,2,True,63,493,True,True,2,False,False,True,False,True,False,True,True,True,True,True,True
locomo-hindsight,hindsight,rag,conv-50_q55,conv-50,55,2,True,When did Calvin visit some of the sights in Boston with a former high school friend?,"October 24, 2023",D26:1,1,True,63,490,True,True,7,False,False,False,False,True,True,True,True,True,True,True,True
locomo-hindsight,hindsight,rag,conv-50_q56,conv-50,56,1,True,Which cities did Dave travel to in 2023?,"San Francsico, Detroit",D14:1 D26:2,2,True,63,471,True,True,11,False,False,False,False,False,False,True,False,True,True,True,True
locomo-hindsight,hindsight,rag,conv-50_q57,conv-50,57,2,True,Which hobby did Dave pick up in October 2023?,photography,D27:2,1,True,62,467,True,True,1,True,True,True,True,True,True,True,True,True,True,True,True
locomo-hindsight,hindsight,rag,conv-50_q58,conv-50,58,1,True,Which events in Dave's life inspired him to take up auto engineering?,"attending a car show with Dad, working on an old car in a neighbor's garage when he was young, spent a summer restoring an old car with Dad",D12:2 D12:4 D25:12 D26:6,4,True,63,477,True,True,13,False,False,False,False,False,False,True,False,True,True,True,True
locomo-hindsight,hindsight,rag,conv-50_q59,conv-50,59,1,False,How many Ferraris does Calvin own?,two,D23:16 D2:1,2,True,63,488,True,True,5,False,False,True,False,True,False,True,False,True,True,True,True
locomo-hindsight,hindsight,rag,conv-50_q60,conv-50,60,1,False,What gifts has Calvin received from his artist friends?,"gold chain, custom-made guitar with an octopus on it",D16:14 D4:24 D4:26,3,True,63,490,True,True,8,False,False,False,False,True,True,True,True,True,True,True,True
locomo-hindsight,hindsight,rag,conv-50_q61,conv-50,61,2,True,How long did Dave's work on the Ford Mustang take?,nearly two months,D14:11 D20:1 D21:4,3,True,63,475,True,True,10,False,False,False,False,True,False,True,False,True,True,True,True
locomo-hindsight,hindsight,rag,conv-50_q62,conv-50,62,2,True,How long was the car modification workshop in San Francisco?,two weeks,D14:1 D17:1,2,True,61,476,True,True,7,False,False,False,False,True,False,True,True,True,True,True,True
locomo-hindsight,hindsight,rag,conv-50_q63,conv-50,63,1,True,What style of guitars does Calvin own?,"custom-made yellow guitar with an octopus on it, shiny purple guitar",D16:13 D16:18 D16:19 D16:4,4,True,63,485,True,True,6,False,False,False,False,True,False,True,True,True,True,True,True
locomo-hindsight,hindsight,rag,conv-50_q64,conv-50,64,1,True,What activities has Dave participated in with his friends?,"weekly visits to local parks, countryside roadtrip, celebration of the opening of his car maintenance shop, card-playing nights",D10:3 D11:1 D15:1 D6:8,4,True,63,480,True,True,3,False,False,True,False,True,False,True,False,True,True,True,True
locomo-hindsight,hindsight,rag,conv-50_q65,conv-50,65,2,True,When did Dave take a photo of a Boston clock tower?,September 2023,D27:6,1,True,63,483,True,True,11,False,False,False,False,False,False,True,True,True,True,True,True
locomo-hindsight,hindsight,rag,conv-50_q66,conv-50,66,1,True,Do all of Dave's car restoration projects go smoothly?,No,D13:7 D20:1 D25:17 D27:10,4,True,63,474,True,True,6,False,False,False,False,True,False,True,False,True,True,True,True
locomo-hindsight,hindsight,rag,conv-50_q67,conv-50,67,2,False,Where was Calvin located in the last week of October 2023?,Tokyo,D28:1,1,True,63,489,True,True,1,True,True,True,True,True,True,True,True,True,True,True,True
locomo-hindsight,hindsight,rag,conv-50_q68,conv-50,68,2,True,When did Dave find the car he repaired and started sharing in his blog?,last week of October 2023,D28:20,1,True,63,471,True,True,22,False,False,False,False,False,False,False,False,True,True,True,True
locomo-hindsight,hindsight,rag,conv-50_q69,conv-50,69,2,True,When did Dave buy a vintage camera?,November 2023,D30:05,1,True,63,479,False,False,,False,False,False,False,False,False,False,False,False,False,False,False
locomo-hindsight,hindsight,rag,conv-50_q70,conv-50,70,2,False,When did Calvin attend a gala in Boston?,"November 16, 2023",D30:1,1,True,63,494,True,True,6,False,False,False,False,True,True,True,True,True,True,True,True
locomo-hindsight,hindsight,rag,conv-50_q71,conv-50,71,4,True,How long did Calvin plan to stay in Japan?,A few months,D1:15,1,True,63,490,True,True,5,False,False,True,True,True,True,True,True,True,True,True,True
locomo-hindsight,hindsight,rag,conv-50_q72,conv-50,72,4,True,Which band was Dave's favorite at the music festival in April 2023?,Aerosmith,D2:10,1,True,63,477,True,True,6,False,False,False,False,True,True,True,True,True,True,True,True
locomo-hindsight,hindsight,rag,conv-50_q73,conv-50,73,4,True,Where did Calvin attend a music festival in April 2023?,Tokyo,D3:1,1,True,62,491,True,True,2,False,False,True,True,True,True,True,True,True,True,True,True
locomo-hindsight,hindsight,rag,conv-50_q74,conv-50,74,4,True,What advice did Calvin receive from the producer at the music festival?,to stay true to himself and sound unique,D3:7,1,True,62,494,True,True,11,False,False,False,False,False,False,True,True,True,True,True,True
locomo-hindsight,hindsight,rag,conv-50_q75,conv-50,75,4,True,"What is Dave's new business venture as of 1 May, 2023?",Car maintenance shop,D4:1,1,True,62,486,True,True,1,True,True,True,True,True,True,True,True,True,True,True,True
locomo-hindsight,hindsight,rag,conv-50_q76,conv-50,76,4,True,What type of cars does Dave work on at his shop?,"all kinds of cars, from regular maintenance to full restorations of classic cars",D4:19,1,True,63,476,True,True,3,False,False,True,True,True,True,True,True,True,True,True,True
locomo-hindsight,hindsight,rag,conv-50_q77,conv-50,77,4,True,What did Calvin receive as a gift from another artist?,a gold necklace with a diamond pendant,D4:26,1,True,63,496,True,True,6,False,False,False,False,True,True,True,True,True,True,True,True
locomo-hindsight,hindsight,rag,conv-50_q78,conv-50,78,4,True,What was the necklace Calvin received meant to remind him of?,why he keeps hustling as a musician,D4:26,1,True,63,485,True,True,5,False,False,True,True,True,True,True,True,True,True,True,True
locomo-hindsight,hindsight,rag,conv-50_q79,conv-50,79,4,True,What does Dave do when he feels his creativity is frozen?,immerse himself in something he loves,D5:11,1,True,62,479,True,True,5,False,False,True,True,True,True,True,True,True,True,True,True
locomo-hindsight,hindsight,rag,conv-50_q80,conv-50,80,4,True,How does Calvin plan to jumpstart his inspiration?,explore other things and have some fun,D5:11,1,True,62,491,True,True,31,False,False,False,False,False,False,False,False,True,True,True,True
locomo-hindsight,hindsight,rag,conv-50_q81,conv-50,81,4,True,What did Calvin manage to save during the flood incident?,music gear and favorite microphone,D6:3,1,True,63,496,True,True,8,False,False,False,False,True,True,True,True,True,True,True,True
locomo-hindsight,hindsight,rag,conv-50_q82,conv-50,82,4,True,What did Dave open in May 2023?,a car shop,D6:8,1,True,63,478,True,True,3,False,False,True,True,True,True,True,True,True,True,True,True
locomo-hindsight,hindsight,rag,conv-50_q83,conv-50,83,4,True,What gives Dave a sense of achievement and purpose?,Fixing up things,D7:6,1,True,63,477,True,True,8,False,False,False,False,True,True,True,True,True,True,True,True
locomo-hindsight,hindsight,rag,conv-50_q84,conv-50,84,4,True,What fuels Calvin's soul?,Performing live,D7:11,1,True,63,483,True,True,4,False,False,True,True,True,True,True,True,True,True,True,True
locomo-hindsight,hindsight,rag,conv-50_q85,conv-50,85,4,True,What is Dave doing to relax on weekends?,exploring parks,D8:4,1,True,62,480,True,True,6,False,False,False,False,True,True,True,True,True,True,True,True
locomo-hindsight,hindsight,rag,conv-50_q86,conv-50,86,4,True,What sports activity is Calvin planning to try after the tour with Frank Ocean?,Skiing,D9:15,1,True,63,496,True,True,10,False,False,False,False,True,True,True,True,True,True,True,True
locomo-hindsight,hindsight,rag,conv-50_q87,conv-50,87,4,True,"What was Calvin excited to do after getting his car fixed on 7 July, 2023?",get back on the road,D10:1,1,True,62,494,True,True,1,True,True,True,True,True,True,True,True,True,True,True,True
locomo-hindsight,hindsight,rag,conv-50_q88,conv-50,88,4,False,What did Calvin and his friends arrange for in the park?,regular walks together,D10:3,1,True,61,487,True,True,14,False,False,False,False,False,False,True,True,True,True,True,True
locomo-hindsight,hindsight,rag,conv-50_q89,conv-50,89,4,True,What kind of music has Calvin been creating lately?,experimenting with different genres,D11:6,1,True,61,494,True,True,5,False,False,True,True,True,True,True,True,True,True,True,True
locomo-hindsight,hindsight,rag,conv-50_q90,conv-50,90,4,True,How does Calvin describe his process of adding electronic elements to his songs?,gives them a fresh vibe,D11:6,1,True,63,486,True,True,5,False,False,True,True,True,True,True,True,True,True,True,True
locomo-hindsight,hindsight,rag,conv-50_q91,conv-50,91,4,True,What car brand does Calvin own that he is proud of?,Ferrari,D12:7,1,True,62,494,True,True,9,False,False,False,False,True,True,True,True,True,True,True,True
locomo-hindsight,hindsight,rag,conv-50_q92,conv-50,92,4,True,What is Calvin's biggest current goal?,expand his brand worldwide and grow his fanbase,D12:11,1,True,63,495,True,True,1,True,True,True,True,True,True,True,True,True,True,True,True
locomo-hindsight,hindsight,rag,conv-50_q93,conv-50,93,4,True,What is Dave's advice to Calvin regarding his dreams?,to never forget his dreams,D12:14,1,True,63,490,True,True,12,False,False,False,False,False,False,True,True,True,True,True,True
locomo-hindsight,hindsight,rag,conv-50_q94,conv-50,94,4,True,"What workshop did Dave get picked for on 11 August, 2023?",Car mod workshop,D13:1,1,True,63,478,True,True,2,False,False,True,True,True,True,True,True,True,True,True,True
locomo-hindsight,hindsight,rag,conv-50_q95,conv-50,95,4,True,What kind of modifications has Dave been working on in the car mod workshop?,"engine swaps, suspension modifications, and body modifications",D13:7,1,True,62,473,True,True,14,False,False,False,False,False,False,True,True,True,True,True,True
locomo-hindsight,hindsight,rag,conv-50_q96,conv-50,96,4,True,What type of car did Dave work on during the workshop?,classic muscle car,D13:7,1,True,62,480,True,True,15,False,False,False,False,False,False,True,True,True,True,True,True
locomo-hindsight,hindsight,rag,conv-50_q97,conv-50,97,4,True,What does Dave say is important for making his custom cars unique?,attention to small details,D13:11,1,True,63,474,True,True,14,False,False,False,False,False,False,True,True,True,True,True,True
locomo-hindsight,hindsight,rag,conv-50_q98,conv-50,98,4,True,How did the audience in Tokyo react when Calvin sang one of his songs?,Everyone was so into it and sang along,D14:6,1,True,63,492,True,True,4,False,False,True,True,True,True,True,True,True,True,True,True
locomo-hindsight,hindsight,rag,conv-50_q99,conv-50,99,4,True,How did Calvin meet Frank Ocean?,At a music festival in Tokyo,D15:4,1,True,60,490,True,True,6,False,False,False,False,True,True,True,True,True,True,True,True
locomo-hindsight,hindsight,rag,conv-50_q100,conv-50,100,4,True,Where did Calvin and Frank Ocean record a song together?,In the studio at Calvin's mansion,D15:4,1,True,60,491,True,True,6,False,False,False,False,True,True,True,True,True,True,True,True
locomo-hindsight,hindsight,rag,conv-50_q101,conv-50,101,4,True,What did Calvin and his friends record in August 2023?,a podcast discussing the rap industry,D15:12,1,True,63,491,True,True,2,False,False,True,True,True,True,True,True,True,True,True,True
locomo-hindsight,hindsight,rag,conv-50_q102,conv-50,102,4,True,Where did Calvin start shooting a video for his new album?,Miami,D16:8,1,True,63,494,True,True,9,False,False,False,False,True,True,True,True,True,True,True,True
locomo-hindsight,hindsight,rag,conv-50_q103,conv-50,103,4,True,What design is featured on Calvin's guitar?,octopus,D16:14,1,True,63,488,True,True,6,False,False,False,False,True,True,True,True,True,True,True,True
locomo-hindsight,hindsight,rag,conv-50_q104,conv-50,104,4,True,Why did Calvin get his guitar customized with a shiny finish?,unique look,D16:20,1,True,63,487,True,True,7,False,False,False,False,True,True,True,True,True,True,True,True
locomo-hindsight,hindsight,rag,conv-50_q105,conv-50,105,4,True,What color glow did Calvin customize his guitar with?,purple,D16:20,1,True,63,493,True,True,6,False,False,False,False,True,True,True,True,True,True,True,True
locomo-hindsight,hindsight,rag,conv-50_q106,conv-50,106,4,True,Where did Dave come back from with insights on car modification on 1st September 2023?,San Francisco,D17:1,1,True,62,477,True,True,2,False,False,True,True,True,True,True,True,True,True,True,True
locomo-hindsight,hindsight,rag,conv-50_q107,conv-50,107,4,True,What emotion does Dave mention feeling when he sees the relief of someone whose car he fixed?,Proud,D17:5,1,True,62,482,True,True,12,False,False,False,False,False,False,True,True,True,True,True,True
locomo-hindsight,hindsight,rag,conv-50_q108,conv-50,108,4,True,What did Calvin book a flight ticket for on 1st September 2023?,Boston,D17:6,1,True,63,493,True,True,2,False,False,True,True,True,True,True,True,True,True,True,True
locomo-hindsight,hindsight,rag,conv-50_q109,conv-50,109,4,True,What is Calvin excited about after the tour?,exploring and growing his brand,D18:7,1,True,62,494,True,True,5,False,False,True,True,True,True,True,True,True,True,True,True
locomo-hindsight,hindsight,rag,conv-50_q110,conv-50,110,4,True,What plans do Calvin and Dave have for when Calvin visits Boston?,Check out Dave's garage and maybe get some ideas for future projects,D18:11,1,True,62,491,True,True,2,False,False,True,True,True,True,True,True,True,True,True,True
locomo-hindsight,hindsight,rag,conv-50_q111,conv-50,111,4,True,Which Disney movie did Dave mention as one of his favorites?,Ratatouille,D19:6,1,True,63,479,True,True,5,False,False,True,True,True,True,True,True,True,True,True,True
locomo-hindsight,hindsight,rag,conv-50_q112,conv-50,112,4,True,How does Dave feel about the reactions of people when they see the finished restoration project?,satisfying and worth the hard work,D19:9,1,True,63,483,True,True,5,False,False,True,True,True,True,True,True,True,True,True,True
locomo-hindsight,hindsight,rag,conv-50_q113,conv-50,113,4,True,What activity did Calvin enjoy during his summer drives?,feeling the wind blowing through his hair,D20:4,1,True,63,488,True,True,5,False,False,True,True,True,True,True,True,True,True,True,True
locomo-hindsight,hindsight,rag,conv-50_q114,conv-50,114,4,True,Which song from the childhood of Calvin brings back memories of a road trip with his dad?,"""California Love""",D20:6 D20:8,2,True,63,485,True,True,3,False,False,True,True,True,True,True,True,True,True,True,True
locomo-hindsight,hindsight,rag,conv-50_q115,conv-50,115,4,True,What project did Calvin work on to chill out?,A shiny orange car,D21:3,1,True,63,491,True,True,14,False,False,False,False,False,False,True,True,True,True,True,True
locomo-hindsight,hindsight,rag,conv-50_q116,conv-50,116,4,True,What car did Dave work on in the junkyard?,Ford Mustang,D21:4,1,True,63,474,True,True,4,False,False,True,True,True,True,True,True,True,True,True,True
locomo-hindsight,hindsight,rag,conv-50_q117,conv-50,117,4,True,What does Dave find satisfying about restoring old cars?,Transforming something old and beat-up into something beautiful,D21:10,1,True,63,477,True,True,25,False,False,False,False,False,False,False,False,True,True,True,True
locomo-hindsight,hindsight,rag,conv-50_q118,conv-50,118,4,True,What do Calvin and Dave use to reach their goals?,Hard work and determination,D21:15,1,True,61,487,True,True,11,False,False,False,False,False,False,True,True,True,True,True,True
locomo-hindsight,hindsight,rag,conv-50_q119,conv-50,119,4,True,What does working on cars represent for Dave?,Therapy and a way to get away from everyday stress,D22:5,1,True,63,475,True,True,1,True,True,True,True,True,True,True,True,True,True,True,True
locomo-hindsight,hindsight,rag,conv-50_q120,conv-50,120,4,False,What does Dave aim to do with his passion for cars?,Take something broken and make it into something awesome,D22:5,1,True,63,482,True,True,4,False,False,True,True,True,True,True,True,True,True,True,True
locomo-hindsight,hindsight,rag,conv-50_q121,conv-50,121,4,True,"What did Calvin recently get that is a ""masterpiece on wheels""?",Ferrari,D23:16,1,True,63,485,True,True,6,False,False,False,False,True,True,True,True,True,True,True,True
locomo-hindsight,hindsight,rag,conv-50_q122,conv-50,122,4,True,Who headlined the music festival that Dave attended in October?,The Fireworks,D23:9,1,True,63,479,True,True,5,False,False,True,True,True,True,True,True,True,True,True,True
locomo-hindsight,hindsight,rag,conv-50_q123,conv-50,123,4,True,How does Calvin stay motivated when faced with setbacks?,"Reminds himself of his passion for goals, gets help from others, and takes a break to recharge",D23:4,1,True,62,494,True,True,4,False,False,True,True,True,True,True,True,True,True,True,True
locomo-hindsight,hindsight,rag,conv-50_q124,conv-50,124,4,True,"What activity does Dave find fulfilling, similar to Calvin's passion for music festivals?",fixing things,D23:11,1,True,63,481,True,True,9,False,False,False,False,True,True,True,True,True,True,True,True
locomo-hindsight,hindsight,rag,conv-50_q125,conv-50,125,4,True,Where did Calvin and Dave meet Frank Ocean to start collaborating?,at a festival,D24:5,1,True,63,492,True,True,12,False,False,False,False,False,False,True,True,True,True,True,True
locomo-hindsight,hindsight,rag,conv-50_q126,conv-50,126,4,True,Which part of Tokyo is described as Tokyo's Times Square by Calvin?,Shibuya Crossing,D24:19,1,True,63,489,True,True,6,False,False,False,False,True,True,True,True,True,True,True,True
locomo-hindsight,hindsight,rag,conv-50_q127,conv-50,127,4,True,What specific location in Tokyo does Calvin mention being excited to explore?,Shinjuku,D24:19,1,True,62,487,True,True,2,False,False,True,True,True,True,True,True,True,True,True,True
locomo-hindsight,hindsight,rag,conv-50_q128,conv-50,128,4,True,What dish does Dave recommend Calvin to try in Tokyo?,ramen,D24:20,1,True,63,490,True,True,21,False,False,False,False,False,False,False,False,True,True,True,True
locomo-hindsight,hindsight,rag,conv-50_q129,conv-50,129,4,True,What does Calvin find energizing during the tour?,Performing and connecting with the crowd,D25:2,1,True,62,490,True,True,11,False,False,False,False,False,False,True,True,True,True,True,True
locomo-hindsight,hindsight,rag,conv-50_q130,conv-50,130,4,True,How does Calvin balance his job and personal life?,Takes it one day at a time,D25:4,1,True,62,494,True,True,22,False,False,False,False,False,False,False,False,True,True,True,True
locomo-hindsight,hindsight,rag,conv-50_q131,conv-50,131,4,True,What inspired Calvin's recent music?,Struggles that people go through,D25:10,1,True,63,491,True,True,20,False,False,False,False,False,False,True,True,True,True,True,True
locomo-hindsight,hindsight,rag,conv-50_q132,conv-50,132,4,True,How does Calvin describe his music in relation to capturing feelings?,Express himself and work through his emotions,D25:12,1,True,62,489,True,True,30,False,False,False,False,False,False,False,False,True,True,True,True
locomo-hindsight,hindsight,rag,conv-50_q133,conv-50,133,4,True,Why did Dave start working on cars?,Fascinated with how machines work,D25:15,1,True,63,474,True,True,26,False,False,False,False,False,False,False,False,True,True,True,True
locomo-hindsight,hindsight,rag,conv-50_q134,conv-50,134,4,True,What is the toughest part of car restoration according to Dave?,Paying extra attention to detail,D25:19,1,True,63,477,True,True,25,False,False,False,False,False,False,False,False,True,True,True,True
locomo-hindsight,hindsight,rag,conv-50_q135,conv-50,135,4,True,What does Calvin believe makes an artist create something extraordinary?,Paying attention to small details,D25:22,1,True,63,491,True,True,12,False,False,False,False,False,False,True,True,True,True,True,True
locomo-hindsight,hindsight,rag,conv-50_q136,conv-50,136,4,True,When did Dave sell the car he restored last year?,Last year,D25:17,1,True,62,470,True,True,10,False,False,False,False,True,True,True,True,True,True,True,True
locomo-hindsight,hindsight,rag,conv-50_q137,conv-50,137,4,True,When did Calvin first get interested in cars?,at an early age,D26:6,1,True,63,487,True,True,13,False,False,False,False,False,False,True,True,True,True,True,True
locomo-hindsight,hindsight,rag,conv-50_q138,conv-50,138,4,True,How did Calvin feel about performing with someone he admires?,"Unreal, like a dream come true",D26:9,1,True,63,489,True,True,10,False,False,False,False,True,True,True,True,True,True,True,True
locomo-hindsight,hindsight,rag,conv-50_q139,conv-50,139,4,True,What realization did the nightclub experience bring to Calvin?,"how much music means to him, it's like his passion and purpose",D26:9,1,True,63,488,True,True,20,False,False,False,False,False,False,True,True,True,True,True,True
locomo-hindsight,hindsight,rag,conv-50_q140,conv-50,140,4,True,What do Dave and Calvin agree on regarding their pursuits?,It's fulfilling and motivating,D26:11,1,True,62,481,True,True,9,False,False,False,False,True,True,True,True,True,True,True,True
locomo-hindsight,hindsight,rag,conv-50_q141,conv-50,141,4,True,Which city is featured in the photograph Dave showed Calvin?,Boston,D27:6,1,True,63,484,True,True,42,False,False,False,False,False,False,False,False,True,True,True,True
locomo-hindsight,hindsight,rag,conv-50_q142,conv-50,142,4,True,What did Calvin do recently at his Japanese house?,Threw a small party for his new album,D28:1,1,True,63,491,True,True,7,False,False,False,False,True,True,True,True,True,True,True,True
locomo-hindsight,hindsight,rag,conv-50_q143,conv-50,143,4,True,What did Dave recently start a blog about?,Car mods,D28:8,1,True,63,480,True,True,10,False,False,False,False,True,True,True,True,True,True,True,True
locomo-hindsight,hindsight,rag,conv-50_q144,conv-50,144,4,True,What is Dave's way to share his passion with others?,Through a blog on car mods,D28:8,1,True,63,483,True,True,8,False,False,False,False,True,True,True,True,True,True,True,True
locomo-hindsight,hindsight,rag,conv-50_q145,conv-50,145,4,True,What type of videos does Calvin usually watch on his television?,"Music videos, concerts, documentaries about artists and their creative process",D28:31,1,True,63,491,True,True,5,False,False,True,True,True,True,True,True,True,True,True,True
locomo-hindsight,hindsight,rag,conv-50_q146,conv-50,146,4,True,What type of music has Dave been getting into lately?,Classic rock,D28:40,1,True,63,477,True,True,11,False,False,False,False,False,False,True,True,True,True,True,True
locomo-hindsight,hindsight,rag,conv-50_q147,conv-50,147,4,False,What tools does Calvin use to boost his motivation for music?,Writing lyrics and notes,D28:34,1,True,63,494,True,True,1,True,True,True,True,True,True,True,True,True,True,True,True
locomo-hindsight,hindsight,rag,conv-50_q148,conv-50,148,4,True,What type of content does Dave post on his blog that inspired others to start their own DIY projects?,How he made his car look like a beast,D28:10,1,True,62,488,True,True,8,False,False,False,False,True,True,True,True,True,True,True,True
locomo-hindsight,hindsight,rag,conv-50_q149,conv-50,149,4,True,What kind of impact does Dave's blog on car mods have on people?,It inspires others to start their DIY projects,D28:10,1,True,63,472,True,True,2,False,False,True,True,True,True,True,True,True,True,True,True
locomo-hindsight,hindsight,rag,conv-50_q150,conv-50,150,4,True,"Who did Calvin invite to see him perform in Boston on 13 November, 2023?",his old high school buddy,D29:1,1,True,63,489,True,True,8,False,False,False,False,True,True,True,True,True,True,True,True
locomo-hindsight,hindsight,rag,conv-50_q151,conv-50,151,4,False,What hobby did Calvin take up recently?,Photography,D30:1,1,True,60,487,True,True,28,False,False,False,False,False,False,False,False,True,True,True,True
locomo-hindsight,hindsight,rag,conv-50_q152,conv-50,152,4,True,What new item did Dave buy recently?,A vintage camera,D30:5,1,True,63,487,True,True,16,False,False,False,False,False,False,True,True,True,True,True,True
locomo-hindsight,hindsight,rag,conv-50_q153,conv-50,153,4,True,What type of photos does Dave like to capture with his new camera?,"Nature - sunsets, beaches, waves",D30:9,1,True,63,478,True,True,8,False,False,False,False,True,True,True,True,True,True,True,True
locomo-hindsight,hindsight,rag,conv-50_q154,conv-50,154,4,True,What event did Calvin attend in Boston?,Fancy gala,D30:2,1,True,63,492,True,True,7,False,False,False,False,True,True,True,True,True,True,True,True
locomo-hindsight,hindsight,rag,conv-50_q155,conv-50,155,4,True,What did Calvin discuss with the cool artist he met at the gala?,Music and art,D30:4,1,True,62,493,True,True,6,False,False,False,False,True,True,True,True,True,True,True,True
locomo-hindsight,hindsight,rag,conv-50_q156,conv-50,156,4,True,Where did Dave take a stunning photo of a waterfall?,Nearby park,D30:15,1,True,62,476,True,True,6,False,False,False,False,True,True,True,True,True,True,True,True
locomo-hindsight,hindsight,rag,conv-50_q157,conv-50,157,4,True,What positive impact does Calvin mention nature has on tough times?,Nature helps us appreciate life,D30:12,1,True,63,488,True,True,8,False,False,False,False,True,True,True,True,True,True,True,True
hybrid-search,hybrid-search,rag,conv-26_q0,conv-26,0,2,False,When did Caroline go to the LGBTQ support group?,7 May 2023,D1:3,1,True,50,337,True,True,7,False,False,False,False,True,True,True,True,True,True,True,True
hybrid-search,hybrid-search,rag,conv-26_q1,conv-26,1,2,True,When did Melanie paint a sunrise?,2022,D1:12,1,True,50,326,True,True,1,True,True,True,True,True,True,True,True,True,True,True,True
hybrid-search,hybrid-search,rag,conv-26_q2,conv-26,2,3,True,What fields would Caroline be likely to pursue in her educaton?,"Psychology, counseling certification",D1:11 D1:9,2,True,50,325,True,True,18,False,False,False,False,False,False,True,True,True,True,True,True
hybrid-search,hybrid-search,rag,conv-26_q3,conv-26,3,1,True,What did Caroline research?,Adoption agencies,D2:8,1,True,50,336,True,True,26,False,False,False,False,False,False,False,False,True,True,True,True
hybrid-search,hybrid-search,rag,conv-26_q4,conv-26,4,1,True,What is Caroline's identity?,Transgender woman,D1:5,1,True,50,335,True,True,16,False,False,False,False,False,False,True,True,True,True,True,True
hybrid-search,hybrid-search,rag,conv-26_q5,conv-26,5,2,False,When did Melanie run a charity race?,The sunday before 25 May 2023,D2:1,1,True,50,328,True,True,1,True,True,True,True,True,True,True,True,True,True,True,True
hybrid-search,hybrid-search,rag,conv-26_q6,conv-26,6,2,False,When is Melanie planning on going camping?,June 2023,D2:7,1,True,50,326,True,True,8,False,False,False,False,True,True,True,True,True,True,True,True
hybrid-search,hybrid-search,rag,conv-26_q7,conv-26,7,1,True,What is Caroline's relationship status?,Single,D2:14 D3:13,2,True,50,335,True,True,3,False,False,True,True,True,True,True,True,True,True,True,True
hybrid-search,hybrid-search,rag,conv-26_q8,conv-26,8,2,False,When did Caroline give a speech at a school?,The week before 9 June 2023,D3:1,1,True,50,337,True,True,2,False,False,True,True,True,True,True,True,True,True,True,True
hybrid-search,hybrid-search,rag,conv-26_q9,conv-26,9,2,True,"When did Caroline meet up with her friends, family, and mentors?",The week before 9 June 2023,D3:11,1,True,50,333,True,True,7,False,False,False,False,True,True,True,True,True,True,True,True
hybrid-search,hybrid-search,rag,conv-26_q10,conv-26,10,2,True,How long has Caroline had her current group of friends for?,4 years,D3:13,1,True,50,333,True,True,6,False,False,False,False,True,True,True,True,True,True,True,True
hybrid-search,hybrid-search,rag,conv-26_q11,conv-26,11,1,True,Where did Caroline move from 4 years ago?,Sweden,D3:13 D4:3,2,True,50,337,True,True,4,False,False,True,False,True,False,True,True,True,True,True,True
hybrid-search,hybrid-search,rag,conv-26_q12,conv-26,12,2,True,How long ago was Caroline's 18th birthday?,10 years ago,D4:5,1,True,50,337,True,True,4,False,False,True,True,True,True,True,True,True,True,True,True
hybrid-search,hybrid-search,rag,conv-26_q13,conv-26,13,1,True,What career path has Caroline decided to persue?,counseling or mental health for Transgender people,D1:11 D4:13,2,True,50,333,True,True,1,True,False,True,False,True,False,True,True,True,True,True,True
hybrid-search,hybrid-search,rag,conv-26_q14,conv-26,14,3,True,Would Caroline still want to pursue counseling as a career if she hadn't received support growing up?,Likely no,D3:5 D4:15,2,True,50,331,True,True,1,True,False,True,False,True,False,True,False,True,True,True,True
hybrid-search,hybrid-search,rag,conv-26_q15,conv-26,15,1,True,What activities does Melanie partake in?,"pottery, camping, painting, swimming",D1:12 D1:18 D5:4 D9:1,4,True,50,327,True,True,17,False,False,False,False,False,False,True,False,True,True,True,True
hybrid-search,hybrid-search,rag,conv-26_q16,conv-26,16,2,False,When did Melanie sign up for a pottery class?,2 July 2023,D5:4,1,True,50,331,True,True,7,False,False,False,False,True,True,True,True,True,True,True,True
hybrid-search,hybrid-search,rag,conv-26_q17,conv-26,17,2,True,When is Caroline going to the transgender conference?,July 2023,D5:13,1,True,50,332,True,True,11,False,False,False,False,False,False,True,True,True,True,True,True
hybrid-search,hybrid-search,rag,conv-26_q18,conv-26,18,1,True,Where has Melanie camped?,"beach, mountains, forest",D4:6 D6:16 D8:32,3,True,50,326,True,True,2,False,False,True,False,True,False,True,False,True,True,True,True
hybrid-search,hybrid-search,rag,conv-26_q19,conv-26,19,1,True,What do Melanie's kids like?,"dinosaurs, nature",D4:8 D6:6,2,True,50,325,True,True,2,False,False,True,False,True,False,True,False,True,True,True,True
hybrid-search,hybrid-search,rag,conv-26_q20,conv-26,20,2,False,When did Melanie go to the museum?,5 July 2023,D6:4,1,True,50,325,True,True,2,False,False,True,True,True,True,True,True,True,True,True,True
hybrid-search,hybrid-search,rag,conv-26_q21,conv-26,21,2,True,When did Caroline have a picnic?,The week before 6 July 2023,D6:11,1,True,50,335,True,True,8,False,False,False,False,True,True,True,True,True,True,True,True
hybrid-search,hybrid-search,rag,conv-26_q22,conv-26,22,3,True,Would Caroline likely have Dr. Seuss books on her bookshelf?,"Yes, since she collects classic children's books",D6:9,1,True,50,327,True,True,5,False,False,True,True,True,True,True,True,True,True,True,True
hybrid-search,hybrid-search,rag,conv-26_q23,conv-26,23,1,True,What books has Melanie read?,"""Nothing is Impossible"", ""Charlotte's Web""",D6:10 D7:8,2,True,50,328,True,True,1,True,False,True,False,True,True,True,True,True,True,True,True
hybrid-search,hybrid-search,rag,conv-26_q24,conv-26,24,1,True,What does Melanie do to destress?,"Running, pottery",D5:4 D7:22,2,True,50,326,True,True,2,False,False,True,False,True,False,True,True,True,True,True,True
hybrid-search,hybrid-search,rag,conv-26_q25,conv-26,25,2,False,When did Caroline go to the LGBTQ conference?,10 July 2023,D7:1,1,True,50,329,True,True,1,True,True,True,True,True,True,True,True,True,True,True,True
hybrid-search,hybrid-search,rag,conv-26_q26,conv-26,26,2,True,"When did Melanie read the book ""nothing is impossible""?",2022,D7:8,1,True,50,330,True,True,2,False,False,True,True,True,True,True,True,True,True,True,True
hybrid-search,hybrid-search,rag,conv-26_q27,conv-26,27,3,True,Would Caroline pursue writing as a career option?,"LIkely no; though she likes reading, she wants to be a counselor",D7:5 D7:9,2,True,50,333,True,True,9,False,False,False,False,True,False,True,True,True,True,True,True
hybrid-search,hybrid-search,rag,conv-26_q28,conv-26,28,2,True,When did Caroline go to the adoption meeting?,The friday before 15 July 2023,D8:9,1,True,50,333,True,True,7,False,False,False,False,True,True,True,True,True,True,True,True
hybrid-search,hybrid-search,rag,conv-26_q29,conv-26,29,2,True,When did Melanie go to the pottery workshop?,The Friday before 15 July 2023,D8:2,1,True,50,332,True,True,2,False,False,True,True,True,True,True,True,True,True,True,True
hybrid-search,hybrid-search,rag,conv-26_q30,conv-26,30,3,True,Would Melanie be considered a member of the LGBTQ community?,"Likely no, she does not refer to herself as part of it",,0,False,50,331,False,True,,False,True,False,True,False,True,False,True,False,True,False,True
hybrid-search,hybrid-search,rag,conv-26_q31,conv-26,31,2,False,When did Melanie go camping in June?,The week before 27 June 2023,D4:8,1,True,50,328,True,True,50,False,False,False,False,False,False,False,False,True,True,True,True
hybrid-search,hybrid-search,rag,conv-26_q32,conv-26,32,1,True,What LGBTQ+ events has Caroline participated in?,"Pride parade, school speech, support group",D1:3 D3:1 D5:1 D8:17,4,True,50,329,True,False,4,False,False,True,False,True,False,True,False,True,False,True,False
hybrid-search,hybrid-search,rag,conv-26_q33,conv-26,33,2,False,When did Caroline go to a pride parade during the summer?,The week before 3 July 2023,D5:1,1,True,50,331,True,True,2,False,False,True,True,True,True,True,True,True,True,True,True
hybrid-search,hybrid-search,rag,conv-26_q34,conv-26,34,1,True,What events has Caroline participated in to help children?,"Mentoring program, school speech",D3:3 D9:2,2,True,50,335,True,True,5,False,False,True,False,True,False,True,True,True,True,True,True
hybrid-search,hybrid-search,rag,conv-26_q35,conv-26,35,2,True,When did Melanie go camping in July?,two weekends before 17 July 2023,D9:1,1,True,50,326,True,True,1,True,True,True,True,True,True,True,True,True,True,True,True
hybrid-search,hybrid-search,rag,conv-26_q36,conv-26,36,2,True,When did Caroline join a mentorship program?,The weekend before 17 July 2023,D9:2,1,True,50,335,True,True,1,True,True,True,True,True,True,True,True,True,True,True,True
hybrid-search,hybrid-search,rag,conv-26_q37,conv-26,37,1,True,What did Melanie paint recently?,sunset,D8:6; D9:17,1,True,50,329,False,False,,False,False,False,False,False,False,False,False,False,False,False,False
hybrid-search,hybrid-search,rag,conv-26_q38,conv-26,38,1,True,What activities has Melanie done with her family?,"Pottery, painting, camping, museum, swimming, hiking",D1:18 D3:14 D6:4 D8:4 D8:6 D9:1,6,True,50,326,True,False,4,False,False,True,False,True,False,True,False,True,False,True,False
hybrid-search,hybrid-search,rag,conv-26_q39,conv-26,39,1,True,In what ways is Caroline participating in the LGBTQ community?,"Joining activist group, going to pride parades, participating in an art show, mentoring program",D10:3 D5:1 D9:12 D9:2,4,True,50,329,True,True,2,False,False,True,False,True,False,True,True,True,True,True,True
hybrid-search,hybrid-search,rag,conv-26_q40,conv-26,40,1,False,How many times has Melanie gone to the beach in 2023?,2,D10:8 D6:16,2,True,50,327,True,True,2,False,False,True,True,True,True,True,True,True,True,True,True
hybrid-search,hybrid-search,rag,conv-26_q41,conv-26,41,2,False,When did Caroline join a new activist group?,The Tuesday before 20 July 2023,D10:3,1,True,50,334,True,True,1,True,True,True,True,True,True,True,True,True,True,True,True
hybrid-search,hybrid-search,rag,conv-26_q42,conv-26,42,3,True,Would Melanie be more interested in going to a national park or a theme park?,National park; she likes the outdoors,D10:12 D10:14,2,True,50,320,True,True,40,False,False,False,False,False,False,False,False,True,True,True,True
hybrid-search,hybrid-search,rag,conv-26_q43,conv-26,43,1,True,What kind of art does Caroline make?,abstract art,D11:12 D11:8 D9:14,3,True,50,325,True,True,9,False,False,False,False,True,False,True,True,True,True,True,True
hybrid-search,hybrid-search,rag,conv-26_q44,conv-26,44,2,False,When is Melanie's daughter's birthday?,13 August,D11:1,1,True,50,325,True,True,2,False,False,True,True,True,True,True,True,True,True,True,True
hybrid-search,hybrid-search,rag,conv-26_q45,conv-26,45,2,True,When did Caroline attend a pride parade in August?,The Friday before 14 August 2023,D11:4,1,True,50,329,True,True,3,False,False,True,True,True,True,True,True,True,True,True,True
hybrid-search,hybrid-search,rag,conv-26_q46,conv-26,46,3,True,Would Melanie be considered an ally to the transgender community?,"Yes, she is supportive",,0,False,50,333,False,True,,False,True,False,True,False,True,False,True,False,True,False,True
hybrid-search,hybrid-search,rag,conv-26_q47,conv-26,47,1,True,Who supports Caroline when she has a negative experience?,"Her mentors, family, and friends",D12:1 D3:11,2,True,50,335,True,True,6,False,False,False,False,True,True,True,True,True,True,True,True
hybrid-search,hybrid-search,rag,conv-26_q48,conv-26,48,1,True,What types of pottery have Melanie and her kids made?,"bowls, cup",D12:14 D5:6 D8:4,3,True,50,324,True,True,2,False,False,True,False,True,False,True,False,True,True,True,True
hybrid-search,hybrid-search,rag,conv-26_q49,conv-26,49,2,True,When did Caroline and Melanie go to a pride fesetival together?,2022,D12:15,1,True,50,334,True,True,11,False,False,False,False,False,False,True,True,True,True,True,True
hybrid-search,hybrid-search,rag,conv-26_q50,conv-26,50,3,False,What would Caroline's political leaning likely be?,Liberal,D12:1,1,True,50,330,True,True,37,False,False,False,False,False,False,False,False,True,True,True,True
hybrid-search,hybrid-search,rag,conv-26_q51,conv-26,51,1,True,What has Melanie painted?,"Horse, sunset, sunrise",D13:8 D1:12 D8:6,3,True,50,330,True,False,5,False,False,True,False,True,False,True,False,True,False,True,False
hybrid-search,hybrid-search,rag,conv-26_q52,conv-26,52,1,True,What are Melanie's pets' names?,"Oliver, Luna, Bailey",D13:4 D7:18,2,True,50,324,True,True,2,False,False,True,False,True,True,True,True,True,True,True,True
hybrid-search,hybrid-search,rag,conv-26_q53,conv-26,53,2,True,When did Caroline apply to adoption agencies?,The week of 23 August 2023,D13:1,1,True,50,335,True,True,4,False,False,True,True,True,True,True,True,True,True,True,True
hybrid-search,hybrid-search,rag,conv-26_q54,conv-26,54,2,True,When did Caroline draw a self-portrait?,The week before 23 August 2023,D13:11,1,True,50,334,True,True,27,False,False,False,False,False,False,False,False,True,True,True,True
hybrid-search,hybrid-search,rag,conv-26_q55,conv-26,55,1,True,What subject have Caroline and Melanie both painted?,Sunsets,D14:5 D8:6,2,True,50,328,True,False,16,False,False,False,False,False,False,True,False,True,False,True,False
hybrid-search,hybrid-search,rag,conv-26_q56,conv-26,56,1,True,What symbols are important to Caroline?,"Rainbow flag, transgender symbol",D14:15 D4:1,2,True,50,337,True,True,1,True,False,True,False,True,True,True,True,True,True,True,True
hybrid-search,hybrid-search,rag,conv-26_q57,conv-26,57,2,False,When did Caroline encounter people on a hike and have a negative experience?,The week before 25 August 2023,D14:1,1,True,50,336,True,True,1,True,True,True,True,True,True,True,True,True,True,True,True
hybrid-search,hybrid-search,rag,conv-26_q58,conv-26,58,2,False,When did Melanie make a plate in pottery class?,24 August 2023,D14:4,1,True,50,324,True,True,8,False,False,False,False,True,True,True,True,True,True,True,True
hybrid-search,hybrid-search,rag,conv-26_q59,conv-26,59,3,False,Would Caroline be considered religious?,"Somewhat, but not extremely religious",D12:1 D14:19,2,True,50,337,True,True,3,False,False,True,False,True,False,True,False,True,True,True,True
hybrid-search,hybrid-search,rag,conv-26_q60,conv-26,60,1,True,What instruments does Melanie play?,clarinet and violin,D15:26 D2:5,2,True,50,327,True,True,1,True,False,True,False,True,False,True,False,True,True,True,True
hybrid-search,hybrid-search,rag,conv-26_q61,conv-26,61,1,True,What musical artists/bands has Melanie seen?,"Summer Sounds, Matt Patterson",D11:3 D15:16,2,True,50,327,True,False,1,True,False,True,False,True,False,True,False,True,False,True,False
hybrid-search,hybrid-search,rag,conv-26_q62,conv-26,62,2,False,When did Melanie go to the park?,27 August 2023,D15:2,1,True,50,323,True,True,2,False,False,True,True,True,True,True,True,True,True,True,True
hybrid-search,hybrid-search,rag,conv-26_q63,conv-26,63,2,False,When is Caroline's youth center putting on a talent show?,September 2023,D15:11,1,True,50,324,True,True,1,True,True,True,True,True,True,True,True,True,True,True,True
hybrid-search,hybrid-search,rag,conv-26_q64,conv-26,64,3,True,"Would Melanie likely enjoy the song ""The Four Seasons"" by Vivaldi?",Yes; it's classical music,D15:28,1,True,50,328,True,True,2,False,False,True,True,True,True,True,True,True,True,True,True
hybrid-search,hybrid-search,rag,conv-26_q65,conv-26,65,1,True,What are some changes Caroline has faced during her transition journey?,"Changes to her body, losing unsupportive friends",D11:14 D16:15,2,True,50,340,True,True,8,False,False,False,False,True,False,True,True,True,True,True,True
hybrid-search,hybrid-search,rag,conv-26_q66,conv-26,66,1,False,What does Melanie do with her family on hikes?,"Roast marshmallows, tell stories",D10:12 D16:4,2,True,50,321,True,True,8,False,False,False,False,True,False,True,True,True,True,True,True
hybrid-search,hybrid-search,rag,conv-26_q67,conv-26,67,2,False,When did Caroline go biking with friends?,The weekend before 13 September 2023,D16:1,1,True,50,339,True,True,1,True,True,True,True,True,True,True,True,True,True,True,True
hybrid-search,hybrid-search,rag,conv-26_q68,conv-26,68,2,True,How long has Melanie been practicing art?,Since 2016,D16:8,1,True,50,332,True,True,17,False,False,False,False,False,False,True,True,True,True,True,True
hybrid-search,hybrid-search,rag,conv-26_q69,conv-26,69,3,True,What personality traits might Melanie say Caroline has?,"Thoughtful, authentic, driven",D13:16 D16:18 D7:4,3,True,50,332,True,True,27,False,False,False,False,False,False,False,False,True,True,True,True
hybrid-search,hybrid-search,rag,conv-26_q70,conv-26,70,1,True,What transgender-specific events has Caroline attended?,"Poetry reading, conference",D15:13 D17:19,2,True,50,330,True,True,9,False,False,False,False,True,False,True,False,True,True,True,True
hybrid-search,hybrid-search,rag,conv-26_q71,conv-26,71,1,True,What book did Melanie read from Caroline's suggestion?,"""Becoming Nicole""",D17:10 D7:11,2,True,50,333,True,True,14,False,False,False,False,False,False,True,True,True,True,True,True
hybrid-search,hybrid-search,rag,conv-26_q72,conv-26,72,2,True,When did Melanie's friend adopt a child?,2022,D17:3,1,True,50,328,True,True,1,True,True,True,True,True,True,True,True,True,True,True,True
hybrid-search,hybrid-search,rag,conv-26_q73,conv-26,73,2,False,When did Melanie get hurt?,September 2023,D17:8,1,True,50,327,True,True,22,False,False,False,False,False,False,False,False,True,True,True,True
hybrid-search,hybrid-search,rag,conv-26_q74,conv-26,74,2,False,When did Melanie's family go on a roadtrip?,The weekend before 20 October 2023,D18:1,1,True,50,329,True,True,1,True,True,True,True,True,True,True,True,True,True,True,True
hybrid-search,hybrid-search,rag,conv-26_q75,conv-26,75,1,True,How many children does Melanie have?,3,D18:1 D18:7,2,True,50,326,True,True,7,False,False,False,False,True,True,True,True,True,True,True,True
hybrid-search,hybrid-search,rag,conv-26_q76,conv-26,76,1,False,When did Melanie go on a hike after the roadtrip?,19 October 2023,D18:17,1,True,50,326,True,True,10,False,False,False,False,True,True,True,True,True,True,True,True
hybrid-search,hybrid-search,rag,conv-26_q77,conv-26,77,3,True,Would Melanie go on another roadtrip soon?,Likely no; since this one went badly,D18:1 D18:3,2,True,50,327,True,True,1,True,True,True,True,True,True,True,True,True,True,True,True
hybrid-search,hybrid-search,rag,conv-26_q78,conv-26,78,1,True,What items has Melanie bought?,"Figurines, shoes",D19:2 D7:18,2,True,50,326,True,False,15,False,False,False,False,False,False,True,False,True,False,True,False
hybrid-search,hybrid-search,rag,conv-26_q79,conv-26,79,2,False,When did Caroline pass the adoption interview?,The Friday before 22 October 2023,D19:1,1,True,50,333,True,True,2,False,False,True,True,True,True,True,True,True,True,True,True
hybrid-search,hybrid-search,rag,conv-26_q80,conv-26,80,2,False,When did Melanie buy the figurines?,21 October 2023,D19:2,1,True,50,322,True,True,1,True,True,True,True,True,True,True,True,True,True,True,True
hybrid-search,hybrid-search,rag,conv-26_q81,conv-26,81,3,True,Would Caroline want to move back to her home country soon?,No; she's in the process of adopting children.,D19:1 D19:3,2,True,50,336,True,True,7,False,False,False,False,True,True,True,True,True,True,True,True
hybrid-search,hybrid-search,rag,conv-26_q82,conv-26,82,4,True,What did the charity race raise awareness for?,mental health,D2:2,1,True,50,335,True,True,1,True,True,True,True,True,True,True,True,True,True,True,True
hybrid-search,hybrid-search,rag,conv-26_q83,conv-26,83,4,True,What did Melanie realize after the charity race?,self-care is important,D2:3,1,True,50,330,True,True,1,True,True,True,True,True,True,True,True,True,True,True,True
hybrid-search,hybrid-search,rag,conv-26_q84,conv-26,84,4,True,How does Melanie prioritize self-care?,"by carving out some me-time each day for activities like running, reading, or playing the violin",D2:5,1,True,50,326,True,True,1,True,True,True,True,True,True,True,True,True,True,True,True
hybrid-search,hybrid-search,rag,conv-26_q85,conv-26,85,4,True,What are Caroline's plans for the summer?,researching adoption agencies,D2:8,1,True,50,334,True,True,3,False,False,True,True,True,True,True,True,True,True,True,True
hybrid-search,hybrid-search,rag,conv-26_q86,conv-26,86,4,True,What type of individuals does the adoption agency Caroline is considering support?,LGBTQ+ individuals,D2:12,1,True,50,330,True,True,1,True,True,True,True,True,True,True,True,True,True,True,True
hybrid-search,hybrid-search,rag,conv-26_q87,conv-26,87,4,True,Why did Caroline choose the adoption agency?,because of their inclusivity and support for LGBTQ+ individuals,D2:12,1,True,50,335,True,True,1,True,True,True,True,True,True,True,True,True,True,True,True
hybrid-search,hybrid-search,rag,conv-26_q88,conv-26,88,4,True,What is Caroline excited about in the adoption process?,creating a family for kids who need one,D2:14,1,True,50,335,True,True,2,False,False,True,True,True,True,True,True,True,True,True,True
hybrid-search,hybrid-search,rag,conv-26_q89,conv-26,89,4,True,What does Melanie think about Caroline's decision to adopt?,she thinks Caroline is doing something amazing and will be an awesome mom,D2:15,1,True,50,333,True,True,4,False,False,True,True,True,True,True,True,True,True,True,True
hybrid-search,hybrid-search,rag,conv-26_q90,conv-26,90,4,True,How long have Mel and her husband been married?,Mel and her husband have been married for 5 years.,D3:16,1,True,50,330,True,True,1,True,True,True,True,True,True,True,True,True,True,True,True
hybrid-search,hybrid-search,rag,conv-26_q91,conv-26,91,4,True,What does Caroline's necklace symbolize?,"love, faith, and strength",D4:3,1,True,50,336,True,True,1,True,True,True,True,True,True,True,True,True,True,True,True
hybrid-search,hybrid-search,rag,conv-26_q92,conv-26,92,4,True,What country is Caroline's grandma from?,Sweden,D4:3,1,True,50,332,True,True,10,False,False,False,False,True,True,True,True,True,True,True,True
hybrid-search,hybrid-search,rag,conv-26_q93,conv-26,93,4,True,What was grandma's gift to Caroline?,necklace,D4:3,1,True,50,335,True,True,3,False,False,True,True,True,True,True,True,True,True,True,True
hybrid-search,hybrid-search,rag,conv-26_q94,conv-26,94,4,True,What is Melanie's hand-painted bowl a reminder of?,art and self-expression,D4:5,1,True,50,330,True,True,15,False,False,False,False,False,False,True,True,True,True,True,True
hybrid-search,hybrid-search,rag,conv-26_q95,conv-26,95,4,True,What did Melanie and her family do while camping?,"explored nature, roasted marshmallows, and went on a hike",D4:8,1,True,50,326,True,True,50,False,False,False,False,False,False,False,False,True,True,True,True
hybrid-search,hybrid-search,rag,conv-26_q96,conv-26,96,4,True,What kind of counseling and mental health services is Caroline interested in pursuing?,"working with trans people, helping them accept themselves and supporting their mental health",D4:13,1,True,50,333,True,True,2,False,False,True,True,True,True,True,True,True,True,True,True
hybrid-search,hybrid-search,rag,conv-26_q97,conv-26,97,4,True,What workshop did Caroline attend recently?,LGBTQ+ counseling workshop,D4:13,1,True,50,330,True,True,1,True,True,True,True,True,True,True,True,True,True,True,True
hybrid-search,hybrid-search,rag,conv-26_q98,conv-26,98,4,True,What was discussed in the LGBTQ+ counseling workshop?,therapeutic methods and how to best work with trans people,D4:13,1,True,50,325,True,True,5,False,False,True,True,True,True,True,True,True,True,True,True
hybrid-search,hybrid-search,rag,conv-26_q99,conv-26,99,4,True,What motivated Caroline to pursue counseling?,"her own journey and the support she received, and how counseling improved her life",D4:15,1,True,50,337,True,True,1,True,True,True,True,True,True,True,True,True,True,True,True
hybrid-search,hybrid-search,rag,conv-26_q100,conv-26,100,4,True,What kind of place does Caroline want to create for people?,a safe and inviting place for people to grow,D4:15,1,True,50,330,True,True,16,False,False,False,False,False,False,True,True,True,True,True,True
hybrid-search,hybrid-search,rag,conv-26_q101,conv-26,101,4,True,Did Melanie make the black and white bowl in the photo?,Yes,D5:8,1,True,50,321,True,True,1,True,True,True,True,True,True,True,True,True,True,True,True
hybrid-search,hybrid-search,rag,conv-26_q102,conv-26,102,4,True,What kind of books does Caroline have in her library?,"kids' books - classics, stories from different cultures, educational books",D6:9,1,True,50,330,True,True,2,False,False,True,True,True,True,True,True,True,True,True,True
hybrid-search,hybrid-search,rag,conv-26_q103,conv-26,103,4,True,What was Melanie's favorite book from her childhood?,"""Charlotte's Web""",D6:10,1,True,50,326,True,True,1,True,True,True,True,True,True,True,True,True,True,True,True
hybrid-search,hybrid-search,rag,conv-26_q104,conv-26,104,4,True,What book did Caroline recommend to Melanie?,"""Becoming Nicole""",D7:11,1,True,50,332,True,True,20,False,False,False,False,False,False,True,True,True,True,True,True
hybrid-search,hybrid-search,rag,conv-26_q105,conv-26,105,4,True,"What did Caroline take away from the book ""Becoming Nicole""?",Lessons on self-acceptance and finding support,D7:13,1,True,50,337,True,True,2,False,False,True,True,True,True,True,True,True,True,True,True
hybrid-search,hybrid-search,rag,conv-26_q106,conv-26,106,4,True,What are the new shoes that Melanie got used for?,Running,D7:19,1,True,50,328,True,True,1,True,True,True,True,True,True,True,True,True,True,True,True
hybrid-search,hybrid-search,rag,conv-26_q107,conv-26,107,4,True,What is Melanie's reason for getting into running?,To de-stress and clear her mind,D7:21,1,True,50,325,True,True,1,True,True,True,True,True,True,True,True,True,True,True,True
hybrid-search,hybrid-search,rag,conv-26_q108,conv-26,108,4,True,What does Melanie say running has been great for?,Her mental health,D7:24,1,True,50,327,True,True,1,True,True,True,True,True,True,True,True,True,True,True,True
hybrid-search,hybrid-search,rag,conv-26_q109,conv-26,109,4,True,What did Mel and her kids make during the pottery workshop?,pots,D8:2,1,True,50,324,True,True,2,False,False,True,True,True,True,True,True,True,True,True,True
hybrid-search,hybrid-search,rag,conv-26_q110,conv-26,110,4,True,What kind of pot did Mel and her kids make with clay?,a cup with a dog face on it,D8:4,1,True,50,320,True,True,1,True,True,True,True,True,True,True,True,True,True,True,True
hybrid-search,hybrid-search,rag,conv-26_q111,conv-26,111,4,True,What creative project do Mel and her kids do together besides pottery?,painting,D8:5,1,True,50,324,True,True,2,False,False,True,True,True,True,True,True,True,True,True,True
hybrid-search,hybrid-search,rag,conv-26_q112,conv-26,112,4,True,What did Mel and her kids paint in their latest project in July 2023?,a sunset with a palm tree,D8:6,1,True,50,335,False,False,,False,False,False,False,False,False,False,False,False,False,False,False
hybrid-search,hybrid-search,rag,conv-26_q113,conv-26,113,4,True,What did Caroline see at the council meeting for adoption?,many people wanting to create loving homes for children in need,D8:9,1,True,50,330,True,True,7,False,False,False,False,True,True,True,True,True,True,True,True
hybrid-search,hybrid-search,rag,conv-26_q114,conv-26,114,4,True,What do sunflowers represent according to Caroline?,warmth and happiness,D8:11,1,True,50,335,True,True,2,False,False,True,True,True,True,True,True,True,True,True,True
hybrid-search,hybrid-search,rag,conv-26_q115,conv-26,115,4,True,Why are flowers important to Melanie?,They remind her to appreciate the small moments and were a part of her wedding decor,D8:12,1,True,50,328,True,True,1,True,True,True,True,True,True,True,True,True,True,True,True
hybrid-search,hybrid-search,rag,conv-26_q116,conv-26,116,4,True,What inspired Caroline's painting for the art show?,visiting an LGBTQ center and wanting to capture unity and strength,D9:16,1,True,50,333,True,True,2,False,False,True,True,True,True,True,True,True,True,True,True
hybrid-search,hybrid-search,rag,conv-26_q117,conv-26,117,4,True,How often does Melanie go to the beach with her kids?,once or twice a year,D10:10,1,True,50,327,True,True,1,True,True,True,True,True,True,True,True,True,True,True,True
hybrid-search,hybrid-search,rag,conv-26_q118,conv-26,118,4,True,What did Melanie and her family see during their camping trip last year?,Perseid meteor shower,D10:14,1,True,50,325,True,True,4,False,False,True,True,True,True,True,True,True,True,True,True
hybrid-search,hybrid-search,rag,conv-26_q119,conv-26,119,4,True,How did Melanie feel while watching the meteor shower?,in awe of the universe,D10:18,1,True,50,326,True,True,1,True,True,True,True,True,True,True,True,True,True,True,True
hybrid-search,hybrid-search,rag,conv-26_q120,conv-26,120,4,True,Whose birthday did Melanie celebrate recently?,Melanie's daughter,D11:1,1,True,50,332,True,True,1,True,True,True,True,True,True,True,True,True,True,True,True
hybrid-search,hybrid-search,rag,conv-26_q121,conv-26,121,4,True,Who performed at the concert at Melanie's daughter's birthday?,Matt Patterson,D11:3,1,True,50,330,True,True,1,True,True,True,True,True,True,True,True,True,True,True,True
hybrid-search,hybrid-search,rag,conv-26_q122,conv-26,122,4,True,Why did Melanie choose to use colors and patterns in her pottery project?,She wanted to catch the eye and make people smile.,D12:6,1,True,50,327,True,True,2,False,False,True,True,True,True,True,True,True,True,True,True
hybrid-search,hybrid-search,rag,conv-26_q123,conv-26,123,4,True,What pet does Caroline have?,guinea pig,D13:3,1,True,50,330,True,True,1,True,True,True,True,True,True,True,True,True,True,True,True
hybrid-search,hybrid-search,rag,conv-26_q124,conv-26,124,4,True,What pets does Melanie have?,Two cats and a dog,D13:4,1,True,50,325,True,True,6,False,False,False,False,True,True,True,True,True,True,True,True
hybrid-search,hybrid-search,rag,conv-26_q125,conv-26,125,4,True,Where did Oliver hide his bone once?,In Melanie's slipper,D13:6,1,True,50,325,True,True,1,True,True,True,True,True,True,True,True,True,True,True,True
hybrid-search,hybrid-search,rag,conv-26_q126,conv-26,126,4,True,What activity did Caroline used to do with her dad?,Horseback riding,D13:7,1,True,50,336,True,True,20,False,False,False,False,False,False,True,True,True,True,True,True
hybrid-search,hybrid-search,rag,conv-26_q127,conv-26,127,4,True,What did Caroline make for a local church?,a stained glass window,D14:17,1,True,50,334,True,True,33,False,False,False,False,False,False,False,False,True,True,True,True
hybrid-search,hybrid-search,rag,conv-26_q128,conv-26,128,4,True,What did Caroline find in her neighborhood during her walk?,a rainbow sidewalk,D14:23,1,True,50,336,True,True,49,False,False,False,False,False,False,False,False,True,True,True,True
hybrid-search,hybrid-search,rag,conv-26_q129,conv-26,129,4,True,Which song motivates Caroline to be courageous?,Brave by Sara Bareilles,D15:23,1,True,50,330,True,True,1,True,True,True,True,True,True,True,True,True,True,True,True
hybrid-search,hybrid-search,rag,conv-26_q130,conv-26,130,4,True,Which  classical musicians does Melanie enjoy listening to?,Bach and Mozart,D15:28,1,True,50,329,True,True,2,False,False,True,True,True,True,True,True,True,True,True,True
hybrid-search,hybrid-search,rag,conv-26_q131,conv-26,131,4,True,Who is Melanie a fan of in terms of modern music?,Ed Sheeran,D15:28,1,True,50,329,True,True,2,False,False,True,True,True,True,True,True,True,True,True,True
hybrid-search,hybrid-search,rag,conv-26_q132,conv-26,132,4,True,How long has Melanie been creating art?,7 years,D16:7,1,True,50,332,True,True,11,False,False,False,False,False,False,True,True,True,True,True,True
hybrid-search,hybrid-search,rag,conv-26_q133,conv-26,133,4,False,What precautionary sign did Melanie see at the café?,A sign stating that someone is not being able to leave,D16:16,1,True,50,332,False,False,,False,False,False,False,False,False,False,False,False,False,False,False
hybrid-search,hybrid-search,rag,conv-26_q134,conv-26,134,4,True,What advice does Caroline give for getting started with adoption?,"Do research, find an adoption agency or lawyer, gather necessary documents, and prepare emotionally.",D17:7,1,True,50,331,True,True,1,True,True,True,True,True,True,True,True,True,True,True,True
hybrid-search,hybrid-search,rag,conv-26_q135,conv-26,135,4,True,What setback did Melanie face in October 2023?,She got hurt and had to take a break from pottery.,D17:8,1,True,50,327,True,True,20,False,False,False,False,False,False,True,True,True,True,True,True
hybrid-search,hybrid-search,rag,conv-26_q136,conv-26,136,4,True,What does Melanie do to keep herself busy during her pottery break?,Read a book and paint.,D17:10,1,True,50,328,True,True,1,True,True,True,True,True,True,True,True,True,True,True,True
hybrid-search,hybrid-search,rag,conv-26_q137,conv-26,137,4,True,"What painting did Melanie show to Caroline on October 13, 2023?",A painting inspired by sunsets with a pink sky.,D17:12,1,True,50,334,True,True,2,False,False,True,True,True,True,True,True,True,True,True,True
hybrid-search,hybrid-search,rag,conv-26_q138,conv-26,138,4,False,"What kind of painting did Caroline share with Melanie on October 13, 2023?",An abstract painting with blue streaks on a wall.,D17:14,1,True,50,331,True,True,2,False,False,True,True,True,True,True,True,True,True,True,True
hybrid-search,hybrid-search,rag,conv-26_q139,conv-26,139,4,True,What was the poetry reading that Caroline attended about?,It was a transgender poetry reading where transgender people shared their stories.,D17:18,1,True,50,333,True,True,2,False,False,True,True,True,True,True,True,True,True,True,True
hybrid-search,hybrid-search,rag,conv-26_q140,conv-26,140,4,True,What did the posters at the poetry reading say?,"""Trans Lives Matter""",D17:19,1,True,50,322,True,True,1,True,True,True,True,True,True,True,True,True,True,True,True
hybrid-search,hybrid-search,rag,conv-26_q141,conv-26,141,4,True,What does Caroline's drawing symbolize for her?,Freedom and being true to herself.,D17:23,1,True,50,326,True,True,5,False,False,True,True,True,True,True,True,True,True,True,True
hybrid-search,hybrid-search,rag,conv-26_q142,conv-26,142,4,True,How do Melanie and Caroline describe their journey through life together?,An ongoing adventure of learning and growing.,D17:25,1,True,50,336,True,True,5,False,False,True,True,True,True,True,True,True,True,True,True
hybrid-search,hybrid-search,rag,conv-26_q143,conv-26,143,4,True,What happened to Melanie's son on their road trip?,He got into an accident,D18:1,1,True,50,325,True,True,1,True,True,True,True,True,True,True,True,True,True,True,True
hybrid-search,hybrid-search,rag,conv-26_q144,conv-26,144,4,False,How did Melanie's son handle the accident?,He was scared but reassured by his family,D18:6 D18:7,2,True,50,328,True,True,1,True,True,True,True,True,True,True,True,True,True,True,True
hybrid-search,hybrid-search,rag,conv-26_q145,conv-26,145,4,True,How did Melanie feel about her family after the accident?,They are important and mean the world to her,D18:5,1,True,50,330,True,True,1,True,True,True,True,True,True,True,True,True,True,True,True
hybrid-search,hybrid-search,rag,conv-26_q146,conv-26,146,4,True,How did Melanie's children handle the accident?,They were scared but resilient,D18:7,1,True,50,328,True,True,1,True,True,True,True,True,True,True,True,True,True,True,True
hybrid-search,hybrid-search,rag,conv-26_q147,conv-26,147,4,True,How did Melanie feel after the accident?,Grateful and thankful for her family,D18:5,1,True,50,330,True,True,1,True,True,True,True,True,True,True,True,True,True,True,True
hybrid-search,hybrid-search,rag,conv-26_q148,conv-26,148,4,True,What was Melanie's reaction to her children enjoying the Grand Canyon?,She was happy and thankful,D18:5,1,True,50,325,True,True,3,False,False,True,True,True,True,True,True,True,True,True,True
hybrid-search,hybrid-search,rag,conv-26_q149,conv-26,149,4,True,What do Melanie's family give her?,Strength and motivation,D18:9,1,True,50,332,True,True,16,False,False,False,False,False,False,True,True,True,True,True,True
hybrid-search,hybrid-search,rag,conv-26_q150,conv-26,150,4,True,How did Melanie feel about her family supporting her?,She appreciated them a lot,D18:13,1,True,50,330,True,True,12,False,False,False,False,False,False,True,True,True,True,True,True
hybrid-search,hybrid-search,rag,conv-26_q151,conv-26,151,4,True,What did Melanie do after the road trip to relax?,Went on a nature walk or hike,D18:17,1,True,50,321,True,True,38,False,False,False,False,False,False,False,False,True,True,True,True
hybrid-search,hybrid-search,rag,conv-30_q0,conv-30,0,2,False,When Jon has lost his job as a banker?,"19 January, 2023",D1:2,1,True,50,362,True,True,2,False,False,True,True,True,True,True,True,True,True,True,True
hybrid-search,hybrid-search,rag,conv-30_q1,conv-30,1,2,False,When Gina has lost her job at Door Dash?,"January, 2023",D1:3,1,True,50,352,True,True,3,False,False,True,True,True,True,True,True,True,True,True,True
hybrid-search,hybrid-search,rag,conv-30_q2,conv-30,2,4,True,How do Jon and Gina both like to destress?,by dancing,D1:6 D1:7,2,True,50,362,True,True,20,False,False,False,False,False,False,True,True,True,True,True,True
hybrid-search,hybrid-search,rag,conv-30_q3,conv-30,3,1,True,What do Jon and Gina both have in common?,They lost their jobs and decided to start their own businesses.,D1:2 D1:3 D1:4 D2:1,4,True,50,362,True,True,17,False,False,False,False,False,False,True,False,True,True,True,True
hybrid-search,hybrid-search,rag,conv-30_q4,conv-30,4,4,True,Why did Jon decide to start his dance studio?,He lost his job and decided to start his own business to share his passion.,D1:2 D1:4,2,True,50,361,True,True,2,False,False,True,True,True,True,True,True,True,True,True,True
hybrid-search,hybrid-search,rag,conv-30_q5,conv-30,5,1,True,What Jon thinks the ideal dance studio should look like?,"By the water, with natural light and Marley flooring",D1:20 D2:4 D2:8,3,True,50,361,True,True,1,True,False,True,False,True,True,True,True,True,True,True,True
hybrid-search,hybrid-search,rag,conv-30_q6,conv-30,6,2,False,When is Jon's group performing at a festival?,"February, 2023",D1:24,1,True,50,361,True,True,1,True,True,True,True,True,True,True,True,True,True,True,True
hybrid-search,hybrid-search,rag,conv-30_q7,conv-30,7,2,False,When did Gina launch an ad campaign for her store?,"29 January, 2023",D2:1,1,True,50,352,True,True,3,False,False,True,True,True,True,True,True,True,True,True,True
hybrid-search,hybrid-search,rag,conv-30_q8,conv-30,8,2,False,When was Jon in Paris?,28 January 2023,D2:4,1,True,50,361,True,True,3,False,False,True,True,True,True,True,True,True,True,True,True
hybrid-search,hybrid-search,rag,conv-30_q9,conv-30,9,1,True,Which city have both Jean and John visited?,Rome,D15:1 D2:5,2,True,50,354,True,True,4,False,False,True,False,True,False,True,False,True,True,True,True
hybrid-search,hybrid-search,rag,conv-30_q10,conv-30,10,2,True,When did Gina team up with a local artist for some cool designs?,"February, 2023",D5:5,1,True,50,354,True,True,1,True,True,True,True,True,True,True,True,True,True,True,True
hybrid-search,hybrid-search,rag,conv-30_q11,conv-30,11,2,True,When did Gina get her tattoo?,A few years ago,D5:15,1,True,50,362,True,True,1,True,True,True,True,True,True,True,True,True,True,True,True
hybrid-search,hybrid-search,rag,conv-30_q12,conv-30,12,2,False,When did Jon start to go to the gym?,"March, 2023",D6:1,1,True,50,361,True,True,2,False,False,True,True,True,True,True,True,True,True,True,True
hybrid-search,hybrid-search,rag,conv-30_q13,conv-30,13,2,False,When did Gina open her online clothing store?,"16 March, 2023",D6:6,1,True,50,352,True,True,2,False,False,True,True,True,True,True,True,True,True,True,True
hybrid-search,hybrid-search,rag,conv-30_q14,conv-30,14,2,False,When did Jon start expanding his studio's social media presence?,"April, 2023",D8:13,1,True,50,361,True,True,2,False,False,True,True,True,True,True,True,True,True,True,True
hybrid-search,hybrid-search,rag,conv-30_q15,conv-30,15,2,True,When did Jon host a dance competition?,"May, 2023",D8:13,1,True,50,361,True,True,25,False,False,False,False,False,False,False,False,True,True,True,True
hybrid-search,hybrid-search,rag,conv-30_q16,conv-30,16,2,False,When did Jon go to a fair to get more exposure for his dance studio?,"24 April, 2023",D10:1,1,True,50,361,True,True,8,False,False,False,False,True,True,True,True,True,True,True,True
hybrid-search,hybrid-search,rag,conv-30_q17,conv-30,17,1,True,Why did Gina decide to start her own clothing store?,She always loved fashion trends and finding unique pieces and she lost her job so decided it was time to start her own business.,D1:3 D6:8,2,True,50,362,True,True,3,False,False,True,False,True,False,True,True,True,True,True,True
hybrid-search,hybrid-search,rag,conv-30_q18,conv-30,18,1,True,Do Jon and Gina start businesses out of what they love?,Yes,D1:4 D6:8,2,True,50,362,True,True,9,False,False,False,False,True,False,True,True,True,True,True,True
hybrid-search,hybrid-search,rag,conv-30_q19,conv-30,19,2,False,When did Gina interview for a design internship?,"10 May, 2023",D11:14,1,True,50,352,True,True,2,False,False,True,True,True,True,True,True,True,True,True,True
hybrid-search,hybrid-search,rag,conv-30_q20,conv-30,20,2,True,When did Gina get accepted for the design internship?,"27 May, 2023",D12:1,1,True,50,352,True,True,1,True,True,True,True,True,True,True,True,True,True,True,True
hybrid-search,hybrid-search,rag,conv-30_q21,conv-30,21,2,False,"When did Jon start reading ""The Lean Startup""?","May, 2023",D12:6,1,True,50,355,True,True,2,False,False,True,True,True,True,True,True,True,True,True,True
hybrid-search,hybrid-search,rag,conv-30_q22,conv-30,22,2,True,When did Gina develop a video presentation to teach how to style her fashion pieces? ,"June, 2023",D13:4,1,True,50,352,True,True,26,False,False,False,False,False,False,False,False,True,True,True,True
hybrid-search,hybrid-search,rag,conv-30_q23,conv-30,23,1,False,How did Gina promote her clothes store?,"worked with an artist to make unique fashion pieces, made limited-edition sweatshirts, got some new offers and promotions for online store, developed a video presentation showing how to style her pieces",D13:4 D16:3 D5:5 D8:4,4,True,50,362,True,True,1,True,False,True,False,True,False,True,False,True,True,True,True
hybrid-search,hybrid-search,rag,conv-30_q24,conv-30,24,1,True,Which events has Jon participated in to promote his business venture?,"fair, networking events, dance competition",D10:1 D16:6 D8:4,3,True,50,361,True,True,1,True,False,True,False,True,False,True,False,True,True,True,True
hybrid-search,hybrid-search,rag,conv-30_q25,conv-30,25,1,True,What does Jon's dance studio offer?,"one-on-one metoring and training to dancers,  workshops and classes to local schools and centers",D13:7 D8:13,2,True,50,361,True,True,8,False,False,False,False,True,False,True,True,True,True,True,True
hybrid-search,hybrid-search,rag,conv-30_q26,conv-30,26,2,False,When did Jon receive mentorship to promote his venture?,"15 June, 2023",D14:1,1,True,50,361,True,True,4,False,False,True,True,True,True,True,True,True,True,True,True
hybrid-search,hybrid-search,rag,conv-30_q27,conv-30,27,1,True,Did Jon and Gina both participate in dance competitions?,Yes,D14:14 D1:14 D1:16 D1:17 D9:10,5,True,50,362,True,True,10,False,False,False,False,True,False,True,False,True,True,True,True
hybrid-search,hybrid-search,rag,conv-30_q28,conv-30,28,2,False,When was Jon in Rome?,June 2023,D15:1,1,True,50,355,True,True,2,False,False,True,True,True,True,True,True,True,True,True,True
hybrid-search,hybrid-search,rag,conv-30_q29,conv-30,29,1,True,Which cities has Jon visited?,"Paris, Rome",D15:1 D2:4,2,True,50,355,True,True,14,False,False,False,False,False,False,True,False,True,True,True,True
hybrid-search,hybrid-search,rag,conv-30_q30,conv-30,30,2,False,When Jon is planning to open his dance studio?,"20 June, 2023",D15:5,1,True,50,361,True,True,2,False,False,True,True,True,True,True,True,True,True,True,True
hybrid-search,hybrid-search,rag,conv-30_q31,conv-30,31,1,False,How long did it take for Jon to open his studio?,six months,D15:13 D1:2,2,True,50,361,True,True,15,False,False,False,False,False,False,True,False,True,True,True,True
hybrid-search,hybrid-search,rag,conv-30_q32,conv-30,32,2,False,When did Gina design a limited collection of hoodies?,June 2023,D16:3,1,True,50,354,True,True,1,True,True,True,True,True,True,True,True,True,True,True,True
hybrid-search,hybrid-search,rag,conv-30_q33,conv-30,33,2,False,When did Jon visit networking events for his store?,"20 June, 2023",D16:6,1,True,50,355,True,True,5,False,False,True,True,True,True,True,True,True,True,True,True
hybrid-search,hybrid-search,rag,conv-30_q34,conv-30,34,2,False,When did Gina start being recognized by fashion editors?,July 2023,D17:1,1,True,50,352,True,True,5,False,False,True,True,True,True,True,True,True,True,True,True
hybrid-search,hybrid-search,rag,conv-30_q35,conv-30,35,2,False,When did Jon start learning marketing and analytics tools?,"July, 2023",D17:4,1,True,50,361,True,True,6,False,False,False,False,True,True,True,True,True,True,True,True
hybrid-search,hybrid-search,rag,conv-30_q36,conv-30,36,2,False,When did Jon and Gina decide to collaborate to create dance content?,21 July 2023,D18:18,1,True,50,362,True,True,1,True,True,True,True,True,True,True,True,True,True,True,True
hybrid-search,hybrid-search,rag,conv-30_q37,conv-30,37,2,False,When did Gina mention Shia Labeouf?," 23 July, 2023",D19:4,1,True,50,354,True,True,2,False,False,True,True,True,True,True,True,True,True,True,True
hybrid-search,hybrid-search,rag,conv-30_q38,conv-30,38,2,False,When did Gina go to a dance class with a group of friends?,21 July 2023,D19:6,1,True,50,362,True,True,3,False,False,True,True,True,True,True,True,True,True,True,True
hybrid-search,hybrid-search,rag,conv-30_q39,conv-30,39,4,True,What is Gina's favorite style of dance?,Contemporary,D1:9,1,True,50,362,True,True,11,False,False,False,False,False,False,True,True,True,True,True,True
hybrid-search,hybrid-search,rag,conv-30_q40,conv-30,40,4,True,What is Jon's favorite style of dance?,Contemporary,D1:8,1,True,50,361,True,True,2,False,False,True,True,True,True,True,True,True,True,True,True
hybrid-search,hybrid-search,rag,conv-30_q41,conv-30,41,4,True,What was Gina's favorite dancing memory?,Winning first place at a regionals dance competition,D1:17,1,True,50,354,True,True,2,False,False,True,True,True,True,True,True,True,True,True,True
hybrid-search,hybrid-search,rag,conv-30_q42,conv-30,42,4,True,What kind of dance piece did Gina's team perform to win first place?,"""Finding Freedom""",D1:19,1,True,50,354,True,True,2,False,False,True,True,True,True,True,True,True,True,True,True
hybrid-search,hybrid-search,rag,conv-30_q43,conv-30,43,4,False,What do the dancers in the photo represent?,They are performing at the festival,D1:25,1,True,50,353,True,True,5,False,False,True,True,True,True,True,True,True,True,True,True
hybrid-search,hybrid-search,rag,conv-30_q44,conv-30,44,4,True,What does Gina say about the dancers in the photo?,They look graceful,D1:26,1,True,50,362,True,True,14,False,False,False,False,False,False,True,True,True,True,True,True
hybrid-search,hybrid-search,rag,conv-30_q45,conv-30,45,4,True,What is Jon's attitude towards being part of the dance festival?,Glad,D1:28,1,True,50,361,False,False,,False,False,False,False,False,False,False,False,False,False,False,False
hybrid-search,hybrid-search,rag,conv-30_q46,conv-30,46,4,True,What kind of flooring is Jon looking for in his dance studio?,Marley flooring,D2:8,1,True,50,361,True,True,1,True,True,True,True,True,True,True,True,True,True,True,True
hybrid-search,hybrid-search,rag,conv-30_q47,conv-30,47,4,False,"What did Gina find for her clothing store on 1 February, 2023?",The perfect spot for her store,D3:2,1,True,50,352,True,True,7,False,False,False,False,True,True,True,True,True,True,True,True
hybrid-search,hybrid-search,rag,conv-30_q48,conv-30,48,4,False,What did Gina design for her store?,"the space, furniture, and decor",D3:4,1,True,50,362,True,True,2,False,False,True,True,True,True,True,True,True,True,True,True
hybrid-search,hybrid-search,rag,conv-30_q49,conv-30,49,4,True,What did Gina want her customers to feel in her store?,cozy and comfortable,D3:6 D3:8,2,True,50,362,True,True,1,True,False,True,True,True,True,True,True,True,True,True,True
hybrid-search,hybrid-search,rag,conv-30_q50,conv-30,50,4,True,What did Jon say about Gina's progress with her store?,hard work's paying off,D3:3,1,True,50,362,True,True,8,False,False,False,False,True,True,True,True,True,True,True,True
hybrid-search,hybrid-search,rag,conv-30_q51,conv-30,51,4,True,What made Gina choose the furniture and decor for her store?,personal style and customer comfort,D3:6,1,True,50,362,True,True,2,False,False,True,True,True,True,True,True,True,True,True,True
hybrid-search,hybrid-search,rag,conv-30_q52,conv-30,52,4,True,What did Jon say about creating a special experience for customers?,It's the key to making them feel welcome and coming back,D3:9,1,True,50,361,True,True,1,True,True,True,True,True,True,True,True,True,True,True,True
hybrid-search,hybrid-search,rag,conv-30_q53,conv-30,53,4,True,What did Gina say about creating an experience for her customers?,making them want to come back,D3:8,1,True,50,352,True,True,1,True,True,True,True,True,True,True,True,True,True,True,True
hybrid-search,hybrid-search,rag,conv-30_q54,conv-30,54,4,True,How is Gina's store doing?,The store is doing great.,D4:2,1,True,50,352,True,True,5,False,False,True,True,True,True,True,True,True,True,True,True
hybrid-search,hybrid-search,rag,conv-30_q55,conv-30,55,4,True,What does Gina's tattoo symbolize?,Freedom and expressing herself through dance,D5:15,1,True,50,354,True,True,1,True,True,True,True,True,True,True,True,True,True,True,True
hybrid-search,hybrid-search,rag,conv-30_q56,conv-30,56,4,True,What did Jon and Gina compare their entrepreneurial journeys to?,dancing together and supporting each other,D6:15 D6:16,2,True,50,362,True,True,9,False,False,False,False,True,True,True,True,True,True,True,True
hybrid-search,hybrid-search,rag,conv-30_q57,conv-30,57,4,True,What advice does Gina give to Jon about running a successful business?,"build relationships with customers, create a strong brand image, stay positive",D7:5,1,True,50,362,True,True,4,False,False,True,True,True,True,True,True,True,True,True,True
hybrid-search,hybrid-search,rag,conv-30_q58,conv-30,58,4,True,Why did Jon shut down his bank account?,for his business,D8:1,1,True,50,355,True,True,2,False,False,True,True,True,True,True,True,True,True,True,True
hybrid-search,hybrid-search,rag,conv-30_q59,conv-30,59,4,True,Why did Gina combine her clothing business with dance?,she is passionate about dance and fashion,D8:8,1,True,50,362,True,True,2,False,False,True,True,True,True,True,True,True,True,True,True
hybrid-search,hybrid-search,rag,conv-30_q60,conv-30,60,4,True,What does Jon's dance make him?,happy,D9:5,1,True,50,361,True,True,4,False,False,True,True,True,True,True,True,True,True,True,True
hybrid-search,hybrid-search,rag,conv-30_q61,conv-30,61,4,True,What did Gina receive from a dance contest?,a trophy,D9:10,1,True,50,362,True,True,8,False,False,False,False,True,True,True,True,True,True,True,True
hybrid-search,hybrid-search,rag,conv-30_q62,conv-30,62,4,True,How does Gina stay confident in her business?,"By reminding herself of her successes and progress, having a support system, and focusing on why she started",D10:8,1,True,50,362,True,True,14,False,False,False,False,False,False,True,True,True,True,True,True
hybrid-search,hybrid-search,rag,conv-30_q63,conv-30,63,4,True,"What kind of professional experience did Gina get accepted for on May 23, 2023?",fashion internship,D12:1,1,True,50,352,True,True,6,False,False,False,False,True,True,True,True,True,True,True,True
hybrid-search,hybrid-search,rag,conv-30_q64,conv-30,64,4,True,Where is Gina's fashion internship?,fashion department of an international company,D12:3,1,True,50,352,True,True,1,True,True,True,True,True,True,True,True,True,True,True,True
hybrid-search,hybrid-search,rag,conv-30_q65,conv-30,65,4,True,What book is Jon currently reading?,The Lean Startup,D12:6,1,True,50,355,True,True,3,False,False,True,True,True,True,True,True,True,True,True,True
hybrid-search,hybrid-search,rag,conv-30_q66,conv-30,66,4,True,What is Jon offering to the dancers at his dance studio?,One-on-one mentoring and training,D13:7,1,True,50,361,True,True,2,False,False,True,True,True,True,True,True,True,True,True,True
hybrid-search,hybrid-search,rag,conv-30_q67,conv-30,67,4,True,How does Jon use the clipboard with a notepad attached to it?,"To set goals, track achievements, and find areas for improvement",D13:11,1,True,50,361,True,True,2,False,False,True,True,True,True,True,True,True,True,True,True
hybrid-search,hybrid-search,rag,conv-30_q68,conv-30,68,4,True,What does Jon tell Gina he won't do?,quit,D14:17,1,True,50,362,True,True,26,False,False,False,False,False,False,False,False,True,True,True,True
hybrid-search,hybrid-search,rag,conv-30_q69,conv-30,69,4,True,What did Jon take a trip to Rome for?,To clear his mind,D15:1,1,True,50,355,True,True,2,False,False,True,True,True,True,True,True,True,True,True,True
hybrid-search,hybrid-search,rag,conv-30_q70,conv-30,70,4,True,What is Jon working on opening?,a dance studio,D15:3,1,True,50,355,True,True,2,False,False,True,True,True,True,True,True,True,True,True,True
hybrid-search,hybrid-search,rag,conv-30_q71,conv-30,71,4,True,How does Gina describe the studio that Jon has opened?,amazing,D15:6,1,True,50,362,True,True,2,False,False,True,True,True,True,True,True,True,True,True,True
hybrid-search,hybrid-search,rag,conv-30_q72,conv-30,72,4,True,How does Jon feel about the opening night of his dance studio?,excited,D15:7,1,True,50,361,True,True,2,False,False,True,True,True,True,True,True,True,True,True,True
hybrid-search,hybrid-search,rag,conv-30_q73,conv-30,73,4,False,How does Gina describe the feeling that dance brings?,magical,D15:8,1,True,50,362,True,True,29,False,False,False,False,False,False,False,False,True,True,True,True
hybrid-search,hybrid-search,rag,conv-30_q74,conv-30,74,4,True,What does Jon plan to do at the grand opening of his dance studio?,savor all the good vibes,D15:9,1,True,50,361,True,True,2,False,False,True,True,True,True,True,True,True,True,True,True
hybrid-search,hybrid-search,rag,conv-30_q75,conv-30,75,4,True,What does Gina say to Jon about the grand opening?,Let's live it up and make some great memories,D15:12,1,True,50,362,True,True,3,False,False,True,True,True,True,True,True,True,True,True,True
hybrid-search,hybrid-search,rag,conv-30_q76,conv-30,76,4,True,What is the general sentiment about the upcoming grand opening?,excitement,D15:18 D15:19,2,True,50,352,True,True,2,False,False,True,True,True,True,True,True,True,True,True,True
hybrid-search,hybrid-search,rag,conv-30_q77,conv-30,77,4,True,What did Gina make a limited edition line of?,Hoodies,D16:3,1,True,50,354,True,True,1,True,True,True,True,True,True,True,True,True,True,True,True
hybrid-search,hybrid-search,rag,conv-30_q78,conv-30,78,4,True,"According to Gina, what makes Jon a perfect mentor and guide?",His positivity and determination,D17:7,1,True,50,362,True,True,7,False,False,False,False,True,True,True,True,True,True,True,True
hybrid-search,hybrid-search,rag,conv-30_q80,conv-30,80,4,True,What plans does Jon have after receiving advice at the networking event?,"Sprucing up his business plan, tweaking his pitch to investors, and working on an online platform.",D18:10,1,True,50,355,True,True,1,True,True,True,True,True,True,True,True,True,True,True,True
hybrid-search,hybrid-search,rag,conv-30_q81,conv-30,81,4,True,What offer does Gina make to Jon regarding social media?,Helping with making content and managing his social media accounts.,D18:13,1,True,50,362,True,True,44,False,False,False,False,False,False,False,False,True,True,True,True
hybrid-search,hybrid-search,rag,conv-41_q0,conv-41,0,2,True,"Who did Maria have dinner with on May 3, 2023?",her mother,D13:16,1,True,50,348,True,True,22,False,False,False,False,False,False,False,False,True,True,True,True
hybrid-search,hybrid-search,rag,conv-41_q1,conv-41,1,2,False,When did Maria donate her car?,21 December 2022,D2:1,1,True,50,354,True,True,1,True,True,True,True,True,True,True,True,True,True,True,True
hybrid-search,hybrid-search,rag,conv-41_q2,conv-41,2,1,True,What martial arts has John done?,"Kickboxing, Taekwondo",D1:4 D2:28,2,True,50,363,True,True,4,False,False,True,False,True,False,True,True,True,True,True,True
hybrid-search,hybrid-search,rag,conv-41_q3,conv-41,3,1,True,What type of volunteering have John and Maria both done?,Volunteering at a homeless shelter,D2:1 D3:5,2,True,50,369,True,True,13,False,False,False,False,False,False,True,False,True,True,True,True
hybrid-search,hybrid-search,rag,conv-41_q4,conv-41,4,2,False,When did John join the online support group?,The week before 1 January 2023,D3:1,1,True,50,377,True,True,1,True,True,True,True,True,True,True,True,True,True,True,True
hybrid-search,hybrid-search,rag,conv-41_q5,conv-41,5,2,False,When did Maria go to the beach?,December 2022,D3:15,1,True,50,354,True,True,16,False,False,False,False,False,False,True,True,True,True,True,True
hybrid-search,hybrid-search,rag,conv-41_q6,conv-41,6,1,True,Where has Maria made friends?,"homeless shelter, gym, church",D14:10 D19:1 D2:1 D4:1,4,True,50,345,True,False,2,False,False,True,False,True,False,True,False,True,False,True,False
hybrid-search,hybrid-search,rag,conv-41_q7,conv-41,7,1,True,What items des John mention having as a child?,"A doll, a film camera",D3:15 D5:13,2,True,50,356,True,True,9,False,False,False,False,True,False,True,True,True,True,True,True
hybrid-search,hybrid-search,rag,conv-41_q8,conv-41,8,3,False,What might John's financial status be?,Middle-class or wealthy,D5:5,1,True,50,360,True,True,32,False,False,False,False,False,False,False,False,True,True,True,True
hybrid-search,hybrid-search,rag,conv-41_q9,conv-41,9,1,True,Who gave Maria's family money when she was younger and her family was going through tough times?,Her aunt,D5:8 D6:9,2,True,50,355,True,True,6,False,False,False,False,True,True,True,True,True,True,True,True
hybrid-search,hybrid-search,rag,conv-41_q10,conv-41,10,2,False,When did Maria meet Jean?,"February 24, 2023",D7:1,1,True,50,348,True,True,4,False,False,True,True,True,True,True,True,True,True,True,True
hybrid-search,hybrid-search,rag,conv-41_q11,conv-41,11,1,True,What people has Maria met and helped while volunteering?,"David, Jean, Cindy, Laura",D21:19 D27:8 D6:5 D7:5,4,True,50,351,True,False,10,False,False,False,False,True,False,True,False,True,False,True,False
hybrid-search,hybrid-search,rag,conv-41_q12,conv-41,12,1,True,What test has John taken multiple times?,The military aptitude test,D3:11 D8:18,2,True,50,352,True,False,11,False,False,False,False,False,False,True,False,True,False,True,False
hybrid-search,hybrid-search,rag,conv-41_q13,conv-41,13,2,True,When did Maria's grandmother pass away?,The week before 6 March 2023,D8:1,1,True,50,358,True,True,1,True,True,True,True,True,True,True,True,True,True,True,True
hybrid-search,hybrid-search,rag,conv-41_q14,conv-41,14,3,True,Would John be considered a patriotic person?,Yes,D8:18 D8:20,2,True,50,368,True,True,24,False,False,False,False,False,False,False,False,True,True,True,True
hybrid-search,hybrid-search,rag,conv-41_q15,conv-41,15,1,True,What writing classes has Maria taken?,"Poetry, creative writing",D7:1 D9:1,2,True,50,347,True,True,1,True,False,True,True,True,True,True,True,True,True,True,True
hybrid-search,hybrid-search,rag,conv-41_q16,conv-41,16,2,True,When did John get his degree?,The week before 2 April 2023,D9:2,1,True,50,364,True,True,2,False,False,True,True,True,True,True,True,True,True,True,True
hybrid-search,hybrid-search,rag,conv-41_q17,conv-41,17,3,True,What might John's degree be in?,"Political science, Public administration, Public affairs",D9:6,1,True,50,363,True,True,3,False,False,True,True,True,True,True,True,True,True,True,True
hybrid-search,hybrid-search,rag,conv-41_q18,conv-41,18,1,True,Who did John go to yoga with?,Rob,D10:1 D7:16,2,True,50,363,True,True,3,False,False,True,False,True,True,True,True,True,True,True,True
hybrid-search,hybrid-search,rag,conv-41_q19,conv-41,19,1,True,What damages have happened to John's car?,"Broken windshield, Car broke down",D11:1 D4:2,2,True,50,358,True,True,1,True,False,True,True,True,True,True,True,True,True,True,True
hybrid-search,hybrid-search,rag,conv-41_q20,conv-41,20,2,True,When did John take a road trip to the Pacific Northwest?,2022,D11:3 D11:5,2,True,50,355,True,True,1,True,True,True,True,True,True,True,True,True,True,True,True
hybrid-search,hybrid-search,rag,conv-41_q21,conv-41,21,1,True,What areas of the U.S. has John been to or is planning to go to?,"Pacific northwest, east coast",D11:5 D12:17,2,True,50,351,True,False,31,False,False,False,False,False,False,False,False,True,False,True,False
hybrid-search,hybrid-search,rag,conv-41_q22,conv-41,22,2,True,When did John go to a convention with colleagues?,March 2023,D12:9,1,True,50,361,True,True,1,True,True,True,True,True,True,True,True,True,True,True,True
hybrid-search,hybrid-search,rag,conv-41_q23,conv-41,23,1,True,What desserts has Maria made?,"Banana split sundae, Peach cobbler",D13:18 D2:25,2,True,50,343,True,False,1,True,False,True,False,True,False,True,False,True,False,True,False
hybrid-search,hybrid-search,rag,conv-41_q24,conv-41,24,2,False,When did John start boot camp with his family?,April.2023,D13:3,1,True,50,368,True,True,1,True,True,True,True,True,True,True,True,True,True,True,True
hybrid-search,hybrid-search,rag,conv-41_q25,conv-41,25,1,True,What European countries has Maria been to?,"Spain, England",D13:24 D8:15,2,True,50,351,True,True,13,False,False,False,False,False,False,True,True,True,True,True,True
hybrid-search,hybrid-search,rag,conv-41_q26,conv-41,26,1,True,What has Maria done to feel closer to her faith?,"Join a local church, buy a cross necklace",D11:10 D14:10,2,True,50,351,True,True,1,True,False,True,True,True,True,True,True,True,True,True,True
hybrid-search,hybrid-search,rag,conv-41_q27,conv-41,27,2,False,When did John have a party with veterans?,The Friday before 20 May 2023,D15:11,1,True,50,374,True,True,3,False,False,True,True,True,True,True,True,True,True,True,True
hybrid-search,hybrid-search,rag,conv-41_q28,conv-41,28,1,True,What causes does John feel passionate about supporting?,"Veterans, schools, infrastructure",D12:5 D15:3 D1:8 D9:8,4,True,50,359,True,False,4,False,False,True,False,True,False,True,False,True,False,True,False
hybrid-search,hybrid-search,rag,conv-41_q29,conv-41,29,1,True,What events is Maria planning for the homeless shelter funraiser?,"Chili cook-off, ring-toss tournament",D15:18 D16:4,2,True,50,356,True,True,3,False,False,True,False,True,False,True,False,True,True,True,True
hybrid-search,hybrid-search,rag,conv-41_q30,conv-41,30,1,True,What shelters does Maria volunteer at?,"The homeless shelter, the dog shelter",D11:10 D17:12 D2:1,3,True,50,358,True,True,1,True,False,True,False,True,False,True,False,True,True,True,True
hybrid-search,hybrid-search,rag,conv-41_q31,conv-41,31,2,True,When did John get his dog Max?,In 2013,D17:1,1,True,50,369,True,True,1,True,True,True,True,True,True,True,True,True,True,True,True
hybrid-search,hybrid-search,rag,conv-41_q32,conv-41,32,1,True,What outdoor activities has John done with his colleagues?,"Hiking, mountaineering",D16:2 D18:2,2,True,50,373,True,True,6,False,False,False,False,True,False,True,True,True,True,True,True
hybrid-search,hybrid-search,rag,conv-41_q33,conv-41,33,1,True,What types of yoga has Maria practiced?,"Aerial, kundalini",D18:15 D19:3 D1:3,3,True,50,343,True,True,7,False,False,False,False,True,False,True,False,True,True,True,True
hybrid-search,hybrid-search,rag,conv-41_q34,conv-41,34,2,True,When did Maria join a gym?,The week before 16 June 2023,D19:1,1,True,50,355,True,True,1,True,True,True,True,True,True,True,True,True,True,True,True
hybrid-search,hybrid-search,rag,conv-41_q35,conv-41,35,1,True,What states has Maria vacationed at?,"Oregon, Florida",D18:3 D19:23,2,True,50,347,True,True,2,False,False,True,False,True,False,True,True,True,True,True,True
hybrid-search,hybrid-search,rag,conv-41_q36,conv-41,36,1,True,What music events has John attended?,"Live music event, violin concert",D20:4 D8:12,2,True,50,373,True,True,6,False,False,False,False,True,False,True,True,True,True,True,True
hybrid-search,hybrid-search,rag,conv-41_q37,conv-41,37,1,True,What events for veterans has John participated in?,"Petition, march, party, visiting veterans hospital, 5K charity run",D15:1 D15:11 D21:22 D24:1 D29:4,5,True,50,375,True,True,2,False,False,True,False,True,False,True,True,True,True,True,True
hybrid-search,hybrid-search,rag,conv-41_q38,conv-41,38,2,False,When did Maria get in a car accident?,"July 2, 2023",D21:3,1,True,50,353,True,True,2,False,False,True,True,True,True,True,True,True,True,True,True
hybrid-search,hybrid-search,rag,conv-41_q39,conv-41,39,3,True,Around which US holiday did Maria get into a car accident?,Independence Day,D21:3,1,True,50,343,True,True,3,False,False,True,True,True,True,True,True,True,True,True,True
hybrid-search,hybrid-search,rag,conv-41_q40,conv-41,40,1,False,What are the names of John's children?,"Kyle, Sara",D22:7 D8:4,2,True,50,352,True,False,5,False,False,True,False,True,False,True,False,True,False,True,False
hybrid-search,hybrid-search,rag,conv-41_q41,conv-41,41,3,True,Does John live close to a beach or the mountains?,beach,D22:15,1,True,50,354,True,True,48,False,False,False,False,False,False,False,False,True,True,True,True
hybrid-search,hybrid-search,rag,conv-41_q42,conv-41,42,1,True,What area was hit by a flood?,West County,D14:21 D23:1,2,True,50,332,True,True,1,True,False,True,False,True,False,True,True,True,True,True,True
hybrid-search,hybrid-search,rag,conv-41_q43,conv-41,43,2,False,When was John's old area hit with a flood?,The week before 7 July 2023,D23:1,1,True,50,361,True,True,1,True,True,True,True,True,True,True,True,True,True,True,True
hybrid-search,hybrid-search,rag,conv-41_q44,conv-41,44,1,True,What activities has Maria done with her church friends?,"Hiking, picnic, volunteer work",D24:6 D25:2 D28:5,3,True,50,343,True,True,9,False,False,False,False,True,False,True,False,True,True,True,True
hybrid-search,hybrid-search,rag,conv-41_q45,conv-41,45,3,True,Would John be open to moving to another country?,"No, he has goals specifically in the U.S. like joining the military and running for office.",D24:3 D7:2,2,True,50,366,True,True,15,False,False,False,False,False,False,True,False,True,True,True,True
hybrid-search,hybrid-search,rag,conv-41_q46,conv-41,46,2,False,When did Maria go hiking with her church friends?,The weekend before 22 July 2023,D25:2,1,True,50,351,True,True,3,False,False,True,True,True,True,True,True,True,True,True,True
hybrid-search,hybrid-search,rag,conv-41_q47,conv-41,47,1,False,What exercises has John done?,"Weight training, Circuit training, Kickboxing, yoga",D10:1 D1:4 D25:13 D25:17,4,True,50,361,True,True,1,True,False,True,False,True,False,True,True,True,True,True,True
hybrid-search,hybrid-search,rag,conv-41_q48,conv-41,48,2,False,When did John have his first firefighter call-out?,The sunday before 3` July 2023,D26:4,1,True,50,376,True,True,3,False,False,True,True,True,True,True,True,True,True,True,True
hybrid-search,hybrid-search,rag,conv-41_q49,conv-41,49,1,False,What food item did Maria drop off at the homeless shelter?,Cakes,D25:19 D26:1,2,True,50,346,True,False,5,False,False,True,False,True,False,True,False,True,False,True,False
hybrid-search,hybrid-search,rag,conv-41_q50,conv-41,50,3,True,What attributes describe John?,"Selfless, family-oriented, passionate, rational",D26:6 D2:14 D3:5 D4:6,4,True,50,361,True,False,25,False,False,False,False,False,False,False,False,True,False,True,False
hybrid-search,hybrid-search,rag,conv-41_q51,conv-41,51,2,False,When did Maria start volunteering at the homeless shelter?,Around August 2022,D27:4,1,True,50,356,True,True,2,False,False,True,True,True,True,True,True,True,True,True,True
hybrid-search,hybrid-search,rag,conv-41_q52,conv-41,52,1,True,Who have written notes of gratitude to Maria?,"Cindy, Laura",D21:19 D27:8,2,True,50,351,True,True,1,True,False,True,False,True,False,True,True,True,True,True,True
hybrid-search,hybrid-search,rag,conv-41_q53,conv-41,53,2,True,When did John help renovate his hometown community center?,2022,D28:11,1,True,50,370,True,True,1,True,True,True,True,True,True,True,True,True,True,True,True
hybrid-search,hybrid-search,rag,conv-41_q54,conv-41,54,2,False,When did Maria take up community work with her church friends?,"August 4, 2023",D28:8,1,True,50,352,True,True,44,False,False,False,False,False,False,False,False,True,True,True,True
hybrid-search,hybrid-search,rag,conv-41_q55,conv-41,55,2,False,When did Maria receive a medal from the homeless shelter?,The week before 9 August 2023,D29:1,1,True,50,350,True,True,1,True,True,True,True,True,True,True,True,True,True,True,True
hybrid-search,hybrid-search,rag,conv-41_q56,conv-41,56,2,False,When did John participate in a 5K charity run?,first weekend of August 2023,D29:2 D29:4,2,True,50,367,True,True,3,False,False,True,True,True,True,True,True,True,True,True,True
hybrid-search,hybrid-search,rag,conv-41_q57,conv-41,57,1,True,What causes has John done events for?,"Toy drive, Community food drive, veterans, domestic violence",D29:10 D29:4 D3:5 D6:12,4,True,50,362,True,False,1,True,False,True,False,True,False,True,False,True,False,True,False
hybrid-search,hybrid-search,rag,conv-41_q58,conv-41,58,2,True,When did Maria get Coco?,Two weeks before 11 August 2023,D30:1,1,True,50,349,True,True,1,True,True,True,True,True,True,True,True,True,True,True,True
hybrid-search,hybrid-search,rag,conv-41_q59,conv-41,59,2,True,When did John go on a camping trip with Max?,The summer of 2022,D30:6,1,True,50,363,True,True,4,False,False,True,True,True,True,True,True,True,True,True,True
hybrid-search,hybrid-search,rag,conv-41_q60,conv-41,60,1,True,What are Maria's dogs' names?,"Coco, Shadow",D30:1 D31:4,2,True,50,347,True,True,1,True,False,True,True,True,True,True,True,True,True,True,True
hybrid-search,hybrid-search,rag,conv-41_q61,conv-41,61,2,True,When did Maria adopt Shadow?,The week before 13 August 2023,D31:2,1,True,50,350,True,True,2,False,False,True,True,True,True,True,True,True,True,True,True
hybrid-search,hybrid-search,rag,conv-41_q62,conv-41,62,1,False,How many dogs has Maria adopted from the dog shelter she volunteers at?,two,D30:1 D31:2,2,True,50,352,True,True,2,False,False,True,False,True,False,True,True,True,True,True,True
hybrid-search,hybrid-search,rag,conv-41_q63,conv-41,63,2,False,How many weeks passed between Maria adopting Coco and Shadow?,two weeks,D30:1 D31:2,2,True,50,349,True,True,1,True,False,True,True,True,True,True,True,True,True,True,True
hybrid-search,hybrid-search,rag,conv-41_q64,conv-41,64,3,True,What job might Maria pursue in the future?,"Shelter coordinator, Counselor",D11:10 D27:4 D32:14 D5:8,4,True,50,345,True,True,11,False,False,False,False,False,False,True,False,True,True,True,True
hybrid-search,hybrid-search,rag,conv-41_q65,conv-41,65,4,True,What is John's main focus in local politics?,Improving education and infrastructure,D1:8,1,True,50,351,True,True,4,False,False,True,True,True,True,True,True,True,True,True,True
hybrid-search,hybrid-search,rag,conv-41_q66,conv-41,66,4,True,What sparked John's interest in improving education and infrastructure in the community?,Seeing how lack of education and crumbling infrastructure affected his neighborhood while growing up.,D1:10,1,True,50,360,True,True,7,False,False,False,False,True,True,True,True,True,True,True,True
hybrid-search,hybrid-search,rag,conv-41_q67,conv-41,67,4,True,How did the extra funding help the school shown in the photo shared by John?,"Enabled needed repairs and renovations, making the learning environment safer and more modern for students.",D1:12,1,True,50,370,True,True,1,True,True,True,True,True,True,True,True,True,True,True,True
hybrid-search,hybrid-search,rag,conv-41_q68,conv-41,68,4,False,What type of workout class did Maria start doing in December 2023?,aerial yoga,D1:3,1,True,50,340,True,True,29,False,False,False,False,False,False,False,False,True,True,True,True
hybrid-search,hybrid-search,rag,conv-41_q69,conv-41,69,4,False,What did Maria donate to a homeless shelter in December 2023?,old car,D2:1,1,True,50,350,True,True,4,False,False,True,True,True,True,True,True,True,True,True,True
hybrid-search,hybrid-search,rag,conv-41_q70,conv-41,70,4,True,What kind of meal did John and his family make together in the photo shared by John?,pizza,D2:24,1,True,50,342,True,True,3,False,False,True,True,True,True,True,True,True,True,True,True
hybrid-search,hybrid-search,rag,conv-41_q71,conv-41,71,4,True,What kind of online group did John join?,service-focused online group,D3:1,1,True,50,364,True,True,1,True,True,True,True,True,True,True,True,True,True,True,True
hybrid-search,hybrid-search,rag,conv-41_q72,conv-41,72,4,True,What kind of activities did John and his mates from the online group do as part of their service efforts?,"gave out food and supplies at a homeless shelter, organized a toy drive for kids in need",D3:5,1,True,50,358,True,True,1,True,True,True,True,True,True,True,True,True,True,True,True
hybrid-search,hybrid-search,rag,conv-41_q73,conv-41,73,4,True,Who inspired Maria to start volunteering?,Her aunt,D5:8,1,True,50,354,True,True,1,True,True,True,True,True,True,True,True,True,True,True,True
hybrid-search,hybrid-search,rag,conv-41_q74,conv-41,74,4,True,Why did Maria sit with the little girl at the shelter event in February 2023?,The girl seemed sad and had no other family,D5:10,1,True,50,351,True,True,17,False,False,False,False,False,False,True,True,True,True,True,True
hybrid-search,hybrid-search,rag,conv-41_q75,conv-41,75,4,True,What did Jean go through before meeting Maria?,"divorce, job loss, homelessness",D7:7,1,True,50,353,True,True,1,True,True,True,True,True,True,True,True,True,True,True,True
hybrid-search,hybrid-search,rag,conv-41_q76,conv-41,76,4,True,Why did John decide to run for office again?,saw the impact he could make in the community through politics,D7:4,1,True,50,365,True,True,3,False,False,True,True,True,True,True,True,True,True,True,True
hybrid-search,hybrid-search,rag,conv-41_q77,conv-41,77,4,True,"What activity did John's colleague, Rob, invite him to?",beginner's yoga class,D7:16,1,True,50,360,True,True,7,False,False,False,False,True,True,True,True,True,True,True,True
hybrid-search,hybrid-search,rag,conv-41_q78,conv-41,78,4,True,What is the name of John's one-year-old child?,Kyle,D8:4,1,True,50,363,True,True,1,True,True,True,True,True,True,True,True,True,True,True,True
hybrid-search,hybrid-search,rag,conv-41_q79,conv-41,79,4,True,How often does John take his kids to the park?,A few times a week,D8:8,1,True,50,353,True,True,1,True,True,True,True,True,True,True,True,True,True,True,True
hybrid-search,hybrid-search,rag,conv-41_q80,conv-41,80,4,True,What did Maria make for her home to remind her of a trip to England?,painting of a castle on a hill,D8:15,1,True,50,344,True,True,2,False,False,True,True,True,True,True,True,True,True,True,True
hybrid-search,hybrid-search,rag,conv-41_q81,conv-41,81,4,True,Where did Maria get the idea for the castle shadow box in her home?,England,D8:15,1,True,50,341,True,True,2,False,False,True,True,True,True,True,True,True,True,True,True
hybrid-search,hybrid-search,rag,conv-41_q82,conv-41,82,4,True,What did John receive a certificate for?,completion of a university degree,D9:2,1,True,50,361,True,True,2,False,False,True,True,True,True,True,True,True,True,True,True
hybrid-search,hybrid-search,rag,conv-41_q83,conv-41,83,4,True,What areas is John particularly interested in for policymaking?,education and infrastructure,D9:8,1,True,50,359,True,True,1,True,True,True,True,True,True,True,True,True,True,True,True
hybrid-search,hybrid-search,rag,conv-41_q84,conv-41,84,4,True,"What did Maria participate in last weekend before April 10, 2023?",a 5K charity run,D10:10,1,True,50,347,True,True,24,False,False,False,False,False,False,False,False,True,True,True,True
hybrid-search,hybrid-search,rag,conv-41_q85,conv-41,85,4,True,What event did John volunteer at last weekend?,career fair at a local school,D10:13,1,True,50,363,True,True,17,False,False,False,False,False,False,True,True,True,True,True,True
hybrid-search,hybrid-search,rag,conv-41_q86,conv-41,86,4,True,What did John do that put a strain on his wallet?,His car broke down,D11:1,1,True,50,357,True,True,2,False,False,True,True,True,True,True,True,True,True,True,True
hybrid-search,hybrid-search,rag,conv-41_q87,conv-41,87,4,True,Where did John explore on a road trip last year?,Pacific Northwest,D11:5,1,True,50,353,True,True,1,True,True,True,True,True,True,True,True,True,True,True,True
hybrid-search,hybrid-search,rag,conv-41_q88,conv-41,88,4,True,What topic has John been blogging about recently?,politics and the government,D12:1,1,True,50,367,True,True,3,False,False,True,True,True,True,True,True,True,True,True,True
hybrid-search,hybrid-search,rag,conv-41_q89,conv-41,89,4,True,Why did John start blogging about politics and policies?,raise awareness and start conversations to create positive change,D12:3,1,True,50,362,True,True,1,True,True,True,True,True,True,True,True,True,True,True,True
hybrid-search,hybrid-search,rag,conv-41_q90,conv-41,90,4,True,What was the focus of John's recent research and writing on his blog?,education reform and infrastructure development,D12:5,1,True,50,364,True,True,3,False,False,True,True,True,True,True,True,True,True,True,True
hybrid-search,hybrid-search,rag,conv-41_q91,conv-41,91,2,True,What did John attend with his colleagues in March 2023?,a tech-for-good convention,D12:9,1,True,50,365,True,True,3,False,False,True,True,True,True,True,True,True,True,True,True
hybrid-search,hybrid-search,rag,conv-41_q92,conv-41,92,4,True,How often does John work out with his family?,Three times a week,D13:7,1,True,50,347,True,True,2,False,False,True,True,True,True,True,True,True,True,True,True
hybrid-search,hybrid-search,rag,conv-41_q93,conv-41,93,4,True,How has John's fitness improved since starting boot camps with his family?,"More energy, gains in strength and endurance",D13:5,1,True,50,369,True,True,1,True,True,True,True,True,True,True,True,True,True,True,True
hybrid-search,hybrid-search,rag,conv-41_q94,conv-41,94,4,True,What kind of food did Maria have on her dinner spread iwth her mother?,"Salads, sandwiches, homemade desserts",D13:18,1,True,50,325,False,False,,False,False,False,False,False,False,False,False,False,False,False,False
hybrid-search,hybrid-search,rag,conv-41_q95,conv-41,95,4,False,What activity did Maria and her mom do together in May 2023?,Made dinner together,D13:16,1,True,50,346,True,True,13,False,False,False,False,False,False,True,True,True,True,True,True
hybrid-search,hybrid-search,rag,conv-41_q96,conv-41,96,4,True,What did Maria do to feel closer to a community and her faith?,joined a nearby church,D14:10,1,True,50,342,True,True,2,False,False,True,True,True,True,True,True,True,True,True,True
hybrid-search,hybrid-search,rag,conv-41_q97,conv-41,97,4,True,Why did Maria join a nearby church recently?,to feel closer to a community and her faith,D14:10,1,True,50,351,True,True,1,True,True,True,True,True,True,True,True,True,True,True,True
hybrid-search,hybrid-search,rag,conv-41_q98,conv-41,98,4,False,What did John host for the veterans in May 2023 as part of the project?,a small party to share their stories,D15:13,1,True,50,370,True,True,3,False,False,True,True,True,True,True,True,True,True,True,True
hybrid-search,hybrid-search,rag,conv-41_q99,conv-41,99,4,True,What did John and the veterans do during the small party?,share stories and make connections,D15:13,1,True,50,359,True,True,4,False,False,True,True,True,True,True,True,True,True,True,True
hybrid-search,hybrid-search,rag,conv-41_q100,conv-41,100,4,True,What emotions did John feel during the small party with the veterans?,heartwarming,D15:13,1,True,50,372,True,True,4,False,False,True,True,True,True,True,True,True,True,True,True
hybrid-search,hybrid-search,rag,conv-41_q101,conv-41,101,4,False,"What event is Maria getting ready for at the shelter on May 25, 2023?",fundraiser,D16:2,1,True,50,355,True,True,22,False,False,False,False,False,False,False,False,True,True,True,True
hybrid-search,hybrid-search,rag,conv-41_q102,conv-41,102,4,True,What does Maria need to spread the word about for the fundraiser for the volunteer shelter?,chili cook-off,D16:4,1,True,50,354,True,True,4,False,False,True,True,True,True,True,True,True,True,True,True
hybrid-search,hybrid-search,rag,conv-41_q103,conv-41,103,4,True,"What was the name of the pet that John had to say goodbye to on 3 June, 2023?",Max,D17:1,1,True,50,366,True,True,1,True,True,True,True,True,True,True,True,True,True,True,True
hybrid-search,hybrid-search,rag,conv-41_q104,conv-41,104,4,True,How long was Max a part of John's family?,10 years,D17:1,1,True,50,355,True,True,1,True,True,True,True,True,True,True,True,True,True,True,True
hybrid-search,hybrid-search,rag,conv-41_q105,conv-41,105,4,True,How does John plan to honor the memories of his beloved pet?,By considering adopting a rescue dog,D17:11,1,True,50,355,True,True,5,False,False,True,True,True,True,True,True,True,True,True,True
hybrid-search,hybrid-search,rag,conv-41_q106,conv-41,106,4,True,What important values does John want to teach his kids through adopting a rescue dog?,Responsibility and compassion,D17:11,1,True,50,365,True,True,1,True,True,True,True,True,True,True,True,True,True,True,True
hybrid-search,hybrid-search,rag,conv-41_q107,conv-41,107,4,False,"What new activity did Maria start recently, as mentioned on 3 June, 2023?",volunteering at a local dog shelter once a month,D17:12,1,True,50,340,False,False,,False,False,False,False,False,False,False,False,False,False,False,False
hybrid-search,hybrid-search,rag,conv-41_q108,conv-41,108,4,True,What did Maria say it was like being at the waterfall in Oregon?,Like being in a fairy tale,D18:7,1,True,50,339,True,True,1,True,True,True,True,True,True,True,True,True,True,True,True
hybrid-search,hybrid-search,rag,conv-41_q109,conv-41,109,4,True,What does Maria say she feels when doing upside-down yoga poses?,Free and light,D18:17,1,True,50,353,True,True,1,True,True,True,True,True,True,True,True,True,True,True,True
hybrid-search,hybrid-search,rag,conv-41_q110,conv-41,110,4,True,"What exciting news did Maria share on 16 June, 2023?",joined a gym,D19:1,1,True,50,355,True,True,4,False,False,True,True,True,True,True,True,True,True,True,True
hybrid-search,hybrid-search,rag,conv-41_q111,conv-41,111,4,True,What yoga activity has Maria been trying to improve her strength and endurance?,kundalini yoga,D19:3,1,True,50,352,True,True,5,False,False,True,True,True,True,True,True,True,True,True,True
hybrid-search,hybrid-search,rag,conv-41_q112,conv-41,112,4,True,What did John recently get promoted to?,assistant manager,D19:8,1,True,50,365,True,True,6,False,False,False,False,True,True,True,True,True,True,True,True
hybrid-search,hybrid-search,rag,conv-41_q113,conv-41,113,4,True,What was one of the biggest challenges John faced in his journey to becoming assistant manager?,self-doubt,D19:12,1,True,50,354,True,True,1,True,True,True,True,True,True,True,True,True,True,True,True
hybrid-search,hybrid-search,rag,conv-41_q114,conv-41,114,4,True,How does John describe the support he received during his journey to becoming assistant manager?,having support at home and his own grit,D19:12,1,True,50,352,True,True,1,True,True,True,True,True,True,True,True,True,True,True,True
hybrid-search,hybrid-search,rag,conv-41_q115,conv-41,115,4,True,What kind of event did John and his family attend in June 2023?,live music event,D20:4,1,True,50,364,True,True,13,False,False,False,False,False,False,True,True,True,True,True,True
hybrid-search,hybrid-search,rag,conv-41_q116,conv-41,116,4,True,Why did Maria need to help her cousin find a new place to live?,Her cousin had to leave and find a new place in a hurry.,D21:5,1,True,50,336,True,True,2,False,False,True,True,True,True,True,True,True,True,True,True
hybrid-search,hybrid-search,rag,conv-41_q117,conv-41,117,4,True,What event did John participate in to show support for veterans' rights?,marching event,D21:22,1,True,50,357,True,True,6,False,False,False,False,True,True,True,True,True,True,True,True
hybrid-search,hybrid-search,rag,conv-41_q118,conv-41,118,4,True,What inspired John to join the marching event for veterans' rights?,Respect for the military and the desire to show support,D21:24,1,True,50,366,True,True,3,False,False,True,True,True,True,True,True,True,True,True,True
hybrid-search,hybrid-search,rag,conv-41_q119,conv-41,119,4,True,How often does John get to see sunsets like the one he shared with Maria?,At least once a week,D22:17,1,True,50,366,True,True,1,True,True,True,True,True,True,True,True,True,True,True,True
hybrid-search,hybrid-search,rag,conv-41_q120,conv-41,120,4,True,"What natural disaster affected John's old area on 7 July, 2023?",Flood,D23:1,1,True,50,359,True,True,3,False,False,True,True,True,True,True,True,True,True,True,True
hybrid-search,hybrid-search,rag,conv-41_q121,conv-41,121,4,True,How did the flood impact the homes in John's old area?,Lots of homes were ruined.,D23:1,1,True,50,355,True,True,1,True,True,True,True,True,True,True,True,True,True,True,True
hybrid-search,hybrid-search,rag,conv-41_q122,conv-41,122,4,True,"What motivated Maria and John to discuss potential solutions for their community on 7 July, 2023?",Flood in John's old area,D23:1,1,True,50,372,True,True,2,False,False,True,True,True,True,True,True,True,True,True,True
hybrid-search,hybrid-search,rag,conv-41_q123,conv-41,123,4,True,"What did Maria plan to do later on the evening of 7 July, 2023?",have dinner with friends from the gym,D23:14,1,True,50,348,False,False,,False,False,False,False,False,False,False,False,False,False,False,False
hybrid-search,hybrid-search,rag,conv-41_q124,conv-41,124,4,True,What kind of activities did Maria do at the picnic with her church friends?,played games like charades and a scavenger hunt,D24:8,1,True,50,341,True,True,2,False,False,True,True,True,True,True,True,True,True,True,True
hybrid-search,hybrid-search,rag,conv-41_q125,conv-41,125,4,False,What does John appreciate about the veteran's hospital visit?,the resilience of the veterans and their inspiring stories,D24:3,1,True,50,359,True,True,1,True,True,True,True,True,True,True,True,True,True,True,True
hybrid-search,hybrid-search,rag,conv-41_q126,conv-41,126,4,True,What did John take away from visiting the veteran's hospital?,appreciation for giving back,D24:1,1,True,50,368,True,True,1,True,True,True,True,True,True,True,True,True,True,True,True
hybrid-search,hybrid-search,rag,conv-41_q127,conv-41,127,4,True,Why did John feel inspired to join the military after the visit to the hospital?,seeing the resilience of the veterans,D24:3,1,True,50,373,True,True,1,True,True,True,True,True,True,True,True,True,True,True,True
hybrid-search,hybrid-search,rag,conv-41_q128,conv-41,128,4,False,In what activity did Maria and her church friends participate in July 2023?,hiking,D25:2,1,True,50,351,True,True,22,False,False,False,False,False,False,False,False,True,True,True,True
hybrid-search,hybrid-search,rag,conv-41_q129,conv-41,129,4,True,What does John think about trying new classes at the yoga studio?,Trying new classes is a fun way to switch up the exercise routine.,D25:14,1,True,50,350,True,True,3,False,False,True,True,True,True,True,True,True,True,True,True
hybrid-search,hybrid-search,rag,conv-41_q130,conv-41,130,4,True,Which activity has John done apart from yoga at the studio?,weight training,D25:17,1,True,50,367,True,True,1,True,True,True,True,True,True,True,True,True,True,True,True
hybrid-search,hybrid-search,rag,conv-41_q131,conv-41,131,4,True,"What community service did Maria mention that she was involved in on 31 July, 2023?",volunteered at a homeless shelter,D26:1,1,True,50,347,True,True,30,False,False,False,False,False,False,False,False,True,True,True,True
hybrid-search,hybrid-search,rag,conv-41_q132,conv-41,132,4,True,How did Maria start volunteering at the homeless shelter?,Witnessed a family struggling on the streets and reached out to the shelter,D27:4,1,True,50,358,True,True,2,False,False,True,True,True,True,True,True,True,True,True,True
hybrid-search,hybrid-search,rag,conv-41_q133,conv-41,133,4,True,"What did John do the week before August 3, 2023 involving his kids?",Had a meaningful experience at a military memorial,D27:9,1,True,50,352,False,False,,False,False,False,False,False,False,False,False,False,False,False,False
hybrid-search,hybrid-search,rag,conv-41_q134,conv-41,134,4,True,How did John describe his kids' reaction at the military memorial?,awestruck and humbled,D27:11,1,True,50,356,True,True,2,False,False,True,True,True,True,True,True,True,True,True,True
hybrid-search,hybrid-search,rag,conv-41_q135,conv-41,135,4,True,Why does Maria think it's important for younger generations to visit military memorials?,To remember and appreciate those who served,D27:12,1,True,50,355,True,True,3,False,False,True,True,True,True,True,True,True,True,True,True
hybrid-search,hybrid-search,rag,conv-41_q136,conv-41,136,4,True,What does John believe is important for children regarding veterans?,Teaching them to respect and appreciate those who served,D27:13,1,True,50,354,True,True,3,False,False,True,True,True,True,True,True,True,True,True,True
hybrid-search,hybrid-search,rag,conv-41_q137,conv-41,137,4,False,What happened to John's job in August 2023?,John lost his job at the mechanical engineering company.,D28:1,1,True,50,364,True,True,1,True,True,True,True,True,True,True,True,True,True,True,True
hybrid-search,hybrid-search,rag,conv-41_q138,conv-41,138,4,False,What activity did Maria take up with her friends from church in August 2023?,community work,D28:8,1,True,50,346,False,False,,False,False,False,False,False,False,False,False,False,False,False,False
hybrid-search,hybrid-search,rag,conv-41_q139,conv-41,139,4,True,What did John do to help his community last year in his hometown?,Helped renovate a rundown community center.,D28:11,1,True,50,366,True,True,1,True,True,True,True,True,True,True,True,True,True,True,True
hybrid-search,hybrid-search,rag,conv-41_q140,conv-41,140,4,True,What cause did the 5K charity run organized by John support?,veterans and their families,D29:4,1,True,50,351,True,True,4,False,False,True,True,True,True,True,True,True,True,True,True
hybrid-search,hybrid-search,rag,conv-41_q141,conv-41,141,4,True,Who did John work with to raise awareness and funds for victims of domestic abuse?,a local organization,D29:10,1,True,50,353,True,True,1,True,True,True,True,True,True,True,True,True,True,True,True
hybrid-search,hybrid-search,rag,conv-41_q142,conv-41,142,4,True,What recognition did Maria receive at the homeless shelter in August 2023?,a medal for volunteering,D29:1,1,True,50,353,True,True,5,False,False,True,True,True,True,True,True,True,True,True,True
hybrid-search,hybrid-search,rag,conv-41_q143,conv-41,143,4,True,"What is the name of Maria's puppy she got two weeks before August 11, 2023?",Coco,D30:1,1,True,50,344,True,True,1,True,True,True,True,True,True,True,True,True,True,True,True
hybrid-search,hybrid-search,rag,conv-41_q144,conv-41,144,4,True,What activity did John and Max enjoy together last summer?,Camping,D30:6,1,True,50,354,True,True,4,False,False,True,True,True,True,True,True,True,True,True,True
hybrid-search,hybrid-search,rag,conv-41_q145,conv-41,145,4,True,How does John describe the camping trip with Max?,Peaceful and awesome,D30:6,1,True,50,352,True,True,5,False,False,True,True,True,True,True,True,True,True,True,True
hybrid-search,hybrid-search,rag,conv-41_q146,conv-41,146,4,True,Why does John say he feels stuck and questioning his decisions and goals?,Not feeling like making much of an impact,D30:14,1,True,50,364,True,True,2,False,False,True,True,True,True,True,True,True,True,True,True
hybrid-search,hybrid-search,rag,conv-41_q147,conv-41,147,4,True,What is the name of Maria's second puppy?,Shadow,D31:4,1,True,50,348,True,True,2,False,False,True,True,True,True,True,True,True,True,True,True
hybrid-search,hybrid-search,rag,conv-41_q148,conv-41,148,4,True,How is Maria's new puppy adjusting to its new home?,doing great - learning commands and house training,D31:10,1,True,50,345,True,True,9,False,False,False,False,True,True,True,True,True,True,True,True
hybrid-search,hybrid-search,rag,conv-41_q149,conv-41,149,4,True,What is John currently doing as a volunteer in August 2023?,mentoring students at a local school,D31:1,1,True,50,362,True,True,22,False,False,False,False,False,False,False,False,True,True,True,True
hybrid-search,hybrid-search,rag,conv-41_q150,conv-41,150,4,True,What activities does John's family enjoy doing together?,"going for hikes, hanging out at the park, having picnics, playing board games, having movie nights",D31:19,1,True,50,360,True,True,1,True,True,True,True,True,True,True,True,True,True,True,True
hybrid-search,hybrid-search,rag,conv-41_q151,conv-41,151,4,True,"What did the donations help John's community acquire on 16 August, 2023?",a brand new fire truck,D32:11,1,True,50,359,True,True,6,False,False,False,False,True,True,True,True,True,True,True,True
hybrid-search,hybrid-search,rag,conv-42_q0,conv-42,0,3,True,Is it likely that Nate has friends besides Joanna?,Yesteammates on hisvideo game team.,D1:7,1,True,50,359,True,True,9,False,False,False,False,True,True,True,True,True,True,True,True
hybrid-search,hybrid-search,rag,conv-42_q1,conv-42,1,1,False,What kind of interests do Joanna and Nate share?,"Watching movies, making desserts",D10:9 D1:10 D1:11 D1:12 D20:2 D3:4 D4:9,7,True,50,355,True,False,2,False,False,True,False,True,False,True,False,True,False,True,False
hybrid-search,hybrid-search,rag,conv-42_q2,conv-42,2,2,True,"When did Joanna first watch ""Eternal Sunshine of the Spotless Mind?",2019,D1:18,1,True,50,355,True,True,2,False,False,True,True,True,True,True,True,True,True,True,True
hybrid-search,hybrid-search,rag,conv-42_q3,conv-42,3,2,False,When did Nate win his first video game tournament?,"the week before 21Janury, 2022",D1:3,1,True,50,371,True,True,7,False,False,False,False,True,True,True,True,True,True,True,True
hybrid-search,hybrid-search,rag,conv-42_q4,conv-42,4,3,False,What pets wouldn't cause any discomfort to Joanna?,"Hairless cats or pigs,since they don't have fur, which is one of the main causes of Joanna's allergy.",D2:23,1,True,50,357,True,True,1,True,True,True,True,True,True,True,True,True,True,True,True
hybrid-search,hybrid-search,rag,conv-42_q5,conv-42,5,1,True,What are Joanna's hobbies?,"Writing, watchingmovies, exploringnature, hanging withfriends.",D1:10 D2:25,2,True,50,349,True,True,2,False,False,True,True,True,True,True,True,True,True,True,True
hybrid-search,hybrid-search,rag,conv-42_q6,conv-42,6,2,True,How long has Nate had his first two turtles?,three years,D2:12,1,True,50,358,True,True,2,False,False,True,True,True,True,True,True,True,True,True,True
hybrid-search,hybrid-search,rag,conv-42_q7,conv-42,7,2,False,When did Joanna finish her first screenplay?,"The Friday before 23January, 2022",D2:3,1,True,50,359,True,True,2,False,False,True,True,True,True,True,True,True,True,True,True
hybrid-search,hybrid-search,rag,conv-42_q8,conv-42,8,2,True,When did Nate get his first two turtles?,2019,D2:12,1,True,50,366,True,True,4,False,False,True,True,True,True,True,True,True,True,True,True
hybrid-search,hybrid-search,rag,conv-42_q9,conv-42,9,2,True,What major achievement did Joanna accomplish in January 2022?,finished her screenplay and printed it,D2:3,1,True,50,350,True,True,19,False,False,False,False,False,False,True,True,True,True,True,True
hybrid-search,hybrid-search,rag,conv-42_q10,conv-42,10,1,True,What emotions is Joanna feeling about  the screenplay she submitted?,"Relief, excitement,worry, hope,anxiety.",D2:7 D3:1,2,True,50,353,True,True,1,True,False,True,True,True,True,True,True,True,True,True,True
hybrid-search,hybrid-search,rag,conv-42_q11,conv-42,11,1,True,What is Joanna allergic to?,"Most reptiles,animals with fur,cockroaches, dairy",D2:23 D4:4 D5:11,3,True,50,350,True,True,1,True,False,True,False,True,False,True,False,True,True,True,True
hybrid-search,hybrid-search,rag,conv-42_q12,conv-42,12,3,False,What underlying condition might Joanna have based on her allergies?,asthma,D2:23 D5:11,2,True,50,356,True,True,1,True,False,True,False,True,True,True,True,True,True,True,True
hybrid-search,hybrid-search,rag,conv-42_q13,conv-42,13,2,True,When did Joanna have an audition for a writing gig?,"23 March, 2022.",D6:2,1,True,50,351,True,True,1,True,True,True,True,True,True,True,True,True,True,True,True
hybrid-search,hybrid-search,rag,conv-42_q14,conv-42,14,3,True,What nickname does Nate use for Joanna?,Jo,D7:1,1,True,50,360,True,True,45,False,False,False,False,False,False,False,False,True,True,True,True
hybrid-search,hybrid-search,rag,conv-42_q15,conv-42,15,2,True,When did Nate get purple hair?,"The week before 15April, 2022.",D7:1,1,True,50,358,True,True,1,True,True,True,True,True,True,True,True,True,True,True,True
hybrid-search,hybrid-search,rag,conv-42_q16,conv-42,16,2,True,What physical transformation did Nate undergo in April 2022?,dyed his hair purple,D7:1 D7:3,2,True,50,359,True,True,5,False,False,True,True,True,True,True,True,True,True,True,True
hybrid-search,hybrid-search,rag,conv-42_q17,conv-42,17,2,True,"What movie did Joanna watch on 1 May, 2022?",Lord of the Rings,D10:1,1,True,50,349,True,True,12,False,False,False,False,False,False,True,True,True,True,True,True
hybrid-search,hybrid-search,rag,conv-42_q18,conv-42,18,2,True,Which outdoor spot did Joanna visit in May?,Whispering Falls waterfall,D11:7,1,True,50,341,True,True,3,False,False,True,True,True,True,True,True,True,True,True,True
hybrid-search,hybrid-search,rag,conv-42_q19,conv-42,19,1,True,How many times has Joanna found new hiking trails?,twice,D11:3 D8:4,2,True,50,356,True,True,2,False,False,True,True,True,True,True,True,True,True,True,True
hybrid-search,hybrid-search,rag,conv-42_q20,conv-42,20,2,True,When did Nate adopt Max?,May 2022,D12:3,1,True,50,363,True,True,2,False,False,True,True,True,True,True,True,True,True,True,True
hybrid-search,hybrid-search,rag,conv-42_q21,conv-42,21,2,True,Who was the new addition to Nate's family in May 2022?,Max,D12:3,1,True,50,359,True,True,14,False,False,False,False,False,False,True,True,True,True,True,True
hybrid-search,hybrid-search,rag,conv-42_q22,conv-42,22,2,True,When did Joanna start writing her third screenplay?,May 2022,D12:13 D12:14,2,True,50,356,True,True,1,True,True,True,True,True,True,True,True,True,True,True,True
hybrid-search,hybrid-search,rag,conv-42_q23,conv-42,23,1,False,Which of Joanna's screenplay were rejected from production companies?,"first screenplay on drama and romance, third screenplay on loss identity and connection",D14:1 D24:12 D24:13 D2:7 D3:1,5,True,50,360,True,True,1,True,False,True,False,True,True,True,True,True,True,True,True
hybrid-search,hybrid-search,rag,conv-42_q24,conv-42,24,2,False,When is Nate hosting a gaming party?,"The weekend after 3June, 2022.",D14:20,1,True,50,368,True,True,2,False,False,True,True,True,True,True,True,True,True,True,True
hybrid-search,hybrid-search,rag,conv-42_q25,conv-42,25,2,False,When did Joanna hike with her buddies?,"The weekend after 3June, 2022.",D14:19,1,True,50,349,True,True,8,False,False,False,False,True,True,True,True,True,True,True,True
hybrid-search,hybrid-search,rag,conv-42_q26,conv-42,26,2,True,When did Nate win his third tourney?,"The week before 3June, 2022",D14:8,1,True,50,367,True,True,27,False,False,False,False,False,False,False,False,True,True,True,True
hybrid-search,hybrid-search,rag,conv-42_q27,conv-42,27,1,True,What places has Joanna submitted her work to?,"film contest, film festival.",D16:1 D2:7,2,True,50,354,True,True,10,False,False,False,False,True,False,True,True,True,True,True,True
hybrid-search,hybrid-search,rag,conv-42_q28,conv-42,28,2,False,When did Nate make vegan icecream and share it with a vegan diet group?,"The Friday before 24June, 2022.",D16:8,1,True,50,358,True,True,1,True,True,True,True,True,True,True,True,True,True,True,True
hybrid-search,hybrid-search,rag,conv-42_q29,conv-42,29,2,False,When is Joanna going to make Nate's ice cream for her family?,"The weekend of 24June, 2022.",D16:11,1,True,50,355,True,True,1,True,True,True,True,True,True,True,True,True,True,True,True
hybrid-search,hybrid-search,rag,conv-42_q30,conv-42,30,1,True,What kind of writings does Joanna do?,"Screenplays,books, online blog posts, journal",D17:14 D18:1 D18:5 D2:3,4,True,50,346,True,True,4,False,False,True,False,True,False,True,False,True,True,True,True
hybrid-search,hybrid-search,rag,conv-42_q31,conv-42,31,2,False,When did Nate win his fourth video game tournament?,"The Friday before 10July, 2022.",D17:1,1,True,50,371,True,True,1,True,True,True,True,True,True,True,True,True,True,True,True
hybrid-search,hybrid-search,rag,conv-42_q32,conv-42,32,2,False,Where did Joanna travel to in July 2022?,Woodhaven,D17:4,1,True,50,347,True,True,37,False,False,False,False,False,False,False,False,True,True,True,True
hybrid-search,hybrid-search,rag,conv-42_q33,conv-42,33,2,False,When did someone write Joanna a touching letter?,"The week before 14August, 2022.",D18:5,1,True,50,360,True,True,1,True,True,True,True,True,True,True,True,True,True,True,True
hybrid-search,hybrid-search,rag,conv-42_q34,conv-42,34,1,False,What book recommendations has Joanna given to Nate?,"""Little Women"",'A Court of Thorns andRoses'.",D19:14 D19:16 D3:17,3,True,50,353,True,False,40,False,False,False,False,False,False,False,False,True,False,True,False
hybrid-search,hybrid-search,rag,conv-42_q35,conv-42,35,2,False,When did Nate take time off to chill with his pets?,"The weekend of 22August, 2022.",D19:9,1,True,50,359,True,True,15,False,False,False,False,False,False,True,True,True,True,True,True
hybrid-search,hybrid-search,rag,conv-42_q36,conv-42,36,2,False,When did Joanna share her book with her writers group?,"The week before 22August, 2022.",D19:6,1,True,50,349,True,True,36,False,False,False,False,False,False,False,False,True,True,True,True
hybrid-search,hybrid-search,rag,conv-42_q37,conv-42,37,2,False,When did Nate win an international tournament?,"21 August, 2022",D19:1,1,True,50,357,True,True,2,False,False,True,True,True,True,True,True,True,True,True,True
hybrid-search,hybrid-search,rag,conv-42_q38,conv-42,38,2,False,When did Joanna make a desert with almond milk?,"The Friday before 14September, 2022",D21:9,1,True,50,346,True,True,10,False,False,False,False,True,True,True,True,True,True,True,True
hybrid-search,hybrid-search,rag,conv-42_q39,conv-42,39,2,False,When did Nate attend a cooking show?,"The Monday before 14September, 2022",D21:4,1,True,50,358,True,True,4,False,False,True,True,True,True,True,True,True,True,True,True
hybrid-search,hybrid-search,rag,conv-42_q40,conv-42,40,2,False,When did Joanna's laptop crash?,"The week before 14September, 2022",D21:1,1,True,50,353,True,True,2,False,False,True,True,True,True,True,True,True,True,True,True
hybrid-search,hybrid-search,rag,conv-42_q41,conv-42,41,2,False,When did Joanna make a chocolate tart with raspberries?,"5 October, 2022",D22:1,1,True,50,341,True,True,2,False,False,True,True,True,True,True,True,True,True,True,True
hybrid-search,hybrid-search,rag,conv-42_q42,conv-42,42,1,True,What movies have both Joanna and Nate seen?,"""Little Women"", ""Lord of the Rings""",D10:1 D22:8 D3:17,3,True,50,363,True,True,35,False,False,False,False,False,False,False,False,True,True,True,True
hybrid-search,hybrid-search,rag,conv-42_q43,conv-42,43,2,False,How long did it take for Joanna to finish writing her book?,four months,D17:14 D22:9,2,True,50,349,True,True,4,False,False,True,False,True,False,True,True,True,True,True,True
hybrid-search,hybrid-search,rag,conv-42_q44,conv-42,44,2,False,When did Nate win a lot of money in a video game tournament?,September 2022,D22:2,1,True,50,375,True,True,7,False,False,False,False,True,True,True,True,True,True,True,True
hybrid-search,hybrid-search,rag,conv-42_q45,conv-42,45,2,False,When did Joanna finish up the writing for her book?,"The week before 6October, 2022",D22:9,1,True,50,349,True,True,4,False,False,True,True,True,True,True,True,True,True,True,True
hybrid-search,hybrid-search,rag,conv-42_q46,conv-42,46,1,True,What board games has Nate played?,"Chess, Catan.",D16:2 D23:7,2,True,50,363,True,True,1,True,False,True,False,True,True,True,True,True,True,True,True
hybrid-search,hybrid-search,rag,conv-42_q47,conv-42,47,1,True,What places has Nate met new people?,A tournament and agaming convention.,D14:8 D23:1,2,True,50,367,True,False,17,False,False,False,False,False,False,True,False,True,False,True,False
hybrid-search,hybrid-search,rag,conv-42_q48,conv-42,48,2,False,When did Nate go to a convention and meet new people?,"The Friday before 9October, 2022.",D23:1,1,True,50,355,True,True,1,True,True,True,True,True,True,True,True,True,True,True,True
hybrid-search,hybrid-search,rag,conv-42_q49,conv-42,49,1,True,How many times has Joanna's scripts been rejected?,Twice,D14:1 D24:12,2,True,50,359,True,True,1,True,False,True,False,True,True,True,True,True,True,True,True
hybrid-search,hybrid-search,rag,conv-42_q50,conv-42,50,1,True,What is something Nate gave to Joanna that brings her a lot of joy?,stuffed toy pup,D13:9 D24:2,2,True,50,364,True,True,8,False,False,False,False,True,False,True,False,True,True,True,True
hybrid-search,hybrid-search,rag,conv-42_q51,conv-42,51,1,True,When did Nate get Tilly for Joanna?,"25 May, 2022",D13:9 D24:2,2,True,50,355,True,True,2,False,False,True,False,True,False,True,False,True,True,True,True
hybrid-search,hybrid-search,rag,conv-42_q52,conv-42,52,1,False,How many of Joanna's writing have made it to the big screen?,two,D15:1 D25:2,2,True,50,363,True,True,3,False,False,True,False,True,False,True,True,True,True,True,True
hybrid-search,hybrid-search,rag,conv-42_q53,conv-42,53,1,True,How many times has Nate taken his turtles on a walk?,Twice.,D25:15 D5:4,2,True,50,365,True,True,11,False,False,False,False,False,False,True,True,True,True,True,True
hybrid-search,hybrid-search,rag,conv-42_q54,conv-42,54,2,False,When was Joanna's second movie script shown on the big screens?,"The Sunday before 25October, 2022.",D25:1,1,True,50,353,True,True,1,True,True,True,True,True,True,True,True,True,True,True,True
hybrid-search,hybrid-search,rag,conv-42_q55,conv-42,55,1,True,What is Joanna inspired by?,"Personal experiences,her own journey ofself discovery, Nate,nature, validation,stories about findingcourage and takingrisks, people she knows, stuff she sees, imagination",D11:11 D25:10 D26:3 D26:7 D4:6 D7:6,6,True,50,350,True,False,3,False,False,True,False,True,False,True,False,True,False,True,False
hybrid-search,hybrid-search,rag,conv-42_q56,conv-42,56,1,True,What animal do both Nate and Joanna like?,Turtles.,D26:9 D5:6,2,True,50,358,False,False,,False,False,False,False,False,False,False,False,False,False,False,False
hybrid-search,hybrid-search,rag,conv-42_q57,conv-42,57,2,False,When did Joanna plan to go over to Nate's and share recipes?,"5 November, 2022.",D26:19,1,True,50,360,True,True,50,False,False,False,False,False,False,False,False,True,True,True,True
hybrid-search,hybrid-search,rag,conv-42_q58,conv-42,58,1,False,What things has Nate reccomended to Joanna?,"A pet,""The Lord of the Rings"" movies,a dragon book series,coconut flavoring,""Project Hail Mary"" book,Xenoblade Chronicles, dairy-free margarine, coconut oil",D10:11 D10:19 D19:17 D27:23 D2:14 D9:12 D9:14,7,True,50,365,True,False,28,False,False,False,False,False,False,False,False,True,False,True,False
hybrid-search,hybrid-search,rag,conv-42_q59,conv-42,59,1,True,What does Joanna do to remember happy memories?,"Hangs them on a corkboard, writes themin a notebook.",D15:9 D27:34,2,True,50,352,True,True,1,True,False,True,False,True,False,True,False,True,True,True,True
hybrid-search,hybrid-search,rag,conv-42_q60,conv-42,60,3,False,What Console does Nate own?,"A Nintendo Switch; since the game ""Xenoblade 2"" is made for this console.",D27:23,1,True,50,358,True,True,11,False,False,False,False,False,False,True,True,True,True,True,True
hybrid-search,hybrid-search,rag,conv-42_q61,conv-42,61,1,False,What mediums does Nate use to play games?,"Gamecube, PC,Playstation.",D22:2 D27:15 D27:21,3,True,50,362,True,True,4,False,False,True,False,True,False,True,False,True,True,True,True
hybrid-search,hybrid-search,rag,conv-42_q62,conv-42,62,1,False,How many letters has Joanna recieved?,Two,D14:1 D18:5,2,True,50,351,True,True,7,False,False,False,False,True,True,True,True,True,True,True,True
hybrid-search,hybrid-search,rag,conv-42_q63,conv-42,63,1,True,What video games does Nate play?,"Valorant, Counter Strike:Global Offensive,Xenoblade Chronicles, StreetFighter, Cyberpunk 2077",D10:6 D1:7 D23:17 D27:1 D27:23,5,True,50,365,True,True,2,False,False,True,False,True,False,True,True,True,True,True,True
hybrid-search,hybrid-search,rag,conv-42_q64,conv-42,64,2,False,When did Nate win a big Valorant tourney?,"The Saturday before 7November, 2022",D27:1,1,True,50,373,True,True,1,True,True,True,True,True,True,True,True,True,True,True,True
hybrid-search,hybrid-search,rag,conv-42_q65,conv-42,65,2,True,Which torunament did Nate win in the beginning of November 2022?,Valorant,D27:1,1,True,50,361,True,True,8,False,False,False,False,True,True,True,True,True,True,True,True
hybrid-search,hybrid-search,rag,conv-42_q66,conv-42,66,3,False,What alternative career might Nate consider after gaming?,"an animalkeeper at a localzoo and workingwith turtles; as heknows a great dealabout turtles andhow to care for them,and he enjoys it.",D19:3 D25:19 D28:25 D5:8,4,True,50,360,True,False,13,False,False,False,False,False,False,True,False,True,False,True,False
hybrid-search,hybrid-search,rag,conv-42_q67,conv-42,67,1,True,What pets does Nate have?,A dog and threeturtles.,D12:3 D28:23 D8:3,3,True,50,358,True,False,4,False,False,True,False,True,False,True,False,True,False,True,False
hybrid-search,hybrid-search,rag,conv-42_q68,conv-42,68,3,True,How many hikes has Joanna been on?,Four,D11:5 D14:21 D28:22 D7:6,4,True,50,348,True,True,2,False,False,True,False,True,False,True,False,True,True,True,True
hybrid-search,hybrid-search,rag,conv-42_q69,conv-42,69,1,True,How many turtles does Nate have?,Three,D28:23 D8:3,2,True,50,363,False,False,,False,False,False,False,False,False,False,False,False,False,False,False
hybrid-search,hybrid-search,rag,conv-42_q70,conv-42,70,1,True,What activities does Nate do with his turtles?,"takes them onwalks, holds them,feeds themstrawberries, givesthem baths.",D25:21 D25:23 D28:31,3,True,50,368,True,True,7,False,False,False,False,True,True,True,True,True,True,True,True
hybrid-search,hybrid-search,rag,conv-42_q71,conv-42,71,1,True,What do both Joanna and Nate appreciate the beauty of?,Nature,D11:9 D28:23,2,True,50,362,True,False,25,False,False,False,False,False,False,False,False,True,False,True,False
hybrid-search,hybrid-search,rag,conv-42_q72,conv-42,72,2,False,When did Joanna plan on going to Nate's to watch him play with his turtles?,"10 November, 2022",D28:32,1,True,50,364,True,True,2,False,False,True,True,True,True,True,True,True,True,True,True
hybrid-search,hybrid-search,rag,conv-42_q73,conv-42,73,3,True,What state did Joanna visit in summer 2021?,Indiana,D28:22,1,True,50,347,True,True,39,False,False,False,False,False,False,False,False,True,True,True,True
hybrid-search,hybrid-search,rag,conv-42_q74,conv-42,74,1,False,What recommendations has Nate received from Joanna?,"""Eternal Sunshine of the Spotless Mind"" movie, ""A Court of Thorns and Roses"" book, pointers for making living room comfy, starting a cork board for memories, ""Little Women"" movie",D15:14 D15:15 D19:15 D19:16 D1:16 D23:26 D3:17,7,True,50,365,True,False,50,False,False,False,False,False,False,False,False,True,False,True,False
hybrid-search,hybrid-search,rag,conv-42_q75,conv-42,75,1,True,What are Nate's favorite desserts?,"coconut milk icecream, dairy-free chocolate cake with berries, chocolate and mixed-berry icecream, dairy-free chocolate mousse",D21:10 D3:10 D3:12 D3:4,4,True,50,361,True,True,1,True,False,True,False,True,False,True,True,True,True,True,True
hybrid-search,hybrid-search,rag,conv-42_q76,conv-42,76,1,True,How has Nate tried to disburse his vegan ice-cream recipes?,"teaching others, cooking show",D18:8 D21:4,2,True,50,363,True,True,5,False,False,True,False,True,True,True,True,True,True,True,True
hybrid-search,hybrid-search,rag,conv-42_q77,conv-42,77,2,False,When did Nate win his second tournament?,"The week before 2 May, 2022.",D10:4,1,True,50,370,True,True,4,False,False,True,True,True,True,True,True,True,True,True,True
hybrid-search,hybrid-search,rag,conv-42_q78,conv-42,78,1,False,How many video game tournaments has Nate participated in?,nine,D10:4 D14:8 D17:1 D19:1 D1:3 D20:1 D22:2 D27:1 D6:7,9,True,50,365,True,True,1,True,False,True,False,True,False,True,False,True,True,True,True
hybrid-search,hybrid-search,rag,conv-42_q79,conv-42,79,1,True,How many screenplays has Joanna written?,three,D12:13 D12:14 D2:3 D4:10 D5:1,5,True,50,355,True,False,1,True,False,True,False,True,False,True,False,True,False,True,False
hybrid-search,hybrid-search,rag,conv-42_q80,conv-42,80,1,True,How many tournaments has Nate won?,seven,D10:4 D14:8 D17:1 D19:1 D1:3 D22:2 D27:1,7,True,50,368,True,True,1,True,False,True,False,True,False,True,False,True,True,True,True
hybrid-search,hybrid-search,rag,conv-42_q81,conv-42,81,1,True,What recipes has Joanna made?,"dairy free vanilla cake with strawberry filling and coconut cream frosting, parfait, strawberry chocolate cake, chocolate coconut cupcakes, chocolate raspberry tart, chocolate cake with raspberries, blueberry cheesecake bars",D10:11 D10:9 D19:8 D20:10 D20:2 D21:11 D21:17 D21:3 D22:1,9,True,50,348,True,True,3,False,False,True,False,True,False,True,False,True,True,True,True
hybrid-search,hybrid-search,rag,conv-42_q82,conv-42,82,1,True,What recipes has Nate made?,"coconut milk icecream, chocolate and vanilla swirl",D3:4 D4:3,2,True,50,362,True,True,6,False,False,False,False,True,False,True,False,True,True,True,True
hybrid-search,hybrid-search,rag,conv-42_q83,conv-42,83,1,True,What are the skills that Nate has helped others learn?,"coconut milk ice cream recipe, reset high scores, tips to improve gaming skills",D14:16 D18:8 D26:12,3,True,50,363,True,True,13,False,False,False,False,False,False,True,False,True,True,True,True
hybrid-search,hybrid-search,rag,conv-42_q84,conv-42,84,3,True,Was the first half of September 2022 a good month career-wise for Nate and Joanna? Answer yes or no.,No; because both of them faced setbacks in their career,D20:1 D21:1,2,True,50,359,True,True,19,False,False,False,False,False,False,True,False,True,True,True,True
hybrid-search,hybrid-search,rag,conv-42_q85,conv-42,85,3,True,What kind of job is Joanna beginning to preform the duties of because of her movie scripts?,filmmaker.,D29:1,1,True,50,359,True,True,2,False,False,True,True,True,True,True,True,True,True,True,True
hybrid-search,hybrid-search,rag,conv-42_q86,conv-42,86,2,False,When did Nate take his turtles to the beach?,"10 November, 2022",D29:6,1,True,50,372,True,True,14,False,False,False,False,False,False,True,True,True,True,True,True
hybrid-search,hybrid-search,rag,conv-42_q87,conv-42,87,3,True,What state did Nate visit?,Florida,D29:6,1,True,50,361,True,True,42,False,False,False,False,False,False,False,False,True,True,True,True
hybrid-search,hybrid-search,rag,conv-42_q88,conv-42,88,4,True,What is one of Joanna's favorite movies?,"""Eternal Sunshineof the Spotless Mind""",D D1:18 D1:20,3,True,50,355,True,False,1,True,False,True,False,True,False,True,False,True,False,True,False
hybrid-search,hybrid-search,rag,conv-42_q89,conv-42,89,4,True,What color did Nate choose for his hair?,purple,D7:1 D7:3,2,True,50,356,True,True,1,True,True,True,True,True,True,True,True,True,True,True,True
hybrid-search,hybrid-search,rag,conv-42_q90,conv-42,90,4,True,What is Nate's favorite movie trilogy?,Lord of the Rings,D9:12,1,True,50,362,False,False,,False,False,False,False,False,False,False,False,False,False,False,False
hybrid-search,hybrid-search,rag,conv-42_q91,conv-42,91,4,False,What is Nate's favorite book series about?,dragons,D9:14,1,True,50,364,True,True,2,False,False,True,True,True,True,True,True,True,True,True,True
hybrid-search,hybrid-search,rag,conv-42_q92,conv-42,92,4,True,What kind of lighting does Nate's gaming room have?,red and purple lighting,D10:2,1,True,50,368,True,True,2,False,False,True,True,True,True,True,True,True,True,True,True
hybrid-search,hybrid-search,rag,conv-42_q93,conv-42,93,4,True,What game was the second tournament that Nate won based on?,Street Fighter,D10:4 D10:6,2,True,50,365,True,True,2,False,False,True,True,True,True,True,True,True,True,True,True
hybrid-search,hybrid-search,rag,conv-42_q94,conv-42,94,4,True,What is Joanna's third screenplay about?,"loss, identity, and connection",D12:13 D12:14,2,True,50,358,True,True,1,True,True,True,True,True,True,True,True,True,True,True,True
hybrid-search,hybrid-search,rag,conv-42_q95,conv-42,95,4,True,What is Nate's favorite video game?,Xenoblade Chronicles,D27:22 D27:23,2,True,50,368,True,True,8,False,False,False,False,True,True,True,True,True,True,True,True
hybrid-search,hybrid-search,rag,conv-42_q96,conv-42,96,4,True,What type of movies does Nate enjoy watching the most?,action and sci-fi,D1:13,1,True,50,364,True,True,7,False,False,False,False,True,True,True,True,True,True,True,True
hybrid-search,hybrid-search,rag,conv-42_q97,conv-42,97,4,True,"What did Joanna just finish last Friday on 23 January, 2022?",screenplay,D2:3,1,True,50,353,True,True,5,False,False,True,True,True,True,True,True,True,True,True,True
hybrid-search,hybrid-search,rag,conv-42_q98,conv-42,98,4,True,What genre is Joanna's first screenplay?,drama and romance,D2:5,1,True,50,362,True,True,2,False,False,True,True,True,True,True,True,True,True,True,True
hybrid-search,hybrid-search,rag,conv-42_q99,conv-42,99,4,True,What are Joanna's plans for her finished screenplay in January 2022?,submit it to film festivals and get producers and directors to check it out,D2:7,1,True,50,357,True,True,2,False,False,True,True,True,True,True,True,True,True,True,True
hybrid-search,hybrid-search,rag,conv-42_q100,conv-42,100,4,True,For how long has Nate had his turtles?,3 years,D2:12,1,True,50,361,True,True,1,True,True,True,True,True,True,True,True,True,True,True,True
hybrid-search,hybrid-search,rag,conv-42_q101,conv-42,101,4,True,What did Nate think of the coconut milk ice cream he made?,"Super good, rich and creamy",D3:6,1,True,50,361,True,True,5,False,False,True,True,True,True,True,True,True,True,True,True
hybrid-search,hybrid-search,rag,conv-42_q102,conv-42,102,4,True,Which dairy-free dessert flavors does Nate enjoy?,chocolate and mixed berry,D3:10,1,True,50,367,True,True,1,True,True,True,True,True,True,True,True,True,True,True,True
hybrid-search,hybrid-search,rag,conv-42_q103,conv-42,103,4,True,"What did Joanna recently watch and recommend to Nate on February 7, 2022?","""Little Women""",D3:17,1,True,50,361,True,True,45,False,False,False,False,False,False,False,False,True,True,True,True
hybrid-search,hybrid-search,rag,conv-42_q104,conv-42,104,4,True,"What is ""Little Women"" about according to Joanna?","Sisterhood, love, and reaching for your dreams",D3:17,1,True,50,359,True,True,42,False,False,False,False,False,False,False,False,True,True,True,True
hybrid-search,hybrid-search,rag,conv-42_q105,conv-42,105,4,True,"What flavor of ice cream did Nate make for his friend on 25 February, 2022?",chocolate and vanilla swirl,D4:3,1,True,50,365,True,True,1,True,True,True,True,True,True,True,True,True,True,True,True
hybrid-search,hybrid-search,rag,conv-42_q106,conv-42,106,4,True,"What inspired Joanna's new screenplay on 25 February, 2022?",personal experiences and her own journey of self-discovery,D4:16,1,True,50,356,True,True,6,False,False,False,False,True,True,True,True,True,True,True,True
hybrid-search,hybrid-search,rag,conv-42_q107,conv-42,107,4,True,Why does Nate like turtles as pets?,Their slow pace and calming nature,D5:6,1,True,50,357,True,True,29,False,False,False,False,False,False,False,False,True,True,True,True
hybrid-search,hybrid-search,rag,conv-42_q108,conv-42,108,4,True,How does Nate describe the process of taking care of turtles?,"Not tough; keep their area clean, feed them properly, give them enough light.",D5:8,1,True,50,367,True,True,12,False,False,False,False,False,False,True,True,True,True,True,True
hybrid-search,hybrid-search,rag,conv-42_q109,conv-42,109,4,True,What was Joanna's audition for?,writing gig,D6:2,1,True,50,352,True,True,2,False,False,True,True,True,True,True,True,True,True,True,True
hybrid-search,hybrid-search,rag,conv-42_q110,conv-42,110,4,True,Why did Nate choose the hair color he did?,Bright and bold - like him,D7:5,1,True,50,358,True,True,1,True,True,True,True,True,True,True,True,True,True,True,True
hybrid-search,hybrid-search,rag,conv-42_q111,conv-42,111,4,True,What are the main ingredients of the ice cream recipe shared by Nate?,"Coconut milk, vanilla extract, sugar, salt",D8:19,1,True,50,365,True,True,35,False,False,False,False,False,False,False,False,True,True,True,True
hybrid-search,hybrid-search,rag,conv-42_q112,conv-42,112,4,True,What is Joanna's project called in the writers group?,"""Finding Home""",D9:3,1,True,50,354,True,True,1,True,True,True,True,True,True,True,True,True,True,True,True
hybrid-search,hybrid-search,rag,conv-42_q113,conv-42,113,4,True,What is Nate's favorite genre of movies?,Fantasy and sci-fi,D9:10,1,True,50,361,True,True,1,True,True,True,True,True,True,True,True,True,True,True,True
hybrid-search,hybrid-search,rag,conv-42_q114,conv-42,114,4,True,What kind of books does Nate enjoy?,Adventures and magic,D9:14,1,True,50,360,True,True,1,True,True,True,True,True,True,True,True,True,True,True,True
hybrid-search,hybrid-search,rag,conv-42_q115,conv-42,115,4,True,What kind of films does Joanna enjoy?,Dramas and emotionally-driven films,D9:9,1,True,50,358,True,True,2,False,False,True,True,True,True,True,True,True,True,True,True
hybrid-search,hybrid-search,rag,conv-42_q116,conv-42,116,4,True,Which activity helps Nate escape and stimulates his imagination?,watching fantasy and sci-fi movies,D9:10,1,True,50,357,True,True,2,False,False,True,True,True,True,True,True,True,True,True,True
hybrid-search,hybrid-search,rag,conv-42_q117,conv-42,117,4,True,What filling did Joanna use in the cake she made recently in May 2022?,strawberry,D10:11,1,True,50,347,True,True,2,False,False,True,True,True,True,True,True,True,True,True,True
hybrid-search,hybrid-search,rag,conv-42_q118,conv-42,118,4,True,What kind of frosting did Joanna use on the cake she made recently in May 2022?,coconut cream,D10:11,1,True,50,348,True,True,1,True,True,True,True,True,True,True,True,True,True,True,True
hybrid-search,hybrid-search,rag,conv-42_q119,conv-42,119,4,True,What does Nate feel he could do when out in cool places like Whispering Falls?,write a whole movie,D11:13,1,True,50,365,True,True,1,True,True,True,True,True,True,True,True,True,True,True,True
hybrid-search,hybrid-search,rag,conv-42_q120,conv-42,120,4,True,What creative activity does Nate joke about pursuing after being inspired by their hikes with Jo?,Start thinking about a drama and publish a screenplay,D11:16,1,True,50,364,True,True,1,True,True,True,True,True,True,True,True,True,True,True,True
hybrid-search,hybrid-search,rag,conv-42_q121,conv-42,121,4,True,Who invited Nate to join her on the trails sometime?,Joanna,D11:17,1,True,50,356,True,True,5,False,False,True,True,True,True,True,True,True,True,True,True
hybrid-search,hybrid-search,rag,conv-42_q122,conv-42,122,4,False,"What did Nate do for Joanna on 25 May, 2022?",get her a stuffed animal,D13:9,1,True,50,359,True,True,44,False,False,False,False,False,False,False,False,True,True,True,True
hybrid-search,hybrid-search,rag,conv-42_q123,conv-42,123,4,True,How does Nate describe the stuffed animal he got for Joanna?,A stuffed animal to remind you of the good vibes,D13:11,1,True,50,362,True,True,1,True,True,True,True,True,True,True,True,True,True,True,True
hybrid-search,hybrid-search,rag,conv-42_q124,conv-42,124,4,True,What event is Nate organizing in June 2022?,A gaming party,D14:20,1,True,50,355,True,True,6,False,False,False,False,True,True,True,True,True,True,True,True
hybrid-search,hybrid-search,rag,conv-42_q125,conv-42,125,4,True,Who did Nate plan to invite to his gaming party in June 2022?,"Tournament friends, old friends, teammates",D14:22,1,True,50,361,True,True,2,False,False,True,True,True,True,True,True,True,True,True,True
hybrid-search,hybrid-search,rag,conv-42_q126,conv-42,126,4,True,What special items did Nate get for everyone at his gaming party?,Custom controller decorations,D14:24,1,True,50,360,True,True,5,False,False,True,True,True,True,True,True,True,True,True,True
hybrid-search,hybrid-search,rag,conv-42_q127,conv-42,127,4,True,What did Joanna write yesterday that appeared on the big screen?,screenplay bits,D15:1,1,True,50,354,True,True,2,False,False,True,True,True,True,True,True,True,True,True,True
hybrid-search,hybrid-search,rag,conv-42_q128,conv-42,128,4,True,What superhero is Joanna a fan of?,Spider-Man,D15:3,1,True,50,347,True,True,2,False,False,True,True,True,True,True,True,True,True,True,True
hybrid-search,hybrid-search,rag,conv-42_q129,conv-42,129,4,True,Which superhero toy figure does Nate share a photo of?,Iron Man,D15:4,1,True,50,354,True,True,1,True,True,True,True,True,True,True,True,True,True,True,True
hybrid-search,hybrid-search,rag,conv-42_q130,conv-42,130,4,True,What is displayed on Joanna's cork board for motivation and creativity?,"inspiring quotes, photos, and little keepsakes",D15:7,1,True,50,345,False,False,,False,False,False,False,False,False,False,False,False,False,False,False
hybrid-search,hybrid-search,rag,conv-42_q131,conv-42,131,4,True,What does the photo on Joanna's cork board remind her of?,love and encouragement from her family,D15:11,1,True,50,351,True,True,1,True,True,True,True,True,True,True,True,True,True,True,True
hybrid-search,hybrid-search,rag,conv-42_q132,conv-42,132,4,True,What did Nate make and share with his vegan diet group?,vegan ice cream,D16:8,1,True,50,362,True,True,1,True,True,True,True,True,True,True,True,True,True,True,True
hybrid-search,hybrid-search,rag,conv-42_q133,conv-42,133,4,True,How many people attended the gaming party hosted by Nate in June 2022?,7,D16:6,1,True,50,363,True,True,1,True,True,True,True,True,True,True,True,True,True,True,True
hybrid-search,hybrid-search,rag,conv-42_q134,conv-42,134,4,True,What recipe Nate offer to share with Joanna?,vegan ice cream recipe,D16:10,1,True,50,355,True,True,20,False,False,False,False,False,False,True,True,True,True,True,True
hybrid-search,hybrid-search,rag,conv-42_q135,conv-42,135,4,True,What did Joanna plan to do with the recipe Nate promised to share?,make it for her family,D16:11,1,True,50,355,True,True,4,False,False,True,True,True,True,True,True,True,True,True,True
hybrid-search,hybrid-search,rag,conv-42_q136,conv-42,136,4,True,"How many video game tournaments has Nate won by July 10, 2022?",Four,D17:1,1,True,50,370,True,True,1,True,True,True,True,True,True,True,True,True,True,True,True
hybrid-search,hybrid-search,rag,conv-42_q137,conv-42,137,4,True,Where did Joanna go for a road trip for research?,Woodhaven,D17:4,1,True,50,347,True,True,11,False,False,False,False,False,False,True,True,True,True,True,True
hybrid-search,hybrid-search,rag,conv-42_q138,conv-42,138,4,True,What did Joanna discover at the library in Woodhaven?,cool old book collection,D17:4,1,True,50,353,True,True,2,False,False,True,True,True,True,True,True,True,True,True,True
hybrid-search,hybrid-search,rag,conv-42_q139,conv-42,139,4,True,What specific themes are explored in Joanna's new book?,"loss, redemption, and forgiveness",D17:16,1,True,50,353,True,True,5,False,False,True,True,True,True,True,True,True,True,True,True
hybrid-search,hybrid-search,rag,conv-42_q140,conv-42,140,4,True,What inspired Joanna's new script in July 2022?,Woodhaven's interesting past and people,D17:8,1,True,50,353,True,True,17,False,False,False,False,False,False,True,True,True,True,True,True
hybrid-search,hybrid-search,rag,conv-42_q141,conv-42,141,4,True,What did Nate do while Joanna was on her road trip?,Won a video game tournament,D17:2,1,True,50,367,True,True,12,False,False,False,False,False,False,True,True,True,True,True,True
hybrid-search,hybrid-search,rag,conv-42_q142,conv-42,142,4,True,What does Nate do that he loves and can make money from?,Competing in video game tournaments,D17:1,1,True,50,356,True,True,5,False,False,True,True,True,True,True,True,True,True,True,True
hybrid-search,hybrid-search,rag,conv-42_q143,conv-42,143,4,True,How did Joanna feel when someone wrote her a letter after reading her blog post?,Touched,D18:5,1,True,50,358,True,True,3,False,False,True,True,True,True,True,True,True,True,True,True
hybrid-search,hybrid-search,rag,conv-42_q144,conv-42,144,4,True,What kind of impact does Joanna hope to have with her writing?,share her stories and hopefully have an impact,D18:7,1,True,50,354,True,True,1,True,True,True,True,True,True,True,True,True,True,True,True
hybrid-search,hybrid-search,rag,conv-42_q145,conv-42,145,4,True,What kind of content did Joanna share that someone wrote her a letter about?,A blog post about a hard moment in her life,D18:5,1,True,50,347,True,True,7,False,False,False,False,True,True,True,True,True,True,True,True
hybrid-search,hybrid-search,rag,conv-42_q146,conv-42,146,4,True,What motivates Joanna to keep writing even on tough days?,Knowing that her writing can make a difference,D18:7,1,True,50,358,True,True,2,False,False,True,True,True,True,True,True,True,True,True,True
hybrid-search,hybrid-search,rag,conv-42_q147,conv-42,147,4,True,What type of ice cream does Joanna mention that Nate makes and is delicious?,Coconut milk ice cream,D18:9,1,True,50,350,True,True,3,False,False,True,True,True,True,True,True,True,True,True,True
hybrid-search,hybrid-search,rag,conv-42_q148,conv-42,148,4,True,How did Nate feel about sharing his love for dairy-free desserts with Joanna?,Happy to share,D18:12,1,True,50,363,True,True,2,False,False,True,True,True,True,True,True,True,True,True,True
hybrid-search,hybrid-search,rag,conv-42_q149,conv-42,149,4,True,What did Joanna share with her writers group in August 2022?,her book,D19:6,1,True,50,350,True,True,28,False,False,False,False,False,False,False,False,True,True,True,True
hybrid-search,hybrid-search,rag,conv-42_q150,conv-42,150,4,True,How did Joanna celebrate after sharing her book with her writers group?,making a delicious treat,D19:8,1,True,50,339,True,True,3,False,False,True,True,True,True,True,True,True,True,True,True
hybrid-search,hybrid-search,rag,conv-42_q151,conv-42,151,4,True,How did Nate celebrate winning the international tournament?,Taking time off to chill with pets,D19:9,1,True,50,366,False,False,,False,False,False,False,False,False,False,False,False,False,False,False
hybrid-search,hybrid-search,rag,conv-42_q152,conv-42,152,4,True,Why is Joanna experimenting with dairy-free options in her dessert recipes?,lactose intolerance,D20:10,1,True,50,347,True,True,1,True,True,True,True,True,True,True,True,True,True,True,True
hybrid-search,hybrid-search,rag,conv-42_q153,conv-42,153,4,True,What substitution does Nate suggest for butter in dairy-free baking?,dairy-free margarine or coconut oil,D20:15,1,True,50,365,True,True,1,True,True,True,True,True,True,True,True,True,True,True,True
hybrid-search,hybrid-search,rag,conv-42_q154,conv-42,154,4,True,What type of show did Nate host where he taught vegan ice cream recipes?,a cooking show,D21:4,1,True,50,365,True,True,2,False,False,True,True,True,True,True,True,True,True,True,True
hybrid-search,hybrid-search,rag,conv-42_q155,conv-42,155,4,True,What is Nate's favorite dish from the cooking show he hosted?,Coconut milk ice cream,D21:6,1,True,50,360,True,True,4,False,False,True,True,True,True,True,True,True,True,True,True
hybrid-search,hybrid-search,rag,conv-42_q156,conv-42,156,4,True,What is one of Nate's favorite dairy-free treats besides coconut milk ice cream?,dairy-free chocolate mousse,D21:10,1,True,50,361,True,True,8,False,False,False,False,True,True,True,True,True,True,True,True
hybrid-search,hybrid-search,rag,conv-42_q157,conv-42,157,4,True,"What dessert did Joanna share a photo of that has an almond flour crust, chocolate ganache, and fresh raspberries?",chocolate raspberry tart,D21:11,1,True,50,343,True,True,4,False,False,True,True,True,True,True,True,True,True,True,True
hybrid-search,hybrid-search,rag,conv-42_q158,conv-42,158,4,True,What kind of cake did Joanna share a photo of that she likes making for birthdays and special days?,chocolate cake with raspberries,D21:13,1,True,50,348,True,True,16,False,False,False,False,False,False,True,True,True,True,True,True
hybrid-search,hybrid-search,rag,conv-42_q159,conv-42,159,4,True,"What two main ingredients are part of the dessert Joanna shared a photo of with blueberries, coconut milk, and a gluten-free crust?",blueberries and coconut milk,D21:17,1,True,50,346,True,True,3,False,False,True,True,True,True,True,True,True,True,True,True
hybrid-search,hybrid-search,rag,conv-42_q160,conv-42,160,4,False,"What movie did Nate recently watch and enjoy on October 6, 2022?",Little Women,D22:8,1,True,50,359,True,True,40,False,False,False,False,False,False,False,False,True,True,True,True
hybrid-search,hybrid-search,rag,conv-42_q161,conv-42,161,4,True,What did Joanna make for one of the ladies at her writing club?,a bookmark,D22:19,1,True,50,344,True,True,21,False,False,False,False,False,False,False,False,True,True,True,True
hybrid-search,hybrid-search,rag,conv-42_q162,conv-42,162,4,True,"What game did Nate play at the game convention he attended on 9 October, 2022?",Catan,D23:7,1,True,50,362,True,True,9,False,False,False,False,True,True,True,True,True,True,True,True
hybrid-search,hybrid-search,rag,conv-42_q163,conv-42,163,4,True,What movie has Nate recently seen that blew his mind?,"""Inception""",D23:17,1,True,50,362,True,True,3,False,False,True,True,True,True,True,True,True,True,True,True
hybrid-search,hybrid-search,rag,conv-42_q164,conv-42,164,4,True,"What game has Nate been playing nonstop with a futuristic setting and gameplay on October 9, 2022?",Cyberpunk 2077,D23:17,1,True,50,367,True,True,21,False,False,False,False,False,False,False,False,True,True,True,True
hybrid-search,hybrid-search,rag,conv-42_q165,conv-42,165,4,True,What did Nate share a photo of when mentioning unwinding at home?,a bookcase filled with dvds and movies,D23:15,1,True,50,360,True,True,2,False,False,True,True,True,True,True,True,True,True,True,True
hybrid-search,hybrid-search,rag,conv-42_q166,conv-42,166,4,True,How did Joanna describe the classic movie he watched?,gripping with great actors,D23:18,1,True,50,351,True,True,9,False,False,False,False,True,True,True,True,True,True,True,True
hybrid-search,hybrid-search,rag,conv-42_q167,conv-42,167,4,True,What does Joanna recommend to make a living room comfy like hers?,"couch for multiple people, fluffy blanket, lights that can be dimmed",D23:26,1,True,50,351,True,True,1,True,True,True,True,True,True,True,True,True,True,True,True
hybrid-search,hybrid-search,rag,conv-42_q168,conv-42,168,4,True,What helps Joanna stay focused and brings her joy?,stuffed animal dog named Tilly,D24:8,1,True,50,349,True,True,3,False,False,True,True,True,True,True,True,True,True,True,True
hybrid-search,hybrid-search,rag,conv-42_q169,conv-42,169,4,True,What does Joanna do while she writes?,have a stuffed animal dog named Tilly with her,D24:4,1,True,50,347,True,True,33,False,False,False,False,False,False,False,False,True,True,True,True
hybrid-search,hybrid-search,rag,conv-42_q170,conv-42,170,4,True,Why did Joanna name the stuffed animal dog Tilly?,after a dog she had in Michigan,D24:6,1,True,50,349,True,True,2,False,False,True,True,True,True,True,True,True,True,True,True
hybrid-search,hybrid-search,rag,conv-42_q171,conv-42,171,4,True,What does Joanna do after receiving a rejection from a production company?,keep grinding and moving ahead,D24:14,1,True,50,354,True,True,2,False,False,True,True,True,True,True,True,True,True,True,True
hybrid-search,hybrid-search,rag,conv-42_q172,conv-42,172,4,True,How does Nate feel about Joanna's ability to bounce back from setbacks?,respect Joanna for being able to bounce back,D24:15,1,True,50,359,True,True,5,False,False,True,True,True,True,True,True,True,True,True,True
hybrid-search,hybrid-search,rag,conv-42_q173,conv-42,173,4,True,What encouragement does Nate give to Joanna after her setback?,"rejections don't define her, keep grinding and she'll find the perfect opportunity",D24:13,1,True,50,357,True,True,5,False,False,True,True,True,True,True,True,True,True,True,True
hybrid-search,hybrid-search,rag,conv-42_q174,conv-42,174,4,True,What does Nate rely on for cheer and joy?,his turtles,D24:3,1,True,50,370,True,True,13,False,False,False,False,False,False,True,True,True,True,True,True
hybrid-search,hybrid-search,rag,conv-42_q175,conv-42,175,4,True,What does Joanna use to remember her dog from Michigan?,naming a stuffed animal dog Tilly,D24:6,1,True,50,355,True,True,2,False,False,True,True,True,True,True,True,True,True,True,True
hybrid-search,hybrid-search,rag,conv-42_q176,conv-42,176,4,True,"What did Joanna contribute to that was shown on the big screen on the Sunday before October 25, 2022?",movie script,D25:2,1,True,50,348,True,True,1,True,True,True,True,True,True,True,True,True,True,True,True
hybrid-search,hybrid-search,rag,conv-42_q177,conv-42,177,4,True,What inspires Joanna to create drawings of her characters?,visuals to help bring the characters alive in her head so she can write better,D25:8,1,True,50,347,True,True,3,False,False,True,True,True,True,True,True,True,True,True,True
hybrid-search,hybrid-search,rag,conv-42_q178,conv-42,178,4,True,Where does Joanna get her ideas for the characters from?,"people she knows, things she saw, her imagination",D25:10,1,True,50,351,True,True,1,True,True,True,True,True,True,True,True,True,True,True,True
hybrid-search,hybrid-search,rag,conv-42_q179,conv-42,179,4,True,"How did Joanna feel on October 25, 2022 about seeing her characters come alive on the big screen?",surreal and cool,D25:6,1,True,50,360,True,True,1,True,True,True,True,True,True,True,True,True,True,True,True
hybrid-search,hybrid-search,rag,conv-42_q180,conv-42,180,4,True,What type of diet do Nate's turtles have?,"combination of vegetables, fruits, and insects",D25:19,1,True,50,367,True,True,1,True,True,True,True,True,True,True,True,True,True,True,True
hybrid-search,hybrid-search,rag,conv-42_q181,conv-42,181,4,True,What ingredient did Nate use to make the ice cream lactose-free?,coconut milk,D26:18,1,True,50,356,True,True,1,True,True,True,True,True,True,True,True,True,True,True,True
hybrid-search,hybrid-search,rag,conv-42_q182,conv-42,182,4,True,What did Joanna find in old notebooks last week that prompted her to reflect on her progress as a writer?,early writings,D26:5,1,True,50,351,True,True,2,False,False,True,True,True,True,True,True,True,True,True,True
hybrid-search,hybrid-search,rag,conv-42_q183,conv-42,183,4,True,"What game is Nate currently playing and recommends to others on November 7, 2022?","""Xenoblade Chronicles""",D27:23,1,True,50,369,True,True,10,False,False,False,False,True,True,True,True,True,True,True,True
hybrid-search,hybrid-search,rag,conv-42_q184,conv-42,184,4,True,What did Joanna receive from her brother that brought back childhood memories?,a handwritten letter,D27:29,1,True,50,351,True,True,3,False,False,True,True,True,True,True,True,True,True,True,True
hybrid-search,hybrid-search,rag,conv-42_q185,conv-42,185,4,True,"What is the type of game ""Xenoblade Chronicles"" that Nate is playing?",fantasy RPG,D27:23,1,True,50,356,True,True,1,True,True,True,True,True,True,True,True,True,True,True,True
hybrid-search,hybrid-search,rag,conv-42_q186,conv-42,186,4,True,"What dish did Nate make on 9 November, 2022?",Homemade coconut ice cream,D28:1,1,True,50,358,True,True,5,False,False,True,True,True,True,True,True,True,True,True,True
hybrid-search,hybrid-search,rag,conv-42_q187,conv-42,187,4,True,"What project is Joanna working on in her notebook on November 9, 2022?",A suspenseful thriller set in a small Midwestern town,D28:12,1,True,50,347,True,True,22,False,False,False,False,False,False,False,False,True,True,True,True
hybrid-search,hybrid-search,rag,conv-42_q188,conv-42,188,4,True,"What is Nate creating for YouTube on 9 November, 2022?",gaming content,D28:13,1,True,50,360,True,True,5,False,False,True,True,True,True,True,True,True,True,True,True
hybrid-search,hybrid-search,rag,conv-42_q189,conv-42,189,4,True,What inspired Nate to start making gaming videos?,Love of gaming and connecting with others who enjoy it too,D28:15,1,True,50,359,True,True,2,False,False,True,True,True,True,True,True,True,True,True,True
hybrid-search,hybrid-search,rag,conv-42_q190,conv-42,190,4,True,What new content is Nate creating for YouTube?,Gaming videos,D28:13,1,True,50,352,True,True,2,False,False,True,True,True,True,True,True,True,True,True,True
hybrid-search,hybrid-search,rag,conv-42_q191,conv-42,191,4,True,What advice does Joanna give to Nate about making YouTube videos?,Watch other people's videos to understand what the audience likes,D28:18,1,True,50,353,True,True,1,True,True,True,True,True,True,True,True,True,True,True,True
hybrid-search,hybrid-search,rag,conv-42_q192,conv-42,192,4,True,What did Joanna take a picture of near Fort Wayne last summer?,Sunset,D28:22,1,True,50,347,True,True,26,False,False,False,False,False,False,False,False,True,True,True,True
hybrid-search,hybrid-search,rag,conv-42_q193,conv-42,193,4,True,What inspired Joanna to take a picture of the sunset in the field near Fort Wayne?,The incredible sunset and surrounding beauty,D28:22,1,True,50,346,True,True,1,True,True,True,True,True,True,True,True,True,True,True,True
hybrid-search,hybrid-search,rag,conv-42_q194,conv-42,194,4,True,Why did Nate get a third turtle?,He saw another one at a pet store and wanted to get it,D28:25,1,True,50,371,True,True,1,True,True,True,True,True,True,True,True,True,True,True,True
hybrid-search,hybrid-search,rag,conv-42_q195,conv-42,195,4,True,What does Nate want to do when he goes over to Joanna's place?,Watch one of Joanna's movies together or go to the park,D28:29,1,True,50,361,True,True,28,False,False,False,False,False,False,False,False,True,True,True,True
hybrid-search,hybrid-search,rag,conv-42_q196,conv-42,196,4,True,What did Nate take to the beach in Tampa?,turtles,D29:6,1,True,50,362,True,True,1,True,True,True,True,True,True,True,True,True,True,True,True
hybrid-search,hybrid-search,rag,conv-42_q197,conv-42,197,4,True,What does Nate love most about having turtles?,They make him feel calm and don't require much looking after,D29:8,1,True,50,369,True,True,5,False,False,True,True,True,True,True,True,True,True,True,True
hybrid-search,hybrid-search,rag,conv-42_q198,conv-42,198,4,False,What did Nate share a photo of as a part of his experimentation in November 2022?,colorful bowls of coconut milk ice cream,D29:10,1,True,50,356,False,False,,False,False,False,False,False,False,False,False,False,False,False,False
hybrid-search,hybrid-search,rag,conv-43_q0,conv-43,0,1,True,what are John's goals with regards to his basketball career?,"improve shooting percentage, win a championship",D11:17 D1:9 D6:15,3,True,50,335,True,True,2,False,False,True,False,True,True,True,True,True,True,True,True
hybrid-search,hybrid-search,rag,conv-43_q1,conv-43,1,1,True,What are John's goals for his career that are not related to his basketball skills?,"get endorsements, build his brand, do charity work",D11:17 D6:15,2,True,50,333,True,True,2,False,False,True,True,True,True,True,True,True,True,True,True
hybrid-search,hybrid-search,rag,conv-43_q2,conv-43,2,1,True,What items does John collect?,"sneakers, fantasy movie DVDs, jerseys",D12:18 D1:15 D27:20,3,True,50,325,True,True,1,True,False,True,False,True,False,True,False,True,True,True,True
hybrid-search,hybrid-search,rag,conv-43_q3,conv-43,3,3,True,Would Tim enjoy reading books by C. S. Lewis or John Greene?,C. S.Lewis,D1:14 D1:16 D1:18,3,True,50,353,False,False,,False,False,False,False,False,False,False,False,False,False,False,False
hybrid-search,hybrid-search,rag,conv-43_q4,conv-43,4,1,False,What books has Tim read?,"Harry Potter, Game of Thrones, the Name of the Wind, The Alchemist, The Hobbit, A Dance with Dragons, and the Wheel of Time.",D11:26 D1:14 D20:21 D22:13 D26:36 D2:7 D6:8,7,True,50,348,True,False,2,False,False,True,False,True,False,True,False,True,False,True,False
hybrid-search,hybrid-search,rag,conv-43_q5,conv-43,5,3,True,"Based on Tim's collections, what is a shop that he would enjoy visiting in New York city?",House of MinaLima,D2:9,1,True,50,341,True,True,6,False,False,False,False,True,True,True,True,True,True,True,True
hybrid-search,hybrid-search,rag,conv-43_q6,conv-43,6,2,False,In which month's game did John achieve a career-high score in points?,June 2023,D3:1,1,True,50,342,True,True,1,True,True,True,True,True,True,True,True,True,True,True,True
hybrid-search,hybrid-search,rag,conv-43_q7,conv-43,7,1,True,Which geographical locations has Tim been to?,"California, London, the Smoky Mountains",D14:16 D1:18 D3:2,3,True,50,350,False,False,,False,False,False,False,False,False,False,False,False,False,False,False
hybrid-search,hybrid-search,rag,conv-43_q8,conv-43,8,3,False,Which outdoor gear company likely signed up John for an endorsement deal?,Under Armour,D25:2 D3:15,2,True,50,340,True,True,2,False,False,True,False,True,True,True,True,True,True,True,True
hybrid-search,hybrid-search,rag,conv-43_q9,conv-43,9,1,True,Which endorsement deals has John been offered?,"basketball shoes and gear deal with Nike, potential sponsorship with Gatorade, Moxie a popular beverage company, outdoor gear company",D25:2 D29:4 D3:13 D3:15,4,True,50,340,True,True,2,False,False,True,False,True,False,True,True,True,True,True,True
hybrid-search,hybrid-search,rag,conv-43_q10,conv-43,10,2,False,When was John in Seattle for a game?,"early August, 2023",D3:19 D5:2,2,True,50,335,True,True,2,False,False,True,False,True,False,True,True,True,True,True,True
hybrid-search,hybrid-search,rag,conv-43_q11,conv-43,11,1,False,What sports does John like besides basketball?,surfing,D1:7 D2:14 D3:1 D3:25,4,True,50,338,True,False,17,False,False,False,False,False,False,True,False,True,False,True,False
hybrid-search,hybrid-search,rag,conv-43_q12,conv-43,12,2,True,What year did John start surfing?,2018,D3:27,1,True,50,337,True,True,1,True,True,True,True,True,True,True,True,True,True,True,True
hybrid-search,hybrid-search,rag,conv-43_q13,conv-43,13,1,True,What does Tim do to escape reality?,Read fantasy books.,D2:11 D3:30,2,True,50,349,True,False,5,False,False,True,False,True,False,True,False,True,False,True,False
hybrid-search,hybrid-search,rag,conv-43_q14,conv-43,14,1,False,What kind of writing does Tim do?,"comments on favorite books in a fantasy literature forum, articles on fantasy novels, studying characters, themes, and making book recommendations, writing a fantasy novel",D15:3 D2:1 D4:3 D4:5,4,True,50,341,True,True,5,False,False,True,False,True,False,True,False,True,True,True,True
hybrid-search,hybrid-search,rag,conv-43_q15,conv-43,15,3,True,Who is Anthony?,"likely John's friend, colleague or family",D4:8,1,True,50,314,True,True,1,True,True,True,True,True,True,True,True,True,True,True,True
hybrid-search,hybrid-search,rag,conv-43_q16,conv-43,16,2,False,After how many weeks did Tim reconnect with the fellow Harry Potter fan from California?,three weeks,D3:2 D5:1,2,True,50,354,True,True,2,False,False,True,False,True,False,True,True,True,True,True,True
hybrid-search,hybrid-search,rag,conv-43_q17,conv-43,17,1,False,How many games has John mentioned winning?,6,D22:4 D23:7 D24:2 D3:3 D5:2,5,True,50,334,True,True,1,True,False,True,False,True,False,True,False,True,True,True,True
hybrid-search,hybrid-search,rag,conv-43_q18,conv-43,18,1,True,What authors has Tim read books from?,"J.K. Rowling, R.R. Martin, Patrick Rothfuss, Paulo Coelho, and J. R. R. Tolkien.",D1:14 D20:21 D26:36 D2:7 D4:7 D5:15 D:11:26,7,True,50,353,True,False,8,False,False,False,False,True,False,True,False,True,False,True,False
hybrid-search,hybrid-search,rag,conv-43_q19,conv-43,19,3,False,What is a prominent charity organization that John might want to work with and why?,"Good Sports, because they work with Nike, Gatorade, and Under Armour and they aim toprovide youth sports opportunities for kids ages 3-18 in high-need communities.",D3:13 D3:15 D6:15,3,True,50,337,True,False,2,False,False,True,False,True,False,True,False,True,False,True,False
hybrid-search,hybrid-search,rag,conv-43_q20,conv-43,20,2,True,Which city was John in before traveling to Chicago?,Seattle,D3:19 D5:2 D6:1 D6:3,4,True,50,338,True,True,2,False,False,True,False,True,False,True,False,True,True,True,True
hybrid-search,hybrid-search,rag,conv-43_q21,conv-43,21,1,True,Which US cities does John mention visiting to Tim?,"Seattle, Chicago, New York",D3:19 D6:3 D9:6,3,True,50,347,True,True,13,False,False,False,False,False,False,True,False,True,True,True,True
hybrid-search,hybrid-search,rag,conv-43_q22,conv-43,22,2,True,When did John meet with his teammates after returning from Chicago?,"August 15, 2023",D7:1,1,True,50,341,True,True,1,True,True,True,True,True,True,True,True,True,True,True,True
hybrid-search,hybrid-search,rag,conv-43_q23,conv-43,23,2,True,When is Tim attending a book conference?,September 2023,D7:6,1,True,50,350,True,True,1,True,True,True,True,True,True,True,True,True,True,True,True
hybrid-search,hybrid-search,rag,conv-43_q24,conv-43,24,2,True,Where was John between August 11 and August 15 2023?,Chicago,D6:1 D6:3 D7:1,3,True,50,330,True,True,6,False,False,False,False,True,False,True,False,True,True,True,True
hybrid-search,hybrid-search,rag,conv-43_q25,conv-43,25,1,True,What similar sports collectible do Tim and John own?,signed basketball,D16:7 D16:9 D7:7 D7:9,4,True,50,356,True,True,23,False,False,False,False,False,False,False,False,True,True,True,True
hybrid-search,hybrid-search,rag,conv-43_q26,conv-43,26,1,True,Which TV series does Tim mention watching?,"That, Wheel of Time",D17:1 D17:11 D26:36,3,True,50,351,True,True,3,False,False,True,False,True,False,True,False,True,True,True,True
hybrid-search,hybrid-search,rag,conv-43_q27,conv-43,27,3,True,Which popular time management technique does Tim use to prepare for exams?,Pomodoro technique,D18:3 D18:7,2,True,50,326,True,True,5,False,False,True,True,True,True,True,True,True,True,True,True
hybrid-search,hybrid-search,rag,conv-43_q28,conv-43,28,3,True,Which popular music composer's tunes does Tim enjoy playing on the piano?,John Williams,D8:14 D8:16,2,True,50,340,True,True,1,True,False,True,False,True,False,True,False,True,True,True,True
hybrid-search,hybrid-search,rag,conv-43_q29,conv-43,29,1,True,What schools did John play basketball in and how many years was he with his team during high school?,"Middle school, high school, and college and he was with his high school team for 4 years.",D6:13 D9:4,2,True,50,341,True,False,26,False,False,False,False,False,False,False,False,True,False,True,False
hybrid-search,hybrid-search,rag,conv-43_q30,conv-43,30,1,False,Which cities has John been to?,"Seattle, Chicago, New York, and Paris.",D27:36 D3:19 D6:3 D9:6,4,True,50,338,True,False,4,False,False,True,False,True,False,True,False,True,False,True,False
hybrid-search,hybrid-search,rag,conv-43_q31,conv-43,31,2,True,What month did Tim plan on going to Universal Studios?,"September, 2023",D10:9,1,True,50,356,True,True,47,False,False,False,False,False,False,False,False,True,True,True,True
hybrid-search,hybrid-search,rag,conv-43_q32,conv-43,32,3,True,Which US states might Tim be in during September 2023 based on his plans of visiting Universal Studios?,California or Florida,D10:9,1,True,50,345,False,False,,False,False,False,False,False,False,False,False,False,False,False,False
hybrid-search,hybrid-search,rag,conv-43_q33,conv-43,33,2,False,When does John plan on traveling with his team on a team trip?,"October, 2023",D11:7,1,True,50,340,True,True,8,False,False,False,False,True,True,True,True,True,True,True,True
hybrid-search,hybrid-search,rag,conv-43_q34,conv-43,34,3,False,What could John do after his basketball career?,become a basketball coach since he likes giving back and leadership,D11:19 D26:1 D27:26,3,True,50,337,True,False,1,True,False,True,False,True,False,True,False,True,False,True,False
hybrid-search,hybrid-search,rag,conv-43_q35,conv-43,35,1,True,What outdoor activities does John enjoy?,"Hiking, surfing",D12:6 D3:27,2,True,50,336,True,True,19,False,False,False,False,False,False,True,False,True,True,True,True
hybrid-search,hybrid-search,rag,conv-43_q36,conv-43,36,1,True,Who is Tim and John's favorite basketball player?,LeBron James,D12:20 D12:22 D16:9,3,True,50,360,True,True,1,True,False,True,True,True,True,True,True,True,True,True,True
hybrid-search,hybrid-search,rag,conv-43_q37,conv-43,37,2,False,Which week did Tim visit the UK for the Harry Potter Conference?,"The week before October 13th, 2023.",D13:1,1,True,50,361,True,True,1,True,True,True,True,True,True,True,True,True,True,True,True
hybrid-search,hybrid-search,rag,conv-43_q38,conv-43,38,1,True,which country has Tim visited most frequently in his travels?,UK,D13:1 D18:1 D1:18,3,True,50,346,True,False,10,False,False,False,False,True,False,True,False,True,False,True,False
hybrid-search,hybrid-search,rag,conv-43_q39,conv-43,39,2,True,What year did Tim go to the Smoky Mountains?,2022,D14:16,1,True,50,354,True,True,3,False,False,True,True,True,True,True,True,True,True,True,True
hybrid-search,hybrid-search,rag,conv-43_q40,conv-43,40,2,True,Has Tim been to North Carolina and/or Tennesee states in the US?,Yes,D14:16,1,True,50,347,True,True,35,False,False,False,False,False,False,False,False,True,True,True,True
hybrid-search,hybrid-search,rag,conv-43_q41,conv-43,41,1,True,What kind of fiction stories does Tim write?,Fantasy stories with plot twists,D15:3 D16:1,2,True,50,346,True,True,2,False,False,True,False,True,True,True,True,True,True,True,True
hybrid-search,hybrid-search,rag,conv-43_q42,conv-43,42,1,True,What has John cooked?,"Soup, a slow cooker meal, and honey garlic chicken with roasted veg.",D10:4 D15:30 D15:31 D15:32,4,True,50,331,True,True,4,False,False,True,False,True,False,True,True,True,True,True,True
hybrid-search,hybrid-search,rag,conv-43_q43,conv-43,43,1,True,What does John like about Lebron James?,"His heart, determination, skills, and leadership.",D12:20 D16:12,2,True,50,342,True,True,2,False,False,True,True,True,True,True,True,True,True,True,True
hybrid-search,hybrid-search,rag,conv-43_q44,conv-43,44,2,False,When did John and his wife go on a European vacation?,"November, 2023.",D16:14,1,True,50,339,True,True,14,False,False,False,False,False,False,True,True,True,True,True,True
hybrid-search,hybrid-search,rag,conv-43_q45,conv-43,45,2,True,Which country was Tim visiting in the second week of November?,UK,D18:1,1,True,50,338,True,True,6,False,False,False,False,True,True,True,True,True,True,True,True
hybrid-search,hybrid-search,rag,conv-43_q46,conv-43,46,2,False,Where was Tim in the week before 16 November 2023?,UK,D18:1,1,True,50,344,True,True,3,False,False,True,True,True,True,True,True,True,True,True,True
hybrid-search,hybrid-search,rag,conv-43_q47,conv-43,47,2,False,When did John get married at a greenhouse?,last week of September 2023,D12:2,1,True,50,337,True,True,2,False,False,True,True,True,True,True,True,True,True,True,True
hybrid-search,hybrid-search,rag,conv-43_q48,conv-43,48,1,False,When did John get an ankle injury in 2023?,"around November 16, 2023",D18:2,1,True,50,331,True,True,8,False,False,False,False,True,True,True,True,True,True,True,True
hybrid-search,hybrid-search,rag,conv-43_q49,conv-43,49,1,True,How many times has John injured his ankle?,two times,D18:2 D19:6,2,True,50,331,True,True,3,False,False,True,False,True,True,True,True,True,True,True,True
hybrid-search,hybrid-search,rag,conv-43_q50,conv-43,50,1,True,Which book was John reading during his recovery from an ankle injury?,The Alchemist,D18:2 D19:20,2,True,50,325,True,True,1,True,False,True,False,True,True,True,True,True,True,True,True
hybrid-search,hybrid-search,rag,conv-43_q51,conv-43,51,3,False,What kind of yoga for building core strength might John benefit from?,Hatha Yoga,D20:2,1,True,50,323,True,True,3,False,False,True,True,True,True,True,True,True,True,True,True
hybrid-search,hybrid-search,rag,conv-43_q52,conv-43,52,1,True,What does John do to supplement his basketball training?,"Yoga, strength training",D20:2 D8:5,2,True,50,333,True,True,3,False,False,True,False,True,False,True,False,True,True,True,True
hybrid-search,hybrid-search,rag,conv-43_q53,conv-43,53,3,False,What other exercises can help John with his basketball performance?,"Sprinting, long-distance running, and boxing.",D20:2 D8:5,2,True,50,330,True,True,1,True,False,True,False,True,False,True,False,True,True,True,True
hybrid-search,hybrid-search,rag,conv-43_q54,conv-43,54,2,True,When did John take a trip to the Rocky Mountains?,2022,D20:40,1,True,50,349,True,True,1,True,True,True,True,True,True,True,True,True,True,True,True
hybrid-search,hybrid-search,rag,conv-43_q55,conv-43,55,2,False,When did John start playing professionally?,"May, 2023",D1:3 D21:4,2,True,50,335,True,True,2,False,False,True,True,True,True,True,True,True,True,True,True
hybrid-search,hybrid-search,rag,conv-43_q56,conv-43,56,2,False,When did Tim start playing the violin?,August 2023,D21:13,1,True,50,349,True,True,2,False,False,True,True,True,True,True,True,True,True,True,True
hybrid-search,hybrid-search,rag,conv-43_q57,conv-43,57,1,True,What instruments does Tim play?,"piano, violin",D21:11 D8:12,2,True,50,350,True,False,1,True,False,True,False,True,False,True,False,True,False,True,False
hybrid-search,hybrid-search,rag,conv-43_q58,conv-43,58,2,False,When did John attend the Harry Potter trivia?,August 2023.,D22:2 D4:8,2,True,50,338,True,True,2,False,False,True,True,True,True,True,True,True,True,True,True
hybrid-search,hybrid-search,rag,conv-43_q59,conv-43,59,1,True,Which career-high performances did John achieve in 2023?,"highest point score, highest assist",D23:2 D3:1,2,True,50,332,True,True,3,False,False,True,False,True,True,True,True,True,True,True,True
hybrid-search,hybrid-search,rag,conv-43_q60,conv-43,60,2,False,When did John achieve a career-high assist performance?,"December 11, 2023",D23:2,1,True,50,332,True,True,5,False,False,True,True,True,True,True,True,True,True,True,True
hybrid-search,hybrid-search,rag,conv-43_q61,conv-43,61,1,False,What books has John read?,"inpsiring book on dreaming big, The Alchemist, fantasy series, non-fiction books on personal development, Dune",D11:26 D17:9 D19:16 D19:20 D22:12 D4:10,6,True,50,327,True,False,1,True,False,True,False,True,False,True,False,True,False,True,False
hybrid-search,hybrid-search,rag,conv-43_q62,conv-43,62,1,True,What does John do to share his knowledge?,"gives seminars, mentors younger players.",D14:3 D26:1,2,True,50,329,True,True,1,True,False,True,False,True,True,True,True,True,True,True,True
hybrid-search,hybrid-search,rag,conv-43_q63,conv-43,63,2,False,When did John organize a basketball camp for kids?,summer 2023,D26:23,1,True,50,340,True,True,7,False,False,False,False,True,True,True,True,True,True,True,True
hybrid-search,hybrid-search,rag,conv-43_q64,conv-43,64,2,False,Which month was John in Italy?,"December, 2023",D27:2,1,True,50,341,True,True,2,False,False,True,True,True,True,True,True,True,True,True,True
hybrid-search,hybrid-search,rag,conv-43_q65,conv-43,65,1,True,What fantasy movies does Tim like?,"Lord of the Rings, Harry Potter, and Star Wars.",D26:28 D26:32 D27:21 D8:16 D8:18,5,True,50,353,True,True,1,True,False,True,False,True,False,True,False,True,True,True,True
hybrid-search,hybrid-search,rag,conv-43_q66,conv-43,66,3,False,What is a Star Wars book that Tim might enjoy?,Star Wars: Jedi Apprentice by Judy Blundell and David Farland. It is a highly rated and immersive series about his favorite movies.,D27:19 D27:21,2,True,50,351,True,True,1,True,True,True,True,True,True,True,True,True,True,True,True
hybrid-search,hybrid-search,rag,conv-43_q67,conv-43,67,3,True,What would be a good hobby related to his travel dreams for Tim to pick up?,Writing a travel blog.,D15:3 D27:37 D4:1 D6:6,4,True,50,350,True,False,10,False,False,False,False,True,False,True,False,True,False,True,False
hybrid-search,hybrid-search,rag,conv-43_q68,conv-43,68,2,False,What day did Tim get into his study abroad program?,"Januarty 5, 2024",D28:1,1,True,50,337,True,True,1,True,True,True,True,True,True,True,True,True,True,True,True
hybrid-search,hybrid-search,rag,conv-43_q69,conv-43,69,2,False,When will Tim leave for Ireland?,"February, 2024",D28:1,1,True,50,351,True,True,1,True,True,True,True,True,True,True,True,True,True,True,True
hybrid-search,hybrid-search,rag,conv-43_q70,conv-43,70,3,False,Which Star Wars-related locations would Tim enjoy during his visit to Ireland?,"Skellig Michael, Malin Head, Loop Head, Ceann Sibéal, and Brow Head because they are Star Wars filming locations.",D1:18 D27:21 D28:1,3,True,50,356,True,True,1,True,False,True,False,True,False,True,False,True,True,True,True
hybrid-search,hybrid-search,rag,conv-43_q71,conv-43,71,4,True,"Which team did John sign with on 21 May, 2023?",The Minnesota Wolves,D1:5,1,True,50,347,True,True,3,False,False,True,True,True,True,True,True,True,True,True,True
hybrid-search,hybrid-search,rag,conv-43_q72,conv-43,72,4,True,What is John's position on the team he signed with?,shooting guard,D1:7,1,True,50,347,True,True,2,False,False,True,True,True,True,True,True,True,True,True,True
hybrid-search,hybrid-search,rag,conv-43_q73,conv-43,73,4,True,What challenge did John encounter during pre-season training?,fitting into the new team's style of play,D1:11,1,True,50,336,True,True,3,False,False,True,True,True,True,True,True,True,True,True,True
hybrid-search,hybrid-search,rag,conv-43_q74,conv-43,74,4,True,What aspects of the Harry Potter universe will be discussed in John's fan project collaborations?,"characters, spells, magical creatures",D1:16,1,True,50,339,True,True,2,False,False,True,True,True,True,True,True,True,True,True,True
hybrid-search,hybrid-search,rag,conv-43_q75,conv-43,75,4,True,What forum did Tim join recently?,fantasy literature forum,D2:1,1,True,50,337,True,True,2,False,False,True,True,True,True,True,True,True,True,True,True
hybrid-search,hybrid-search,rag,conv-43_q76,conv-43,76,4,True,What kind of picture did Tim share as part of their Harry Potter book collection?,MinaLima's creation from the Harry Potter films,D2:9,1,True,50,352,True,True,1,True,True,True,True,True,True,True,True,True,True,True,True
hybrid-search,hybrid-search,rag,conv-43_q77,conv-43,77,4,True,What was the highest number of points John scored in a game recently?,40 points,D3:1,1,True,50,337,True,True,1,True,True,True,True,True,True,True,True,True,True,True,True
hybrid-search,hybrid-search,rag,conv-43_q78,conv-43,78,4,True,What did John celebrate at a restaurant with teammates?,a tough win,D3:5,1,True,50,340,True,True,14,False,False,False,False,False,False,True,True,True,True,True,True
hybrid-search,hybrid-search,rag,conv-43_q79,conv-43,79,4,True,What kind of deals did John sign with Nike and Gatorade?,"basketball shoe and gear deal with Nike, potential sponsorship deal with Gatorade",D3:13,1,True,50,336,True,True,2,False,False,True,True,True,True,True,True,True,True,True,True
hybrid-search,hybrid-search,rag,conv-43_q80,conv-43,80,4,True,Which city is John excited to have a game at?,Seattle,D3:19,1,True,50,346,True,True,4,False,False,True,True,True,True,True,True,True,True,True,True
hybrid-search,hybrid-search,rag,conv-43_q81,conv-43,81,4,True,How long has John been surfing?,five years,D3:27,1,True,50,335,True,True,2,False,False,True,True,True,True,True,True,True,True,True,True
hybrid-search,hybrid-search,rag,conv-43_q82,conv-43,82,4,True,How does John feel while surfing?,super exciting and free-feeling,D3:29,1,True,50,336,True,True,4,False,False,True,True,True,True,True,True,True,True,True,True
hybrid-search,hybrid-search,rag,conv-43_q83,conv-43,83,4,True,What kind of articles has Tim been writing about for the online magazine?,"different fantasy novels, characters, themes, and book recommendations",D4:5,1,True,50,339,True,True,1,True,True,True,True,True,True,True,True,True,True,True,True
hybrid-search,hybrid-search,rag,conv-43_q84,conv-43,84,4,True,Which two fantasy novels does Tim particularly enjoy writing about?,Harry Potter and Game of Thrones,D4:7,1,True,50,345,True,True,1,True,True,True,True,True,True,True,True,True,True,True,True
hybrid-search,hybrid-search,rag,conv-43_q85,conv-43,85,4,True,What did Anthony and John end up playing during the charity event?,an intense Harry Potter trivia contest,D4:8,1,True,50,333,True,True,20,False,False,False,False,False,False,True,True,True,True,True,True
hybrid-search,hybrid-search,rag,conv-43_q86,conv-43,86,4,False,What did John share with the person he skyped about?,Characters from Harry Potter,D5:1,1,True,50,335,True,True,3,False,False,True,True,True,True,True,True,True,True,True,True
hybrid-search,hybrid-search,rag,conv-43_q87,conv-43,87,4,True,How did John describe the team bond?,Awesome,D5:6,1,True,50,336,True,True,4,False,False,True,True,True,True,True,True,True,True,True,True
hybrid-search,hybrid-search,rag,conv-43_q88,conv-43,88,4,True,How did John get introduced to basketball?,Dad signed him up for a local league,D6:13,1,True,50,332,False,False,,False,False,False,False,False,False,False,False,False,False,False,False
hybrid-search,hybrid-search,rag,conv-43_q89,conv-43,89,4,True,What is John's number one goal in his basketball career?,Winning a championship,D6:15,1,True,50,331,True,True,1,True,True,True,True,True,True,True,True,True,True,True,True
hybrid-search,hybrid-search,rag,conv-43_q90,conv-43,90,4,True,What organization is John teaming up with for his charity work?,A local organization helping disadvantaged kids with sports and school,D6:17,1,True,50,337,True,True,2,False,False,True,True,True,True,True,True,True,True,True,True
hybrid-search,hybrid-search,rag,conv-43_q91,conv-43,91,4,True,When did John meet back up with his teammates after his trip in August 2023?,Aug 15th,D7:1,1,True,50,343,True,True,1,True,True,True,True,True,True,True,True,True,True,True,True
hybrid-search,hybrid-search,rag,conv-43_q92,conv-43,92,4,True,What did John's teammates give him when they met on Aug 15th?,a basketball with autographs on it,D7:7,1,True,50,338,True,True,9,False,False,False,False,True,True,True,True,True,True,True,True
hybrid-search,hybrid-search,rag,conv-43_q93,conv-43,93,4,True,Why did John's teammates sign the basketball they gave him?,to show their friendship and appreciation,D7:9,1,True,50,335,True,True,1,True,True,True,True,True,True,True,True,True,True,True,True
hybrid-search,hybrid-search,rag,conv-43_q94,conv-43,94,4,True,What is the main intention behind Tim wanting to attend the book conference?,to learn more about literature and create a stronger bond to it,D7:6,1,True,50,345,True,True,3,False,False,True,True,True,True,True,True,True,True,True,True
hybrid-search,hybrid-search,rag,conv-43_q95,conv-43,95,4,False,What new activity has Tim started learning in August 2023?,play the piano,D8:12,1,True,50,341,False,False,,False,False,False,False,False,False,False,False,False,False,False,False
hybrid-search,hybrid-search,rag,conv-43_q96,conv-43,96,4,True,Which movie's theme is Tim's favorite to play on the piano?,"""Harry Potter and the Philosopher's Stone""",D8:14 D8:16,2,True,50,333,True,True,17,False,False,False,False,False,False,True,False,True,True,True,True
hybrid-search,hybrid-search,rag,conv-43_q97,conv-43,97,4,True,"What special memory does ""Harry Potter and the Philosopher's Stone"" bring to Tim?",Watching it with his family,D8:16,1,True,50,348,True,True,1,True,True,True,True,True,True,True,True,True,True,True,True
hybrid-search,hybrid-search,rag,conv-43_q98,conv-43,98,4,True,Which movie does Tim mention they enjoy watching during Thanksgiving?,"""Home Alone""",D8:24,1,True,50,341,True,True,1,True,True,True,True,True,True,True,True,True,True,True,True
hybrid-search,hybrid-search,rag,conv-43_q99,conv-43,99,4,True,What tradition does Tim mention they love during Thanksgiving?,Prepping the feast and talking about what they're thankful for,D8:22,1,True,50,337,True,True,1,True,True,True,True,True,True,True,True,True,True,True,True
hybrid-search,hybrid-search,rag,conv-43_q100,conv-43,100,4,True,How long did John and his high school basketball teammates play together?,Four years,D9:4,1,True,50,337,True,True,28,False,False,False,False,False,False,False,False,True,True,True,True
hybrid-search,hybrid-search,rag,conv-43_q101,conv-43,101,4,True,How was John's experience in New York City?,Amazing,D9:8,1,True,50,339,True,True,1,True,True,True,True,True,True,True,True,True,True,True,True
hybrid-search,hybrid-search,rag,conv-43_q102,conv-43,102,4,True,"What did John say about NYC, enticing Tim to visit?","It's got so much to check out - the culture, food - you won't regret it.",D9:10,1,True,50,349,True,True,2,False,False,True,True,True,True,True,True,True,True,True,True
hybrid-search,hybrid-search,rag,conv-43_q103,conv-43,103,4,True,What kind of soup did John make recently?,tasty soup with sage,D10:4 D10:8,2,True,50,337,True,True,2,False,False,True,True,True,True,True,True,True,True,True,True
hybrid-search,hybrid-search,rag,conv-43_q104,conv-43,104,4,True,What spice did John add to the soup for flavor?,sage,D10:8,1,True,50,333,True,True,2,False,False,True,True,True,True,True,True,True,True,True,True
hybrid-search,hybrid-search,rag,conv-43_q105,conv-43,105,4,True,What is Tim excited to see at Universal Studios?,The Harry Potter stuff,D10:11,1,True,50,343,True,True,1,True,True,True,True,True,True,True,True,True,True,True,True
hybrid-search,hybrid-search,rag,conv-43_q106,conv-43,106,4,True,Where are John and his teammates planning to explore on a team trip?,a new city,D11:7,1,True,50,344,True,True,2,False,False,True,True,True,True,True,True,True,True,True,True
hybrid-search,hybrid-search,rag,conv-43_q107,conv-43,107,4,True,What city did Tim suggest to John for the team trip next month?,"Edinburgh, Scotland",D11:10,1,True,50,344,True,True,4,False,False,True,True,True,True,True,True,True,True,True,True
hybrid-search,hybrid-search,rag,conv-43_q108,conv-43,108,4,True,What does John want to do after his basketball career?,"positively influence and inspire others, potentially start a foundation and engage in charity work",D11:19,1,True,50,337,True,True,1,True,True,True,True,True,True,True,True,True,True,True,True
hybrid-search,hybrid-search,rag,conv-43_q109,conv-43,109,4,True,What advice did Tim give John about picking endorsements?,"Ensure they align with values and brand, look for companies that share the desire to make a change and help others, make sure the endorsement feels authentic",D11:22,1,True,50,336,True,True,6,False,False,False,False,True,True,True,True,True,True,True,True
hybrid-search,hybrid-search,rag,conv-43_q110,conv-43,110,4,True,What book recommendation did Tim give to John for the trip?,A fantasy novel by Patrick Rothfuss,D11:24,1,True,50,353,True,True,18,False,False,False,False,False,False,True,True,True,True,True,True
hybrid-search,hybrid-search,rag,conv-43_q111,conv-43,111,4,True,What type of venue did John and his girlfriend choose for their wedding ceremony?,Greenhouse,D12:4,1,True,50,334,True,True,2,False,False,True,True,True,True,True,True,True,True,True,True
hybrid-search,hybrid-search,rag,conv-43_q112,conv-43,112,4,True,What was the setting for John and his wife's first dance?,Cozy restaurant,D12:10,1,True,50,337,True,True,2,False,False,True,True,True,True,True,True,True,True,True,True
hybrid-search,hybrid-search,rag,conv-43_q113,conv-43,113,4,True,Which basketball team does Tim support?,The Wolves,D12:21,1,True,50,349,True,True,12,False,False,False,False,False,False,True,True,True,True,True,True
hybrid-search,hybrid-search,rag,conv-43_q114,conv-43,114,4,True,What passion does Tim mention connects him with people from all over the world?,passion for fantasy stuff,D13:1,1,True,50,352,True,True,3,False,False,True,True,True,True,True,True,True,True,True,True
hybrid-search,hybrid-search,rag,conv-43_q115,conv-43,115,4,True,How does John describe the game season for his team?,intense with tough losses and great wins,D13:4,1,True,50,338,True,True,6,False,False,False,False,True,True,True,True,True,True,True,True
hybrid-search,hybrid-search,rag,conv-43_q116,conv-43,116,4,True,How does John say his team handles tough opponents?,by backing each other up and not quitting,D13:6,1,True,50,336,True,True,2,False,False,True,True,True,True,True,True,True,True,True,True
hybrid-search,hybrid-search,rag,conv-43_q117,conv-43,117,4,True,"What motivates John's team to get better, according to John?",facing tough opponents,D13:6,1,True,50,324,True,True,10,False,False,False,False,True,True,True,True,True,True,True,True
hybrid-search,hybrid-search,rag,conv-43_q118,conv-43,118,4,True,What did John's team win at the end of the season?,a trophy,D13:8,1,True,50,340,True,True,25,False,False,False,False,False,False,False,False,True,True,True,True
hybrid-search,hybrid-search,rag,conv-43_q119,conv-43,119,4,True,Where did Tim capture the photography of the sunset over the mountain range?,Smoky Mountains,D14:16,1,True,50,349,True,True,3,False,False,True,True,True,True,True,True,True,True,True,True
hybrid-search,hybrid-search,rag,conv-43_q120,conv-43,120,4,True,How does John feel about being seen as a mentor by some of the younger players?,It feels great,D14:11,1,True,50,335,True,True,1,True,True,True,True,True,True,True,True,True,True,True,True
hybrid-search,hybrid-search,rag,conv-43_q121,conv-43,121,4,True,What does John find rewarding about mentoring the younger players?,"Seeing their growth, improvement, and confidence",D14:7,1,True,50,335,True,True,2,False,False,True,True,True,True,True,True,True,True,True,True
hybrid-search,hybrid-search,rag,conv-43_q122,conv-43,122,4,True,What has John been able to help the younger players achieve?,reach their goals,D14:5,1,True,50,327,True,True,1,True,True,True,True,True,True,True,True,True,True,True,True
hybrid-search,hybrid-search,rag,conv-43_q123,conv-43,123,4,True,What genre is the novel that Tim is writing?,Fantasy,D15:3,1,True,50,336,True,True,2,False,False,True,True,True,True,True,True,True,True,True,True
hybrid-search,hybrid-search,rag,conv-43_q124,conv-43,124,4,True,Who is one of Tim's sources of inspiration for writing?,J.K. Rowling,D15:7,1,True,50,332,True,True,20,False,False,False,False,False,False,True,True,True,True,True,True
hybrid-search,hybrid-search,rag,conv-43_q125,conv-43,125,4,True,What J.K. Rowling quote does Tim resonate with?,"""Turn on the light - happiness hides in the darkest of times.""",D15:11,1,True,50,346,True,True,1,True,True,True,True,True,True,True,True,True,True,True,True
hybrid-search,hybrid-search,rag,conv-43_q126,conv-43,126,4,True,What does John write on the whiteboard to help him stay motivated?,motivational quotes and strategies,D15:14,1,True,50,326,True,True,4,False,False,True,True,True,True,True,True,True,True,True,True
hybrid-search,hybrid-search,rag,conv-43_q127,conv-43,127,4,True,What hobby is a therapy for John when away from the court?,Cooking,D15:30,1,True,50,333,True,True,38,False,False,False,False,False,False,False,False,True,True,True,True
hybrid-search,hybrid-search,rag,conv-43_q128,conv-43,128,4,True,What type of meal does John often cook using a slow cooker?,honey garlic chicken with roasted veg,D15:32 D15:33,2,True,50,332,True,False,6,False,False,False,False,True,False,True,False,True,False,True,False
hybrid-search,hybrid-search,rag,conv-43_q129,conv-43,129,4,True,How will John share the honey garlic chicken recipe with the other person?,write it down and mail it,D15:34,1,True,50,332,True,True,1,True,True,True,True,True,True,True,True,True,True,True,True
hybrid-search,hybrid-search,rag,conv-43_q130,conv-43,130,4,True,"What was Tim's huge writing issue last week,as mentioned on November 6, 2023?",He got stuck on a plot twist,D16:1,1,True,50,336,True,True,1,True,True,True,True,True,True,True,True,True,True,True,True
hybrid-search,hybrid-search,rag,conv-43_q131,conv-43,131,4,True,What does Tim have that serves as a reminder of hard work and is his prized possession?,a basketball signed by his favorite player,D16:7,1,True,50,334,True,True,15,False,False,False,False,False,False,True,True,True,True,True,True
hybrid-search,hybrid-search,rag,conv-43_q132,conv-43,132,4,True,Why do Tim and John find LeBron inspiring?,LeBron's determination and the epic block in Game 7 of the '16 Finals,D16:10 D16:9,2,True,50,347,True,True,3,False,False,True,True,True,True,True,True,True,True,True,True
hybrid-search,hybrid-search,rag,conv-43_q133,conv-43,133,4,True,How did John describe the views during their road trip out on the European coastline?,Spectacular,D17:3,1,True,50,336,True,True,1,True,True,True,True,True,True,True,True,True,True,True,True
hybrid-search,hybrid-search,rag,conv-43_q134,conv-43,134,4,True,"What is one of Tim's favorite fantasy TV shows, as mentioned on November 11, 2023?","""That""",D17:10,1,True,50,349,True,True,7,False,False,False,False,True,True,True,True,True,True,True,True
hybrid-search,hybrid-search,rag,conv-43_q135,conv-43,135,4,False,How does Tim stay motivated during difficult study sessions?,Visualizing goals and success,D18:6,1,True,50,342,True,True,2,False,False,True,True,True,True,True,True,True,True,True,True
hybrid-search,hybrid-search,rag,conv-43_q136,conv-43,136,4,False,"What did Tim say about his injury on 16 November, 2023?",The doctor said it's not too serious,D18:10,1,True,50,341,True,True,3,False,False,True,True,True,True,True,True,True,True,True,True
hybrid-search,hybrid-search,rag,conv-43_q137,conv-43,137,4,True,"What was the setback Tim faced in his writing project on 21 November, 2023?",Story based on experiences in the UK didn't go as planned,D19:3,1,True,50,342,True,True,2,False,False,True,True,True,True,True,True,True,True,True,True
hybrid-search,hybrid-search,rag,conv-43_q138,conv-43,138,4,True,How did John overcome his ankle injury from last season?,stayed focused on recovery and worked hard to strengthen his body,D19:6,1,True,50,339,True,True,3,False,False,True,True,True,True,True,True,True,True,True,True
hybrid-search,hybrid-search,rag,conv-43_q139,conv-43,139,4,True,What motivated Tim to keep pushing himself to get better in writing and reading?,Love for writing and reading,D19:9,1,True,50,330,True,True,1,True,True,True,True,True,True,True,True,True,True,True,True
hybrid-search,hybrid-search,rag,conv-43_q140,conv-43,140,4,True,How did John overcome a mistake he made during a big game in basketball?,Worked hard to get better and focused on growth,D19:10,1,True,50,332,True,True,13,False,False,False,False,False,False,True,True,True,True,True,True
hybrid-search,hybrid-search,rag,conv-43_q141,conv-43,141,4,True,What book did John recently finish rereading that left him feeling inspired and hopeful about following dreams?,The Alchemist,D19:20,1,True,50,335,True,True,2,False,False,True,True,True,True,True,True,True,True,True,True
hybrid-search,hybrid-search,rag,conv-43_q142,conv-43,142,4,True,"How did ""The Alchemist"" impact John's perspective on following dreams?",made him think again about following dreams and searching for personal legends,D19:20,1,True,50,338,True,True,2,False,False,True,True,True,True,True,True,True,True,True,True
hybrid-search,hybrid-search,rag,conv-43_q143,conv-43,143,4,True,What is John trying out to improve his strength and flexibility after recovery from ankle injury?,yoga,D20:2,1,True,50,328,True,True,4,False,False,True,True,True,True,True,True,True,True,True,True
hybrid-search,hybrid-search,rag,conv-43_q144,conv-43,144,4,True,How long does John usually hold the yoga pose he shared with Tim?,30-60 seconds,D20:10,1,True,50,342,True,True,1,True,True,True,True,True,True,True,True,True,True,True,True
hybrid-search,hybrid-search,rag,conv-43_q145,conv-43,145,4,True,"Where was the forest picture shared by John on December 1,2023 taken?",near his hometown,D20:28,1,True,50,335,True,True,2,False,False,True,True,True,True,True,True,True,True,True,True
hybrid-search,hybrid-search,rag,conv-43_q146,conv-43,146,4,True,What did Tim recently start learning in addition to being part of a travel club and working on studies?,an instrument,D21:9,1,True,50,352,True,True,2,False,False,True,True,True,True,True,True,True,True,True,True
hybrid-search,hybrid-search,rag,conv-43_q147,conv-43,147,4,True,What instrument is Tim learning to play in December 2023?,violin,D21:11,1,True,50,344,True,True,1,True,True,True,True,True,True,True,True,True,True,True,True
hybrid-search,hybrid-search,rag,conv-43_q148,conv-43,148,4,False,"How long has Tim been playing the piano for, as of December 2023?",about four months,D21:13,1,True,50,341,True,True,2,False,False,True,True,True,True,True,True,True,True,True,True
hybrid-search,hybrid-search,rag,conv-43_q149,conv-43,149,4,True,"What book did Tim just finish reading on 8th December, 2023?","""A Dance with Dragons""",D22:13,1,True,50,348,True,True,1,True,True,True,True,True,True,True,True,True,True,True,True
hybrid-search,hybrid-search,rag,conv-43_q150,conv-43,150,4,False,"Which book did Tim recommend to John as a good story on 8th December, 2023?","""A Dance with Dragons""",D22:13,1,True,50,348,True,True,1,True,True,True,True,True,True,True,True,True,True,True,True
hybrid-search,hybrid-search,rag,conv-43_q151,conv-43,151,4,True,"What is the topic of discussion between John and Tim on 11 December, 2023?",Academic achievements and sports successes,D23:1 D23:2 D23:3,3,True,50,329,False,False,,False,False,False,False,False,False,False,False,False,False,False,False
hybrid-search,hybrid-search,rag,conv-43_q152,conv-43,152,4,True,What kind of game did John have a career-high in assists in?,basketball,D23:3,1,True,50,327,True,True,1,True,True,True,True,True,True,True,True,True,True,True,True
hybrid-search,hybrid-search,rag,conv-43_q153,conv-43,153,4,False,What was John's way of dealing with doubts and stress when he was younger?,practicing basketball outside for hours,D23:9,1,True,50,331,False,False,,False,False,False,False,False,False,False,False,False,False,False,False
hybrid-search,hybrid-search,rag,conv-43_q154,conv-43,154,4,True,How did John feel about the atmosphere during the big game against the rival team?,electric and intense,D23:5,1,True,50,339,True,True,2,False,False,True,True,True,True,True,True,True,True,True,True
hybrid-search,hybrid-search,rag,conv-43_q155,conv-43,155,4,True,How did John feel after being able to jog without pain?,It was a huge success.,D24:16,1,True,50,342,True,True,3,False,False,True,True,True,True,True,True,True,True,True,True
hybrid-search,hybrid-search,rag,conv-43_q156,conv-43,156,4,True,What kind of deal did John get in December?,Deal with a renowned outdoor gear company,D25:2,1,True,50,336,True,True,6,False,False,False,False,True,True,True,True,True,True,True,True
hybrid-search,hybrid-search,rag,conv-43_q157,conv-43,157,4,True,Where was the photoshoot done for John's gear deal?,In a gorgeous forest,D25:4,1,True,50,334,True,True,2,False,False,True,True,True,True,True,True,True,True,True,True
hybrid-search,hybrid-search,rag,conv-43_q158,conv-43,158,4,True,In which area has John's team seen the most growth during training?,Communication and bonding,D25:14,1,True,50,339,True,True,2,False,False,True,True,True,True,True,True,True,True,True,True
hybrid-search,hybrid-search,rag,conv-43_q159,conv-43,159,4,True,What type of seminars is John conducting?,Sports and marketing seminars,D26:1,1,True,50,333,True,True,1,True,True,True,True,True,True,True,True,True,True,True,True
hybrid-search,hybrid-search,rag,conv-43_q160,conv-43,160,4,True,What activity did Tim do after reading the stories about the Himalayan trek?,visited a travel agency,D26:12,1,True,50,349,True,True,1,True,True,True,True,True,True,True,True,True,True,True,True
hybrid-search,hybrid-search,rag,conv-43_q161,conv-43,161,4,True,What is one cause that John supports with his influence and resources?,youth sports and fair chances in sports,D26:21,1,True,50,321,True,True,2,False,False,True,True,True,True,True,True,True,True,True,True
hybrid-search,hybrid-search,rag,conv-43_q162,conv-43,162,4,True,What new fantasy TV series is Tim excited about?,"""The Wheel of Time""",D26:36,1,True,50,350,True,True,1,True,True,True,True,True,True,True,True,True,True,True,True
hybrid-search,hybrid-search,rag,conv-43_q163,conv-43,163,4,True,Which language is Tim learning?,German,D27:5,1,True,50,335,True,True,2,False,False,True,True,True,True,True,True,True,True,True,True
hybrid-search,hybrid-search,rag,conv-43_q164,conv-43,164,4,False,What language does Tim know besides German?,Spanish,D27:6,1,True,50,333,True,True,2,False,False,True,True,True,True,True,True,True,True,True,True
hybrid-search,hybrid-search,rag,conv-43_q165,conv-43,165,4,False,What book did Tim get in Italy that inspired him to cook?,a cooking book,D27:4,1,True,50,346,True,True,2,False,False,True,True,True,True,True,True,True,True,True,True
hybrid-search,hybrid-search,rag,conv-43_q166,conv-43,166,4,False,What is John's favorite book series?,Harry Potter,D27:19,1,True,50,331,True,True,1,True,True,True,True,True,True,True,True,True,True,True,True
hybrid-search,hybrid-search,rag,conv-43_q167,conv-43,167,4,True,"According to John, who is his favorite character from Lord of the Rings?",Aragorn,D27:24,1,True,50,338,True,True,1,True,True,True,True,True,True,True,True,True,True,True,True
hybrid-search,hybrid-search,rag,conv-43_q168,conv-43,168,4,True,Why does John like Aragorn from Lord of the Rings?,"brave, selfless, down-to-earth attitude",D27:30,1,True,50,340,True,True,1,True,True,True,True,True,True,True,True,True,True,True,True
hybrid-search,hybrid-search,rag,conv-43_q169,conv-43,169,4,True,What kind of painting does John have in his room as a reminder?,a painting of Aragorn,D27:28,1,True,50,336,True,True,4,False,False,True,True,True,True,True,True,True,True,True,True
hybrid-search,hybrid-search,rag,conv-43_q170,conv-43,170,4,True,What is the painting of Aragorn a reminder for John to be in everything he does?,be a leader,D27:28,1,True,50,337,True,True,2,False,False,True,True,True,True,True,True,True,True,True,True
hybrid-search,hybrid-search,rag,conv-43_q171,conv-43,171,4,True,What map does Tim show to his friend John?,a map of Middle-earth from LOTR,D27:33,1,True,50,342,True,True,29,False,False,False,False,False,False,False,False,True,True,True,True
hybrid-search,hybrid-search,rag,conv-43_q172,conv-43,172,4,True,Where will Tim be going for a semester abroad?,Ireland,D28:1,1,True,50,348,True,True,1,True,True,True,True,True,True,True,True,True,True,True,True
hybrid-search,hybrid-search,rag,conv-43_q173,conv-43,173,4,True,Which city in Ireland will Tim be staying in during his semester abroad?,Galway,D28:3,1,True,50,348,True,True,1,True,True,True,True,True,True,True,True,True,True,True,True
hybrid-search,hybrid-search,rag,conv-43_q174,conv-43,174,4,True,What charity event did John organize recently in 2024?,benefit basketball game,D28:10,1,True,50,327,True,True,4,False,False,True,True,True,True,True,True,True,True,True,True
hybrid-search,hybrid-search,rag,conv-43_q175,conv-43,175,4,True,What achievement did John share with Tim in January 2024?,endorsement with a popular beverage company,D29:4,1,True,50,348,True,True,17,False,False,False,False,False,False,True,True,True,True,True,True
hybrid-search,hybrid-search,rag,conv-43_q176,conv-43,176,4,True,What was Johns's reaction to sealing the deal with the beverage company?,"crazy feeling, sense of accomplishment",D29:6,1,True,50,330,True,True,2,False,False,True,True,True,True,True,True,True,True,True,True
hybrid-search,hybrid-search,rag,conv-43_q177,conv-43,177,4,True,Which city did John recommend to Tim in January 2024?,Barcelona,D29:12,1,True,50,349,True,True,2,False,False,True,True,True,True,True,True,True,True,True,True
hybrid-search,hybrid-search,rag,conv-44_q0,conv-44,0,2,True,Which year did Audrey adopt the first three of her dogs?,2020,D1:7,1,True,50,344,True,True,2,False,False,True,True,True,True,True,True,True,True,True,True
hybrid-search,hybrid-search,rag,conv-44_q1,conv-44,1,2,False,When did Andrew start his new job as a financial analyst?,"The week before March 27, 2023",D1:2,1,True,50,341,True,True,1,True,True,True,True,True,True,True,True,True,True,True,True
hybrid-search,hybrid-search,rag,conv-44_q2,conv-44,2,1,True,What kind of indoor activities has Andrew pursued with his girlfriend?,"boardgames, volunteering at pet shelter, wine tasting, growing flowers",D13:1 D19:15 D23:1 D25:1,4,True,50,349,True,False,8,False,False,False,False,True,False,True,False,True,False,True,False
hybrid-search,hybrid-search,rag,conv-44_q3,conv-44,3,1,True,What kind of places have Andrew and his girlfriend checked out around the city?,"cafes, new places to eat, open space for hikes, pet shelter, wine tasting event, park",D13:1 D23:3 D25:1 D27:1 D3:1 D3:11 D4:2 D6:1,8,True,50,339,True,True,1,True,False,True,False,True,False,True,False,True,True,True,True
hybrid-search,hybrid-search,rag,conv-44_q4,conv-44,4,2,True,When did Audrey make muffins for herself?,The week of April 3rd to 9th,D3:18,1,True,50,329,True,True,3,False,False,True,True,True,True,True,True,True,True,True,True
hybrid-search,hybrid-search,rag,conv-44_q5,conv-44,5,2,False,When did Audrey see a hummingbird?,first week of May 2023,D4:1,1,True,50,332,True,True,1,True,True,True,True,True,True,True,True,True,True,True,True
hybrid-search,hybrid-search,rag,conv-44_q6,conv-44,6,2,False,When did Audrey adopt Pixie?,"around April 2, 2023",D2:1,1,True,50,318,True,True,1,True,True,True,True,True,True,True,True,True,True,True,True
hybrid-search,hybrid-search,rag,conv-44_q7,conv-44,7,2,True,How many years passed between Audrey adopting Pixie and her other three dogs?,three years,D1:7 D2:1,2,True,50,346,True,True,1,True,False,True,True,True,True,True,True,True,True,True,True
hybrid-search,hybrid-search,rag,conv-44_q8,conv-44,8,2,False,Did Andrew have a pet dog during March 2023?,No,D2:8,1,True,50,352,True,True,42,False,False,False,False,False,False,False,False,True,True,True,True
hybrid-search,hybrid-search,rag,conv-44_q9,conv-44,9,1,True,What kind of classes or groups has Audrey joined to take better care of her dogs?,"positive reinforcement training workshop to bond with pets, dog training course, agility training course, grooming course, dog-owners group",D10:1 D14:2 D16:6 D27:2 D6:2,5,True,50,338,True,True,6,False,False,False,False,True,False,True,False,True,True,True,True
hybrid-search,hybrid-search,rag,conv-44_q10,conv-44,10,2,False,When did Audrey's positive reinforcement training course for dogs take place?,"June, 2023",D6:2,1,True,50,340,True,True,7,False,False,False,False,True,True,True,True,True,True,True,True
hybrid-search,hybrid-search,rag,conv-44_q11,conv-44,11,2,False,When did Andrew go rock climbing?,"June 11, 2023",D8:1,1,True,50,348,True,True,1,True,True,True,True,True,True,True,True,True,True,True,True
hybrid-search,hybrid-search,rag,conv-44_q12,conv-44,12,1,True,What outdoor activities has Andrew done other than hiking in nature?,"rock climbing, fishing, camping",D14:1 D17:1 D8:1,3,True,50,348,True,True,5,False,False,True,False,True,False,True,False,True,True,True,True
hybrid-search,hybrid-search,rag,conv-44_q13,conv-44,13,2,False,When did Audrey move to a new place?,June 2023,D9:1,1,True,50,322,True,True,9,False,False,False,False,True,True,True,True,True,True,True,True
hybrid-search,hybrid-search,rag,conv-44_q14,conv-44,14,1,True,What is something that Andrew really misses while working in the city?,being in nature,D3:7 D9:20,2,True,50,333,True,False,1,True,False,True,False,True,False,True,False,True,False,True,False
hybrid-search,hybrid-search,rag,conv-44_q15,conv-44,15,1,True,What is a shared frustration regarding dog ownership for Audrey and Andrew?,Not being able to find pet friendly spots.,D10:5 D7:8,2,True,50,351,True,True,11,False,False,False,False,False,False,True,True,True,True,True,True
hybrid-search,hybrid-search,rag,conv-44_q16,conv-44,16,2,False,When is Andrew going to go hiking with Audrey?,August,D11:7,1,True,50,358,True,True,43,False,False,False,False,False,False,False,False,True,True,True,True
hybrid-search,hybrid-search,rag,conv-44_q17,conv-44,17,1,True,How many times did Audrey and Andew plan to hike together?,three times,D11:7 D24:13 D26:20,3,True,50,330,True,True,4,False,False,True,False,True,False,True,False,True,True,True,True
hybrid-search,hybrid-search,rag,conv-44_q18,conv-44,18,1,True,Where did Audrey get Pixie from?,breeder,D11:4 D2:1,2,True,50,323,True,True,1,True,False,True,False,True,False,True,False,True,True,True,True
hybrid-search,hybrid-search,rag,conv-44_q19,conv-44,19,3,False,What is an indoor activity that Andrew would enjoy doing while make his dog happy?,cook dog treats,D10:12 D12:1,2,True,50,368,True,False,24,False,False,False,False,False,False,False,False,True,False,True,False
hybrid-search,hybrid-search,rag,conv-44_q20,conv-44,20,3,True,Which meat does Audrey prefer eating more than others?,chicken,D10:13 D10:23,2,True,50,329,True,False,7,False,False,False,False,True,False,True,False,True,False,True,False
hybrid-search,hybrid-search,rag,conv-44_q21,conv-44,21,1,False,What are the classes that Audrey took for her dogs to?,"Positive reinforcement training class for bonding, dog training course, agility class",D10:1 D14:2 D6:4,3,True,50,342,True,True,9,False,False,False,False,True,False,True,False,True,True,True,True
hybrid-search,hybrid-search,rag,conv-44_q22,conv-44,22,2,True,Where did Andrew go during the first weekend of August 2023?,camping with girlfriend,D14:1,1,True,50,354,True,True,25,False,False,False,False,False,False,False,False,True,True,True,True
hybrid-search,hybrid-search,rag,conv-44_q23,conv-44,23,1,True,What are some problems that Andrew faces before he adopted Toby?,Finding the right dog and pet-friendly apartments close to open spaces,D2:12 D5:3 D5:5 D5:7,4,True,50,344,True,False,5,False,False,True,False,True,False,True,False,True,False,True,False
hybrid-search,hybrid-search,rag,conv-44_q24,conv-44,24,1,True,Did Audrey and Andrew grow up with a pet dog?,Yes,D13:10 D2:16,2,True,50,354,False,False,,False,False,False,False,False,False,False,False,False,False,False,False
hybrid-search,hybrid-search,rag,conv-44_q25,conv-44,25,2,False,When did Andrew and his girlfriend go fishing?,"weekend before August 24, 2023",D17:1,1,True,50,350,True,True,1,True,True,True,True,True,True,True,True,True,True,True,True
hybrid-search,hybrid-search,rag,conv-44_q26,conv-44,26,1,True,What is the biggest stressor in Andrew's life besides not being able to hike frequently?,work,D10:16 D12:3 D16:1 D18:1,4,True,50,333,True,False,11,False,False,False,False,False,False,True,False,True,False,True,False
hybrid-search,hybrid-search,rag,conv-44_q27,conv-44,27,1,True,How does Andrew feel about his current work?,Stressful,D10:16 D12:3 D16:1 D18:1,4,True,50,341,True,True,1,True,False,True,False,True,False,True,False,True,True,True,True
hybrid-search,hybrid-search,rag,conv-44_q28,conv-44,28,1,True,What is something that Audrey often dresses up her dogs with?,Hats,D19:6 D4:23 D4:25,3,True,50,344,True,False,31,False,False,False,False,False,False,False,False,True,False,True,False
hybrid-search,hybrid-search,rag,conv-44_q29,conv-44,29,1,True,What are the names of Audrey's dogs?,"Pepper, Precious, Panda, and Pixie",D19:12 D1:7 D2:1,3,True,50,337,True,True,2,False,False,True,False,True,False,True,False,True,True,True,True
hybrid-search,hybrid-search,rag,conv-44_q30,conv-44,30,2,False,When is Andrew planning to go to the beach with his girlfriend?,November 2023,D20:1,1,True,50,353,True,True,1,True,True,True,True,True,True,True,True,True,True,True,True
hybrid-search,hybrid-search,rag,conv-44_q31,conv-44,31,1,False,What has Andrew done with his dogs?,Taking walks and hiking,D14:27 D24:8,2,True,50,356,True,True,21,False,False,False,False,False,False,False,False,True,True,True,True
hybrid-search,hybrid-search,rag,conv-44_q32,conv-44,32,1,True,What kind of tattoo does Audrey have on her arm?,Tattoos of her four dogs.,D15:1 D23:20 D3:26,3,True,50,323,True,True,1,True,False,True,False,True,False,True,True,True,True,True,True
hybrid-search,hybrid-search,rag,conv-44_q33,conv-44,33,3,False,What can Andrew potentially do to improve his stress and accomodate his living situation with his dogs?,Change to a hybrid or remote job so he can move away from the city to the suburbs to have a larger living space and be closer to nature.,D12:3 D18:1 D21:5,3,True,50,364,True,True,4,False,False,True,False,True,True,True,True,True,True,True,True
hybrid-search,hybrid-search,rag,conv-44_q34,conv-44,34,2,True,How many months passed between Andrew adopting Toby and Buddy?,three months,D12:1 D24:2,2,True,50,330,True,True,1,True,False,True,True,True,True,True,True,True,True,True,True
hybrid-search,hybrid-search,rag,conv-44_q35,conv-44,35,1,True,What are the names of Andrew's dogs?,"Toby, Scout, Buddy",D12:1 D24:6 D28:8,3,True,50,358,True,True,7,False,False,False,False,True,False,True,False,True,True,True,True
hybrid-search,hybrid-search,rag,conv-44_q36,conv-44,36,1,True,What are some foods that Audrey likes eating?,"chicken pot pie, chicken roast, blueberry muffins, sushi",D10:13 D10:23 D25:6 D3:18,4,True,50,344,True,False,5,False,False,True,False,True,False,True,False,True,False,True,False
hybrid-search,hybrid-search,rag,conv-44_q37,conv-44,37,2,False,When did Audrey get into an accident in the park?,"between October 19 and 24, 2023",D25:2,1,True,50,314,True,True,12,False,False,False,False,False,False,True,True,True,True,True,True
hybrid-search,hybrid-search,rag,conv-44_q38,conv-44,38,2,False,When did Andrew and his girlfriend go on a wine tasting trip?,"the weekend before October 24, 2023",D25:1,1,True,50,352,True,True,1,True,True,True,True,True,True,True,True,True,True,True,True
hybrid-search,hybrid-search,rag,conv-44_q39,conv-44,39,1,False,What did Audrey get wtih having so many dogs?,Companionship,D23:18 D2:15,2,True,50,343,False,False,,False,False,False,False,False,False,False,False,False,False,False,False
hybrid-search,hybrid-search,rag,conv-44_q40,conv-44,40,1,True,What is a good place for dogs to run around freely and meet new friends?,The dog park,D14:2 D23:10 D4:25,3,True,50,336,True,True,5,False,False,True,False,True,False,True,False,True,True,True,True
hybrid-search,hybrid-search,rag,conv-44_q41,conv-44,41,1,True,What are the breeds of Audrey's dogs?,Mongrel mixed with Lab for Pepper and Panda. Mongrel mixed with Chihuahua for Precious and Pixie.,D19:12 D26:13,2,True,50,338,True,True,1,True,False,True,True,True,True,True,True,True,True,True,True
hybrid-search,hybrid-search,rag,conv-44_q42,conv-44,42,1,True,What technique is Audrey using to discipline her dogs?,Positive reinforcement,D26:5 D6:4,2,True,50,348,True,True,3,False,False,True,False,True,False,True,False,True,True,True,True
hybrid-search,hybrid-search,rag,conv-44_q43,conv-44,43,3,False,Which US state do Audrey and Andrew potentially live in?,Minnesota,D11:9,1,True,50,356,False,False,,False,False,False,False,False,False,False,False,False,False,False,False
hybrid-search,hybrid-search,rag,conv-44_q44,conv-44,44,3,False,Which national park could Audrey and Andrew be referring to in their conversations?,Voyageurs National Park,D11:9 D5:8,2,True,50,354,True,False,46,False,False,False,False,False,False,False,False,True,False,True,False
hybrid-search,hybrid-search,rag,conv-44_q45,conv-44,45,2,True,"How many pets will Andrew have, as of December 2023?",three,D12:1 D24:2 D28:6,3,True,50,348,True,True,9,False,False,False,False,True,False,True,False,True,True,True,True
hybrid-search,hybrid-search,rag,conv-44_q46,conv-44,46,2,False,"How many pets did Andrew have, as of September 2023?",one,D12:1 D24:2,2,True,50,339,True,True,14,False,False,False,False,False,False,True,True,True,True,True,True
hybrid-search,hybrid-search,rag,conv-44_q47,conv-44,47,2,True,How many months passed between Andrew adopting Buddy and Scout,one month,D24:2 D28:6,2,True,50,345,True,True,7,False,False,False,False,True,True,True,True,True,True,True,True
hybrid-search,hybrid-search,rag,conv-44_q48,conv-44,48,1,True,What does Andrew view his pets as?,Family,D15:14 D28:18,2,True,50,357,True,False,41,False,False,False,False,False,False,False,False,True,False,True,False
hybrid-search,hybrid-search,rag,conv-44_q49,conv-44,49,1,True,What does Audrey view her pets as?,Family,D15:15 D23:18,2,True,50,339,True,False,24,False,False,False,False,False,False,False,False,True,False,True,False
hybrid-search,hybrid-search,rag,conv-44_q50,conv-44,50,1,True,What is a skill that Audrey learned to take care of her dogs?,Grooming,D16:2 D17:4,2,True,50,339,True,True,13,False,False,False,False,False,False,True,False,True,True,True,True
hybrid-search,hybrid-search,rag,conv-44_q51,conv-44,51,1,True,What items has Audrey bought or made for her dogs?,"dog tags, toys, dog beds, collars",D18:10 D1:2 D24:1 D9:5,4,True,50,348,True,True,4,False,False,True,False,True,False,True,False,True,True,True,True
hybrid-search,hybrid-search,rag,conv-44_q52,conv-44,52,3,True,What is something that Andrew could do to make birdwatching hobby to fit in his city schedule?,Install a bird feeder outside where he can see the birds without going outdoors.,D1:14 D20:21 D20:5 D23:1,4,True,50,364,True,True,1,True,False,True,False,True,False,True,False,True,True,True,True
hybrid-search,hybrid-search,rag,conv-44_q53,conv-44,53,3,True,What is a career that Andrew could potentially pursue with his love for animals and nature?,Park ranger or a similar position working for the National Park Services.,D2:18 D3:1 D5:7 D8:27,4,True,50,351,True,False,23,False,False,False,False,False,False,False,False,True,False,True,False
hybrid-search,hybrid-search,rag,conv-44_q54,conv-44,54,1,True,What activity do Audrey's dogs like to do in the dog park?,"Play fetch with ball and frisbee, run around and meet other dogs",D10:7 D13:8 D23:14 D27:12 D4:21,5,True,50,346,True,False,3,False,False,True,False,True,False,True,False,True,False,True,False
hybrid-search,hybrid-search,rag,conv-44_q55,conv-44,55,2,False,When did Andrew make his dogs a fun indoor area?,"few days before November 22, 2023",D28:12,1,True,50,367,True,True,43,False,False,False,False,False,False,False,False,True,True,True,True
hybrid-search,hybrid-search,rag,conv-44_q56,conv-44,56,1,True,Has Andrew moved into a new apartment for his dogs?,No,D28:12 D5:5,2,True,50,363,True,True,6,False,False,False,False,True,False,True,False,True,True,True,True
hybrid-search,hybrid-search,rag,conv-44_q57,conv-44,57,2,True,When did Andrew adopt Scout?,few days before November 2023,D28:6,1,True,50,347,True,True,9,False,False,False,False,True,True,True,True,True,True,True,True
hybrid-search,hybrid-search,rag,conv-44_q58,conv-44,58,2,False,"What did Audrey eat for dinner on October 24, 2023?",sushi,D25:14,1,True,50,320,True,True,9,False,False,False,False,True,True,True,True,True,True,True,True
hybrid-search,hybrid-search,rag,conv-44_q59,conv-44,59,2,False,"How long has it been since Andrew adopted his first pet, as of November 2023?",4 months,D12:1,1,True,50,341,True,True,16,False,False,False,False,False,False,True,True,True,True,True,True
hybrid-search,hybrid-search,rag,conv-44_q60,conv-44,60,1,True,How many dogs does Andrew have?,3,D12:1 D24:2 D28:6,3,True,50,360,True,True,14,False,False,False,False,False,False,True,True,True,True,True,True
hybrid-search,hybrid-search,rag,conv-44_q61,conv-44,61,4,True,Which specific type of bird mesmerizes Andrew?,Eagles,D1:16,1,True,50,346,True,True,2,False,False,True,True,True,True,True,True,True,True,True,True
hybrid-search,hybrid-search,rag,conv-44_q62,conv-44,62,4,True,What did Andrew express missing about exploring nature trails with his family's dog?,The peaceful moments,D2:18,1,True,50,371,False,False,,False,False,False,False,False,False,False,False,False,False,False,False
hybrid-search,hybrid-search,rag,conv-44_q63,conv-44,63,4,True,What kind of pastries did Andrew and his girlfriend have at the cafe?,"croissants, muffins, and tarts",D3:17,1,True,50,341,True,True,1,True,True,True,True,True,True,True,True,True,True,True,True
hybrid-search,hybrid-search,rag,conv-44_q64,conv-44,64,4,True,What kind of flowers does Audrey have a tattoo of?,sunflowers,D3:26,1,True,50,317,True,True,15,False,False,False,False,False,False,True,True,True,True,True,True
hybrid-search,hybrid-search,rag,conv-44_q65,conv-44,65,4,True,What does Audrey do during dog playdates in the park?,chat with people while dogs make new friends,D4:21,1,True,50,344,True,True,47,False,False,False,False,False,False,False,False,True,True,True,True
hybrid-search,hybrid-search,rag,conv-44_q66,conv-44,66,4,True,What type of dog was Andrew looking to adopt based on his living space?,smaller dog,D5:3,1,True,50,359,True,True,1,True,True,True,True,True,True,True,True,True,True,True,True
hybrid-search,hybrid-search,rag,conv-44_q67,conv-44,67,4,True,"Where does Andrew want to live to give their dog a large, open space to run around?",near a park or woods,D5:7,1,True,50,361,True,True,1,True,True,True,True,True,True,True,True,True,True,True,True
hybrid-search,hybrid-search,rag,conv-44_q68,conv-44,68,4,True,Why did Audrey sign up for a workshop about bonding with pets?,Strengthen the bond with her pets,D6:2,1,True,50,334,True,True,2,False,False,True,True,True,True,True,True,True,True,True,True
hybrid-search,hybrid-search,rag,conv-44_q69,conv-44,69,4,True,How did Audrey hear about the workshop on bonding with pets?,Saw a workshop flyer at the local pet store,D6:4,1,True,50,329,True,True,2,False,False,True,True,True,True,True,True,True,True,True,True
hybrid-search,hybrid-search,rag,conv-44_q70,conv-44,70,4,True,What type of training was the workshop Audrey signed up for in May 2023?,Positive reinforcement training,D6:4,1,True,50,314,True,True,2,False,False,True,True,True,True,True,True,True,True,True,True
hybrid-search,hybrid-search,rag,conv-44_q71,conv-44,71,4,True,How did Audrey describe she dog he met at the pet store?,Friendly and playful,D6:4,1,True,50,352,True,True,32,False,False,False,False,False,False,False,False,True,True,True,True
hybrid-search,hybrid-search,rag,conv-44_q72,conv-44,72,4,True,Why did Audrey think positive reinforcement training is important for pets?,To have pets learn how to behave in a positive way,D6:12,1,True,50,332,True,True,1,True,True,True,True,True,True,True,True,True,True,True,True
hybrid-search,hybrid-search,rag,conv-44_q73,conv-44,73,4,True,What challenge is Andrew facing in their search for a pet?,Finding a pet-friendly spot in the city,D7:8,1,True,50,363,True,True,1,True,True,True,True,True,True,True,True,True,True,True,True
hybrid-search,hybrid-search,rag,conv-44_q74,conv-44,74,4,True,How does Andrew feel about their search for a pet-friendly place?,Discouraged but determined,D7:8,1,True,50,354,True,True,1,True,True,True,True,True,True,True,True,True,True,True,True
hybrid-search,hybrid-search,rag,conv-44_q75,conv-44,75,4,True,What outdoor activities does Andrew plan on trying after the rock climbing class?,kayaking and bungee jumping,D8:7,1,True,50,344,True,True,1,True,True,True,True,True,True,True,True,True,True,True,True
hybrid-search,hybrid-search,rag,conv-44_q76,conv-44,76,4,True,How long does Audrey typically walk her dogs for?,about an hour,D8:14,1,True,50,344,True,True,2,False,False,True,True,True,True,True,True,True,True,True,True
hybrid-search,hybrid-search,rag,conv-44_q77,conv-44,77,4,True,"What did Audrey set up in the backyard for their dogs on June 26, 2023?",a doggy play area with agility stuff and toys,D9:5,1,True,50,347,True,True,1,True,True,True,True,True,True,True,True,True,True,True,True
hybrid-search,hybrid-search,rag,conv-44_q78,conv-44,78,4,True,"What did Audrey and her friends stumble across during a hike a few years back, as mentioned on June 26, 2023?",a stunning lake in the mountains,D9:23,1,True,50,315,True,True,2,False,False,True,True,True,True,True,True,True,True,True,True
hybrid-search,hybrid-search,rag,conv-44_q79,conv-44,79,4,False,"What is Audrey's favorite recipe that she shares with Andrew on 3 July, 2023?",Chicken Pot Pie,D10:13,1,True,50,358,False,False,,False,False,False,False,False,False,False,False,False,False,False,False
hybrid-search,hybrid-search,rag,conv-44_q80,conv-44,80,4,True,"What dish is one of Audrey's favorite dishes that includes garlic and is shared with Andrew on 3 July, 2023?",Roasted Chicken,D10:23,1,True,50,359,True,True,1,True,True,True,True,True,True,True,True,True,True,True,True
hybrid-search,hybrid-search,rag,conv-44_q81,conv-44,81,4,True,"What did Andrew and his GF do on the Monday before July 24, 2023?",volunteered at a pet shelter,D13:1,1,True,50,345,True,True,2,False,False,True,True,True,True,True,True,True,True,True,True
hybrid-search,hybrid-search,rag,conv-44_q82,conv-44,82,4,True,What is the name of Audrey's childhood dog?,Max,D13:8,1,True,50,342,True,True,32,False,False,False,False,False,False,False,False,True,True,True,True
hybrid-search,hybrid-search,rag,conv-44_q83,conv-44,83,4,True,"What special memories does Audrey have with her childhood dog, Max?","Long walks in the neighborhood, exploring new paths, sharing worries and hopes",D13:10,1,True,50,340,True,True,14,False,False,False,False,False,False,True,True,True,True,True,True
hybrid-search,hybrid-search,rag,conv-44_q84,conv-44,84,4,True,What are some of the personalities of Audrey's four fur babies?,"oldest is relaxed, second is playful, third can be naughty but loves cuddles, youngest is full of life",D13:6,1,True,50,320,True,True,3,False,False,True,True,True,True,True,True,True,True,True,True
hybrid-search,hybrid-search,rag,conv-44_q85,conv-44,85,4,True,"What type of classes did Audrey start with her pups recently on 4 August, 2023?",Agility classes,D14:2,1,True,50,330,True,True,38,False,False,False,False,False,False,False,False,True,True,True,True
hybrid-search,hybrid-search,rag,conv-44_q86,conv-44,86,4,True,How often does Audrey take her pups to the park for practice?,Twice a week,D14:4,1,True,50,337,True,True,29,False,False,False,False,False,False,False,False,True,True,True,True
hybrid-search,hybrid-search,rag,conv-44_q87,conv-44,87,4,True,How long did the trail hike that Audrey went on with her pups take?,Two hours,D14:8,1,True,50,338,True,True,13,False,False,False,False,False,False,True,True,True,True,True,True
hybrid-search,hybrid-search,rag,conv-44_q88,conv-44,88,4,True,What advice did Audrey give to Andrew regarding grooming Toby?,"Grooming slowly and gently, paying attention to sensitive areas like ears and paws. And remember to stay patient and positive throughout the grooming process.",D16:8,1,True,50,349,True,True,1,True,True,True,True,True,True,True,True,True,True,True,True
hybrid-search,hybrid-search,rag,conv-44_q89,conv-44,89,4,True,What is essential to keep the dogs looking good according to Audrey?,"Daily brushing, regular baths, nail trims, and lots of love",D17:4,1,True,50,347,True,True,5,False,False,True,True,True,True,True,True,True,True,True,True
hybrid-search,hybrid-search,rag,conv-44_q90,conv-44,90,4,True,What did Audrey organize with the neighbors' dogs?,a doggy playdate,D18:6,1,True,50,342,True,True,7,False,False,False,False,True,True,True,True,True,True,True,True
hybrid-search,hybrid-search,rag,conv-44_q91,conv-44,91,4,True,What did Audrey do to give her dogs extra comfort as the weather cooled down?,Got new beds for them,D18:10,1,True,50,352,True,True,14,False,False,False,False,False,False,True,True,True,True,True,True
hybrid-search,hybrid-search,rag,conv-44_q92,conv-44,92,4,True,How does Audrey describe the new beds for her dogs?,Super cozy and comfy,D18:12,1,True,50,348,True,True,2,False,False,True,True,True,True,True,True,True,True,True,True
hybrid-search,hybrid-search,rag,conv-44_q93,conv-44,93,4,True,How did Audrey calm down her dog after the leash incident?,"Petted, hugged, spoke calmly and slowly walked the dog",D19:4,1,True,50,344,True,True,1,True,True,True,True,True,True,True,True,True,True,True,True
hybrid-search,hybrid-search,rag,conv-44_q94,conv-44,94,4,True,How often does Audrey take her dogs for walks?,Multiple times a day,D19:10,1,True,50,339,False,False,,False,False,False,False,False,False,False,False,False,False,False,False
hybrid-search,hybrid-search,rag,conv-44_q95,conv-44,95,4,True,What kind of flowers does Audrey take care of?,Peruvian Lilies,D19:20,1,True,50,332,True,True,2,False,False,True,True,True,True,True,True,True,True,True,True
hybrid-search,hybrid-search,rag,conv-44_q96,conv-44,96,4,True,What did Andrew learn from reading books about ecological systems?,"about animals, plants, and ecosystems and how they work together",D20:25,1,True,50,361,True,True,1,True,True,True,True,True,True,True,True,True,True,True,True
hybrid-search,hybrid-search,rag,conv-44_q97,conv-44,97,4,True,What did Andrew suggest as a way to reduce carbon footprint?,biking or using public transport,D20:33,1,True,50,339,True,True,2,False,False,True,True,True,True,True,True,True,True,True,True
hybrid-search,hybrid-search,rag,conv-44_q98,conv-44,98,4,True,How does Andrew suggest helping the planet while also training the body?,by biking,D20:35,1,True,50,348,True,True,1,True,True,True,True,True,True,True,True,True,True,True,True
hybrid-search,hybrid-search,rag,conv-44_q99,conv-44,99,4,True,"What did Audrey do with her pups over the weekend before 4th October, 2023?",Took them to the beach,D21:2,1,True,50,332,True,True,8,False,False,False,False,True,True,True,True,True,True,True,True
hybrid-search,hybrid-search,rag,conv-44_q100,conv-44,100,4,True,What was the reason Audrey couldn't walk her dogs for a period of time?,Knee injury,D22:1,1,True,50,350,True,True,1,True,True,True,True,True,True,True,True,True,True,True,True
hybrid-search,hybrid-search,rag,conv-44_q101,conv-44,101,4,True,What type of jewelry does Audrey make?,Jewelry made from recycled objects,D22:5,1,True,50,330,True,True,3,False,False,True,True,True,True,True,True,True,True,True,True
hybrid-search,hybrid-search,rag,conv-44_q102,conv-44,102,4,True,Why does Audrey make jewelry out of recycled objects?,To show love for creativity and sustainability,D22:5,1,True,50,323,True,True,2,False,False,True,True,True,True,True,True,True,True,True,True
hybrid-search,hybrid-search,rag,conv-44_q103,conv-44,103,4,True,What organization does Audrey donate a portion of his profits to?,Animal shelter,D22:7,1,True,50,316,True,True,2,False,False,True,True,True,True,True,True,True,True,True,True
hybrid-search,hybrid-search,rag,conv-44_q104,conv-44,104,4,False,How does Audrey help out the animal shelter?,By donating a portion of his profits frmo selling jwelery,D22:9,1,True,50,329,False,False,,False,False,False,False,False,False,False,False,False,False,False,False
hybrid-search,hybrid-search,rag,conv-44_q105,conv-44,105,4,True,What type of games do Audrey's dogs like to play at the park?,Fetch and Frisbee,D23:14,1,True,50,345,True,True,21,False,False,False,False,False,False,False,False,True,True,True,True
hybrid-search,hybrid-search,rag,conv-44_q106,conv-44,106,4,False,What did Audrey make to thank her neighbors?,Goodies,D23:2,1,True,50,322,False,False,,False,False,False,False,False,False,False,False,False,False,False,False
hybrid-search,hybrid-search,rag,conv-44_q107,conv-44,107,4,True,How do Audrey's dogs react to snow?,Confused,D23:12,1,True,50,346,True,True,21,False,False,False,False,False,False,False,False,True,True,True,True
hybrid-search,hybrid-search,rag,conv-44_q108,conv-44,108,4,True,How does Audrey describe her dogs' response to snow?,"They definitely prefer nice, sunny days in the grass.",D23:12,1,True,50,355,True,True,23,False,False,False,False,False,False,False,False,True,True,True,True
hybrid-search,hybrid-search,rag,conv-44_q109,conv-44,109,4,False,What kind of experiences are Audrey's dogs the best companions for?,Exploring the great outdoors,D23:24,1,True,50,347,False,False,,False,False,False,False,False,False,False,False,False,False,False,False
hybrid-search,hybrid-search,rag,conv-44_q110,conv-44,110,4,True,What activity do Andrew and Buddy enjoy doing together?,Walking,D24:8,1,True,50,350,True,True,7,False,False,False,False,True,True,True,True,True,True,True,True
hybrid-search,hybrid-search,rag,conv-44_q111,conv-44,111,4,True,What do Andrew and Buddy like doing on walks?,Checking out new hiking trails,D24:10,1,True,50,353,True,True,1,True,True,True,True,True,True,True,True,True,True,True,True
hybrid-search,hybrid-search,rag,conv-44_q112,conv-44,112,4,True,What cuisine did Andrew recently try at a new spot in town?,sushi,D25:3,1,True,50,336,True,True,2,False,False,True,True,True,True,True,True,True,True,True,True
hybrid-search,hybrid-search,rag,conv-44_q113,conv-44,113,4,True,Which type of sushi did Audrey suggest trying first to someone new to sushi?,California or salmon roll,D25:8,1,True,50,331,True,True,1,True,True,True,True,True,True,True,True,True,True,True,True
hybrid-search,hybrid-search,rag,conv-44_q114,conv-44,114,4,True,What type of date is Andrew going on Sunday?,picnic date,D26:20,1,True,50,352,True,True,15,False,False,False,False,False,False,True,True,True,True,True,True
hybrid-search,hybrid-search,rag,conv-44_q115,conv-44,115,4,True,"What did Andrew and Audrey plan to do on the Saturday after October 28, 2023?",Go hiking,D26:20,1,True,50,361,True,True,15,False,False,False,False,False,False,True,True,True,True,True,True
hybrid-search,hybrid-search,rag,conv-44_q116,conv-44,116,4,True,What aspect of autumn does Andrew find beautiful?,The autumn colors,D26:36,1,True,50,343,True,True,4,False,False,True,True,True,True,True,True,True,True,True,True
hybrid-search,hybrid-search,rag,conv-44_q117,conv-44,117,4,True,What did Audrey do in November 2023 to better take care of her dogs?,Joined a dog owners group,D27:2,1,True,50,340,True,True,24,False,False,False,False,False,False,False,False,True,True,True,True
hybrid-search,hybrid-search,rag,conv-44_q118,conv-44,118,4,True,How often does Audrey meet up with other dog owners for tips and playdates?,Once a week,D27:4,1,True,50,341,True,True,2,False,False,True,True,True,True,True,True,True,True,True,True
hybrid-search,hybrid-search,rag,conv-44_q119,conv-44,119,4,True,What did Audrey share to show ways to keep dogs active in the city?,photography of a basket full of stuffed animals,D27:10,1,True,50,350,True,True,1,True,True,True,True,True,True,True,True,True,True,True,True
hybrid-search,hybrid-search,rag,conv-44_q120,conv-44,120,4,True,What type of activities does Audrey suggest for mental stimulation of the dogs?,"puzzles, training, hide-and-seek",D27:14,1,True,50,349,True,True,1,True,True,True,True,True,True,True,True,True,True,True,True
hybrid-search,hybrid-search,rag,conv-44_q121,conv-44,121,4,True,"What is Andrew planning to do with Scout, Toby, and Buddy?",Take them to a nearby park,D28:10,1,True,50,340,True,True,1,True,True,True,True,True,True,True,True,True,True,True,True
hybrid-search,hybrid-search,rag,conv-44_q122,conv-44,122,4,True,What did Andrew get for Scout to create a safe and fun space for them?,"essentials like a bed, toys, and puppy pads",D28:12,1,True,50,333,True,True,1,True,True,True,True,True,True,True,True,True,True,True,True
hybrid-search,hybrid-search,rag,conv-47_q0,conv-47,0,3,True,What are John's suspected health problems?,Obesity,D1:27,1,True,50,375,True,True,36,False,False,False,False,False,False,False,False,True,True,True,True
hybrid-search,hybrid-search,rag,conv-47_q1,conv-47,1,2,True,"Which recreational activity was James pursuing on March 16, 2022?",bowling,D1:26,1,True,50,365,True,True,38,False,False,False,False,False,False,False,False,True,True,True,True
hybrid-search,hybrid-search,rag,conv-47_q2,conv-47,2,1,True,Which places or events have John and James planned to meet at?,"VR Club, McGee's, baseball game",D1:36 D21:15 D23:5 D23:6,4,True,50,377,True,True,4,False,False,True,False,True,False,True,False,True,True,True,True
hybrid-search,hybrid-search,rag,conv-47_q3,conv-47,3,1,True,Do both James and John have pets?,No,D1:12 D2:18,2,True,50,373,True,True,18,False,False,False,False,False,False,True,False,True,True,True,True
hybrid-search,hybrid-search,rag,conv-47_q4,conv-47,4,2,False,When did John resume playing drums in his adulthood?,February 2022,D3:5,1,True,50,385,True,True,2,False,False,True,True,True,True,True,True,True,True,True,True
hybrid-search,hybrid-search,rag,conv-47_q5,conv-47,5,1,True,What are John and James' favorite games?,"John's favorite game is CS:GO, and James's is Apex Legends.",D3:11 D4:16,2,True,50,406,True,True,7,False,False,False,False,True,False,True,False,True,True,True,True
hybrid-search,hybrid-search,rag,conv-47_q6,conv-47,6,3,True,Does James live in Connecticut?,Likely yes,D5:1,1,True,50,369,True,True,5,False,False,True,True,True,True,True,True,True,True,True,True
hybrid-search,hybrid-search,rag,conv-47_q7,conv-47,7,3,True,In which state is the shelter from which James adopted the puppy?,Connecticut.,D5:1,1,True,50,381,True,True,1,True,True,True,True,True,True,True,True,True,True,True,True
hybrid-search,hybrid-search,rag,conv-47_q8,conv-47,8,1,True,How many pets does James have?,Three dogs.,D1:12 D1:14 D5:1,3,True,50,374,True,False,5,False,False,True,False,True,False,True,False,True,False,True,False
hybrid-search,hybrid-search,rag,conv-47_q9,conv-47,9,1,True,What are the names of James's dogs?,"Ned, Daisy, Max",D1:14 D5:1,2,True,50,373,True,True,8,False,False,False,False,True,False,True,False,True,True,True,True
hybrid-search,hybrid-search,rag,conv-47_q10,conv-47,10,2,True,When did James adopt Ned?,first week of April 2022,D5:1,1,True,50,374,True,True,4,False,False,True,True,True,True,True,True,True,True,True,True
hybrid-search,hybrid-search,rag,conv-47_q11,conv-47,11,2,True,"How was John feeling on April 10, 2022?",seeking solitude,D6:7,1,True,50,371,True,True,30,False,False,False,False,False,False,False,False,True,True,True,True
hybrid-search,hybrid-search,rag,conv-47_q12,conv-47,12,3,False,Did James have a girlfriend during April 2022?,Presumably not,D6:6,1,True,50,370,True,True,8,False,False,False,False,True,True,True,True,True,True,True,True
hybrid-search,hybrid-search,rag,conv-47_q13,conv-47,13,2,True,When did James visit Italy?,In 2021,D6:12,1,True,50,375,True,True,40,False,False,False,False,False,False,False,False,True,True,True,True
hybrid-search,hybrid-search,rag,conv-47_q14,conv-47,14,2,False,When did James buy himself a new adventure book?,"April 26, 2022",D8:11,1,True,50,375,True,True,4,False,False,True,True,True,True,True,True,True,True,True,True
hybrid-search,hybrid-search,rag,conv-47_q15,conv-47,15,2,True,When did James start playing Civilization VI?,March 2022,D8:29,1,True,50,382,True,True,1,True,True,True,True,True,True,True,True,True,True,True,True
hybrid-search,hybrid-search,rag,conv-47_q16,conv-47,16,3,False,What is the game with different colored cards that was John talking about with James?,UNO,D8:34,1,True,50,405,True,True,3,False,False,True,True,True,True,True,True,True,True,True,True
hybrid-search,hybrid-search,rag,conv-47_q17,conv-47,17,3,False,What is the board game where you have to find the imposter that John mentions to James?,Mafia,D8:36,1,True,50,390,True,True,7,False,False,False,False,True,True,True,True,True,True,True,True
hybrid-search,hybrid-search,rag,conv-47_q18,conv-47,18,1,True,Which books has John recommended to James?,"The Name of the Wind, Stormlight Archive, Kingkiller Chronicles, Expanse",D14:10 D8:14,2,True,50,378,True,True,13,False,False,False,False,False,False,True,False,True,True,True,True
hybrid-search,hybrid-search,rag,conv-47_q19,conv-47,19,3,True,Was James feeling lonely before meeting Samantha?,"Most likely yes, because he mentioned that the only creatures that gave him joy are dogs and he was actively trying to date.",D9:16,1,True,50,376,False,False,,False,False,False,False,False,False,False,False,False,False,False,False
hybrid-search,hybrid-search,rag,conv-47_q20,conv-47,20,1,True,How many charity tournaments has John organized till date?,two,D10:2 D29:1,2,True,50,378,True,True,2,False,False,True,True,True,True,True,True,True,True,True,True
hybrid-search,hybrid-search,rag,conv-47_q21,conv-47,21,2,True,When did John first organize a charity tournament with his friends?,"May 7, 2022",D10:2,1,True,50,385,True,True,2,False,False,True,True,True,True,True,True,True,True,True,True
hybrid-search,hybrid-search,rag,conv-47_q22,conv-47,22,1,True,Who or which organizations have been the beneficiaries of John's charity tournaments?,"animal shelter, homeless, children's hospital",D10:10 D10:12 D29:1,3,True,50,375,True,True,3,False,False,True,False,True,False,True,True,True,True,True,True
hybrid-search,hybrid-search,rag,conv-47_q23,conv-47,23,2,False,When will John start his new job?,"In July, 2022",D13:5,1,True,50,377,True,True,6,False,False,False,False,True,True,True,True,True,True,True,True
hybrid-search,hybrid-search,rag,conv-47_q24,conv-47,24,1,True,What kind of games has James tried to develop?,"football simulator, virtual world inspired by Witcher 3",D13:7 D1:4 D27:2,3,True,50,395,True,True,4,False,False,True,False,True,False,True,True,True,True,True,True
hybrid-search,hybrid-search,rag,conv-47_q25,conv-47,25,3,True,Are John and James fans of the same football team?,"No, James is a Liverpool fan and John is a Manchester City fan.",D13:12 D13:15,2,True,50,380,True,True,1,True,True,True,True,True,True,True,True,True,True,True,True
hybrid-search,hybrid-search,rag,conv-47_q26,conv-47,26,1,True,Which countries has James visited?,"Italy, Mexico, Turkey, Canada, Greenland",D16:9 D17:22 D6:12 D6:14,4,True,50,371,True,False,5,False,False,True,False,True,False,True,False,True,False,True,False
hybrid-search,hybrid-search,rag,conv-47_q27,conv-47,27,1,True,What kind of classes has James joined?,"game design course, cooking classes",D13:6 D23:13,2,True,50,378,True,True,6,False,False,False,False,True,False,True,True,True,True,True,True
hybrid-search,hybrid-search,rag,conv-47_q28,conv-47,28,2,False,When did James volunteer at an organization?,May 2022,D15:9,1,True,50,364,True,True,2,False,False,True,True,True,True,True,True,True,True,True,True
hybrid-search,hybrid-search,rag,conv-47_q29,conv-47,29,2,False,When did James depart for his trip to Canada?,"July 11, 2022",D16:9,1,True,50,377,False,False,,False,False,False,False,False,False,False,False,False,False,False,False
hybrid-search,hybrid-search,rag,conv-47_q30,conv-47,30,3,True,Which country did James book tickets for in July 2022?,Canada,D16:11 D16:9,2,True,50,374,True,False,1,True,False,True,False,True,False,True,False,True,False,True,False
hybrid-search,hybrid-search,rag,conv-47_q31,conv-47,31,2,False,How many days did James plan to spend on his trip in Canada?,19 days,D16:13 D16:9,2,True,50,375,True,False,3,False,False,True,False,True,False,True,False,True,False,True,False
hybrid-search,hybrid-search,rag,conv-47_q32,conv-47,32,2,False,"Where was James at on July 12, 2022?","Toronto, Canada",D16:9,1,True,50,373,False,False,,False,False,False,False,False,False,False,False,False,False,False,False
hybrid-search,hybrid-search,rag,conv-47_q33,conv-47,33,3,True,Did John and James study together?,Yes,D17:13,1,True,50,385,True,True,17,False,False,False,False,False,False,True,True,True,True,True,True
hybrid-search,hybrid-search,rag,conv-47_q34,conv-47,34,1,True,Which countries did James visit in July 2022?,"Canada, Greenland",D16:9 D17:22,2,True,50,373,True,False,6,False,False,False,False,True,False,True,False,True,False,True,False
hybrid-search,hybrid-search,rag,conv-47_q35,conv-47,35,3,True,What additional country did James visit during his trip to Canada?,Greenland,D17:22,1,True,50,376,True,True,4,False,False,True,True,True,True,True,True,True,True,True,True
hybrid-search,hybrid-search,rag,conv-47_q36,conv-47,36,3,True,Who is Jill?,Most likely John's partner.,D17:24,1,True,50,348,True,True,1,True,True,True,True,True,True,True,True,True,True,True,True
hybrid-search,hybrid-search,rag,conv-47_q37,conv-47,37,2,False,When did John spend time with his sister and dogs?,"July 21, 2022",D17:28,1,True,50,373,True,True,2,False,False,True,True,True,True,True,True,True,True,True,True
hybrid-search,hybrid-search,rag,conv-47_q38,conv-47,38,1,True,What happened to John's job situation in 2022?,"quit his IT Job, secured his dream job, aspires to become an eSports competition organizer",D18:1 D18:7 D4:36,3,True,50,371,True,False,1,True,False,True,False,True,False,True,False,True,False,True,False
hybrid-search,hybrid-search,rag,conv-47_q39,conv-47,39,2,True,When did John start his job in IT?,2019,D18:1,1,True,50,376,True,True,1,True,True,True,True,True,True,True,True,True,True,True,True
hybrid-search,hybrid-search,rag,conv-47_q40,conv-47,40,1,False,What kind of tricks do James's pets know?,"swimming, catching frisbees, balancing on a skateboard, sit, stay, paw, and rollover",D14:17 D14:23 D17:16 D2:17,4,True,50,375,True,False,2,False,False,True,False,True,False,True,False,True,False,True,False
hybrid-search,hybrid-search,rag,conv-47_q41,conv-47,41,2,False,When did James meet Samantha?,"August 9, 2022",D19:12,1,True,50,371,True,True,7,False,False,False,False,True,True,True,True,True,True,True,True
hybrid-search,hybrid-search,rag,conv-47_q42,conv-47,42,2,False,When did James take his 3 dogs to the beach?,"August 9, 2022",D19:12,1,True,50,380,True,True,16,False,False,False,False,False,False,True,True,True,True,True,True
hybrid-search,hybrid-search,rag,conv-47_q43,conv-47,43,2,False,When did John plan his next meeting with his siblings?,"In September, 2022",D20:17,1,True,50,370,True,True,1,True,True,True,True,True,True,True,True,True,True,True,True
hybrid-search,hybrid-search,rag,conv-47_q44,conv-47,44,3,True,Why didn't John want to go to Starbucks?,Possibly because he likes to drink beer on his days off.,D21:12 D21:14,2,True,50,367,True,True,2,False,False,True,True,True,True,True,True,True,True,True,True
hybrid-search,hybrid-search,rag,conv-47_q45,conv-47,45,1,True,What kind of beer does McGee's bar serve?,"Stout, lager",D21:15 D21:17 D23:3,3,True,50,346,True,True,2,False,False,True,False,True,False,True,False,True,True,True,True
hybrid-search,hybrid-search,rag,conv-47_q46,conv-47,46,2,False,When did John and James meet at McGee's bar?,"August 27, 2022",D21:18,1,True,50,383,True,True,2,False,False,True,True,True,True,True,True,True,True,True,True
hybrid-search,hybrid-search,rag,conv-47_q47,conv-47,47,2,False,When did James ask Samantha to be his girlfriend?,"September 3, 2022",D23:1,1,True,50,370,True,True,1,True,True,True,True,True,True,True,True,True,True,True,True
hybrid-search,hybrid-search,rag,conv-47_q48,conv-47,48,2,False,"When did James, Samantha and John go to the baseball game together?","September 11, 2022",D23:5 D23:6,2,True,50,391,True,True,1,True,True,True,True,True,True,True,True,True,True,True,True
hybrid-search,hybrid-search,rag,conv-47_q49,conv-47,49,1,True,What gaming equipments did John buy or refurbish?,"Sennheiser headphones, Logitech mouse, gaming desk",D20:9 D23:10 D23:8,3,True,50,400,True,True,1,True,False,True,False,True,True,True,True,True,True,True,True
hybrid-search,hybrid-search,rag,conv-47_q50,conv-47,50,2,False,When did James start taking cooking classes?,"September 2, 2022",D23:13,1,True,50,383,True,True,2,False,False,True,True,True,True,True,True,True,True,True,True
hybrid-search,hybrid-search,rag,conv-47_q51,conv-47,51,1,False,Which new games did John start play during the course of the conversation with James?,"AC Valhalla, Witcher 3, FIFA 23, Dungeons of the Dragons, futuristic dystopian game",D19:7 D24:1 D24:3 D30:14 D5:4 D8:20,6,True,50,416,True,False,5,False,False,True,False,True,False,True,False,True,False,True,False
hybrid-search,hybrid-search,rag,conv-47_q52,conv-47,52,2,False,When did John start working on his 2D Adventure mobile game?,approximately summer of 2022,D25:9,1,True,50,427,True,True,1,True,True,True,True,True,True,True,True,True,True,True,True
hybrid-search,hybrid-search,rag,conv-47_q53,conv-47,53,2,True,How long did it take for James to complete his Witcher-inspired game?,six months,D27:2 D6:1,2,True,50,382,True,True,2,False,False,True,True,True,True,True,True,True,True,True,True
hybrid-search,hybrid-search,rag,conv-47_q54,conv-47,54,1,True,What kind of programming-related events has John hosted?,"online programming competition, programming seminar",D27:1 D28:6,2,True,50,390,True,True,1,True,False,True,False,True,False,True,True,True,True,True,True
hybrid-search,hybrid-search,rag,conv-47_q55,conv-47,55,2,False,When did John and his programming friends host an online programming competition?,Last week before 13 October 2022.,D27:1,1,True,50,384,True,True,1,True,True,True,True,True,True,True,True,True,True,True,True
hybrid-search,hybrid-search,rag,conv-47_q56,conv-47,56,1,True,Which of James's family members have visited him in the last year?,"mother, sister",D17:28 D28:19,2,True,50,373,True,True,3,False,False,True,False,True,False,True,False,True,True,True,True
hybrid-search,hybrid-search,rag,conv-47_q57,conv-47,57,2,False,When did James' mother and her friend visit him?,"October 19, 2022",D28:19,1,True,50,364,True,True,17,False,False,False,False,False,False,True,True,True,True,True,True
hybrid-search,hybrid-search,rag,conv-47_q58,conv-47,58,2,False,When did James try Cyberpunk 2077 game?,"October 20, 2022",D28:27,1,True,50,390,True,True,2,False,False,True,True,True,True,True,True,True,True,True,True
hybrid-search,hybrid-search,rag,conv-47_q59,conv-47,59,2,False,When did John and his gaming friends organize the charity tournament?,"On the night of October 30 to 31, 2022",D29:1,1,True,50,407,True,True,4,False,False,True,True,True,True,True,True,True,True,True,True
hybrid-search,hybrid-search,rag,conv-47_q60,conv-47,60,1,True,What games has John played with his friends at charity tournaments?,"CS:GO, Fortnite, Overwatch and Apex Legends",D10:4 D29:1 D29:3,3,True,50,412,True,True,2,False,False,True,True,True,True,True,True,True,True,True,True
hybrid-search,hybrid-search,rag,conv-47_q61,conv-47,61,2,True,What was James' big moment with Samantha in October 2023?,They decided to live together and rented an apartment not far from McGee's bar.,D29:10 D29:8,2,True,50,379,True,True,6,False,False,False,False,True,False,True,True,True,True,True,True
hybrid-search,hybrid-search,rag,conv-47_q62,conv-47,62,2,False,How long did James and Samantha date for before deciding to move in together?,nearly three months,D19:14 D29:10 D29:8,3,True,50,371,True,True,2,False,False,True,False,True,False,True,False,True,True,True,True
hybrid-search,hybrid-search,rag,conv-47_q63,conv-47,63,2,False,"When did James, his family and his dogs start on a road trip together?","November 4, 2022",D30:1,1,True,50,371,True,True,2,False,False,True,True,True,True,True,True,True,True,True,True
hybrid-search,hybrid-search,rag,conv-47_q64,conv-47,64,2,True,How long did John practice chess for before winning the chess tournament?,nearly four months,D17:1 D30:2 D30:4,3,True,50,386,True,True,2,False,False,True,True,True,True,True,True,True,True,True,True
hybrid-search,hybrid-search,rag,conv-47_q65,conv-47,65,2,False,When did James and his family visit Mark and Josh?,"November 7, 2022",D31:1,1,True,50,376,True,True,2,False,False,True,True,True,True,True,True,True,True,True,True
hybrid-search,hybrid-search,rag,conv-47_q66,conv-47,66,2,False,When did John work with a game developer on a project?,"November 5-6, 2022",D31:2,1,True,50,425,True,True,12,False,False,False,False,False,False,True,True,True,True,True,True
hybrid-search,hybrid-search,rag,conv-47_q67,conv-47,67,4,True,What programming languages has James worked with?,Python and C++,D1:8,1,True,50,372,True,True,3,False,False,True,True,True,True,True,True,True,True,True,True
hybrid-search,hybrid-search,rag,conv-47_q68,conv-47,68,4,True,What type of mobile application does James plan to build with John?,An app for dog walking and pet care,D1:14,1,True,50,369,True,True,1,True,True,True,True,True,True,True,True,True,True,True,True
hybrid-search,hybrid-search,rag,conv-47_q69,conv-47,69,4,True,How does James plan to make his dog-sitting app unique?,By allowing users to customize their pup's preferences/needs,D1:16,1,True,50,371,True,True,2,False,False,True,True,True,True,True,True,True,True,True,True
hybrid-search,hybrid-search,rag,conv-47_q70,conv-47,70,4,True,What has John mostly found with the metal detector so far?,bottle caps,D2:12,1,True,50,369,True,True,1,True,True,True,True,True,True,True,True,True,True,True,True
hybrid-search,hybrid-search,rag,conv-47_q71,conv-47,71,4,True,What did James offer to do for John regarding pets?,help find the perfect pet,D2:19,1,True,50,375,True,True,1,True,True,True,True,True,True,True,True,True,True,True,True
hybrid-search,hybrid-search,rag,conv-47_q72,conv-47,72,4,True,"What instrument is John learning to play as of 27 March, 2022?",Drums,D3:2 D3:3,2,True,50,374,True,True,1,True,True,True,True,True,True,True,True,True,True,True,True
hybrid-search,hybrid-search,rag,conv-47_q73,conv-47,73,4,True,"How long has John been playing the drums as of 27 March, 2022?",One month,D3:5,1,True,50,370,True,True,2,False,False,True,True,True,True,True,True,True,True,True,True
hybrid-search,hybrid-search,rag,conv-47_q74,conv-47,74,4,True,What game did John play in an intense tournament at the gaming convention in March 2022?,CS:GO,D3:11,1,True,50,410,True,True,1,True,True,True,True,True,True,True,True,True,True,True,True
hybrid-search,hybrid-search,rag,conv-47_q75,conv-47,75,4,False,What game was James playing in the online gaming tournament in April 2022?,Apex Legends,D4:16,1,True,50,394,True,True,17,False,False,False,False,False,False,True,True,True,True,True,True
hybrid-search,hybrid-search,rag,conv-47_q76,conv-47,76,4,True,How does James communicate with his gaming team?,voice chat,D4:14,1,True,50,390,True,True,1,True,True,True,True,True,True,True,True,True,True,True,True
hybrid-search,hybrid-search,rag,conv-47_q77,conv-47,77,4,True,What advice did James receive from the famous players he met at the tournament?,never put your ego above team success,D4:12,1,True,50,382,True,True,14,False,False,False,False,False,False,True,True,True,True,True,True
hybrid-search,hybrid-search,rag,conv-47_q78,conv-47,78,4,True,What did James adopt in April 2022?,a pup,D5:1,1,True,50,368,True,True,2,False,False,True,True,True,True,True,True,True,True,True,True
hybrid-search,hybrid-search,rag,conv-47_q79,conv-47,79,4,True,What is the name of the pup that was adopted by James?,Ned,D5:1,1,True,50,375,True,True,5,False,False,True,True,True,True,True,True,True,True,True,True
hybrid-search,hybrid-search,rag,conv-47_q80,conv-47,80,4,True,Why did James embody the appearance of the game character from the woman he saw during a walk?,He found her appearance and eyes amazing.,D6:6,1,True,50,386,True,True,2,False,False,True,True,True,True,True,True,True,True,True,True
hybrid-search,hybrid-search,rag,conv-47_q81,conv-47,81,4,True,What inspired James to create the game character in the virtual world?,Appearance of a woman he saw during a walk,D6:6,1,True,50,385,True,True,2,False,False,True,True,True,True,True,True,True,True,True,True
hybrid-search,hybrid-search,rag,conv-47_q82,conv-47,82,4,True,Which country did James visit in 2021?,Italy,D6:12,1,True,50,374,True,True,18,False,False,False,False,False,False,True,True,True,True,True,True
hybrid-search,hybrid-search,rag,conv-47_q83,conv-47,83,4,True,What impresses John about Japan?,Technologically advanced megacities and tasty street food,D6:15,1,True,50,358,True,True,1,True,True,True,True,True,True,True,True,True,True,True,True
hybrid-search,hybrid-search,rag,conv-47_q84,conv-47,84,4,True,What kind of assignment was giving John a hard time at work?,Coding assignment,D7:13,1,True,50,373,True,True,2,False,False,True,True,True,True,True,True,True,True,True,True
hybrid-search,hybrid-search,rag,conv-47_q85,conv-47,85,4,True,"What breed is Daisy, one of James' dogs?",Labrador,D9:12,1,True,50,377,True,True,4,False,False,True,True,True,True,True,True,True,True,True,True
hybrid-search,hybrid-search,rag,conv-47_q86,conv-47,86,4,True,What type of pizza is James' favorite?,Pepperoni,D9:18,1,True,50,373,True,True,4,False,False,True,True,True,True,True,True,True,True,True,True
hybrid-search,hybrid-search,rag,conv-47_q87,conv-47,87,4,True,What type of pizza is John's favorite?,Hawaiian,D9:19,1,True,50,363,True,True,3,False,False,True,True,True,True,True,True,True,True,True,True
hybrid-search,hybrid-search,rag,conv-47_q88,conv-47,88,4,False,"What did John organize with his friends on May 8, 2022?",A tournament for CS:GO,D10:4,1,True,50,364,True,True,24,False,False,False,False,False,False,False,False,True,True,True,True
hybrid-search,hybrid-search,rag,conv-47_q89,conv-47,89,4,True,What did John and his friends do with the remaining money after helping the dog shelter?,Bought groceries and cooked food for the homeless,D10:12,1,True,50,364,True,True,1,True,True,True,True,True,True,True,True,True,True,True,True
hybrid-search,hybrid-search,rag,conv-47_q90,conv-47,90,4,True,What was the main goal of the money raised from the charity tournament organized by John and his friends in May 2022?,Raise money for a dog shelter,D10:10,1,True,50,381,True,True,1,True,True,True,True,True,True,True,True,True,True,True,True
hybrid-search,hybrid-search,rag,conv-47_q91,conv-47,91,4,True,What did the system John created help the charitable foundation with?,"tracking inventory, resources, and donations",D11:5,1,True,50,355,True,True,1,True,True,True,True,True,True,True,True,True,True,True,True
hybrid-search,hybrid-search,rag,conv-47_q92,conv-47,92,4,True,What did John create for the charitable foundation that helped generate reports for analysis?,computer application on smartphones,D11:3,1,True,50,361,True,True,1,True,True,True,True,True,True,True,True,True,True,True,True
hybrid-search,hybrid-search,rag,conv-47_q93,conv-47,93,4,True,What did John receive for achieving second place in the tournament?,money and a trophy,D12:5 D12:6,2,True,50,383,True,True,2,False,False,True,True,True,True,True,True,True,True,True,True
hybrid-search,hybrid-search,rag,conv-47_q94,conv-47,94,4,True,What project is James working on in his game design course?,"a new part of the football simulator, collecting player databases",D13:8,1,True,50,409,True,True,2,False,False,True,True,True,True,True,True,True,True,True,True
hybrid-search,hybrid-search,rag,conv-47_q95,conv-47,95,4,True,Who does James support in football matches?,Liverpool,D13:12,1,True,50,372,True,True,2,False,False,True,True,True,True,True,True,True,True,True,True
hybrid-search,hybrid-search,rag,conv-47_q96,conv-47,96,4,True,Which football club does John support?,Manchester City,D13:15,1,True,50,355,True,True,1,True,True,True,True,True,True,True,True,True,True,True,True
hybrid-search,hybrid-search,rag,conv-47_q97,conv-47,97,4,True,What disagreement do James and John have about their football teams?,debating on which team will perform better in the championship,D13:15,1,True,50,384,True,True,1,True,True,True,True,True,True,True,True,True,True,True,True
hybrid-search,hybrid-search,rag,conv-47_q98,conv-47,98,4,True,What is Max good at doing according to James?,catching frisbees in mid-air,D14:23,1,True,50,365,True,True,9,False,False,False,False,True,True,True,True,True,True,True,True
hybrid-search,hybrid-search,rag,conv-47_q99,conv-47,99,4,True,What is the main focus of the organization that James volunteered with?,providing necessary items to those who are less fortunate,D15:11,1,True,50,366,True,True,2,False,False,True,True,True,True,True,True,True,True,True,True
hybrid-search,hybrid-search,rag,conv-47_q100,conv-47,100,4,True,Will there be an interview required to volunteer with the organization James volunteered for?,No,D15:15,1,True,50,366,True,True,2,False,False,True,True,True,True,True,True,True,True,True,True
hybrid-search,hybrid-search,rag,conv-47_q101,conv-47,101,4,True,"How did John relax in his free time on 9 July, 2022?",Reading,D16:8,1,True,50,366,True,True,4,False,False,True,True,True,True,True,True,True,True,True,True
hybrid-search,hybrid-search,rag,conv-47_q102,conv-47,102,4,True,What did James enjoy doing on cold winter days?,Reading while snuggled under the covers,D16:9,1,True,50,374,False,False,,False,False,False,False,False,False,False,False,False,False,False,False
hybrid-search,hybrid-search,rag,conv-47_q103,conv-47,103,4,True,"What new hobby did James become interested in on 9 July, 2022?",Extreme sports,D16:5,1,True,50,378,True,True,13,False,False,False,False,False,False,True,True,True,True,True,True
hybrid-search,hybrid-search,rag,conv-47_q104,conv-47,104,4,True,Where did James plan to visit after Toronto?,Vancouver,D16:11,1,True,50,380,True,True,1,True,True,True,True,True,True,True,True,True,True,True,True
hybrid-search,hybrid-search,rag,conv-47_q105,conv-47,105,4,True,When did James plan to return from his trip to Toronto and Vancouver?,July 20,D16:13,1,True,50,381,True,True,3,False,False,True,True,True,True,True,True,True,True,True,True
hybrid-search,hybrid-search,rag,conv-47_q106,conv-47,106,4,True,What online game did John start playing recently for improving strategy?,Chess,D17:1,1,True,50,409,True,True,1,True,True,True,True,True,True,True,True,True,True,True,True
hybrid-search,hybrid-search,rag,conv-47_q107,conv-47,107,4,True,What made John leave his IT job?,to focus on things that align with his values and passions,D18:3,1,True,50,371,True,True,1,True,True,True,True,True,True,True,True,True,True,True,True
hybrid-search,hybrid-search,rag,conv-47_q108,conv-47,108,4,True,Which game tournaments does John plan to organize besides CS:GO?,Fortnite competitions,D18:9,1,True,50,399,True,True,6,False,False,False,False,True,True,True,True,True,True,True,True
hybrid-search,hybrid-search,rag,conv-47_q109,conv-47,109,4,True,What happened to James's puppy during the recent visit to the clinic?,routine examination and vaccination,D18:16,1,True,50,374,True,True,2,False,False,True,True,True,True,True,True,True,True,True,True
hybrid-search,hybrid-search,rag,conv-47_q110,conv-47,110,4,True,What game genre did John start exploring instead of shooters?,strategy and RPG games,D19:3,1,True,50,403,True,True,1,True,True,True,True,True,True,True,True,True,True,True,True
hybrid-search,hybrid-search,rag,conv-47_q111,conv-47,111,4,True,"Which RPG game is John playing and enjoying on 10 August, 2022?",The Witcher 3,D19:7,1,True,50,406,True,True,4,False,False,True,True,True,True,True,True,True,True,True,True
hybrid-search,hybrid-search,rag,conv-47_q112,conv-47,112,4,True,"What aspect of ""The Witcher 3"" does John find immersive?",shaping the world with choices,D19:7,1,True,50,383,True,True,3,False,False,True,True,True,True,True,True,True,True,True,True
hybrid-search,hybrid-search,rag,conv-47_q113,conv-47,113,4,True,Whose phone number did James receive during the beach outing?,Samantha,D19:14,1,True,50,374,True,True,13,False,False,False,False,False,False,True,True,True,True,True,True
hybrid-search,hybrid-search,rag,conv-47_q114,conv-47,114,4,True,What is James planning to do after receiving Samantha's phone number?,call her,D19:14,1,True,50,376,True,True,6,False,False,False,False,True,True,True,True,True,True,True,True
hybrid-search,hybrid-search,rag,conv-47_q115,conv-47,115,4,True,What is John organizing with his siblings?,a gaming night,D20:17,1,True,50,363,True,True,1,True,True,True,True,True,True,True,True,True,True,True,True
hybrid-search,hybrid-search,rag,conv-47_q116,conv-47,116,4,True,What type of beer does John not like?,dark beer,D21:16,1,True,50,355,True,True,2,False,False,True,True,True,True,True,True,True,True,True,True
hybrid-search,hybrid-search,rag,conv-47_q117,conv-47,117,4,True,What were some difficulties James faced during the development of his game?,balancing mechanics and ensuring fairness,D22:7,1,True,50,408,True,True,1,True,True,True,True,True,True,True,True,True,True,True,True
hybrid-search,hybrid-search,rag,conv-47_q118,conv-47,118,4,True,What has John been teaching his siblings?,coding,D22:10,1,True,50,372,True,True,5,False,False,True,True,True,True,True,True,True,True,True,True
hybrid-search,hybrid-search,rag,conv-47_q119,conv-47,119,4,True,What kind of programs are John's siblings making?,basic games and stories,D22:12,1,True,50,367,True,True,16,False,False,False,False,False,False,True,True,True,True,True,True
hybrid-search,hybrid-search,rag,conv-47_q120,conv-47,120,4,True,Which company's headphones did John choose for gaming?,Sennheiser,D23:10,1,True,50,399,True,True,1,True,True,True,True,True,True,True,True,True,True,True,True
hybrid-search,hybrid-search,rag,conv-47_q121,conv-47,121,4,True,What did James and Samantha discover they both enjoy at McGee's bar?,Lager beer,D23:3,1,True,50,372,True,True,2,False,False,True,True,True,True,True,True,True,True,True,True
hybrid-search,hybrid-search,rag,conv-47_q122,conv-47,122,4,True,How much does James pay per cooking class?,$10,D23:15,1,True,50,369,True,True,2,False,False,True,True,True,True,True,True,True,True,True,True
hybrid-search,hybrid-search,rag,conv-47_q123,conv-47,123,4,True,What did James learn to make in the cooking class besides omelette and meringue?,Dough,D23:15,1,True,50,370,True,True,2,False,False,True,True,True,True,True,True,True,True,True,True
hybrid-search,hybrid-search,rag,conv-47_q124,conv-47,124,4,True,Why did James sign up for a cooking class?,He wanted to learn something new,D23:13,1,True,50,373,True,True,1,True,True,True,True,True,True,True,True,True,True,True,True
hybrid-search,hybrid-search,rag,conv-47_q125,conv-47,125,4,True,What did James prepare for the first time in the cooking class?,Omelette,D23:13,1,True,50,366,True,True,2,False,False,True,True,True,True,True,True,True,True,True,True
hybrid-search,hybrid-search,rag,conv-47_q126,conv-47,126,4,True,What is the name of the board game John tried in September 2022?,Dungeons of the Dragon,D24:3,1,True,50,392,True,True,1,True,True,True,True,True,True,True,True,True,True,True,True
hybrid-search,hybrid-search,rag,conv-47_q127,conv-47,127,4,True,Where does James get his ideas from?,"books, movies, dreams",D24:4,1,True,50,372,True,True,2,False,False,True,True,True,True,True,True,True,True,True,True
hybrid-search,hybrid-search,rag,conv-47_q128,conv-47,128,4,True,What kind of dream did James have recently?,a dream with a medieval castle full of puzzles and traps,D24:8,1,True,50,374,True,True,6,False,False,False,False,True,True,True,True,True,True,True,True
hybrid-search,hybrid-search,rag,conv-47_q129,conv-47,129,4,True,What kind of music does John like?,electronic and rock music,D24:13,1,True,50,364,True,True,3,False,False,True,True,True,True,True,True,True,True,True,True
hybrid-search,hybrid-search,rag,conv-47_q130,conv-47,130,4,True,What instrument did James used to play when he was younger?,guitar,D24:14,1,True,50,372,True,True,2,False,False,True,True,True,True,True,True,True,True,True,True
hybrid-search,hybrid-search,rag,conv-47_q131,conv-47,131,4,True,What did John use to play when he was younger to let off steam?,drums,D24:15,1,True,50,377,True,True,4,False,False,True,True,True,True,True,True,True,True,True,True
hybrid-search,hybrid-search,rag,conv-47_q132,conv-47,132,4,True,What career milestone did John achieve recently in September 2022?,making his first mobile game,D25:7,1,True,50,364,True,True,6,False,False,False,False,True,True,True,True,True,True,True,True
hybrid-search,hybrid-search,rag,conv-47_q133,conv-47,133,4,True,What type of game is John's upcoming mobile game?,2D adventure,D25:9,1,True,50,399,True,True,1,True,True,True,True,True,True,True,True,True,True,True,True
hybrid-search,hybrid-search,rag,conv-47_q134,conv-47,134,4,True,What does John do to stay informed and constantly learn about game design?,watch tutorials and keep up with developer forums,D25:13,1,True,50,404,True,True,1,True,True,True,True,True,True,True,True,True,True,True,True
hybrid-search,hybrid-search,rag,conv-47_q135,conv-47,135,4,True,What kind of gig was John offered at the game dev non-profit organization?,programming mentor for game developers,D26:3,1,True,50,413,True,True,1,True,True,True,True,True,True,True,True,True,True,True,True
hybrid-search,hybrid-search,rag,conv-47_q136,conv-47,136,4,True,What does John feel about starting the journey as a programming mentor for game developers?,excited and inspired,D26:5,1,True,50,417,True,True,7,False,False,False,False,True,True,True,True,True,True,True,True
hybrid-search,hybrid-search,rag,conv-47_q137,conv-47,137,4,True,What kind of games is James excited to play with his new video card?,RPGs,D26:10,1,True,50,402,True,True,1,True,True,True,True,True,True,True,True,True,True,True,True
hybrid-search,hybrid-search,rag,conv-47_q138,conv-47,138,4,True,What inspired James to create his game?,Witcher 3,D27:6,1,True,50,390,True,True,2,False,False,True,True,True,True,True,True,True,True,True,True
hybrid-search,hybrid-search,rag,conv-47_q139,conv-47,139,4,True,What sparked James' passion for gaming when he was a kid?,Super Mario and The Legend of Zelda games,D28:25,1,True,50,400,True,True,1,True,True,True,True,True,True,True,True,True,True,True,True
hybrid-search,hybrid-search,rag,conv-47_q140,conv-47,140,4,True,What did James lose progress on due to a power outage?,a game,D28:3,1,True,50,375,True,True,1,True,True,True,True,True,True,True,True,True,True,True,True
hybrid-search,hybrid-search,rag,conv-47_q141,conv-47,141,4,True,"What games were played at the gaming tournament organized by John on 31 October, 2022?","Fortnite, Overwatch, Apex Legends",D29:1 D29:3,2,True,50,397,True,True,1,True,True,True,True,True,True,True,True,True,True,True,True
hybrid-search,hybrid-search,rag,conv-47_q142,conv-47,142,4,False,"What was the purpose of the gaming tournament organized by John on 31 October, 2022?",To raise money for a children's hospital,D29:1 D29:3,2,True,50,398,True,True,2,False,False,True,True,True,True,True,True,True,True,True,True
hybrid-search,hybrid-search,rag,conv-47_q143,conv-47,143,4,True,"What decision did James and Samantha make on 31 October, 2022?",To move in together,D29:10 D29:8,2,True,50,365,True,True,4,False,False,True,False,True,False,True,True,True,True,True,True
hybrid-search,hybrid-search,rag,conv-47_q144,conv-47,144,4,True,"Where did James and Samantha decide to live together on 31 October, 2022?",In an apartment not far from McGee's bar,D29:10,1,True,50,370,True,True,2,False,False,True,True,True,True,True,True,True,True,True,True
hybrid-search,hybrid-search,rag,conv-47_q145,conv-47,145,4,True,Why did James and Samantha choose an apartment near McGee's bar?,They love spending time together at the bar,D29:12,1,True,50,374,True,True,1,True,True,True,True,True,True,True,True,True,True,True,True
hybrid-search,hybrid-search,rag,conv-47_q146,conv-47,146,4,True,"What game is John hooked on playing on 5 November, 2022?",FIFA 23,D30:14,1,True,50,400,True,True,36,False,False,False,False,False,False,False,False,True,True,True,True
hybrid-search,hybrid-search,rag,conv-47_q147,conv-47,147,4,True,What did John suggest James practice before playing FIFA 23 together?,Control with a gamepad and timing,D30:18,1,True,50,395,True,True,26,False,False,False,False,False,False,False,False,True,True,True,True
hybrid-search,hybrid-search,rag,conv-47_q148,conv-47,148,4,True,"What project did John work on with a game developer by 7 November, 2022?",An online board game,D31:4,1,True,50,416,True,True,8,False,False,False,False,True,True,True,True,True,True,True,True
hybrid-search,hybrid-search,rag,conv-47_q149,conv-47,149,4,True,What is the name of John's cousin's dog?,Luna,D31:22,1,True,50,367,True,True,1,True,True,True,True,True,True,True,True,True,True,True,True
hybrid-search,hybrid-search,rag,conv-48_q0,conv-48,0,2,True,What kind of project was Jolene working on in the beginning of January 2023?,electricity engineering project,D1:2,1,True,50,381,True,True,16,False,False,False,False,False,False,True,True,True,True,True,True
hybrid-search,hybrid-search,rag,conv-48_q1,conv-48,1,1,True,Which of Deborah`s family and friends have passed away?,"mother, father, her friend Karlie",D1:5 D2:1 D6:4,3,True,50,368,True,True,1,True,False,True,True,True,True,True,True,True,True,True,True
hybrid-search,hybrid-search,rag,conv-48_q2,conv-48,2,2,True,When did Deborah`s mother pass away?,a few years before 2023,D1:5,1,True,50,371,True,True,3,False,False,True,True,True,True,True,True,True,True,True,True
hybrid-search,hybrid-search,rag,conv-48_q3,conv-48,3,2,True,When did Jolene`s mother pass away?,in 2022,D1:6,1,True,50,388,True,True,2,False,False,True,True,True,True,True,True,True,True,True,True
hybrid-search,hybrid-search,rag,conv-48_q4,conv-48,4,2,True,When did Jolene's mom gift her a pendant?,in 2010,D1:8,1,True,50,388,True,True,3,False,False,True,True,True,True,True,True,True,True,True,True
hybrid-search,hybrid-search,rag,conv-48_q5,conv-48,5,3,True,In what country did Jolene's mother buy her the pendant?,In France,D1:8,1,True,50,388,True,True,1,True,True,True,True,True,True,True,True,True,True,True,True
hybrid-search,hybrid-search,rag,conv-48_q6,conv-48,6,1,True,What symbolic gifts do Deborah and Jolene have from their mothers?,pendants,D1:8 D1:9,2,True,50,380,True,True,42,False,False,False,False,False,False,False,False,True,True,True,True
hybrid-search,hybrid-search,rag,conv-48_q7,conv-48,7,2,False,Which country were Jolene and her mother visiting in 2010?,France,D1:8,1,True,50,381,False,False,,False,False,False,False,False,False,False,False,False,False,False,False
hybrid-search,hybrid-search,rag,conv-48_q8,conv-48,8,1,True,What helped Deborah find peace when grieving deaths of her loved ones?,"yoga, old photos, the roses and dahlias in a flower garden, nature",D15:29 D1:15 D2:3 D6:4,4,True,50,375,True,False,4,False,False,True,False,True,False,True,False,True,False,True,False
hybrid-search,hybrid-search,rag,conv-48_q9,conv-48,9,2,False,When did Deborah's father pass away?,"January 25, 2023",D2:1,1,True,50,367,True,True,1,True,True,True,True,True,True,True,True,True,True,True,True
hybrid-search,hybrid-search,rag,conv-48_q10,conv-48,10,2,True,When was Deborah's parents' wedding?,in 1993,D2:3,1,True,50,366,True,True,2,False,False,True,True,True,True,True,True,True,True,True,True
hybrid-search,hybrid-search,rag,conv-48_q11,conv-48,11,3,True,Is Deborah married?,yes,D19:11 D23:4 D28:11 D2:5,4,True,50,365,True,False,8,False,False,False,False,True,False,True,False,True,False,True,False
hybrid-search,hybrid-search,rag,conv-48_q12,conv-48,12,2,False,When did Deborah receive an appreciation letter from her community?,"January 26, 2023",D2:7,1,True,50,368,True,True,31,False,False,False,False,False,False,False,False,True,True,True,True
hybrid-search,hybrid-search,rag,conv-48_q13,conv-48,13,1,True,What places give Deborah peace?,"sitting in a spot by the window in her Mom's house, sitting by the beach, Bali, forest trail in a nearby park",D19:17 D2:13 D4:34 D6:10,4,True,50,373,True,False,6,False,False,False,False,True,False,True,False,True,False,True,False
hybrid-search,hybrid-search,rag,conv-48_q14,conv-48,14,1,True,What were Deborah's mother's hobbies?,"reading, traveling, art, cooking",D12:3 D29:7 D2:17 D2:19,4,True,50,376,True,True,1,True,False,True,False,True,False,True,True,True,True,True,True
hybrid-search,hybrid-search,rag,conv-48_q15,conv-48,15,4,True,What pets does Jolene have?,snakes,D2:20 D2:22 D2:24,3,True,50,376,True,True,5,False,False,True,True,True,True,True,True,True,True,True,True
hybrid-search,hybrid-search,rag,conv-48_q16,conv-48,16,4,True,What are the names of Jolene's snakes?,"Susie, Seraphim",D2:20 D2:22,2,True,50,381,True,True,3,False,False,True,True,True,True,True,True,True,True,True,True
hybrid-search,hybrid-search,rag,conv-48_q17,conv-48,17,2,True,When did Jolene buy her pet Seraphim?,in 2022,D2:24,1,True,50,373,True,True,5,False,False,True,True,True,True,True,True,True,True,True,True
hybrid-search,hybrid-search,rag,conv-48_q18,conv-48,18,3,True,In what country did Jolene buy snake Seraphim?,In France,D2:24,1,True,50,383,True,True,3,False,False,True,True,True,True,True,True,True,True,True,True
hybrid-search,hybrid-search,rag,conv-48_q19,conv-48,19,1,False,How many times has Jolene been to France?,two times,D1:8 D2:24,2,True,50,380,True,False,21,False,False,False,False,False,False,False,False,True,False,True,False
hybrid-search,hybrid-search,rag,conv-48_q20,conv-48,20,1,True,Which games have Jolene and her partner played together?,"Detroit, Walking Dead, Battlefield 1, It Takes Two, Overcooked 2",D15:10 D19:10 D20:1 D2:26 D2:30,5,True,50,382,True,False,1,True,False,True,False,True,False,True,False,True,False,True,False
hybrid-search,hybrid-search,rag,conv-48_q21,conv-48,21,2,False,"When do Jolene and her partner plan to complete the game ""Walking Dead""?","Saturday after 27 January, 2023",D2:30,1,True,50,377,True,True,1,True,True,True,True,True,True,True,True,True,True,True,True
hybrid-search,hybrid-search,rag,conv-48_q22,conv-48,22,2,False,When did Deborah meet Anna?,"31 January, 2023",D3:4,1,True,50,359,True,True,12,False,False,False,False,False,False,True,True,True,True,True,True
hybrid-search,hybrid-search,rag,conv-48_q23,conv-48,23,3,False,Why did Jolene sometimes put off doing yoga?,She's more interested in playing video games,D2:30 D3:11,2,True,50,384,True,False,14,False,False,False,False,False,False,True,False,True,False,True,False
hybrid-search,hybrid-search,rag,conv-48_q24,conv-48,24,1,True,What new yoga poses did Deborah try?,"Warrior II, Dancer Pose (Natarajasana), Tree pose",D14:15 D14:3 D4:14,3,True,50,378,True,True,3,False,False,True,False,True,False,True,True,True,True,True,True
hybrid-search,hybrid-search,rag,conv-48_q25,conv-48,25,4,True,What are Jolene's favorite books?,"Sapiens, Avalanche by Neal Stephenson",D4:21 D4:23,2,True,50,381,True,True,1,True,True,True,True,True,True,True,True,True,True,True,True
hybrid-search,hybrid-search,rag,conv-48_q26,conv-48,26,2,True,Which book did Jolene read in January 2023?,Avalanche by Neal Stephenson,D4:23,1,True,50,380,True,True,1,True,True,True,True,True,True,True,True,True,True,True,True
hybrid-search,hybrid-search,rag,conv-48_q27,conv-48,27,2,True,When was Jolene in Bogota?,in summer 2022,D4:33,1,True,50,383,True,True,14,False,False,False,False,False,False,True,True,True,True,True,True
hybrid-search,hybrid-search,rag,conv-48_q28,conv-48,28,3,True,In what country was Jolene during summer 2022?,Colombia,D4:33,1,True,50,380,True,True,20,False,False,False,False,False,False,True,True,True,True,True,True
hybrid-search,hybrid-search,rag,conv-48_q29,conv-48,29,2,False,When did Jolene have a mini-retreat to reflect on her career?,"Wednesday before 9 February, 2023",D5:1,1,True,50,382,True,True,3,False,False,True,True,True,True,True,True,True,True,True,True
hybrid-search,hybrid-search,rag,conv-48_q30,conv-48,30,2,False,When did Jolene have a dinner and drinks with her friends?,"21 February, 2023",D6:1,1,True,50,384,True,True,1,True,True,True,True,True,True,True,True,True,True,True,True
hybrid-search,hybrid-search,rag,conv-48_q31,conv-48,31,2,True,When was the last photo of Deborah and Karlie taken?,in summer 2022,D6:8,1,True,50,360,True,True,6,False,False,False,False,True,True,True,True,True,True,True,True
hybrid-search,hybrid-search,rag,conv-48_q32,conv-48,32,2,True,When was Deborah in Bali?,in 2022,D6:10,1,True,50,372,True,True,2,False,False,True,True,True,True,True,True,True,True,True,True
hybrid-search,hybrid-search,rag,conv-48_q33,conv-48,33,4,True,How long have Jolene and her partner been together?,for three years,D7:7,1,True,50,376,True,True,1,True,True,True,True,True,True,True,True,True,True,True,True
hybrid-search,hybrid-search,rag,conv-48_q34,conv-48,34,2,True,Which year did Jolene and her partner start dating?,2020,D7:7,1,True,50,374,True,True,1,True,True,True,True,True,True,True,True,True,True,True,True
hybrid-search,hybrid-search,rag,conv-48_q35,conv-48,35,2,False,When did Deborah go for her first morning jog in a nearby park?,"24 February, 2023",D7:18,1,True,50,371,True,True,1,True,True,True,True,True,True,True,True,True,True,True,True
hybrid-search,hybrid-search,rag,conv-48_q36,conv-48,36,3,True,How old is Jolene?,likely no more than 30; since she's in school,D13:5 D21:6 D21:8 D22:14 D22:6 D24:14 D24:2 D25:5 D26:6 D8:2,10,True,50,385,True,False,6,False,False,False,False,True,False,True,False,True,False,True,False
hybrid-search,hybrid-search,rag,conv-48_q37,conv-48,37,2,False,When did Jolene take Seraphim to the park?,"Sunday before 2 March, 2023",D8:8,1,True,50,367,True,True,2,False,False,True,True,True,True,True,True,True,True,True,True
hybrid-search,hybrid-search,rag,conv-48_q38,conv-48,38,2,False,When did Deborah start the yoga class in the neighborhood?,"Friday before 13 March, 2023",D9:5,1,True,50,378,True,True,2,False,False,True,True,True,True,True,True,True,True,True,True
hybrid-search,hybrid-search,rag,conv-48_q39,conv-48,39,1,True,What time management techniques do Deborah and Jolene use?,"the Pomodoro Technique - 25 minutes work and 5-minute break, scheduler or to-do list, The Eisenhower Matrix, bullet journal",D10:13 D10:4 D10:5 D10:6 D18:3,5,True,50,374,True,True,3,False,False,True,False,True,False,True,False,True,True,True,True
hybrid-search,hybrid-search,rag,conv-48_q40,conv-48,40,3,True,Does Deborah live close to the beach or the mountains?,beach,D10:17,1,True,50,372,False,False,,False,False,False,False,False,False,False,False,False,False,False,False
hybrid-search,hybrid-search,rag,conv-48_q41,conv-48,41,1,True,What ways do Deborah and Jolene use to enhance their yoga practice?,"candles, music, essential oils",D11:4 D11:7 D28:16 D28:18,4,True,50,380,True,True,2,False,False,True,False,True,False,True,False,True,True,True,True
hybrid-search,hybrid-search,rag,conv-48_q42,conv-48,42,4,True,What music pieces does Deborah listen to during her yoga practice?,"Savana, Sleep",D11:10 D11:8,2,True,50,379,True,True,1,True,True,True,True,True,True,True,True,True,True,True,True
hybrid-search,hybrid-search,rag,conv-48_q43,conv-48,43,2,False,When did Deborah go for a bicycle ride with Anna?,"first week of April, 2023",D12:1,1,True,50,364,True,True,35,False,False,False,False,False,False,False,False,True,True,True,True
hybrid-search,hybrid-search,rag,conv-48_q44,conv-48,44,2,False,When did Deborah go to an art show with Anna?,"on 9 April, 2023",D12:1,1,True,50,369,True,True,1,True,True,True,True,True,True,True,True,True,True,True,True
hybrid-search,hybrid-search,rag,conv-48_q45,conv-48,45,2,False,When did Jolene finish her robotics project?,May 2023,D13:1,1,True,50,382,True,True,2,False,False,True,True,True,True,True,True,True,True,True,True
hybrid-search,hybrid-search,rag,conv-48_q46,conv-48,46,2,True,How long did Jolene work on the robotics project given to her by her Professor?,four months,D12:10 D13:1 D3:1,3,True,50,381,True,True,1,True,False,True,True,True,True,True,True,True,True,True,True
hybrid-search,hybrid-search,rag,conv-48_q47,conv-48,47,2,True,When did Jolene do yoga at Talkeetna?,"on 5 June, 2023",D13:15,1,True,50,381,True,True,9,False,False,False,False,True,True,True,True,True,True,True,True
hybrid-search,hybrid-search,rag,conv-48_q48,conv-48,48,3,True,Which US state did Jolene visit during her internship?,Alaska,D13:15,1,True,50,380,True,True,14,False,False,False,False,False,False,True,True,True,True,True,True
hybrid-search,hybrid-search,rag,conv-48_q49,conv-48,49,4,True,How long has Jolene been doing yoga and meditation?,about 3 years,D13:17,1,True,50,389,True,True,2,False,False,True,True,True,True,True,True,True,True,True,True
hybrid-search,hybrid-search,rag,conv-48_q50,conv-48,50,2,True,Which year did Jolene start practicing yoga?,2020,D13:17,1,True,50,387,True,True,4,False,False,True,True,True,True,True,True,True,True,True,True
hybrid-search,hybrid-search,rag,conv-48_q51,conv-48,51,2,False,When did Jolene buy a new aquarium for Seraphim?,"24 June, 2023",D14:4,1,True,50,375,True,True,6,False,False,False,False,True,True,True,True,True,True,True,True
hybrid-search,hybrid-search,rag,conv-48_q52,conv-48,52,2,True,When did Jolene lose a lot of progress in her work?,last week of July 2023,D16:2,1,True,50,383,True,True,21,False,False,False,False,False,False,False,False,True,True,True,True
hybrid-search,hybrid-search,rag,conv-48_q53,conv-48,53,2,True,When did Jolene adopt her snake Susie?,in 2021,D16:6 D28:26,2,True,50,382,True,True,1,True,False,True,True,True,True,True,True,True,True,True,True
hybrid-search,hybrid-search,rag,conv-48_q54,conv-48,54,2,True,Which pet did Jolene adopt first - Susie or Seraphim?,Susie,D16:6 D2:24 D2:28,3,True,50,371,True,True,3,False,False,True,True,True,True,True,True,True,True,True,True
hybrid-search,hybrid-search,rag,conv-48_q55,conv-48,55,2,True,Which pet did Jolene adopt more recently - Susie or Seraphim?,Seraphim,D16:6 D2:24 D2:28,3,True,50,374,True,True,3,False,False,True,True,True,True,True,True,True,True,True,True
hybrid-search,hybrid-search,rag,conv-48_q56,conv-48,56,2,False,When did Deborah lead a meditation session during the sunset?,"week before 16 August, 2023",D18:8,1,True,50,386,True,True,1,True,True,True,True,True,True,True,True,True,True,True,True
hybrid-search,hybrid-search,rag,conv-48_q57,conv-48,57,2,True,When did Jolene gift her partner a new console?,"17 August, 2023",D19:2,1,True,50,382,True,True,7,False,False,False,False,True,True,True,True,True,True,True,True
hybrid-search,hybrid-search,rag,conv-48_q58,conv-48,58,4,True,What games does Jolene recommend for Deborah?,"Zelda BOTW for Switch , Animal Crossing: New Horizons, Overcooked 2",D19:10 D19:8,2,True,50,381,True,True,3,False,False,True,True,True,True,True,True,True,True,True,True
hybrid-search,hybrid-search,rag,conv-48_q59,conv-48,59,4,False,What do Deborah and her husband do together?,"play detective games together, spend time outdoors and explore nature",D19:13 D19:15,2,True,50,360,False,False,,False,False,False,False,False,False,False,False,False,False,False,False
hybrid-search,hybrid-search,rag,conv-48_q60,conv-48,60,2,False,When did Deborah go to a yoga retreat near her mom's place?,"a week before 24 August,2023",D21:1,1,True,50,392,True,True,1,True,True,True,True,True,True,True,True,True,True,True,True
hybrid-search,hybrid-search,rag,conv-48_q61,conv-48,61,4,True,What projects is Jolene planning for next year?,developing renewable energy finding ways to supply clean water to those with limited access,D22:10 D22:12,2,True,50,382,True,True,6,False,False,False,False,True,True,True,True,True,True,True,True
hybrid-search,hybrid-search,rag,conv-48_q62,conv-48,62,4,True,Where did Deborah get her cats?,Luna is from the shelter and Max is her mother's cat,D22:23 D22:25,2,True,50,364,True,True,1,True,True,True,True,True,True,True,True,True,True,True,True
hybrid-search,hybrid-search,rag,conv-48_q63,conv-48,63,4,True,How old are Deborah's cats?,Max is 8 years old and Luna is 5 years old,D22:27 D22:29,2,True,50,364,True,True,2,False,False,True,True,True,True,True,True,True,True,True,True
hybrid-search,hybrid-search,rag,conv-48_q64,conv-48,64,4,True,Does Deborah like cats?,Yes,D15:25 D22:27,2,True,50,372,True,True,1,True,False,True,True,True,True,True,True,True,True,True,True
hybrid-search,hybrid-search,rag,conv-48_q65,conv-48,65,2,True,Which country was Jolene located in during the last week of August 2023?,Brazil,D23:1,1,True,50,380,True,True,13,False,False,False,False,False,False,True,True,True,True,True,True
hybrid-search,hybrid-search,rag,conv-48_q66,conv-48,66,2,False,When did Jolene and her partner return home from Rio de Janeiro?,"29 August, 2023",D23:1,1,True,50,378,True,True,1,True,True,True,True,True,True,True,True,True,True,True,True
hybrid-search,hybrid-search,rag,conv-48_q67,conv-48,67,4,True,What was Jolene doing with her partner in Rio de Janeiro?,"they went on excursions, checked out some cool yoga classes, visited a lot of delicious cafes, visited an old temple",D23:1 D23:15 D23:17 D23:3,4,True,50,374,True,True,3,False,False,True,False,True,False,True,False,True,True,True,True
hybrid-search,hybrid-search,rag,conv-48_q68,conv-48,68,2,True,When did Deborah visit Brazil?,2020,D23:18,1,True,50,374,True,True,6,False,False,False,False,True,True,True,True,True,True,True,True
hybrid-search,hybrid-search,rag,conv-48_q69,conv-48,69,4,True,Have Deborah and Jolene been to Rio de Janeiro?,yes,D23:1 D23:18 D23:3,3,True,50,373,True,True,2,False,False,True,False,True,False,True,False,True,True,True,True
hybrid-search,hybrid-search,rag,conv-48_q70,conv-48,70,3,True,Is the friend who wrote Deborah the motivational quote no longer alive?,likely yes,D23:22,1,True,50,361,True,True,13,False,False,False,False,False,False,True,True,True,True,True,True
hybrid-search,hybrid-search,rag,conv-48_q71,conv-48,71,2,True,When did Deborah go to a community meetup?,last week of August 2023,D24:1,1,True,50,368,True,True,28,False,False,False,False,False,False,False,False,True,True,True,True
hybrid-search,hybrid-search,rag,conv-48_q72,conv-48,72,4,True,When did Jolene's parents give her first console?,when she was 10,D24:6,1,True,50,375,True,True,4,False,False,True,True,True,True,True,True,True,True,True,True
hybrid-search,hybrid-search,rag,conv-48_q73,conv-48,73,1,True,Did Jolene teach herself how to play the console?,yes,D24:8 D2:28,2,True,50,382,True,True,1,True,False,True,True,True,True,True,True,True,True,True,True
hybrid-search,hybrid-search,rag,conv-48_q74,conv-48,74,4,True,What do Deborah and Jolene plan to try when they meet in a new cafe?,coffee and fresh pastries,D26:10 D26:12,2,True,50,366,True,True,2,False,False,True,True,True,True,True,True,True,True,True,True
hybrid-search,hybrid-search,rag,conv-48_q75,conv-48,75,3,False,What card game is Deborah talking about?,Exploding Kittens,D27:12,1,True,50,358,True,True,2,False,False,True,True,True,True,True,True,True,True,True,True
hybrid-search,hybrid-search,rag,conv-48_q76,conv-48,76,2,False,When did Jolene and her partner try scuba diving lessons?,"Friday before 17 September, 2023",D29:4,1,True,50,379,True,True,2,False,False,True,True,True,True,True,True,True,True,True,True
hybrid-search,hybrid-search,rag,conv-48_q77,conv-48,77,1,False,Where did Jolene and her partner find a cool diving spot?,Phuket,D27:1 D29:4,2,True,50,379,True,True,2,False,False,True,False,True,False,True,True,True,True,True,True
hybrid-search,hybrid-search,rag,conv-48_q78,conv-48,78,2,True,Where did Jolene and her partner spend most of September 2023?,Phuket,D2:1,1,True,50,378,False,False,,False,False,False,False,False,False,False,False,False,False,False,False
hybrid-search,hybrid-search,rag,conv-48_q79,conv-48,79,1,True,Has Deborah tried surfing?,yes,D28:11 D29:25,2,True,50,375,True,True,1,True,False,True,False,True,False,True,True,True,True,True,True
hybrid-search,hybrid-search,rag,conv-48_q80,conv-48,80,1,True,Has Jolene tried surfing?,no,D10:20 D29:26 D29:30,3,True,50,385,True,True,1,True,False,True,True,True,True,True,True,True,True,True,True
hybrid-search,hybrid-search,rag,conv-48_q81,conv-48,81,2,False,When did the Deboran and Jolene agree to go surfing?,in October 2023,D29:34,1,True,50,382,True,True,6,False,False,False,False,True,True,True,True,True,True,True,True
hybrid-search,hybrid-search,rag,conv-48_q82,conv-48,82,1,False,Which locations does Deborah practice her yoga at?,"at her mother's old home, park, yoga studio, beach",D2:11 D2:13 D3:6 D4:12 D6:10,5,True,50,381,True,False,1,True,False,True,False,True,False,True,False,True,False,True,False
hybrid-search,hybrid-search,rag,conv-48_q83,conv-48,83,1,True,What kind of professional activities does Jolene participate in to gain more experience in her field?,"present work at virtual conference, attend workshops  and intern at firms",D13:5 D21:6,2,True,50,380,True,True,5,False,False,True,False,True,True,True,True,True,True,True,True
hybrid-search,hybrid-search,rag,conv-48_q84,conv-48,84,1,False,What kind of engineering projects has Jolene worked on?,"electrical engineering, robotics, sustainable water purifier, productive and affordable aerial surveillance system",D17:10 D17:12 D1:2 D3:1 D4:5,5,True,50,378,True,True,3,False,False,True,False,True,False,True,True,True,True,True,True
hybrid-search,hybrid-search,rag,conv-48_q85,conv-48,85,1,True,Which community activities have Deborah and Anna participated in?,"yoga, running",D15:1 D4:12 D4:16,3,True,50,364,True,True,4,False,False,True,False,True,False,True,False,True,True,True,True
hybrid-search,hybrid-search,rag,conv-48_q86,conv-48,86,1,True,What gifts has Deborah received?,"an appreciate letter from her community, a flower bouqet from her friend, a motivational quote from a friend",D23:20 D23:22 D2:7 D2:9 D4:26,5,True,50,370,True,False,26,False,False,False,False,False,False,False,False,True,False,True,False
hybrid-search,hybrid-search,rag,conv-48_q87,conv-48,87,1,False,Which countries has Deborah traveled to?,"Thailand, Brazil",D23:18 D6:10,2,True,50,376,True,True,6,False,False,False,False,True,False,True,False,True,True,True,True
hybrid-search,hybrid-search,rag,conv-48_q88,conv-48,88,1,True,What activities does Deborah pursue besides practicing and teaching yoga?,"biking, going to art shows, running, organizing workshops to practice mindfulness and self-care, surfing, gardening",D12:1 D15:1 D15:11 D28:11 D29:1,5,True,50,381,True,False,24,False,False,False,False,False,False,False,False,True,False,True,False
hybrid-search,hybrid-search,rag,conv-48_q89,conv-48,89,4,True,What are the names of Jolene's snakes?,"Susie, Seraphim",D2:20 D2:22,2,True,50,381,True,True,3,False,False,True,True,True,True,True,True,True,True,True,True
hybrid-search,hybrid-search,rag,conv-48_q90,conv-48,90,4,True,What are Jolene's favorite books?,"Sapiens, Avalanche by Neal Stephenson",D4:21 D4:23,2,True,50,381,True,True,1,True,True,True,True,True,True,True,True,True,True,True,True
hybrid-search,hybrid-search,rag,conv-48_q91,conv-48,91,4,True,What music pieces does Deborah listen to during her yoga practice?,"Savana, Sleep",D11:10 D11:8,2,True,50,379,True,True,1,True,True,True,True,True,True,True,True,True,True,True,True
hybrid-search,hybrid-search,rag,conv-48_q92,conv-48,92,4,True,What games does Jolene recommend for Deborah?,"Zelda BOTW for Switch , Animal Crossing: New Horizons, Overcooked 2",D19:10 D19:8,2,True,50,381,True,True,3,False,False,True,True,True,True,True,True,True,True,True,True
hybrid-search,hybrid-search,rag,conv-48_q93,conv-48,93,4,True,What projects is Jolene planning for next year?,developing renewable energy finding ways to supply clean water to those with limited access,D22:10 D22:12,2,True,50,382,True,True,6,False,False,False,False,True,True,True,True,True,True,True,True
hybrid-search,hybrid-search,rag,conv-48_q94,conv-48,94,4,True,Where did Deborah get her cats?,Luna is from the shelter and Max is her mother's cat,D22:23 D22:25,2,True,50,364,True,True,1,True,True,True,True,True,True,True,True,True,True,True,True
hybrid-search,hybrid-search,rag,conv-48_q95,conv-48,95,4,True,How old are Deborah's cats?,Max is 8 years old and Luna is 5 years old,D22:27 D22:29,2,True,50,364,True,True,2,False,False,True,True,True,True,True,True,True,True,True,True
hybrid-search,hybrid-search,rag,conv-48_q96,conv-48,96,4,True,What was Jolene doing with her partner in Rio de Janeiro?,"they went on excursions, checked out some cool yoga classes, visited a lot of delicious cafes, visited an old temple",D23:1 D23:15 D23:17 D23:3,4,True,50,374,True,True,3,False,False,True,False,True,False,True,False,True,True,True,True
hybrid-search,hybrid-search,rag,conv-48_q97,conv-48,97,4,True,Have Deborah and Jolene been to Rio de Janeiro?,yes,D23:1 D23:18 D23:3,3,True,50,373,True,True,2,False,False,True,False,True,False,True,False,True,True,True,True
hybrid-search,hybrid-search,rag,conv-48_q98,conv-48,98,4,True,When did Jolene's parents give her first console?,when she was 10,D24:6,1,True,50,375,True,True,4,False,False,True,True,True,True,True,True,True,True,True,True
hybrid-search,hybrid-search,rag,conv-48_q99,conv-48,99,4,True,What do Deborah and Jolene plan to try when they meet in a new cafe?,coffee and fresh pastries,D26:10 D26:12,2,True,50,366,True,True,2,False,False,True,True,True,True,True,True,True,True,True,True
hybrid-search,hybrid-search,rag,conv-48_q100,conv-48,100,4,True,"What project did Jolene finish last week before 23 January, 2023?",an electrical engineering project,D1:2,1,True,50,382,True,True,2,False,False,True,True,True,True,True,True,True,True,True,True
hybrid-search,hybrid-search,rag,conv-48_q101,conv-48,101,4,True,When did Jolene buy her pet snake?,A year ago,D2:24,1,True,50,378,True,True,3,False,False,True,True,True,True,True,True,True,True,True,True
hybrid-search,hybrid-search,rag,conv-48_q102,conv-48,102,4,True,"What project was Jolene working on as of 1 February, 2023?",Robotics project,D3:1,1,True,50,379,True,True,3,False,False,True,True,True,True,True,True,True,True,True,True
hybrid-search,hybrid-search,rag,conv-48_q103,conv-48,103,4,True,Where did Deborah meet her new neighbor Anna?,yoga in the park,D3:6,1,True,50,364,True,True,6,False,False,False,False,True,True,True,True,True,True,True,True
hybrid-search,hybrid-search,rag,conv-48_q104,conv-48,104,4,True,What activity did Jolene and her partner plan to do together instead of resuming yoga?,play the console,D3:11,1,True,50,382,True,True,1,True,True,True,True,True,True,True,True,True,True,True,True
hybrid-search,hybrid-search,rag,conv-48_q105,conv-48,105,4,False,"What milestone did Jolene achieve recently on 4 February, 2023?",Design and build a sustainable water purifier for a rural community,D4:3,1,True,50,384,True,True,15,False,False,False,False,False,False,True,True,True,True,True,True
hybrid-search,hybrid-search,rag,conv-48_q106,conv-48,106,4,True,"What is Jolene's favorite book which she mentioned on 4 February, 2023?","""Sapiens""",D4:21,1,True,50,375,True,True,1,True,True,True,True,True,True,True,True,True,True,True,True
hybrid-search,hybrid-search,rag,conv-48_q107,conv-48,107,4,True,What does Deborah bring with her whenever she comes to reflect on her mom?,amulet,D4:36,1,True,50,370,True,True,2,False,False,True,True,True,True,True,True,True,True,True,True
hybrid-search,hybrid-search,rag,conv-48_q108,conv-48,108,4,True,"What new outlook did Jolene gain after her mini retreat on 9 February, 2023?",A confidence boost,D5:3,1,True,50,378,True,True,3,False,False,True,True,True,True,True,True,True,True,True,True
hybrid-search,hybrid-search,rag,conv-48_q109,conv-48,109,4,True,"What cool stuff did Jolene accomplish at the retreat on 9 February, 2023?",Came up with neat solutions for her engineering project,D5:5,1,True,50,383,True,True,5,False,False,True,True,True,True,True,True,True,True,True,True
hybrid-search,hybrid-search,rag,conv-48_q110,conv-48,110,4,True,"What idea did Jolene have to help underprivileged kids learn about STEM subjects on 9 February, 2023?",A volunteer program where engineers teach STEM to underprivileged kids,D5:7,1,True,50,377,True,True,2,False,False,True,True,True,True,True,True,True,True,True,True
hybrid-search,hybrid-search,rag,conv-48_q111,conv-48,111,4,True,How does Jolene plan to involve local engineers in her idea of teaching STEM to underprivileged kids?,As guest speakers for workshops,D5:9,1,True,50,377,True,True,2,False,False,True,True,True,True,True,True,True,True,True,True
hybrid-search,hybrid-search,rag,conv-48_q112,conv-48,112,4,True,What gave Deborah peace in the garden she visited?,Roses and dahlias,D6:4,1,True,50,376,True,True,8,False,False,False,False,True,True,True,True,True,True,True,True
hybrid-search,hybrid-search,rag,conv-48_q113,conv-48,113,4,True,Why did Deborah spend time in the garden?,to find comfort after losing a friend,D6:4,1,True,50,367,True,True,2,False,False,True,True,True,True,True,True,True,True,True,True
hybrid-search,hybrid-search,rag,conv-48_q114,conv-48,114,4,True,How did Jolene and her partner initially meet?,In an engineering class in college,D7:9,1,True,50,374,True,True,3,False,False,True,True,True,True,True,True,True,True,True,True
hybrid-search,hybrid-search,rag,conv-48_q115,conv-48,115,4,False,What activity does Deborah incorporate into her daily routine after going for a morning jog in the park?,spending time with loved ones,D7:18,1,True,50,364,True,True,1,True,True,True,True,True,True,True,True,True,True,True,True
hybrid-search,hybrid-search,rag,conv-48_q116,conv-48,116,4,True,"According to Jolene, what does exercise help her to feel?",connected to her body,D7:20,1,True,50,386,True,True,2,False,False,True,True,True,True,True,True,True,True,True,True
hybrid-search,hybrid-search,rag,conv-48_q117,conv-48,117,4,True,"What did Deb share a photo of, which brought a smile to Jolene's face?",a yellow coffee cup with a handwritten message,D8:22,1,True,50,379,True,True,47,False,False,False,False,False,False,False,False,True,True,True,True
hybrid-search,hybrid-search,rag,conv-48_q118,conv-48,118,4,True,What is one of Jolene's favorite dishes?,lasagna,D8:2,1,True,50,385,True,True,1,True,True,True,True,True,True,True,True,True,True,True,True
hybrid-search,hybrid-search,rag,conv-48_q119,conv-48,119,4,True,What picture did Jolene share related to feeling overwhelmed?,a photo of a desk with a notebook and a computer monitor,D8:16,1,True,50,391,True,True,30,False,False,False,False,False,False,False,False,True,True,True,True
hybrid-search,hybrid-search,rag,conv-48_q120,conv-48,120,4,True,What did Jolene and Deb discuss as a helpful strategy for studying and time management?,"breaking tasks into smaller pieces and setting goals, using planners or schedulers",D8:19,1,True,50,374,True,True,4,False,False,True,True,True,True,True,True,True,True,True,True
hybrid-search,hybrid-search,rag,conv-48_q121,conv-48,121,4,False,"What did Jolene ask Deb to help with on 13 March, 2023?",time management,D9:14,1,True,50,377,True,True,8,False,False,False,False,True,True,True,True,True,True,True,True
hybrid-search,hybrid-search,rag,conv-48_q122,conv-48,122,4,True,What method does Deb suggest Jolene to try for organizing tasks based on importance and urgency?,The Eisenhower Matrix,D10:13,1,True,50,384,True,True,1,True,True,True,True,True,True,True,True,True,True,True,True
hybrid-search,hybrid-search,rag,conv-48_q123,conv-48,123,4,False,What did Jolene and Anna discuss while watching the sunset by the sea?,They realized they inspire each other,D10:17,1,True,50,380,True,True,48,False,False,False,False,False,False,False,False,True,True,True,True
hybrid-search,hybrid-search,rag,conv-48_q124,conv-48,124,4,True,How does Jolene plan to pursue her dream of learning to surf?,"gathering information, watching videos, getting a beginners' guide",D10:20,1,True,50,381,True,True,1,True,True,True,True,True,True,True,True,True,True,True,True
hybrid-search,hybrid-search,rag,conv-48_q125,conv-48,125,4,True,What did Deborah buy to enhance her yoga practice besides the props?,candle,D11:4,1,True,50,378,True,True,2,False,False,True,True,True,True,True,True,True,True,True,True
hybrid-search,hybrid-search,rag,conv-48_q126,conv-48,126,4,True,What type of music does Deborah find helpful during her yoga practice?,instrumental tracks with mellow melodies and rhythms,D11:8,1,True,50,375,True,True,1,True,True,True,True,True,True,True,True,True,True,True,True
hybrid-search,hybrid-search,rag,conv-48_q127,conv-48,127,4,True,Who are the musicians mentioned by Jolene that she enjoys listening to during her yoga practice?,Nils Frahm and Olafur Arnalds,D11:9,1,True,50,386,True,True,1,True,True,True,True,True,True,True,True,True,True,True,True
hybrid-search,hybrid-search,rag,conv-48_q128,conv-48,128,4,True,What album does Deborah recommend for meditation and deep relaxation?,'Sleep',D11:10,1,True,50,388,True,True,2,False,False,True,True,True,True,True,True,True,True,True,True
hybrid-search,hybrid-search,rag,conv-48_q129,conv-48,129,4,True,"Which show did Deborah go to with a friend on 9 April, 2023?",an art show,D12:1,1,True,50,365,True,True,11,False,False,False,False,False,False,True,True,True,True,True,True
hybrid-search,hybrid-search,rag,conv-48_q130,conv-48,130,4,True,What does Deborah find comforting about going to art shows?,It makes her feel like she's still experiencing it with her mom,D12:3,1,True,50,369,True,True,1,True,True,True,True,True,True,True,True,True,True,True,True
hybrid-search,hybrid-search,rag,conv-48_q131,conv-48,131,4,True,How does Jolene describe the time spent with her snakes and partner?,Valuable and relaxing,D12:6,1,True,50,370,False,False,,False,False,False,False,False,False,False,False,False,False,False,False
hybrid-search,hybrid-search,rag,conv-48_q132,conv-48,132,4,True,What does Jolene enjoy doing with her partner after a long day?,Playing video games,D12:6,1,True,50,377,False,False,,False,False,False,False,False,False,False,False,False,False,False,False
hybrid-search,hybrid-search,rag,conv-48_q133,conv-48,133,4,True,What is Jolene currently doing in June 2023?,interning at a well-known engineering firm,D13:5,1,True,50,383,True,True,20,False,False,False,False,False,False,True,True,True,True,True,True
hybrid-search,hybrid-search,rag,conv-48_q134,conv-48,134,4,True,For how long has Jolene had Seraphim as a pet?,one year,D14:6,1,True,50,374,True,True,2,False,False,True,True,True,True,True,True,True,True,True,True
hybrid-search,hybrid-search,rag,conv-48_q135,conv-48,135,4,True,How does Jolene feel when spending time with Seraphim?,comforted,D14:6,1,True,50,375,True,True,6,False,False,False,False,True,True,True,True,True,True,True,True
hybrid-search,hybrid-search,rag,conv-48_q136,conv-48,136,4,True,Which new yoga pose did Deborah share a photo of?,tree pose,D14:15,1,True,50,380,True,True,10,False,False,False,False,True,True,True,True,True,True,True,True
hybrid-search,hybrid-search,rag,conv-48_q137,conv-48,137,4,True,What group activity did Deborah start with Anna?,running group,D15:1,1,True,50,363,True,True,2,False,False,True,True,True,True,True,True,True,True,True,True
hybrid-search,hybrid-search,rag,conv-48_q138,conv-48,138,4,True,What made being part of the running group easy for Deborah to stay motivated?,helping and pushing each other during runs,D15:3,1,True,50,370,True,True,1,True,True,True,True,True,True,True,True,True,True,True,True
hybrid-search,hybrid-search,rag,conv-48_q139,conv-48,139,4,True,Why did Jolene decide to get a snake as a pet?,fascinated by reptiles and it felt like the perfect pet,D15:18,1,True,50,381,True,True,2,False,False,True,True,True,True,True,True,True,True,True,True
hybrid-search,hybrid-search,rag,conv-48_q140,conv-48,140,4,True,What is the favorite game Jolene plays with her partner?,It takes two,D15:10,1,True,50,383,True,True,2,False,False,True,True,True,True,True,True,True,True,True,True
hybrid-search,hybrid-search,rag,conv-48_q141,conv-48,141,4,True,What activity does Deborah do with her cats?,take them out for a run in the park every morning and evening,D15:27,1,True,50,361,True,True,4,False,False,True,True,True,True,True,True,True,True,True,True
hybrid-search,hybrid-search,rag,conv-48_q142,conv-48,142,4,True,How does Jolene describe the feeling of finding her snake snuggled under the bed after it got out?,It really showed how much she loves her.,D15:20,1,True,50,376,True,True,2,False,False,True,True,True,True,True,True,True,True,True,True
hybrid-search,hybrid-search,rag,conv-48_q143,conv-48,143,4,True,Why does Deborah take her cats out for a run in the park every day?,Exercise and nature are important to her,D15:27,1,True,50,369,True,True,1,True,True,True,True,True,True,True,True,True,True,True,True
hybrid-search,hybrid-search,rag,conv-48_q144,conv-48,144,4,True,"How did Jolene come to have her pet, Susie?",She adopted her two years ago when feeling lonely.,D16:6,1,True,50,376,True,True,3,False,False,True,True,True,True,True,True,True,True,True,True
hybrid-search,hybrid-search,rag,conv-48_q145,conv-48,145,4,True,What activities have been helping Jolene stay distracted during tough times?,"Video games and spending time with her pet, Susie",D16:4,1,True,50,386,True,True,13,False,False,False,False,False,False,True,True,True,True,True,True
hybrid-search,hybrid-search,rag,conv-48_q146,conv-48,146,4,True,What kind of yoga routine does Deborah recommend to Jolene?,A gentle flow routine focused on breathing and grounding,D16:15,1,True,50,381,True,True,8,False,False,False,False,True,True,True,True,True,True,True,True
hybrid-search,hybrid-search,rag,conv-48_q147,conv-48,147,4,True,What did Jolene design inspired by their love for space and engines?,Notebooks,D17:6,1,True,50,375,True,True,3,False,False,True,True,True,True,True,True,True,True,True,True
hybrid-search,hybrid-search,rag,conv-48_q148,conv-48,148,4,True,What journal has Jolene been using to help track tasks and stay organized?,bullet journal,D18:3,1,True,50,387,True,True,2,False,False,True,True,True,True,True,True,True,True,True,True
hybrid-search,hybrid-search,rag,conv-48_q149,conv-48,149,4,True,What game did Jolene recommend for being calming and cute?,Animal Crossing: New Horizons,D19:8,1,True,50,377,True,True,1,True,True,True,True,True,True,True,True,True,True,True,True
hybrid-search,hybrid-search,rag,conv-48_q150,conv-48,150,4,True,What game did Jolene suggest as an awesome open-world game for the Nintendo Switch?,Zelda BOTW,D19:8,1,True,50,379,True,True,1,True,True,True,True,True,True,True,True,True,True,True,True
hybrid-search,hybrid-search,rag,conv-48_q151,conv-48,151,4,False,What did Deborah and her husband use to play to bond and make memories?,video games,D19:11,1,True,50,357,True,True,29,False,False,False,False,False,False,False,False,True,True,True,True
hybrid-search,hybrid-search,rag,conv-48_q152,conv-48,152,4,True,What is special about the bench at the park near Deborah's house?,It holds special memories of conversations with her mom,D19:18,1,True,50,366,True,True,1,True,True,True,True,True,True,True,True,True,True,True,True
hybrid-search,hybrid-search,rag,conv-48_q153,conv-48,153,4,True,What did Deborah and her mom chat about at their special bench in the park?,dreams and life,D19:19,1,True,50,365,True,True,1,True,True,True,True,True,True,True,True,True,True,True,True
hybrid-search,hybrid-search,rag,conv-48_q154,conv-48,154,4,True,What feeling does Deborah get when she thinks about the time spent with her mom at their special spot?,peace and gratitude,D19:21,1,True,50,361,True,True,2,False,False,True,True,True,True,True,True,True,True,True,True
hybrid-search,hybrid-search,rag,conv-48_q155,conv-48,155,4,True,What habits does Jolene practice to feel balanced?,"yoga, meditation, walks, and mindfulness",D20:12,1,True,50,386,True,True,8,False,False,False,False,True,True,True,True,True,True,True,True
hybrid-search,hybrid-search,rag,conv-48_q156,conv-48,156,4,True,Which yoga pose is Jolene a fan of for rest and calmness?,savasana (the corpse pose),D20:19,1,True,50,384,True,True,1,True,True,True,True,True,True,True,True,True,True,True,True
hybrid-search,hybrid-search,rag,conv-48_q157,conv-48,157,4,True,How long has Jolene been doing yoga?,3 years,D20:21,1,True,50,388,True,True,1,True,True,True,True,True,True,True,True,True,True,True,True
hybrid-search,hybrid-search,rag,conv-48_q158,conv-48,158,4,True,What did Jolene participate in recently that provided her with a rewarding experience?,presenting at a virtual conference,D21:6,1,True,50,384,True,True,3,False,False,True,True,True,True,True,True,True,True,True,True
hybrid-search,hybrid-search,rag,conv-48_q159,conv-48,159,4,True,How did Jolene feel after receiving positive feedback at the virtual conference?,thrilled and rewarded,D21:8,1,True,50,386,True,True,1,True,True,True,True,True,True,True,True,True,True,True,True
hybrid-search,hybrid-search,rag,conv-48_q160,conv-48,160,4,True,What kind of event did Jolene present at recently?,virtual conference,D21:6,1,True,50,381,True,True,2,False,False,True,True,True,True,True,True,True,True,True,True
hybrid-search,hybrid-search,rag,conv-48_q161,conv-48,161,4,True,"What did Jolene's mom stress the value of, which she wants to keep in mind for her engineering projects?",Helping others,D22:6,1,True,50,377,True,True,3,False,False,True,True,True,True,True,True,True,True,True,True
hybrid-search,hybrid-search,rag,conv-48_q162,conv-48,162,4,True,What type of projects is Jolene interested in getting involved in the future?,Sustainable initiatives and developing innovative solutions for environmental issues,D22:8,1,True,50,382,True,True,1,True,True,True,True,True,True,True,True,True,True,True,True
hybrid-search,hybrid-search,rag,conv-48_q163,conv-48,163,4,True,"How did Deborah get Luna, one of her cats?",From the shelter,D22:25,1,True,50,368,True,True,1,True,True,True,True,True,True,True,True,True,True,True,True
hybrid-search,hybrid-search,rag,conv-48_q164,conv-48,164,4,True,How old is Max?,8 years old,D22:27,1,True,50,341,True,True,1,True,True,True,True,True,True,True,True,True,True,True,True
hybrid-search,hybrid-search,rag,conv-48_q165,conv-48,165,4,True,"What type of classes did Jolene and her partner check out during their trip to Rio de Janeiro on 30 August, 2023?",Yoga classes,D23:1,1,True,50,373,True,True,3,False,False,True,True,True,True,True,True,True,True,True,True
hybrid-search,hybrid-search,rag,conv-48_q166,conv-48,166,4,True,What type of place does Jolene visit to meditate?,A tranquil spot by a pond,D23:9,1,True,50,389,True,True,1,True,True,True,True,True,True,True,True,True,True,True,True
hybrid-search,hybrid-search,rag,conv-48_q167,conv-48,167,4,True,"What was the new plant Jolene got used as a reminder for on 30 August, 2023?",To nurture herself and embrace fresh starts,D23:29,1,True,50,384,True,True,4,False,False,True,True,True,True,True,True,True,True,True,True
hybrid-search,hybrid-search,rag,conv-48_q168,conv-48,168,4,True,"Why did Jolene get the new plant on 30 August, 2023?",As a reminder to nurture herself and embrace fresh starts,D23:29,1,True,50,377,True,True,3,False,False,True,True,True,True,True,True,True,True,True,True
hybrid-search,hybrid-search,rag,conv-48_q169,conv-48,169,4,True,What has Jolene been focusing on lately besides studying?,relationship with her partner,D24:2,1,True,50,387,True,True,3,False,False,True,True,True,True,True,True,True,True,True,True
hybrid-search,hybrid-search,rag,conv-48_q170,conv-48,170,4,True,How did Deborah's mom support her yoga practice when she first started?,attended classes with her,D24:5,1,True,50,376,True,True,5,False,False,True,True,True,True,True,True,True,True,True,True
hybrid-search,hybrid-search,rag,conv-48_q171,conv-48,171,4,True,What was the video game console that Jolene's parents got her at age 10?,nintendo game console,D24:6,1,True,50,381,True,True,5,False,False,True,True,True,True,True,True,True,True,True,True
hybrid-search,hybrid-search,rag,conv-48_q172,conv-48,172,4,False,What was one of Jolene's favorite games to play with her mom on the nintendo wii game system?,Monster Hunter: World,D24:10,1,True,50,386,True,True,1,True,True,True,True,True,True,True,True,True,True,True,True
hybrid-search,hybrid-search,rag,conv-48_q173,conv-48,173,4,True,What course did Jolene sign up for on 6 September 2023?,meditation,D25:1,1,True,50,387,True,True,1,True,True,True,True,True,True,True,True,True,True,True,True
hybrid-search,hybrid-search,rag,conv-48_q174,conv-48,174,4,True,"Why did Jolene have to reschedule their meeting with Deborah on September 8, 2023?",Jolene already had plans,D26:15,1,True,50,371,True,True,26,False,False,False,False,False,False,False,False,True,True,True,True
hybrid-search,hybrid-search,rag,conv-48_q175,conv-48,175,4,True,Where did Jolene and her partner travel for a few weeks in September 2023?,Phuket,D27:1,1,True,50,376,True,True,4,False,False,True,True,True,True,True,True,True,True,True,True
hybrid-search,hybrid-search,rag,conv-48_q176,conv-48,176,4,True,What was the main focus of the session that stood out to Jolene during the retreat?,releasing expectations and judgments and savoring the present,D27:5,1,True,50,386,True,True,3,False,False,True,True,True,True,True,True,True,True,True,True
hybrid-search,hybrid-search,rag,conv-48_q177,conv-48,177,4,True,How did Jolene feel about her progress in practicing mindfulness and gratitude?,experiencing a new level of joy and happiness,D27:9,1,True,50,393,True,True,12,False,False,False,False,False,False,True,True,True,True,True,True
hybrid-search,hybrid-search,rag,conv-48_q178,conv-48,178,4,True,What positive change did Jolene experience during the retreat?,finding inner peace,D27:1,1,True,50,392,True,True,3,False,False,True,True,True,True,True,True,True,True,True,True
hybrid-search,hybrid-search,rag,conv-48_q179,conv-48,179,4,False,What did Jolene recently play that she described to Deb?,a card game about cats,D27:12,1,True,50,381,True,True,22,False,False,False,False,False,False,False,False,True,True,True,True
hybrid-search,hybrid-search,rag,conv-48_q180,conv-48,180,4,True,What did Deborah do with their mom's old friends?,reminisced and looked through photos,D28:7,1,True,50,365,True,True,1,True,True,True,True,True,True,True,True,True,True,True,True
hybrid-search,hybrid-search,rag,conv-48_q181,conv-48,181,4,True,Where did Deborah get married?,on the beach,D28:11,1,True,50,367,False,False,,False,False,False,False,False,False,False,False,False,False,False,False
hybrid-search,hybrid-search,rag,conv-48_q182,conv-48,182,4,True,What does yoga on the beach provide for Deborah?,a peaceful atmosphere,D28:15,1,True,50,382,True,True,21,False,False,False,False,False,False,False,False,True,True,True,True
hybrid-search,hybrid-search,rag,conv-48_q183,conv-48,183,4,False,How does Jolene describe their home room?,little haven for peace and rest,D28:22,1,True,50,386,False,False,,False,False,False,False,False,False,False,False,False,False,False,False
hybrid-search,hybrid-search,rag,conv-48_q184,conv-48,184,4,True,"What new activity did Deborah and her neighbor organize for the community on 16 September, 2023?",Free gardening class,D29:1,1,True,50,364,True,True,1,True,True,True,True,True,True,True,True,True,True,True,True
hybrid-search,hybrid-search,rag,conv-48_q185,conv-48,185,4,True,What was Deborah's mom passionate about?,Cooking,D29:7,1,True,50,371,True,True,2,False,False,True,True,True,True,True,True,True,True,True,True
hybrid-search,hybrid-search,rag,conv-48_q186,conv-48,186,4,True,What food did Deborah's mom make for her on birthdays?,Pineapple cakes,D29:9,1,True,50,367,True,True,1,True,True,True,True,True,True,True,True,True,True,True,True
hybrid-search,hybrid-search,rag,conv-48_q187,conv-48,187,4,True,What kind of cookies did Jolene used to bake with someone close to her?,Chocolate chip cookies,D29:12,1,True,50,381,True,True,1,True,True,True,True,True,True,True,True,True,True,True,True
hybrid-search,hybrid-search,rag,conv-48_q188,conv-48,188,4,True,What outdoor activity did Jolene suggest doing together with Deborah?,Surfing,D29:27,1,True,50,382,True,True,34,False,False,False,False,False,False,False,False,True,True,True,True
hybrid-search,hybrid-search,rag,conv-48_q189,conv-48,189,4,True,"What activity did Deborah enjoy at the music festival with their pals on September 20, 2023?",Dancing and bopping around,D30:1,1,True,50,367,True,True,1,True,True,True,True,True,True,True,True,True,True,True,True
hybrid-search,hybrid-search,rag,conv-48_q190,conv-48,190,4,True,What did Deborah find freeing at the music festival?,Dancing and bopping around,D30:1,1,True,50,366,True,True,1,True,True,True,True,True,True,True,True,True,True,True,True
hybrid-search,hybrid-search,rag,conv-49_q0,conv-49,0,1,True,What kind of car does Evan drive?,Prius,D18:1 D18:3 D1:2 D1:4 D22:2,5,True,50,340,True,True,4,False,False,True,False,True,False,True,False,True,True,True,True
hybrid-search,hybrid-search,rag,conv-49_q1,conv-49,1,1,True,What kinds of things did Evan have broken?,His old Prius and his new Prius.,D18:1 D18:2 D18:3 D1:2 D1:4,5,True,50,341,True,True,5,False,False,True,False,True,False,True,True,True,True,True,True
hybrid-search,hybrid-search,rag,conv-49_q2,conv-49,2,1,True,Where has Evan been on roadtrips with his family?,"Rockies, Jasper",D1:2 D1:4 D2:1,3,True,50,344,True,True,1,True,False,True,False,True,True,True,True,True,True,True,True
hybrid-search,hybrid-search,rag,conv-49_q3,conv-49,3,1,True,How many Prius has Evan owned?,two,D1:2 D1:4,2,True,50,343,True,True,1,True,True,True,True,True,True,True,True,True,True,True,True
hybrid-search,hybrid-search,rag,conv-49_q4,conv-49,4,2,True,Which hobby did Sam take up in May 2023?,painting,D1:11,1,True,50,358,True,True,1,True,True,True,True,True,True,True,True,True,True,True,True
hybrid-search,hybrid-search,rag,conv-49_q5,conv-49,5,3,True,Which country was Evan visiting in May 2023?,Canada,D2:1,1,True,50,341,True,True,3,False,False,True,True,True,True,True,True,True,True,True,True
hybrid-search,hybrid-search,rag,conv-49_q6,conv-49,6,1,True,How many roadtrips did Evan take in May 2023?,two,D1:4 D2:1,2,True,50,336,True,True,3,False,False,True,False,True,True,True,True,True,True,True,True
hybrid-search,hybrid-search,rag,conv-49_q7,conv-49,7,1,False,What new hobbies did Sam consider trying?,"Painting, kayaking, hiking, cooking, running",D10:8 D13:6 D13:8 D1:11 D20:6 D21:19 D2:10 D7:2 D7:4 D7:6,10,True,50,365,True,False,2,False,False,True,False,True,False,True,False,True,False,True,False
hybrid-search,hybrid-search,rag,conv-49_q8,conv-49,8,1,True,What hobby did Evan start practicing a few years ago that he enjoys?,Watercolor painting,D1:14 D1:16 D8:13 D8:14,4,True,50,351,True,True,1,True,False,True,False,True,True,True,True,True,True,True,True
hybrid-search,hybrid-search,rag,conv-49_q9,conv-49,9,2,False,When did Evan go to Jasper with his family?,"weekend before May 24, 2023",D2:1,1,True,50,350,True,True,1,True,True,True,True,True,True,True,True,True,True,True,True
hybrid-search,hybrid-search,rag,conv-49_q10,conv-49,10,3,True,"Which type of vacation would Evan prefer with his family, walking tours in metropolitan cities or camping trip in the outdoors?",camping trip in the outdoors,D19:1 D19:3 D2:1 D2:3,4,True,50,346,True,True,6,False,False,False,False,True,False,True,False,True,True,True,True
hybrid-search,hybrid-search,rag,conv-49_q11,conv-49,11,1,True,What health issue did Sam face that motivated him to change his lifestyle?,Weight problem,D10:6 D12:1 D13:2 D14:1 D15:1 D16:3 D17:3 D24:12 D24:14 D24:20 D25:1 D25:3 D2:6 D3:4 D5:5 D6:2 D7:12 D7:2 D8:1,19,True,50,355,True,False,2,False,False,True,False,True,False,True,False,True,False,True,False
hybrid-search,hybrid-search,rag,conv-49_q12,conv-49,12,2,True,When did Sam first go to the doctor and find out he had a weight problem?,"A few days before May 24, 2023.",D2:6,1,True,50,358,True,True,39,False,False,False,False,False,False,False,False,True,True,True,True
hybrid-search,hybrid-search,rag,conv-49_q13,conv-49,13,2,False,When did Evan have his sudden heart palpitation incident that really shocked him up?,first week of June 2023,D3:1,1,True,50,349,True,True,11,False,False,False,False,False,False,True,True,True,True,True,True
hybrid-search,hybrid-search,rag,conv-49_q14,conv-49,14,1,True,What is Evan's favorite food?,Ginger snaps,D22:12 D23:15 D3:3 D5:5,4,True,50,345,True,False,2,False,False,True,False,True,False,True,False,True,False,True,False
hybrid-search,hybrid-search,rag,conv-49_q15,conv-49,15,1,True,What kind of unhealthy snacks does Sam enjoy eating?,"soda, candy",D3:4,1,True,50,352,True,True,4,False,False,True,True,True,True,True,True,True,True,True,True
hybrid-search,hybrid-search,rag,conv-49_q16,conv-49,16,1,True,What recurring issue frustrates Sam at the grocery store?,Malfunctioning self-checkout machines.,D22:19 D3:16,2,True,50,354,True,True,2,False,False,True,True,True,True,True,True,True,True,True,True
hybrid-search,hybrid-search,rag,conv-49_q17,conv-49,17,2,True,When did Sam's friends mock him for being overweight?,Friday before 27 July 2023,D4:1,1,True,50,360,True,True,1,True,True,True,True,True,True,True,True,True,True,True,True
hybrid-search,hybrid-search,rag,conv-49_q18,conv-49,18,1,True,What kind of healthy food suggestions has Evan given to Sam?,"flavored seltzer water, dark chocolate with high cocoa content, air-popped popcorn and fruit, veggies, healthy sandwich snacks, energy balls, grilled chicken salad with avocado",D22:10 D22:14 D24:15 D3:5 D4:10,5,True,50,354,True,False,5,False,False,True,False,True,False,True,False,True,False,True,False
hybrid-search,hybrid-search,rag,conv-49_q19,conv-49,19,3,True,"Considering their conversations and personal growth, what advice might Evan and Sam give to someone facing a major life transition or challenge?","Evan and Sam would likely advise embracing small, consistent changes​​, finding stress-relieving activities like hiking​​, painting, and road trips​​, and the importance of friendship and support in navigating challenges​​.",D12:11 D12:7 D14:12 D14:7 D22:1 D3:10 D3:15 D8:17 D8:22 D9:11 D9:8,11,True,50,353,True,False,10,False,False,False,False,True,False,True,False,True,False,True,False
hybrid-search,hybrid-search,rag,conv-49_q20,conv-49,20,3,True,"In light of the health and dietary changes discussed, what would be an appropriate gift for both Evan and Sam to encourage their healthy lifestyles?",a cookbook with healthy recipes or a subscription to a healthy meal delivery service.,D14:12 D2:9 D3:1 D3:3 D3:5 D4:10 D5:9 D7:12 D7:2 D7:3 D7:5 D8:1 D8:12 D8:5 D8:7 D8:8 D9:1,17,True,50,356,True,True,7,False,False,False,False,True,False,True,False,True,True,True,True
hybrid-search,hybrid-search,rag,conv-49_q21,conv-49,21,1,True,How does Evan describe the woman and his feelings for her that he met in Canada?,"He says she's cool, incredible, like something out of a movie, and that he feels alive around her. Every moment with her is fun and energetic, also Evan feels really lucky to have someone who gets him.",D23:3 D5:1 D5:3,3,True,50,347,True,True,1,True,False,True,True,True,True,True,True,True,True,True,True
hybrid-search,hybrid-search,rag,conv-49_q22,conv-49,22,2,False,When Evan did meet his future wife?,"week before August 7, 2023.",D5:1,1,True,50,343,True,True,19,False,False,False,False,False,False,True,True,True,True,True,True
hybrid-search,hybrid-search,rag,conv-49_q23,conv-49,23,2,False,When did Sam start working out at the gym?,"July 28, 2023",D4:15,1,True,50,359,True,True,1,True,True,True,True,True,True,True,True,True,True,True,True
hybrid-search,hybrid-search,rag,conv-49_q24,conv-49,24,2,False,What significant event happened in Sam's life towards the end of summer 2023?,He fell in love with a Canadian woman,D5:1,1,True,50,358,True,True,42,False,False,False,False,False,False,False,False,True,True,True,True
hybrid-search,hybrid-search,rag,conv-49_q25,conv-49,25,2,True,Which year did Evan start taking care of his health seriously?,2021,D5:6 D5:7,2,True,50,351,True,True,33,False,False,False,False,False,False,False,False,True,True,True,True
hybrid-search,hybrid-search,rag,conv-49_q26,conv-49,26,1,True,What motivates Evan to take care of his health?,"family, fitness tracker, thirst for adventure on interesting hikes",D5:11 D5:13 D5:9,3,True,50,349,True,True,17,False,False,False,False,False,False,True,False,True,True,True,True
hybrid-search,hybrid-search,rag,conv-49_q27,conv-49,27,3,True,What electronic device could Evan gift Sam to help him keep up with his fitness goals?,fitness tracker,D5:7,1,True,50,346,True,True,2,False,False,True,True,True,True,True,True,True,True,True,True
hybrid-search,hybrid-search,rag,conv-49_q28,conv-49,28,1,True,What kind of writing does Sam do to relax and cope with his health issues?,"journalling, creative writing",D11:7 D6:4,2,True,50,354,True,True,28,False,False,False,False,False,False,False,False,True,True,True,True
hybrid-search,hybrid-search,rag,conv-49_q29,conv-49,29,1,True,"Who did Evan meet on his trip to Canada, and who did he come back from Canada with?",Evan met the woman he fell in love with and returned with her.,D5:1 D6:1,2,True,50,348,True,True,3,False,False,True,False,True,True,True,True,True,True,True,True
hybrid-search,hybrid-search,rag,conv-49_q30,conv-49,30,2,True,When Evan get back from a vacation with his SO?,"August 13, 2023",D6:1,1,True,50,343,True,True,31,False,False,False,False,False,False,False,False,True,True,True,True
hybrid-search,hybrid-search,rag,conv-49_q31,conv-49,31,3,True,How might Evan and Sam's experiences with health and lifestyle changes influence their approach to stress and challenges?,"Their experiences likely lead them to view challenges as opportunities for growth and change. They both have embraced healthier lifestyles, indicating a proactive approach to managing stress and challenges.",D9:1 D4:4 D4:6,1,True,50,356,False,False,,False,False,False,False,False,False,False,False,False,False,False,False
hybrid-search,hybrid-search,rag,conv-49_q32,conv-49,32,1,True,What recurring frustration does Evan experience?,Evan consistently misplaces his keys every week.,D21:20 D6:13,2,True,50,343,True,True,9,False,False,False,False,True,False,True,True,True,True,True,True
hybrid-search,hybrid-search,rag,conv-49_q33,conv-49,33,1,True,What is the recurring dream that Sam keeps having?,he's flying over a cityscape.,D24:22 D6:14,2,True,50,354,True,True,1,True,False,True,True,True,True,True,True,True,True,True,True
hybrid-search,hybrid-search,rag,conv-49_q34,conv-49,34,1,True,What accidents has Evan's son faced lately?,"injured at a soccer game, fell off his bike",D20:3 D7:1,2,True,50,337,True,True,1,True,False,True,False,True,False,True,True,True,True,True,True
hybrid-search,hybrid-search,rag,conv-49_q35,conv-49,35,2,True,When was Evan's son injured at soccer?,"Saturday before August 15, 2023.",D7:1,1,True,50,346,True,True,1,True,True,True,True,True,True,True,True,True,True,True,True
hybrid-search,hybrid-search,rag,conv-49_q36,conv-49,36,1,True,What kind of foods or recipes has Sam recommended to Evan?,"grilled vegetables, grilled chicken and veggie stir-fry, poutine",D23:26 D7:8 D8:7,3,True,50,361,True,False,2,False,False,True,False,True,False,True,False,True,False,True,False
hybrid-search,hybrid-search,rag,conv-49_q37,conv-49,37,1,True,What kind of healthy meals did Sam start eating after getting a health scare?,"salad, grilled salmon and vegetables, grilled chicken and veggie stir-fry, Beef Merlot, fruit bowl, smoothie bowl",D10:2 D11:1 D18:6 D3:2 D7:4 D8:1 D8:7,7,True,50,358,True,True,1,True,False,True,False,True,False,True,False,True,True,True,True
hybrid-search,hybrid-search,rag,conv-49_q38,conv-49,38,3,True,What role does nature and the outdoors play in Evan and Sam's mental well-being?,Nature and outdoor activities seem to be significant stress relievers and sources of joy for both Evan and Sam. These activities likely contribute positively to their mental well-being.,D22:1 D22:2 D9:10 D9:11,1,True,50,358,False,False,,False,False,False,False,False,False,False,False,False,False,False,False
hybrid-search,hybrid-search,rag,conv-49_q39,conv-49,39,2,True,How many months lapsed between Sam's first and second doctor's appointment?,three months,D2:6 D7:2,2,True,50,354,True,False,40,False,False,False,False,False,False,False,False,True,False,True,False
hybrid-search,hybrid-search,rag,conv-49_q40,conv-49,40,2,False,When did Evan start taking painting classes?,"Few days before 19 August, 2023.",D8:12,1,True,50,347,True,True,3,False,False,True,True,True,True,True,True,True,True,True,True
hybrid-search,hybrid-search,rag,conv-49_q41,conv-49,41,2,True,Which classes did Evan join in mid-August 2023?,painting classes,D8:12,1,True,50,339,True,True,12,False,False,False,False,False,False,True,True,True,True,True,True
hybrid-search,hybrid-search,rag,conv-49_q42,conv-49,42,1,True,How did Evan get into painting?,His friend got him into it by gifting him a painting and giving him some advice. The painting inspired Evan.,D1:14 D1:15 D1:16 D8:14,4,True,50,345,True,True,4,False,False,True,False,True,True,True,True,True,True,True,True
hybrid-search,hybrid-search,rag,conv-49_q43,conv-49,43,3,False,How often does Sam get health checkups?,every three months,D12:1 D2:6 D7:2,3,True,50,353,True,True,5,False,False,True,False,True,False,True,False,True,True,True,True
hybrid-search,hybrid-search,rag,conv-49_q44,conv-49,44,1,True,What kind of subjects does Evan enjoy painting?,"nature landscapes, portraits, abstract minimalism",D20:13 D20:15 D21:10 D21:14 D8:20,5,True,50,335,True,True,7,False,False,False,False,True,False,True,True,True,True,True,True
hybrid-search,hybrid-search,rag,conv-49_q45,conv-49,45,2,True,Which places in Canada was Evan visiting in July 2023?,"Banff, Rocky Mountains",D8:27 D9:10 D9:8,3,True,50,341,True,True,2,False,False,True,False,True,False,True,False,True,True,True,True
hybrid-search,hybrid-search,rag,conv-49_q46,conv-49,46,3,True,How do Evan and Sam use creative outlets to cope with life's challenges?,"Evan and Sam use creative activities, like painting and writing, as therapeutic tools to express themselves and cope with stress.",D21:18 D21:22 D11:15 D11:19,1,True,50,359,False,False,,False,False,False,False,False,False,False,False,False,False,False,False
hybrid-search,hybrid-search,rag,conv-49_q47,conv-49,47,2,True,When did Evan go skiing in Banff?,July 2023,D8:26 D8:27 D8:28,3,True,50,345,True,True,2,False,False,True,True,True,True,True,True,True,True,True,True
hybrid-search,hybrid-search,rag,conv-49_q48,conv-49,48,1,True,What new diet and lifestyle change did Sam adopt over time?,"Healthy eating, exercise routine, running, hiking",D21:9 D22:1 D8:1 D9:1,4,True,50,355,True,True,1,True,False,True,False,True,False,True,True,True,True,True,True
hybrid-search,hybrid-search,rag,conv-49_q49,conv-49,49,1,True,Who was injured in Evan's family?,Evan's son and Evan himself,D11:2 D11:3 D7:1 D7:10 D7:9 D9:2,6,True,50,348,True,True,3,False,False,True,False,True,False,True,False,True,True,True,True
hybrid-search,hybrid-search,rag,conv-49_q50,conv-49,50,1,True,What kind of hobbies does Evan pursue?,"painting, hiking, reading books, biking, skiing, snowboarding, ice skating, swimming, camping, kayaking",D1:14 D1:6 D25:10 D25:8 D4:8 D6:1 D8:30 D9:6,8,True,50,344,True,False,1,True,False,True,False,True,False,True,False,True,False,True,False
hybrid-search,hybrid-search,rag,conv-49_q51,conv-49,51,3,True,"What challenges does Sam face in his quest for a healthier lifestyle, and how does he address them?",Sam faces challenges like maintaining motivation and making dietary changes. He addresses them by enrolling in cooking classes and seeking support from friends like Evan.,D14:1 D14:2 D4:2 D4:6,4,True,50,356,True,True,1,True,False,True,False,True,False,True,True,True,True,True,True
hybrid-search,hybrid-search,rag,conv-49_q52,conv-49,52,2,False,Which activity do Evan and Sam plan on doing together during September 2023?,painting,D10:12 D10:13 D10:14,3,True,50,359,False,False,,False,False,False,False,False,False,False,False,False,False,False,False
hybrid-search,hybrid-search,rag,conv-49_q53,conv-49,53,2,True,When did Evan and Sam decide to paint together?,"Saturday after 11 September, 2023.",D10:12 D10:13 D10:14,3,True,50,354,True,True,11,False,False,False,False,False,False,True,True,True,True,True,True
hybrid-search,hybrid-search,rag,conv-49_q54,conv-49,54,1,False,What personal health incidents does Evan face in 2023?,"heart palpitations, twisted ankle, twisted ankle",D11:2 D3:1 D9:2,3,True,50,349,True,True,2,False,False,True,False,True,False,True,False,True,True,True,True
hybrid-search,hybrid-search,rag,conv-49_q55,conv-49,55,1,True,What recurring adventure does Evan have with strangers?,Helping lost tourists and experiencing unexpected adventures in the city.,D11:6 D14:2,2,True,50,347,True,True,20,False,False,False,False,False,False,True,False,True,True,True,True
hybrid-search,hybrid-search,rag,conv-49_q56,conv-49,56,1,True,What is Sam's persistent problem with his phone?,"His new phone malfunctioning, particularly with the navigation app.",D11:15 D14:1,2,True,50,350,True,True,1,True,False,True,False,True,False,True,False,True,True,True,True
hybrid-search,hybrid-search,rag,conv-49_q57,conv-49,57,3,False,Which US state was Sam travelling in during October 2023?,California,D13:14,1,True,50,352,True,True,20,False,False,False,False,False,False,True,True,True,True,True,True
hybrid-search,hybrid-search,rag,conv-49_q58,conv-49,58,2,False,When did Evan start lifting weights?,October 2022,D12:2,1,True,50,362,True,True,1,True,True,True,True,True,True,True,True,True,True,True,True
hybrid-search,hybrid-search,rag,conv-49_q59,conv-49,59,2,False,When did Sam and his friend decide to try kayaking?,"October 14, 2023",D13:10,1,True,50,360,True,True,1,True,True,True,True,True,True,True,True,True,True,True,True
hybrid-search,hybrid-search,rag,conv-49_q60,conv-49,60,2,False,Which new activity does Sam take up in October 2023?,kayaking,D13:8,1,True,50,362,False,False,,False,False,False,False,False,False,False,False,False,False,False,False
hybrid-search,hybrid-search,rag,conv-49_q61,conv-49,61,2,True,What kind of stress was Sam dealing with in October 2023?,work-related stress,D13:4,1,True,50,362,True,True,4,False,False,True,True,True,True,True,True,True,True,True,True
hybrid-search,hybrid-search,rag,conv-49_q62,conv-49,62,1,True,What health scares did Sam and Evan experience?,"Sam faced a health scare with stomach pains that turned out to be gastritis, prompting him to rethink his health habits. Evan, on the other hand, experienced two separate incidents: a sudden heart palpitation incident and a different event involving a misunderstanding during a medical check-up. These experiences have significantly influenced their perspectives on health and well-being.",D14:1 D14:2 D17:2 D3:1,4,True,50,356,True,True,1,True,False,True,True,True,True,True,True,True,True,True,True
hybrid-search,hybrid-search,rag,conv-49_q63,conv-49,63,2,True,When was Sam in the ER?,"weekend before 17 October, 2023.",D14:1,1,True,50,352,True,True,1,True,True,True,True,True,True,True,True,True,True,True,True
hybrid-search,hybrid-search,rag,conv-49_q64,conv-49,64,1,True,Which ailment does Sam have to face due to his weight?,gastritis,D12:1 D14:1 D2:6 D7:2,4,True,50,359,True,True,1,True,False,True,False,True,False,True,False,True,True,True,True
hybrid-search,hybrid-search,rag,conv-49_q65,conv-49,65,3,True,Does Evan live close to a beach or mountains?,beach,D16:16 D16:18 D16:20,3,True,50,349,True,True,2,False,False,True,True,True,True,True,True,True,True,True,True
hybrid-search,hybrid-search,rag,conv-49_q66,conv-49,66,2,False,When did Evan lose his job?,end of October 2023,D16:10,1,True,50,349,True,True,2,False,False,True,True,True,True,True,True,True,True,True,True
hybrid-search,hybrid-search,rag,conv-49_q67,conv-49,67,2,False,When did Evan and Sam planned a trip to the beach together?,"December, 2023",D16:24,1,True,50,358,True,True,4,False,False,True,True,True,True,True,True,True,True,True,True
hybrid-search,hybrid-search,rag,conv-49_q68,conv-49,68,2,True,"What was Sam doing on December 4, 2023?",Attending a Weight Watchers meeting,D18:6,1,True,50,354,True,True,45,False,False,False,False,False,False,False,False,True,True,True,True
hybrid-search,hybrid-search,rag,conv-49_q69,conv-49,69,1,True,Which two significant life events occur in Evan's life in December 2023 with his partner?,his partner gets pregnant and they get married,D19:1 D21:2,2,True,50,345,True,True,3,False,False,True,False,True,False,True,True,True,True,True,True
hybrid-search,hybrid-search,rag,conv-49_q70,conv-49,70,2,False,How long did Evan and his partner date before getting married?,four months,D21:1 D5:1,2,True,50,341,True,True,2,False,False,True,False,True,False,True,False,True,True,True,True
hybrid-search,hybrid-search,rag,conv-49_q71,conv-49,71,3,False,Which major holiday season conincides with Evan's wedding?,Christmas,D21:2,1,True,50,335,True,True,1,True,True,True,True,True,True,True,True,True,True,True,True
hybrid-search,hybrid-search,rag,conv-49_q72,conv-49,72,1,True,Which activity did Sam resume in December 2023 after a long time?,hiking,D20:6 D22:1,2,True,50,349,True,True,2,False,False,True,False,True,False,True,True,True,True,True,True
hybrid-search,hybrid-search,rag,conv-49_q73,conv-49,73,2,True,When is Evan planning a big family reunion?,Summer 2024,D19:11,1,True,50,339,True,True,2,False,False,True,True,True,True,True,True,True,True,True,True
hybrid-search,hybrid-search,rag,conv-49_q74,conv-49,74,2,False,When did Evan's son fall off his bike?,"Thursday before December 17, 2023.",D20:3,1,True,50,349,True,True,4,False,False,True,True,True,True,True,True,True,True,True,True
hybrid-search,hybrid-search,rag,conv-49_q75,conv-49,75,2,False,When did Evan announce his marriage to his extended family?,"January 5, 2024",D23:1,1,True,50,345,True,True,1,True,True,True,True,True,True,True,True,True,True,True,True
hybrid-search,hybrid-search,rag,conv-49_q76,conv-49,76,2,True,When did Evan finish the painting that's hanging in the exhibit?,"few days before 17 December, 2023.",D20:13 D20:15,2,True,50,341,True,True,4,False,False,True,True,True,True,True,True,True,True,True,True
hybrid-search,hybrid-search,rag,conv-49_q77,conv-49,77,1,True,How does Evan spend his time with his bride after the wedding?,"family get-together, honeymoon in Canada to see snowy landscapes, ski, taste local cuisine and do some snowshoeing",D23:15 D23:23 D23:25 D24:9,4,True,50,345,True,False,17,False,False,False,False,False,False,True,False,True,False,True,False
hybrid-search,hybrid-search,rag,conv-49_q78,conv-49,78,1,True,Who did Evan tell about his marriage?,"To Sam, to his friends from work, and to his and his wife's families.",D21:2 D22:4 D22:5 D23:1 D23:5,5,True,50,347,True,True,1,True,False,True,False,True,False,True,True,True,True,True,True
hybrid-search,hybrid-search,rag,conv-49_q79,conv-49,79,2,False,When will Evan and his partner have their honeymoon in Canada?,February 2024,D23:23,1,True,50,341,True,True,8,False,False,False,False,True,True,True,True,True,True,True,True
hybrid-search,hybrid-search,rag,conv-49_q80,conv-49,80,2,False,When did Evan have a drunken night with his friends?,"January 9, 2023",D24:3,1,True,50,343,True,True,1,True,True,True,True,True,True,True,True,True,True,True,True
hybrid-search,hybrid-search,rag,conv-49_q81,conv-49,81,1,False,What is a stress reliever for Evan?,"Drawing, traveling, places with a beautiful view, yoga, sunsets or something comfortable for Evan",D10:8 D11:8 D16:23 D18:7 D1:14 D24:19 D24:21 D2:10 D2:11 D2:14 D8:18,11,True,50,343,True,False,2,False,False,True,False,True,False,True,False,True,False,True,False
hybrid-search,hybrid-search,rag,conv-49_q82,conv-49,82,1,True,What is a stress reliever for Sam?,"Unhealthy snacks, sweets, yoga, places with beautiful views",D10:6 D13:2 D13:4 D16:17 D16:23 D18:8,6,True,50,352,True,False,5,False,False,True,False,True,False,True,False,True,False,True,False
hybrid-search,hybrid-search,rag,conv-49_q83,conv-49,83,4,True,What type of car did Evan get after his old Prius broke down?,new Prius,D1:2,1,True,50,342,True,True,1,True,True,True,True,True,True,True,True,True,True,True,True
hybrid-search,hybrid-search,rag,conv-49_q84,conv-49,84,4,True,How did Evan get into watercolor painting?,friend's advice,D1:16,1,True,50,348,True,True,2,False,False,True,True,True,True,True,True,True,True,True,True
hybrid-search,hybrid-search,rag,conv-49_q85,conv-49,85,4,True,What did Evan start doing a few years back as a stress-buster?,watercolor painting,D1:14,1,True,50,353,True,True,22,False,False,False,False,False,False,False,False,True,True,True,True
hybrid-search,hybrid-search,rag,conv-49_q86,conv-49,86,4,True,What advice did Evan give Sam about finding a passion?,keep trying new things until something sparks excitement,D1:18,1,True,50,358,True,True,1,True,True,True,True,True,True,True,True,True,True,True,True
hybrid-search,hybrid-search,rag,conv-49_q87,conv-49,87,4,False,"Where did Evan take his family for a road trip on 24 May, 2023?",Jasper,D2:1,1,True,50,344,True,True,9,False,False,False,False,True,True,True,True,True,True,True,True
hybrid-search,hybrid-search,rag,conv-49_q88,conv-49,88,4,True,What did Evan find relaxing about his road trip to Jasper?,"fresh air, peacefulness, cozy cabin surrounded by mountains and forests",D2:3,1,True,50,346,True,True,1,True,True,True,True,True,True,True,True,True,True,True,True
hybrid-search,hybrid-search,rag,conv-49_q89,conv-49,89,4,True,What habit is Sam trying to change in terms of diet?,consuming soda and candy,D3:4,1,True,50,353,True,True,5,False,False,True,True,True,True,True,True,True,True,True,True
hybrid-search,hybrid-search,rag,conv-49_q90,conv-49,90,4,True,What new suggestion did Evan give to Sam regarding his soda and candy consumption?,try flavored seltzer water and dark chocolate with high cocoa content,D3:5,1,True,50,355,True,True,17,False,False,False,False,False,False,True,True,True,True,True,True
hybrid-search,hybrid-search,rag,conv-49_q91,conv-49,91,4,True,What did Sam agree to try instead of soda and candy?,flavored seltzer water and dark chocolate with high cocoa content,D3:6,1,True,50,352,True,True,5,False,False,True,True,True,True,True,True,True,True,True,True
hybrid-search,hybrid-search,rag,conv-49_q92,conv-49,92,4,True,What frustrating issue did Sam face at the supermarket?,broken self-checkout machines,D3:16,1,True,50,354,True,True,4,False,False,True,True,True,True,True,True,True,True,True,True
hybrid-search,hybrid-search,rag,conv-49_q93,conv-49,93,4,True,What novel is Evan reading that he finds gripping?,The Great Gatsby,D4:10,1,True,50,347,True,True,24,False,False,False,False,False,False,False,False,True,True,True,True
hybrid-search,hybrid-search,rag,conv-49_q94,conv-49,94,4,True,What kind of water does Evan suggest Sam try as an alternative to soda?,Flavored seltzer water,D4:8,1,True,50,360,True,True,1,True,True,True,True,True,True,True,True,True,True,True,True
hybrid-search,hybrid-search,rag,conv-49_q95,conv-49,95,4,True,What does the smartwatch help Evan with?,tracks progress and serves as a constant reminder to keep going,D5:9,1,True,50,341,True,True,2,False,False,True,True,True,True,True,True,True,True,True,True
hybrid-search,hybrid-search,rag,conv-49_q96,conv-49,96,4,True,What does the bonsai tree symbolize for Evan?,strength and resilience,D5:17,1,True,50,352,True,True,2,False,False,True,True,True,True,True,True,True,True,True,True
hybrid-search,hybrid-search,rag,conv-49_q97,conv-49,97,4,True,Why did Evan decide to get the bonsai tree?,motivates him to keep going through tough times,D5:17,1,True,50,347,True,True,2,False,False,True,True,True,True,True,True,True,True,True,True
hybrid-search,hybrid-search,rag,conv-49_q98,conv-49,98,4,True,"According to Sam, what is more important than perfection?",progress,D6:6,1,True,50,353,True,True,10,False,False,False,False,True,True,True,True,True,True,True,True
hybrid-search,hybrid-search,rag,conv-49_q99,conv-49,99,4,True,What did Evan suggest Sam to check out for insights into his dream?,dream interpretation book,D6:15,1,True,50,359,True,True,2,False,False,True,True,True,True,True,True,True,True,True,True
hybrid-search,hybrid-search,rag,conv-49_q100,conv-49,100,4,True,What did Evan mention he had been searching for fruitlessly for half an hour?,his keys,D6:13,1,True,50,340,True,True,12,False,False,False,False,False,False,True,True,True,True,True,True
hybrid-search,hybrid-search,rag,conv-49_q101,conv-49,101,4,True,What class is Sam taking to learn how to make healthier meals?,cooking class,D7:2,1,True,50,355,True,True,9,False,False,False,False,True,True,True,True,True,True,True,True
hybrid-search,hybrid-search,rag,conv-49_q102,conv-49,102,4,True,"What dish did Sam make on 18 August, 2023 that turned out flavorful?",grilled dish with salmon and vegetables,D7:4,1,True,50,356,True,True,14,False,False,False,False,False,False,True,True,True,True,True,True
hybrid-search,hybrid-search,rag,conv-49_q103,conv-49,103,4,True,"What kind of recipe did Evan request from Sam on 19 August, 2023?",recipes with more vegetables,D7:7,1,True,50,352,True,True,2,False,False,True,True,True,True,True,True,True,True,True,True
hybrid-search,hybrid-search,rag,conv-49_q104,conv-49,104,4,False,"What food did Sam share a photo of on 19 August, 2023?","bowl of spinach, avocado, and strawberries",D8:1,1,True,50,354,True,True,1,True,True,True,True,True,True,True,True,True,True,True,True
hybrid-search,hybrid-search,rag,conv-49_q105,conv-49,105,4,True,What type of painting classes did Evan start taking in 2023?,watercolor painting classes,D8:12,1,True,50,339,True,True,2,False,False,True,True,True,True,True,True,True,True,True,True
hybrid-search,hybrid-search,rag,conv-49_q106,conv-49,106,4,True,What did Evan start painting years ago due to being inspired by a friend's gift?,forest scene,D8:14,1,True,50,339,True,True,6,False,False,False,False,True,True,True,True,True,True,True,True
hybrid-search,hybrid-search,rag,conv-49_q107,conv-49,107,4,True,What nature concept do watercolor painting classes emphasize according to Evan?,observing nature and painting what is seen,D8:18,1,True,50,341,True,True,2,False,False,True,True,True,True,True,True,True,True,True,True
hybrid-search,hybrid-search,rag,conv-49_q108,conv-49,108,4,False,What type of landscapes does Evan love painting the most?,sunsets over the ocean,D8:20,1,True,50,336,True,True,2,False,False,True,True,True,True,True,True,True,True,True,True
hybrid-search,hybrid-search,rag,conv-49_q109,conv-49,109,4,True,What fun activity did Evan mention doing in July 2023?,skiing,D8:26,1,True,50,332,True,True,5,False,False,True,True,True,True,True,True,True,True,True,True
hybrid-search,hybrid-search,rag,conv-49_q110,conv-49,110,4,True,What injury did Evan suffer from in August 2023?,Twisted knee,D9:2,1,True,50,348,True,True,6,False,False,False,False,True,True,True,True,True,True,True,True
hybrid-search,hybrid-search,rag,conv-49_q111,conv-49,111,4,True,What sports activity has Evan been doing to stay active while dealing with the knee injury?,Swimming,D9:6,1,True,50,349,True,True,2,False,False,True,True,True,True,True,True,True,True,True,True
hybrid-search,hybrid-search,rag,conv-49_q112,conv-49,112,4,True,What suggestion did Sam give to Evan to help with his knee issue?,Consider low-impact exercises or physical therapy,D9:5,1,True,50,346,True,True,3,False,False,True,True,True,True,True,True,True,True,True,True
hybrid-search,hybrid-search,rag,conv-49_q113,conv-49,113,4,True,What did Evan suggest Sam try as a calming hobby?,Painting,D10:8,1,True,50,360,True,True,11,False,False,False,False,False,False,True,True,True,True,True,True
hybrid-search,hybrid-search,rag,conv-49_q114,conv-49,114,4,True,What did Evan recommend Sam acquire to get started with painting?,"Acrylic paints, brushes, canvas/paper, palette",D10:11,1,True,50,360,True,True,8,False,False,False,False,True,True,True,True,True,True,True,True
hybrid-search,hybrid-search,rag,conv-49_q115,conv-49,115,4,True,What activity does Evan do to keep himself busy while healing his knee?,Watercolor painting,D11:6,1,True,50,350,True,True,4,False,False,True,True,True,True,True,True,True,True,True,True
hybrid-search,hybrid-search,rag,conv-49_q116,conv-49,116,4,True,What painting did Evan share with Sam in October?,a cactus in the desert,D11:8,1,True,50,348,True,True,2,False,False,True,True,True,True,True,True,True,True,True,True
hybrid-search,hybrid-search,rag,conv-49_q117,conv-49,117,4,True,What kind of writing does Sam enjoy as a form of expression?,creative writing,D11:17,1,True,50,350,True,True,1,True,True,True,True,True,True,True,True,True,True,True,True
hybrid-search,hybrid-search,rag,conv-49_q118,conv-49,118,4,True,What electronics issue has been frustrating Sam lately?,malfunctioning navigation app on the new phone,D11:15,1,True,50,353,True,True,27,False,False,False,False,False,False,False,False,True,True,True,True
hybrid-search,hybrid-search,rag,conv-49_q119,conv-49,119,4,True,What activity did Evan start one year ago?,lifting weights,D12:2,1,True,50,344,True,True,29,False,False,False,False,False,False,False,False,True,True,True,True
hybrid-search,hybrid-search,rag,conv-49_q120,conv-49,120,4,True,What advice did Evan give to Sam to avoid injuries while starting weightlifting?,Find a trainer,D12:4,1,True,50,356,True,True,1,True,True,True,True,True,True,True,True,True,True,True,True
hybrid-search,hybrid-search,rag,conv-49_q121,conv-49,121,4,True,Where did Sam and his mate plan to try kayaking?,Lake Tahoe,D13:14,1,True,50,355,True,True,1,True,True,True,True,True,True,True,True,True,True,True,True
hybrid-search,hybrid-search,rag,conv-49_q122,conv-49,122,4,True,What digestive issue did Sam experience lately?,Gastritis,D14:1,1,True,50,354,True,True,3,False,False,True,True,True,True,True,True,True,True,True,True
hybrid-search,hybrid-search,rag,conv-49_q123,conv-49,123,4,True,What adventurous theme is emerging in Evan's life as mentioned by Sam?,helping lost tourists,D14:2,1,True,50,352,True,True,13,False,False,False,False,False,False,True,True,True,True,True,True
hybrid-search,hybrid-search,rag,conv-49_q124,conv-49,124,4,True,What does Evan mention about his progress at the gym to Sam?,gaining strength,D14:8,1,True,50,352,True,True,1,True,True,True,True,True,True,True,True,True,True,True,True
hybrid-search,hybrid-search,rag,conv-49_q125,conv-49,125,4,True,How did Evan start his transformation journey two years ago?,Changed his diet and started walking regularly,D15:8,1,True,50,352,True,True,12,False,False,False,False,False,False,True,True,True,True,True,True
hybrid-search,hybrid-search,rag,conv-49_q126,conv-49,126,4,True,What gift did Evan receive from a close friend?,1968 Kustom K-200A vintage guitar,D16:10,1,True,50,344,True,True,2,False,False,True,True,True,True,True,True,True,True,True,True
hybrid-search,hybrid-search,rag,conv-49_q127,conv-49,127,4,True,Why had Evan been going through a tough time lately?,Lost their job due to downsizing,D16:10,1,True,50,349,True,True,2,False,False,True,True,True,True,True,True,True,True,True,True
hybrid-search,hybrid-search,rag,conv-49_q128,conv-49,128,4,True,How does Evan describe the island he grew up on?,A happy place,D17:18,1,True,50,346,True,True,1,True,True,True,True,True,True,True,True,True,True,True,True
hybrid-search,hybrid-search,rag,conv-49_q129,conv-49,129,4,True,What was the main reason for Evan's frustration with his new Prius breaking down?,He relied on it for his active lifestyle and road trips,D18:1,1,True,50,343,True,True,1,True,True,True,True,True,True,True,True,True,True,True,True
hybrid-search,hybrid-search,rag,conv-49_q130,conv-49,130,4,True,How did Sam suggest Evan view the setback with his broken Prius?,As a chance to explore other ways of staying active and traveling,D18:5,1,True,50,348,True,True,1,True,True,True,True,True,True,True,True,True,True,True,True
hybrid-search,hybrid-search,rag,conv-49_q131,conv-49,131,4,True,What did Sam suggest Evan try for stress relief and flexibility?,Yoga,D18:8,1,True,50,355,True,True,20,False,False,False,False,False,False,True,True,True,True,True,True
hybrid-search,hybrid-search,rag,conv-49_q132,conv-49,132,4,True,What did Sam offer Evan regarding yoga?,Support and tips,D18:10,1,True,50,357,True,True,1,True,True,True,True,True,True,True,True,True,True,True,True
hybrid-search,hybrid-search,rag,conv-49_q133,conv-49,133,4,True,What news did Evan share with Sam on 9th December 2023?,partner is pregnant,D19:1,1,True,50,349,True,True,5,False,False,True,True,True,True,True,True,True,True,True,True
hybrid-search,hybrid-search,rag,conv-49_q134,conv-49,134,4,True,What family event is Evan planning for next summer?,big family reunion,D19:11,1,True,50,349,True,True,1,True,True,True,True,True,True,True,True,True,True,True,True
hybrid-search,hybrid-search,rag,conv-49_q135,conv-49,135,4,True,What is the motto of Evan's family?,'Bring it on Home',D19:7,1,True,50,343,True,True,2,False,False,True,True,True,True,True,True,True,True,True,True
hybrid-search,hybrid-search,rag,conv-49_q136,conv-49,136,4,True,"According to Evan, what is important for Sam to believe in concerning his weight?",Your worth is not defined by your weight,D20:9,1,True,50,352,True,True,17,False,False,False,False,False,False,True,True,True,True,True,True
hybrid-search,hybrid-search,rag,conv-49_q137,conv-49,137,4,True,Who helped Evan get the painting published in the exhibition?,a close friend,D20:17,1,True,50,336,True,True,3,False,False,True,True,True,True,True,True,True,True,True,True
hybrid-search,hybrid-search,rag,conv-49_q138,conv-49,138,4,True,What did Sam recently start enjoying to clear his head?,running in the mornings,D21:9,1,True,50,359,True,True,33,False,False,False,False,False,False,False,False,True,True,True,True
hybrid-search,hybrid-search,rag,conv-49_q139,conv-49,139,4,True,What did Sam suggest Evan should do with his keys?,put a GPS sensor on them,D21:21,1,True,50,348,True,True,3,False,False,True,True,True,True,True,True,True,True,True,True
hybrid-search,hybrid-search,rag,conv-49_q140,conv-49,140,4,True,How did Evan feel when he painted the piece with the bird flying over it?,a sense of joy and freedom,D21:16,1,True,50,337,True,True,1,True,True,True,True,True,True,True,True,True,True,True,True
hybrid-search,hybrid-search,rag,conv-49_q141,conv-49,141,4,True,What did Evan suggest Sam should keep doing to find his own version of love?,Keep trying new things,D21:10,1,True,50,355,True,True,9,False,False,False,False,True,True,True,True,True,True,True,True
hybrid-search,hybrid-search,rag,conv-49_q142,conv-49,142,4,True,How did Evan describe the process of creating the painting with the bird flying over it?,embracing the creative process without restraint,D21:16,1,True,50,342,True,True,1,True,True,True,True,True,True,True,True,True,True,True,True
hybrid-search,hybrid-search,rag,conv-49_q143,conv-49,143,4,True,What did Evan want to share with his work friends?,getting married,D22:4,1,True,50,349,True,True,40,False,False,False,False,False,False,False,False,True,True,True,True
hybrid-search,hybrid-search,rag,conv-49_q144,conv-49,144,4,False,What did Evan share with Sam after their hiking trip?,a photo of a man standing on a rock looking out over a valley,D22:1,1,True,50,357,True,True,2,False,False,True,True,True,True,True,True,True,True,True,True
hybrid-search,hybrid-search,rag,conv-49_q145,conv-49,145,4,True,What did Evan offer to share with Sam after talking about healthy snacks?,the recipes for cookies,D22:12,1,True,50,351,True,True,5,False,False,True,True,True,True,True,True,True,True,True,True
hybrid-search,hybrid-search,rag,conv-49_q146,conv-49,146,4,True,"What did Evan and his partner share with their extended family on January 5, 2024?",their marriage,D23:1,1,True,50,343,True,True,1,True,True,True,True,True,True,True,True,True,True,True,True
hybrid-search,hybrid-search,rag,conv-49_q147,conv-49,147,4,True,What was Evan limiting himself to on his new diet?,just two ginger snaps a day,D23:15,1,True,50,344,True,True,5,False,False,True,True,True,True,True,True,True,True,True,True
hybrid-search,hybrid-search,rag,conv-49_q148,conv-49,148,4,True,What sports activity did Evan and his partner try in a recent weekend?,Snowshoeing,D24:9,1,True,50,345,True,True,2,False,False,True,True,True,True,True,True,True,True,True,True
hybrid-search,hybrid-search,rag,conv-49_q149,conv-49,149,4,True,What advice did Evan suggest Sam seek from a doctor?,diet plan and low-impact exercises,D24:11 D24:14,2,True,50,358,True,True,4,False,False,True,True,True,True,True,True,True,True,True,True
hybrid-search,hybrid-search,rag,conv-49_q150,conv-49,150,4,True,What suggestions did Evan give for low-impact exercises?,"swimming, yoga, walking",D24:17,1,True,50,351,True,True,8,False,False,False,False,True,True,True,True,True,True,True,True
hybrid-search,hybrid-search,rag,conv-49_q151,conv-49,151,4,True,What movie did Sam watch that motivated him to keep up with his routine?,The Godfather,D24:18,1,True,50,356,True,True,1,True,True,True,True,True,True,True,True,True,True,True,True
hybrid-search,hybrid-search,rag,conv-49_q152,conv-49,152,4,True,What activity helped Evan with stress and flexibility?,Yoga,D24:19,1,True,50,348,True,True,11,False,False,False,False,False,False,True,True,True,True,True,True
hybrid-search,hybrid-search,rag,conv-49_q153,conv-49,153,4,True,What did Evan share a photo of that was taken on a camping trip?,a kayak,D25:8,1,True,50,348,True,True,8,False,False,False,False,True,True,True,True,True,True,True,True
hybrid-search,hybrid-search,rag,conv-49_q154,conv-49,154,4,True,Why did Evan apologize to his partner?,for a drunken night,D25:2,1,True,50,345,True,True,24,False,False,False,False,False,False,False,False,True,True,True,True
hybrid-search,hybrid-search,rag,conv-49_q155,conv-49,155,4,True,How does Evan describe being out on the water while kayaking and watching the sunset?,peaceful,D25:10,1,True,50,349,True,True,4,False,False,True,True,True,True,True,True,True,True,True,True
hybrid-search,hybrid-search,rag,conv-50_q0,conv-50,0,2,False,When did Calvin first travel to Tokyo?,between 26 March and 20 April 2023,D3:1,1,True,50,333,True,True,3,False,False,True,True,True,True,True,True,True,True,True,True
hybrid-search,hybrid-search,rag,conv-50_q1,conv-50,1,1,True,What items did Calvin buy in March 2023?,"mansion in Japan, luxury car Ferrari 488 GTB",D1:3 D2:1,2,True,50,328,True,True,37,False,False,False,False,False,False,False,False,True,True,True,True
hybrid-search,hybrid-search,rag,conv-50_q2,conv-50,2,2,False,When did Dave see Aerosmith perform live?,"on the weekend before March 26, 2023",D2:10,1,True,50,311,True,True,2,False,False,True,True,True,True,True,True,True,True,True,True
hybrid-search,hybrid-search,rag,conv-50_q3,conv-50,3,1,True,Which bands has Dave enjoyed listening to?,"Aerosmith, The Fireworks",D23:9 D2:10,2,True,50,316,True,False,1,True,False,True,False,True,False,True,False,True,False,True,False
hybrid-search,hybrid-search,rag,conv-50_q4,conv-50,4,3,True,Which country do Calvin and Dave want to meet in?,United States,D3:10 D3:9,2,True,50,313,True,True,33,False,False,False,False,False,False,False,False,True,True,True,True
hybrid-search,hybrid-search,rag,conv-50_q5,conv-50,5,1,True,What are Dave's dreams?,"open a car maintenance shop, work on classic cars, build a custom car from scratch",D4:5 D5:5,2,True,50,293,True,True,20,False,False,False,False,False,False,True,False,True,True,True,True
hybrid-search,hybrid-search,rag,conv-50_q6,conv-50,6,1,True,Which types of cars does Dave like the most?,classic vintage cars,D1:2 D3:12 D4:5 D4:7,4,True,50,311,True,True,16,False,False,False,False,False,False,True,False,True,True,True,True
hybrid-search,hybrid-search,rag,conv-50_q7,conv-50,7,3,False,Does Dave's shop employ a lot of people?,Yes,D4:17,1,True,50,303,True,True,38,False,False,False,False,False,False,False,False,True,True,True,True
hybrid-search,hybrid-search,rag,conv-50_q8,conv-50,8,2,False,When did Dave start his car maintenance shop?,"May 1, 2023",D4:1,1,True,50,309,True,True,1,True,True,True,True,True,True,True,True,True,True,True,True
hybrid-search,hybrid-search,rag,conv-50_q9,conv-50,9,2,False,When did a mishap occur with Calvin's musical gear and favorite mic?,"On a week before 16 May, 2023",D6:3,1,True,50,318,True,True,2,False,False,True,True,True,True,True,True,True,True,True,True
hybrid-search,hybrid-search,rag,conv-50_q10,conv-50,10,2,True,When did Calvin's place get flooded in Tokyo?,"On a week before 16 May, 2023",D6:3,1,True,50,324,True,True,50,False,False,False,False,False,False,False,False,True,True,True,True
hybrid-search,hybrid-search,rag,conv-50_q11,conv-50,11,1,True,What mishaps has Calvin run into?,"flooding of his mansion, car accident",D6:1 D9:1,2,True,50,319,True,True,8,False,False,False,False,True,False,True,False,True,True,True,True
hybrid-search,hybrid-search,rag,conv-50_q12,conv-50,12,2,False,When was Calvin's concert in Tokyo?,last week of May 2023,D6:11 D7:1,2,True,50,333,True,True,7,False,False,False,False,True,False,True,True,True,True,True,True
hybrid-search,hybrid-search,rag,conv-50_q13,conv-50,13,3,True,Would Calvin enjoy performing at the Hollywood Bowl?,Yes; because he enjoys the rush of performing onstage to large crowds,D7:11,1,True,50,330,True,True,15,False,False,False,False,False,False,True,True,True,True,True,True
hybrid-search,hybrid-search,rag,conv-50_q14,conv-50,14,2,False,When did Calvin meet with the creative team for his new album?,"8 June, 2023",D8:1,1,True,50,332,True,True,2,False,False,True,True,True,True,True,True,True,True,True,True
hybrid-search,hybrid-search,rag,conv-50_q15,conv-50,15,1,True,Why does Dave regularly visit parks?,because it relaxes and calms him,D1:16 D8:4,2,True,50,300,True,True,3,False,False,True,False,True,False,True,False,True,True,True,True
hybrid-search,hybrid-search,rag,conv-50_q16,conv-50,16,2,True,When did Dave take a trip to mountainous regions?,July 2023,D8:10,1,True,50,305,True,True,1,True,True,True,True,True,True,True,True,True,True,True,True
hybrid-search,hybrid-search,rag,conv-50_q17,conv-50,17,2,True,When did Calvin have a car incident?,"on the Friday before 21 June, 2023",D9:1,1,True,50,342,True,True,8,False,False,False,False,True,True,True,True,True,True,True,True
hybrid-search,hybrid-search,rag,conv-50_q18,conv-50,18,1,True,How many times has Calvin had to deal with insurance paperwork?,two times,D6:5 D9:1,2,True,50,316,True,True,2,False,False,True,False,True,False,True,True,True,True,True,True
hybrid-search,hybrid-search,rag,conv-50_q19,conv-50,19,1,True,Which places or events has Calvin visited in Tokyo?,"music festival, car museum, Shibuya crossing, Shinjuku",D12:7 D24:19 D3:1,3,True,50,337,True,False,3,False,False,True,False,True,False,True,False,True,False,True,False
hybrid-search,hybrid-search,rag,conv-50_q20,conv-50,20,1,True,Who inspired Dave's passion for car engineering?,His Dad,D12:2 D12:4 D26:6,3,True,50,311,True,True,2,False,False,True,False,True,False,True,True,True,True,True,True
hybrid-search,hybrid-search,rag,conv-50_q21,conv-50,21,3,True,Does Calvin wish to become more popular?,Yes; he want's to grow his fanbase,D12:11 D27:1,2,True,50,319,True,False,19,False,False,False,False,False,False,True,False,True,False,True,False
hybrid-search,hybrid-search,rag,conv-50_q22,conv-50,22,1,True,Does Calvin want to expand his brand?,yes,D12:11 D18:7,2,True,50,326,True,True,3,False,False,True,False,True,True,True,True,True,True,True,True
hybrid-search,hybrid-search,rag,conv-50_q23,conv-50,23,1,True,What is Dave's main passion?,auto engineering,D13:3 D3:12 D4:5 D5:5,4,True,50,300,True,False,8,False,False,False,False,True,False,True,False,True,False,True,False
hybrid-search,hybrid-search,rag,conv-50_q24,conv-50,24,1,True,Can Dave work with engines?,yes,D13:7 D20:1 D22:5,3,True,50,307,True,False,3,False,False,True,False,True,False,True,False,True,False,True,False
hybrid-search,hybrid-search,rag,conv-50_q25,conv-50,25,2,False,When did Dave host a card-playing night with his friends?,"on the Friday before 22 August, 2023",D15:1,1,True,50,279,True,True,1,True,True,True,True,True,True,True,True,True,True,True,True
hybrid-search,hybrid-search,rag,conv-50_q26,conv-50,26,2,True,When did Calvin record a podcast with his friends?,"21 August, 2023",D15:12,1,True,50,323,True,True,2,False,False,True,True,True,True,True,True,True,True,True,True
hybrid-search,hybrid-search,rag,conv-50_q27,conv-50,27,2,False,Which city was Calvin visiting in August 2023?,Miami,D16:6,1,True,50,331,True,True,9,False,False,False,False,True,True,True,True,True,True,True,True
hybrid-search,hybrid-search,rag,conv-50_q28,conv-50,28,1,True,What does Calvin do to relax?,"take long drives in his car, embrace nature, fixing cars",D5:10 D5:8 D7:5,3,True,50,323,True,True,2,False,False,True,False,True,False,True,True,True,True,True,True
hybrid-search,hybrid-search,rag,conv-50_q29,conv-50,29,1,False,What are Dave's hobbies other than fixing cars?,"take a walk, go hiking, listen to favorite albums, live concerts, photography",D27:2 D5:11 D5:9 D8:8,4,True,50,310,True,False,4,False,False,True,False,True,False,True,False,True,False,True,False
hybrid-search,hybrid-search,rag,conv-50_q30,conv-50,30,1,True,What kind of music does Dave listen to?,"classic rock, Japanese music",D10:11 D28:40 D2:10,3,True,50,313,True,False,15,False,False,False,False,False,False,True,False,True,False,True,False
hybrid-search,hybrid-search,rag,conv-50_q31,conv-50,31,2,True,Where was Dave in the last two weeks of August 2023?,San Francisco,D14:1 D17:1,2,True,50,293,True,True,41,False,False,False,False,False,False,False,False,True,True,True,True
hybrid-search,hybrid-search,rag,conv-50_q32,conv-50,32,1,True,Where did Dave return from with new knowledge of different techniques of car restoration?,San Francisco,D14:1 D17:1,2,True,50,312,True,True,1,True,False,True,False,True,False,True,True,True,True,True,True
hybrid-search,hybrid-search,rag,conv-50_q33,conv-50,33,1,True,What was Dave doing in San Francisco?,attending a car modification workshop,D14:1 D17:1,2,True,50,291,True,True,7,False,False,False,False,True,True,True,True,True,True,True,True
hybrid-search,hybrid-search,rag,conv-50_q34,conv-50,34,2,False,When did Dave return from San Francisco?,"September 1, 2023",D17:1,1,True,50,291,True,True,8,False,False,False,False,True,True,True,True,True,True,True,True
hybrid-search,hybrid-search,rag,conv-50_q35,conv-50,35,2,False,When did Calvin book flight tickets to Boston?,last week of August 2023,D17:6,1,True,50,329,True,True,2,False,False,True,True,True,True,True,True,True,True,True,True
hybrid-search,hybrid-search,rag,conv-50_q36,conv-50,36,2,False,When was Calvin's album released?,"September 11, 2023",D18:1,1,True,50,317,True,True,1,True,True,True,True,True,True,True,True,True,True,True,True
hybrid-search,hybrid-search,rag,conv-50_q37,conv-50,37,3,True,Does Calvin love music tours?,yes,D16:2 D18:7 D7:1,3,True,50,337,True,True,3,False,False,True,False,True,False,True,True,True,True,True,True
hybrid-search,hybrid-search,rag,conv-50_q38,conv-50,38,2,False,When did Dave have a great jam session with his band?,"September 14, 2023",D19:1,1,True,50,309,True,True,1,True,True,True,True,True,True,True,True,True,True,True,True
hybrid-search,hybrid-search,rag,conv-50_q39,conv-50,39,3,True,Would Dave prefer working on a Dodge Charger or a Subaru Forester?,Dodge Charger,,0,False,50,304,False,True,,False,True,False,True,False,True,False,True,False,True,False,True
hybrid-search,hybrid-search,rag,conv-50_q40,conv-50,40,1,True,What was the artists Calvin used to listen to when he was a kid?,Tupac and Dr. Dre,D20:6 D20:8,2,True,50,325,True,True,3,False,False,True,True,True,True,True,True,True,True,True,True
hybrid-search,hybrid-search,rag,conv-50_q41,conv-50,41,1,True,Which of their family member do Calvin and Dave have nostalgic memories about?,Dad,D12:2 D20:6,2,True,50,306,True,True,1,True,False,True,False,True,False,True,False,True,True,True,True
hybrid-search,hybrid-search,rag,conv-50_q42,conv-50,42,3,True,"Based on the conversation, did Calvin and Dave have a meeting in Boston between August and November 2023? Answer in yes or no.",No,,0,False,50,311,False,True,,False,True,False,True,False,True,False,True,False,True,False,True
hybrid-search,hybrid-search,rag,conv-50_q43,conv-50,43,2,False,"Which city was Calvin at on October 3, 2023?",Boston,D21:1,1,True,50,328,False,False,,False,False,False,False,False,False,False,False,False,False,False,False
hybrid-search,hybrid-search,rag,conv-50_q44,conv-50,44,2,False,When did Calvin met with local artists in Boston?,"October 3, 2023",D21:1,1,True,50,322,True,True,1,True,True,True,True,True,True,True,True,True,True,True,True
hybrid-search,hybrid-search,rag,conv-50_q45,conv-50,45,1,True,What shared activities do Dave and Calvin have?,Working on cars,D21:3 D21:4,2,True,50,310,True,True,41,False,False,False,False,False,False,False,False,True,True,True,True
hybrid-search,hybrid-search,rag,conv-50_q46,conv-50,46,1,True,What is Dave's favorite activity?,Restoring cars,D19:7 D21:4 D22:7,3,True,50,301,True,True,4,False,False,True,False,True,False,True,False,True,True,True,True
hybrid-search,hybrid-search,rag,conv-50_q47,conv-50,47,1,False,How many car shows has Dave attended?,two,D22:1 D3:12,2,True,50,321,True,True,3,False,False,True,False,True,True,True,True,True,True,True,True
hybrid-search,hybrid-search,rag,conv-50_q48,conv-50,48,2,True,What was Dave doing in the first weekend of October 2023?,attending a car show,D22:1,1,True,50,289,True,True,25,False,False,False,False,False,False,False,False,True,True,True,True
hybrid-search,hybrid-search,rag,conv-50_q49,conv-50,49,1,True,"When Dave was a child, what did he and his father do in the garage?","tinkering with car engines, restoration and refurbishing cars",D12:2 D12:4 D22:5,3,True,50,300,True,True,3,False,False,True,False,True,False,True,True,True,True,True,True
hybrid-search,hybrid-search,rag,conv-50_q50,conv-50,50,2,False,When did Calvin buy his second Ferrari?,first week of October 2023,D23:16,1,True,50,322,False,False,,False,False,False,False,False,False,False,False,False,False,False,False
hybrid-search,hybrid-search,rag,conv-50_q51,conv-50,51,2,True,When did Calvin and Frank Ocean start collaborating?,August 2022,D15:2 D24:5,2,True,50,317,True,True,2,False,False,True,True,True,True,True,True,True,True,True,True
hybrid-search,hybrid-search,rag,conv-50_q52,conv-50,52,2,False,When did Calvin plan on travelling to Tokyo the second time?,November 2023,D24:17,1,True,50,332,True,True,16,False,False,False,False,False,False,True,True,True,True,True,True
hybrid-search,hybrid-search,rag,conv-50_q53,conv-50,53,1,True,Who supports Calvin in tough times?,friends and team,D25:6 D29:7,2,True,50,321,True,False,7,False,False,False,False,True,False,True,False,True,False,True,False
hybrid-search,hybrid-search,rag,conv-50_q54,conv-50,54,1,True,What does help Calvin stay connected to the creative process?,Calvin stays connected to the creative process by always staying up-to-date on world events and watching documentaries about artists.,D25:8 D28:31,2,True,50,327,True,True,26,False,False,False,False,False,False,False,False,True,True,True,True
hybrid-search,hybrid-search,rag,conv-50_q55,conv-50,55,2,False,When did Calvin visit some of the sights in Boston with a former high school friend?,"October 24, 2023",D26:1,1,True,50,328,True,True,1,True,True,True,True,True,True,True,True,True,True,True,True
hybrid-search,hybrid-search,rag,conv-50_q56,conv-50,56,1,True,Which cities did Dave travel to in 2023?,"San Francsico, Detroit",D14:1 D26:2,2,True,50,298,True,True,19,False,False,False,False,False,False,True,False,True,True,True,True
hybrid-search,hybrid-search,rag,conv-50_q57,conv-50,57,2,False,Which hobby did Dave pick up in October 2023?,photography,D27:2,1,True,50,284,True,True,49,False,False,False,False,False,False,False,False,True,True,True,True
hybrid-search,hybrid-search,rag,conv-50_q58,conv-50,58,1,True,Which events in Dave's life inspired him to take up auto engineering?,"attending a car show with Dad, working on an old car in a neighbor's garage when he was young, spent a summer restoring an old car with Dad",D12:2 D12:4 D25:12 D26:6,4,True,50,319,True,True,2,False,False,True,False,True,False,True,True,True,True,True,True
hybrid-search,hybrid-search,rag,conv-50_q59,conv-50,59,1,True,How many Ferraris does Calvin own?,two,D23:16 D2:1,2,True,50,323,True,False,6,False,False,False,False,True,False,True,False,True,False,True,False
hybrid-search,hybrid-search,rag,conv-50_q60,conv-50,60,1,True,What gifts has Calvin received from his artist friends?,"gold chain, custom-made guitar with an octopus on it",D16:14 D4:24 D4:26,3,True,50,330,True,True,8,False,False,False,False,True,False,True,False,True,True,True,True
hybrid-search,hybrid-search,rag,conv-50_q61,conv-50,61,2,False,How long did Dave's work on the Ford Mustang take?,nearly two months,D14:11 D20:1 D21:4,3,True,50,306,True,True,1,True,False,True,False,True,True,True,True,True,True,True,True
hybrid-search,hybrid-search,rag,conv-50_q62,conv-50,62,2,False,How long was the car modification workshop in San Francisco?,two weeks,D14:1 D17:1,2,True,50,343,True,True,2,False,False,True,True,True,True,True,True,True,True,True,True
hybrid-search,hybrid-search,rag,conv-50_q63,conv-50,63,1,True,What style of guitars does Calvin own?,"custom-made yellow guitar with an octopus on it, shiny purple guitar",D16:13 D16:18 D16:19 D16:4,4,True,50,322,True,True,1,True,False,True,False,True,False,True,False,True,True,True,True
hybrid-search,hybrid-search,rag,conv-50_q64,conv-50,64,1,False,What activities has Dave participated in with his friends?,"weekly visits to local parks, countryside roadtrip, celebration of the opening of his car maintenance shop, card-playing nights",D10:3 D11:1 D15:1 D6:8,4,True,50,284,True,True,6,False,False,False,False,True,False,True,False,True,True,True,True
hybrid-search,hybrid-search,rag,conv-50_q65,conv-50,65,2,False,When did Dave take a photo of a Boston clock tower?,September 2023,D27:6,1,True,50,289,True,True,2,False,False,True,True,True,True,True,True,True,True,True,True
hybrid-search,hybrid-search,rag,conv-50_q66,conv-50,66,1,True,Do all of Dave's car restoration projects go smoothly?,No,D13:7 D20:1 D25:17 D27:10,4,True,50,312,True,True,6,False,False,False,False,True,False,True,False,True,True,True,True
hybrid-search,hybrid-search,rag,conv-50_q67,conv-50,67,2,True,Where was Calvin located in the last week of October 2023?,Tokyo,D28:1,1,True,50,331,True,True,10,False,False,False,False,True,True,True,True,True,True,True,True
hybrid-search,hybrid-search,rag,conv-50_q68,conv-50,68,2,False,When did Dave find the car he repaired and started sharing in his blog?,last week of October 2023,D28:20,1,True,50,312,True,True,18,False,False,False,False,False,False,True,True,True,True,True,True
hybrid-search,hybrid-search,rag,conv-50_q69,conv-50,69,2,False,When did Dave buy a vintage camera?,November 2023,D30:05,1,True,50,296,False,False,,False,False,False,False,False,False,False,False,False,False,False,False
hybrid-search,hybrid-search,rag,conv-50_q70,conv-50,70,2,False,When did Calvin attend a gala in Boston?,"November 16, 2023",D30:1,1,True,50,329,True,True,10,False,False,False,False,True,True,True,True,True,True,True,True
hybrid-search,hybrid-search,rag,conv-50_q71,conv-50,71,4,True,How long did Calvin plan to stay in Japan?,A few months,D1:15,1,True,50,329,True,True,2,False,False,True,True,True,True,True,True,True,True,True,True
hybrid-search,hybrid-search,rag,conv-50_q72,conv-50,72,4,True,Which band was Dave's favorite at the music festival in April 2023?,Aerosmith,D2:10,1,True,50,315,True,True,1,True,True,True,True,True,True,True,True,True,True,True,True
hybrid-search,hybrid-search,rag,conv-50_q73,conv-50,73,4,False,Where did Calvin attend a music festival in April 2023?,Tokyo,D3:1,1,True,50,335,True,True,7,False,False,False,False,True,True,True,True,True,True,True,True
hybrid-search,hybrid-search,rag,conv-50_q74,conv-50,74,4,True,What advice did Calvin receive from the producer at the music festival?,to stay true to himself and sound unique,D3:7,1,True,50,320,True,True,1,True,True,True,True,True,True,True,True,True,True,True,True
hybrid-search,hybrid-search,rag,conv-50_q75,conv-50,75,4,True,"What is Dave's new business venture as of 1 May, 2023?",Car maintenance shop,D4:1,1,True,50,292,True,True,12,False,False,False,False,False,False,True,True,True,True,True,True
hybrid-search,hybrid-search,rag,conv-50_q76,conv-50,76,4,True,What type of cars does Dave work on at his shop?,"all kinds of cars, from regular maintenance to full restorations of classic cars",D4:19,1,True,50,312,True,True,2,False,False,True,True,True,True,True,True,True,True,True,True
hybrid-search,hybrid-search,rag,conv-50_q77,conv-50,77,4,True,What did Calvin receive as a gift from another artist?,a gold necklace with a diamond pendant,D4:26,1,True,50,333,True,True,31,False,False,False,False,False,False,False,False,True,True,True,True
hybrid-search,hybrid-search,rag,conv-50_q78,conv-50,78,4,True,What was the necklace Calvin received meant to remind him of?,why he keeps hustling as a musician,D4:26,1,True,50,313,True,True,2,False,False,True,True,True,True,True,True,True,True,True,True
hybrid-search,hybrid-search,rag,conv-50_q79,conv-50,79,4,True,What does Dave do when he feels his creativity is frozen?,immerse himself in something he loves,D5:11,1,True,50,312,True,True,29,False,False,False,False,False,False,False,False,True,True,True,True
hybrid-search,hybrid-search,rag,conv-50_q80,conv-50,80,4,True,How does Calvin plan to jumpstart his inspiration?,explore other things and have some fun,D5:11,1,True,50,315,True,True,46,False,False,False,False,False,False,False,False,True,True,True,True
hybrid-search,hybrid-search,rag,conv-50_q81,conv-50,81,4,True,What did Calvin manage to save during the flood incident?,music gear and favorite microphone,D6:3,1,True,50,312,True,True,17,False,False,False,False,False,False,True,True,True,True,True,True
hybrid-search,hybrid-search,rag,conv-50_q82,conv-50,82,4,True,What did Dave open in May 2023?,a car shop,D6:8,1,True,50,290,True,True,18,False,False,False,False,False,False,True,True,True,True,True,True
hybrid-search,hybrid-search,rag,conv-50_q83,conv-50,83,4,True,What gives Dave a sense of achievement and purpose?,Fixing up things,D7:6,1,True,50,295,True,True,5,False,False,True,True,True,True,True,True,True,True,True,True
hybrid-search,hybrid-search,rag,conv-50_q84,conv-50,84,4,True,What fuels Calvin's soul?,Performing live,D7:11,1,True,50,322,True,True,31,False,False,False,False,False,False,False,False,True,True,True,True
hybrid-search,hybrid-search,rag,conv-50_q85,conv-50,85,4,True,What is Dave doing to relax on weekends?,exploring parks,D8:4,1,True,50,284,True,True,9,False,False,False,False,True,True,True,True,True,True,True,True
hybrid-search,hybrid-search,rag,conv-50_q86,conv-50,86,4,True,What sports activity is Calvin planning to try after the tour with Frank Ocean?,Skiing,D9:15,1,True,50,325,True,True,29,False,False,False,False,False,False,False,False,True,True,True,True
hybrid-search,hybrid-search,rag,conv-50_q87,conv-50,87,4,True,"What was Calvin excited to do after getting his car fixed on 7 July, 2023?",get back on the road,D10:1,1,True,50,341,True,True,5,False,False,True,True,True,True,True,True,True,True,True,True
hybrid-search,hybrid-search,rag,conv-50_q88,conv-50,88,4,True,What did Calvin and his friends arrange for in the park?,regular walks together,D10:3,1,True,50,319,True,True,8,False,False,False,False,True,True,True,True,True,True,True,True
hybrid-search,hybrid-search,rag,conv-50_q89,conv-50,89,4,True,What kind of music has Calvin been creating lately?,experimenting with different genres,D11:6,1,True,50,333,True,True,1,True,True,True,True,True,True,True,True,True,True,True,True
hybrid-search,hybrid-search,rag,conv-50_q90,conv-50,90,4,True,How does Calvin describe his process of adding electronic elements to his songs?,gives them a fresh vibe,D11:6,1,True,50,319,True,True,1,True,True,True,True,True,True,True,True,True,True,True,True
hybrid-search,hybrid-search,rag,conv-50_q91,conv-50,91,4,True,What car brand does Calvin own that he is proud of?,Ferrari,D12:7,1,True,50,327,True,True,22,False,False,False,False,False,False,False,False,True,True,True,True
hybrid-search,hybrid-search,rag,conv-50_q92,conv-50,92,4,True,What is Calvin's biggest current goal?,expand his brand worldwide and grow his fanbase,D12:11,1,True,50,314,True,True,9,False,False,False,False,True,True,True,True,True,True,True,True
hybrid-search,hybrid-search,rag,conv-50_q93,conv-50,93,4,True,What is Dave's advice to Calvin regarding his dreams?,to never forget his dreams,D12:14,1,True,50,309,False,False,,False,False,False,False,False,False,False,False,False,False,False,False
hybrid-search,hybrid-search,rag,conv-50_q94,conv-50,94,4,True,"What workshop did Dave get picked for on 11 August, 2023?",Car mod workshop,D13:1,1,True,50,297,True,True,4,False,False,True,True,True,True,True,True,True,True,True,True
hybrid-search,hybrid-search,rag,conv-50_q95,conv-50,95,4,True,What kind of modifications has Dave been working on in the car mod workshop?,"engine swaps, suspension modifications, and body modifications",D13:7,1,True,50,321,True,True,12,False,False,False,False,False,False,True,True,True,True,True,True
hybrid-search,hybrid-search,rag,conv-50_q96,conv-50,96,4,True,What type of car did Dave work on during the workshop?,classic muscle car,D13:7,1,True,50,313,True,True,39,False,False,False,False,False,False,False,False,True,True,True,True
hybrid-search,hybrid-search,rag,conv-50_q97,conv-50,97,4,True,What does Dave say is important for making his custom cars unique?,attention to small details,D13:11,1,True,50,315,True,True,24,False,False,False,False,False,False,False,False,True,True,True,True
hybrid-search,hybrid-search,rag,conv-50_q98,conv-50,98,4,True,How did the audience in Tokyo react when Calvin sang one of his songs?,Everyone was so into it and sang along,D14:6,1,True,50,331,True,True,2,False,False,True,True,True,True,True,True,True,True,True,True
hybrid-search,hybrid-search,rag,conv-50_q99,conv-50,99,4,True,How did Calvin meet Frank Ocean?,At a music festival in Tokyo,D15:4,1,True,50,328,True,True,3,False,False,True,True,True,True,True,True,True,True,True,True
hybrid-search,hybrid-search,rag,conv-50_q100,conv-50,100,4,True,Where did Calvin and Frank Ocean record a song together?,In the studio at Calvin's mansion,D15:4,1,True,50,327,True,True,4,False,False,True,True,True,True,True,True,True,True,True,True
hybrid-search,hybrid-search,rag,conv-50_q101,conv-50,101,4,False,What did Calvin and his friends record in August 2023?,a podcast discussing the rap industry,D15:12,1,True,50,312,True,True,2,False,False,True,True,True,True,True,True,True,True,True,True
hybrid-search,hybrid-search,rag,conv-50_q102,conv-50,102,4,True,Where did Calvin start shooting a video for his new album?,Miami,D16:8,1,True,50,335,True,True,2,False,False,True,True,True,True,True,True,True,True,True,True
hybrid-search,hybrid-search,rag,conv-50_q103,conv-50,103,4,True,What design is featured on Calvin's guitar?,octopus,D16:14,1,True,50,314,True,True,3,False,False,True,True,True,True,True,True,True,True,True,True
hybrid-search,hybrid-search,rag,conv-50_q104,conv-50,104,4,True,Why did Calvin get his guitar customized with a shiny finish?,unique look,D16:20,1,True,50,326,True,True,1,True,True,True,True,True,True,True,True,True,True,True,True
hybrid-search,hybrid-search,rag,conv-50_q105,conv-50,105,4,True,What color glow did Calvin customize his guitar with?,purple,D16:20,1,True,50,322,True,True,1,True,True,True,True,True,True,True,True,True,True,True,True
hybrid-search,hybrid-search,rag,conv-50_q106,conv-50,106,4,True,Where did Dave come back from with insights on car modification on 1st September 2023?,San Francisco,D17:1,1,True,50,311,True,True,1,True,True,True,True,True,True,True,True,True,True,True,True
hybrid-search,hybrid-search,rag,conv-50_q107,conv-50,107,4,True,What emotion does Dave mention feeling when he sees the relief of someone whose car he fixed?,Proud,D17:5,1,True,50,303,True,True,5,False,False,True,True,True,True,True,True,True,True,True,True
hybrid-search,hybrid-search,rag,conv-50_q108,conv-50,108,4,True,What did Calvin book a flight ticket for on 1st September 2023?,Boston,D17:6,1,True,50,327,True,True,5,False,False,True,True,True,True,True,True,True,True,True,True
hybrid-search,hybrid-search,rag,conv-50_q109,conv-50,109,4,True,What is Calvin excited about after the tour?,exploring and growing his brand,D18:7,1,True,50,327,True,True,4,False,False,True,True,True,True,True,True,True,True,True,True
hybrid-search,hybrid-search,rag,conv-50_q110,conv-50,110,4,True,What plans do Calvin and Dave have for when Calvin visits Boston?,Check out Dave's garage and maybe get some ideas for future projects,D18:11,1,True,50,309,True,True,20,False,False,False,False,False,False,True,True,True,True,True,True
hybrid-search,hybrid-search,rag,conv-50_q111,conv-50,111,4,True,Which Disney movie did Dave mention as one of his favorites?,Ratatouille,D19:6,1,True,50,284,True,True,1,True,True,True,True,True,True,True,True,True,True,True,True
hybrid-search,hybrid-search,rag,conv-50_q112,conv-50,112,4,True,How does Dave feel about the reactions of people when they see the finished restoration project?,satisfying and worth the hard work,D19:9,1,True,50,308,True,True,5,False,False,True,True,True,True,True,True,True,True,True,True
hybrid-search,hybrid-search,rag,conv-50_q113,conv-50,113,4,False,What activity did Calvin enjoy during his summer drives?,feeling the wind blowing through his hair,D20:4,1,True,50,329,True,True,6,False,False,False,False,True,True,True,True,True,True,True,True
hybrid-search,hybrid-search,rag,conv-50_q114,conv-50,114,4,True,Which song from the childhood of Calvin brings back memories of a road trip with his dad?,"""California Love""",D20:6 D20:8,2,True,50,312,True,True,1,True,True,True,True,True,True,True,True,True,True,True,True
hybrid-search,hybrid-search,rag,conv-50_q115,conv-50,115,4,True,What project did Calvin work on to chill out?,A shiny orange car,D21:3,1,True,50,323,True,True,23,False,False,False,False,False,False,False,False,True,True,True,True
hybrid-search,hybrid-search,rag,conv-50_q116,conv-50,116,4,True,What car did Dave work on in the junkyard?,Ford Mustang,D21:4,1,True,50,311,True,True,4,False,False,True,True,True,True,True,True,True,True,True,True
hybrid-search,hybrid-search,rag,conv-50_q117,conv-50,117,4,True,What does Dave find satisfying about restoring old cars?,Transforming something old and beat-up into something beautiful,D21:10,1,True,50,309,True,True,9,False,False,False,False,True,True,True,True,True,True,True,True
hybrid-search,hybrid-search,rag,conv-50_q118,conv-50,118,4,True,What do Calvin and Dave use to reach their goals?,Hard work and determination,D21:15,1,True,50,299,True,True,1,True,True,True,True,True,True,True,True,True,True,True,True
hybrid-search,hybrid-search,rag,conv-50_q119,conv-50,119,4,True,What does working on cars represent for Dave?,Therapy and a way to get away from everyday stress,D22:5,1,True,50,310,True,True,11,False,False,False,False,False,False,True,True,True,True,True,True
hybrid-search,hybrid-search,rag,conv-50_q120,conv-50,120,4,True,What does Dave aim to do with his passion for cars?,Take something broken and make it into something awesome,D22:5,1,True,50,308,True,True,5,False,False,True,True,True,True,True,True,True,True,True,True
hybrid-search,hybrid-search,rag,conv-50_q121,conv-50,121,4,True,"What did Calvin recently get that is a ""masterpiece on wheels""?",Ferrari,D23:16,1,True,50,333,False,False,,False,False,False,False,False,False,False,False,False,False,False,False
hybrid-search,hybrid-search,rag,conv-50_q122,conv-50,122,4,True,Who headlined the music festival that Dave attended in October?,The Fireworks,D23:9,1,True,50,315,True,True,1,True,True,True,True,True,True,True,True,True,True,True,True
hybrid-search,hybrid-search,rag,conv-50_q123,conv-50,123,4,True,How does Calvin stay motivated when faced with setbacks?,"Reminds himself of his passion for goals, gets help from others, and takes a break to recharge",D23:4,1,True,50,319,True,True,2,False,False,True,True,True,True,True,True,True,True,True,True
hybrid-search,hybrid-search,rag,conv-50_q124,conv-50,124,4,True,"What activity does Dave find fulfilling, similar to Calvin's passion for music festivals?",fixing things,D23:11,1,True,50,328,True,True,8,False,False,False,False,True,True,True,True,True,True,True,True
hybrid-search,hybrid-search,rag,conv-50_q125,conv-50,125,4,True,Where did Calvin and Dave meet Frank Ocean to start collaborating?,at a festival,D24:5,1,True,50,317,True,True,5,False,False,True,True,True,True,True,True,True,True,True,True
hybrid-search,hybrid-search,rag,conv-50_q126,conv-50,126,4,True,Which part of Tokyo is described as Tokyo's Times Square by Calvin?,Shibuya Crossing,D24:19,1,True,50,329,True,True,2,False,False,True,True,True,True,True,True,True,True,True,True
hybrid-search,hybrid-search,rag,conv-50_q127,conv-50,127,4,True,What specific location in Tokyo does Calvin mention being excited to explore?,Shinjuku,D24:19,1,True,50,332,True,True,2,False,False,True,True,True,True,True,True,True,True,True,True
hybrid-search,hybrid-search,rag,conv-50_q128,conv-50,128,4,True,What dish does Dave recommend Calvin to try in Tokyo?,ramen,D24:20,1,True,50,323,True,True,2,False,False,True,True,True,True,True,True,True,True,True,True
hybrid-search,hybrid-search,rag,conv-50_q129,conv-50,129,4,True,What does Calvin find energizing during the tour?,Performing and connecting with the crowd,D25:2,1,True,50,327,True,True,3,False,False,True,True,True,True,True,True,True,True,True,True
hybrid-search,hybrid-search,rag,conv-50_q130,conv-50,130,4,True,How does Calvin balance his job and personal life?,Takes it one day at a time,D25:4,1,True,50,324,True,True,2,False,False,True,True,True,True,True,True,True,True,True,True
hybrid-search,hybrid-search,rag,conv-50_q131,conv-50,131,4,True,What inspired Calvin's recent music?,Struggles that people go through,D25:10,1,True,50,327,True,True,20,False,False,False,False,False,False,True,True,True,True,True,True
hybrid-search,hybrid-search,rag,conv-50_q132,conv-50,132,4,True,How does Calvin describe his music in relation to capturing feelings?,Express himself and work through his emotions,D25:12,1,True,50,332,True,True,1,True,True,True,True,True,True,True,True,True,True,True,True
hybrid-search,hybrid-search,rag,conv-50_q133,conv-50,133,4,True,Why did Dave start working on cars?,Fascinated with how machines work,D25:15,1,True,50,313,True,True,2,False,False,True,True,True,True,True,True,True,True,True,True
hybrid-search,hybrid-search,rag,conv-50_q134,conv-50,134,4,True,What is the toughest part of car restoration according to Dave?,Paying extra attention to detail,D25:19,1,True,50,315,True,True,1,True,True,True,True,True,True,True,True,True,True,True,True
hybrid-search,hybrid-search,rag,conv-50_q135,conv-50,135,4,True,What does Calvin believe makes an artist create something extraordinary?,Paying attention to small details,D25:22,1,True,50,332,True,True,42,False,False,False,False,False,False,False,False,True,True,True,True
hybrid-search,hybrid-search,rag,conv-50_q136,conv-50,136,4,True,When did Dave sell the car he restored last year?,Last year,D25:17,1,True,50,311,True,True,15,False,False,False,False,False,False,True,True,True,True,True,True
hybrid-search,hybrid-search,rag,conv-50_q137,conv-50,137,4,True,When did Calvin first get interested in cars?,at an early age,D26:6,1,True,50,332,True,True,8,False,False,False,False,True,True,True,True,True,True,True,True
hybrid-search,hybrid-search,rag,conv-50_q138,conv-50,138,4,True,How did Calvin feel about performing with someone he admires?,"Unreal, like a dream come true",D26:9,1,True,50,312,True,True,1,True,True,True,True,True,True,True,True,True,True,True,True
hybrid-search,hybrid-search,rag,conv-50_q139,conv-50,139,4,True,What realization did the nightclub experience bring to Calvin?,"how much music means to him, it's like his passion and purpose",D26:9,1,True,50,316,True,True,1,True,True,True,True,True,True,True,True,True,True,True,True
hybrid-search,hybrid-search,rag,conv-50_q140,conv-50,140,4,True,What do Dave and Calvin agree on regarding their pursuits?,It's fulfilling and motivating,D26:11,1,True,50,301,True,True,22,False,False,False,False,False,False,False,False,True,True,True,True
hybrid-search,hybrid-search,rag,conv-50_q141,conv-50,141,4,True,Which city is featured in the photograph Dave showed Calvin?,Boston,D27:6,1,True,50,319,True,True,6,False,False,False,False,True,True,True,True,True,True,True,True
hybrid-search,hybrid-search,rag,conv-50_q142,conv-50,142,4,True,What did Calvin do recently at his Japanese house?,Threw a small party for his new album,D28:1,1,True,50,333,True,True,2,False,False,True,True,True,True,True,True,True,True,True,True
hybrid-search,hybrid-search,rag,conv-50_q143,conv-50,143,4,True,What did Dave recently start a blog about?,Car mods,D28:8,1,True,50,292,True,True,6,False,False,False,False,True,True,True,True,True,True,True,True
hybrid-search,hybrid-search,rag,conv-50_q144,conv-50,144,4,True,What is Dave's way to share his passion with others?,Through a blog on car mods,D28:8,1,True,50,293,False,False,,False,False,False,False,False,False,False,False,False,False,False,False
hybrid-search,hybrid-search,rag,conv-50_q145,conv-50,145,4,True,What type of videos does Calvin usually watch on his television?,"Music videos, concerts, documentaries about artists and their creative process",D28:31,1,True,50,323,True,True,2,False,False,True,True,True,True,True,True,True,True,True,True
hybrid-search,hybrid-search,rag,conv-50_q146,conv-50,146,4,True,What type of music has Dave been getting into lately?,Classic rock,D28:40,1,True,50,313,False,False,,False,False,False,False,False,False,False,False,False,False,False,False
hybrid-search,hybrid-search,rag,conv-50_q147,conv-50,147,4,False,What tools does Calvin use to boost his motivation for music?,Writing lyrics and notes,D28:34,1,True,50,320,True,True,4,False,False,True,True,True,True,True,True,True,True,True,True
hybrid-search,hybrid-search,rag,conv-50_q148,conv-50,148,4,True,What type of content does Dave post on his blog that inspired others to start their own DIY projects?,How he made his car look like a beast,D28:10,1,True,50,305,True,True,3,False,False,True,True,True,True,True,True,True,True,True,True
hybrid-search,hybrid-search,rag,conv-50_q149,conv-50,149,4,True,What kind of impact does Dave's blog on car mods have on people?,It inspires others to start their DIY projects,D28:10,1,True,50,312,True,True,2,False,False,True,True,True,True,True,True,True,True,True,True
hybrid-search,hybrid-search,rag,conv-50_q150,conv-50,150,4,True,"Who did Calvin invite to see him perform in Boston on 13 November, 2023?",his old high school buddy,D29:1,1,True,50,326,True,True,2,False,False,True,True,True,True,True,True,True,True,True,True
hybrid-search,hybrid-search,rag,conv-50_q151,conv-50,151,4,False,What hobby did Calvin take up recently?,Photography,D30:1,1,True,50,331,True,True,2,False,False,True,True,True,True,True,True,True,True,True,True
hybrid-search,hybrid-search,rag,conv-50_q152,conv-50,152,4,True,What new item did Dave buy recently?,A vintage camera,D30:5,1,True,50,290,True,True,15,False,False,False,False,False,False,True,True,True,True,True,True
hybrid-search,hybrid-search,rag,conv-50_q153,conv-50,153,4,True,What type of photos does Dave like to capture with his new camera?,"Nature - sunsets, beaches, waves",D30:9,1,True,50,311,True,True,1,True,True,True,True,True,True,True,True,True,True,True,True
hybrid-search,hybrid-search,rag,conv-50_q154,conv-50,154,4,True,What event did Calvin attend in Boston?,Fancy gala,D30:2,1,True,50,333,True,True,20,False,False,False,False,False,False,True,True,True,True,True,True
hybrid-search,hybrid-search,rag,conv-50_q155,conv-50,155,4,True,What did Calvin discuss with the cool artist he met at the gala?,Music and art,D30:4,1,True,50,318,True,True,1,True,True,True,True,True,True,True,True,True,True,True,True
hybrid-search,hybrid-search,rag,conv-50_q156,conv-50,156,4,True,Where did Dave take a stunning photo of a waterfall?,Nearby park,D30:15,1,True,50,307,True,True,1,True,True,True,True,True,True,True,True,True,True,True,True
hybrid-search,hybrid-search,rag,conv-50_q157,conv-50,157,4,True,What positive impact does Calvin mention nature has on tough times?,Nature helps us appreciate life,D30:12,1,True,50,327,True,True,4,False,False,True,True,True,True,True,True,True,True,True,True
cognee,cognee,rag,conv-26_q0,conv-26,0,2,False,When did Caroline go to the LGBTQ support group?,7 May 2023,D1:3,1,True,50,216,True,True,2,False,False,True,True,True,True,True,True,True,True,True,True
cognee,cognee,rag,conv-26_q1,conv-26,1,2,True,When did Melanie paint a sunrise?,2022,D1:12,1,True,50,216,True,True,11,False,False,False,False,False,False,True,True,True,True,True,True
cognee,cognee,rag,conv-26_q2,conv-26,2,3,True,What fields would Caroline be likely to pursue in her educaton?,"Psychology, counseling certification",D1:11 D1:9,2,True,50,225,True,True,1,True,True,True,True,True,True,True,True,True,True,True,True
cognee,cognee,rag,conv-26_q3,conv-26,3,1,True,What did Caroline research?,Adoption agencies,D2:8,1,True,50,219,True,True,26,False,False,False,False,False,False,False,False,True,True,True,True
cognee,cognee,rag,conv-26_q4,conv-26,4,1,True,What is Caroline's identity?,Transgender woman,D1:5,1,True,50,218,True,True,23,False,False,False,False,False,False,False,False,True,True,True,True
cognee,cognee,rag,conv-26_q5,conv-26,5,2,False,When did Melanie run a charity race?,The sunday before 25 May 2023,D2:1,1,True,50,216,True,True,2,False,False,True,True,True,True,True,True,True,True,True,True
cognee,cognee,rag,conv-26_q6,conv-26,6,2,False,When is Melanie planning on going camping?,June 2023,D2:7,1,True,50,221,True,True,5,False,False,True,True,True,True,True,True,True,True,True,True
cognee,cognee,rag,conv-26_q7,conv-26,7,1,True,What is Caroline's relationship status?,Single,D2:14 D3:13,2,True,50,217,True,False,28,False,False,False,False,False,False,False,False,True,False,True,False
cognee,cognee,rag,conv-26_q8,conv-26,8,2,False,When did Caroline give a speech at a school?,The week before 9 June 2023,D3:1,1,True,50,222,True,True,1,True,True,True,True,True,True,True,True,True,True,True,True
cognee,cognee,rag,conv-26_q9,conv-26,9,2,False,"When did Caroline meet up with her friends, family, and mentors?",The week before 9 June 2023,D3:11,1,True,50,220,True,True,41,False,False,False,False,False,False,False,False,True,True,True,True
cognee,cognee,rag,conv-26_q10,conv-26,10,2,True,How long has Caroline had her current group of friends for?,4 years,D3:13,1,True,50,221,True,True,22,False,False,False,False,False,False,False,False,True,True,True,True
cognee,cognee,rag,conv-26_q11,conv-26,11,1,True,Where did Caroline move from 4 years ago?,Sweden,D3:13 D4:3,2,True,50,217,False,False,,False,False,False,False,False,False,False,False,False,False,False,False
cognee,cognee,rag,conv-26_q12,conv-26,12,2,True,How long ago was Caroline's 18th birthday?,10 years ago,D4:5,1,True,50,222,True,True,40,False,False,False,False,False,False,False,False,True,True,True,True
cognee,cognee,rag,conv-26_q13,conv-26,13,1,True,What career path has Caroline decided to persue?,counseling or mental health for Transgender people,D1:11 D4:13,2,True,50,228,True,True,1,True,False,True,False,True,False,True,True,True,True,True,True
cognee,cognee,rag,conv-26_q14,conv-26,14,3,True,Would Caroline still want to pursue counseling as a career if she hadn't received support growing up?,Likely no,D3:5 D4:15,2,True,50,230,True,True,4,False,False,True,False,True,False,True,True,True,True,True,True
cognee,cognee,rag,conv-26_q15,conv-26,15,1,True,What activities does Melanie partake in?,"pottery, camping, painting, swimming",D1:12 D1:18 D5:4 D9:1,4,True,50,223,True,True,8,False,False,False,False,True,False,True,False,True,True,True,True
cognee,cognee,rag,conv-26_q16,conv-26,16,2,False,When did Melanie sign up for a pottery class?,2 July 2023,D5:4,1,True,50,217,True,True,26,False,False,False,False,False,False,False,False,True,True,True,True
cognee,cognee,rag,conv-26_q17,conv-26,17,2,True,When is Caroline going to the transgender conference?,July 2023,D5:13,1,True,50,225,True,True,28,False,False,False,False,False,False,False,False,True,True,True,True
cognee,cognee,rag,conv-26_q18,conv-26,18,1,True,Where has Melanie camped?,"beach, mountains, forest",D4:6 D6:16 D8:32,3,True,50,217,True,True,1,True,False,True,False,True,False,True,False,True,True,True,True
cognee,cognee,rag,conv-26_q19,conv-26,19,1,True,What do Melanie's kids like?,"dinosaurs, nature",D4:8 D6:6,2,True,50,225,True,True,15,False,False,False,False,False,False,True,False,True,True,True,True
cognee,cognee,rag,conv-26_q20,conv-26,20,2,False,When did Melanie go to the museum?,5 July 2023,D6:4,1,True,50,223,True,True,4,False,False,True,True,True,True,True,True,True,True,True,True
cognee,cognee,rag,conv-26_q21,conv-26,21,2,True,When did Caroline have a picnic?,The week before 6 July 2023,D6:11,1,True,50,217,True,True,8,False,False,False,False,True,True,True,True,True,True,True,True
cognee,cognee,rag,conv-26_q22,conv-26,22,3,True,Would Caroline likely have Dr. Seuss books on her bookshelf?,"Yes, since she collects classic children's books",D6:9,1,True,50,208,True,True,1,True,True,True,True,True,True,True,True,True,True,True,True
cognee,cognee,rag,conv-26_q23,conv-26,23,1,False,What books has Melanie read?,"""Nothing is Impossible"", ""Charlotte's Web""",D6:10 D7:8,2,True,50,223,True,True,2,False,False,True,False,True,False,True,True,True,True,True,True
cognee,cognee,rag,conv-26_q24,conv-26,24,1,True,What does Melanie do to destress?,"Running, pottery",D5:4 D7:22,2,True,50,223,True,True,1,True,False,True,False,True,False,True,False,True,True,True,True
cognee,cognee,rag,conv-26_q25,conv-26,25,2,False,When did Caroline go to the LGBTQ conference?,10 July 2023,D7:1,1,True,50,216,True,True,2,False,False,True,True,True,True,True,True,True,True,True,True
cognee,cognee,rag,conv-26_q26,conv-26,26,2,True,"When did Melanie read the book ""nothing is impossible""?",2022,D7:8,1,True,50,228,True,True,17,False,False,False,False,False,False,True,True,True,True,True,True
cognee,cognee,rag,conv-26_q27,conv-26,27,3,True,Would Caroline pursue writing as a career option?,"LIkely no; though she likes reading, she wants to be a counselor",D7:5 D7:9,2,True,50,228,True,True,24,False,False,False,False,False,False,False,False,True,True,True,True
cognee,cognee,rag,conv-26_q28,conv-26,28,2,True,When did Caroline go to the adoption meeting?,The friday before 15 July 2023,D8:9,1,True,50,221,True,True,15,False,False,False,False,False,False,True,True,True,True,True,True
cognee,cognee,rag,conv-26_q29,conv-26,29,2,True,When did Melanie go to the pottery workshop?,The Friday before 15 July 2023,D8:2,1,True,50,223,True,True,2,False,False,True,True,True,True,True,True,True,True,True,True
cognee,cognee,rag,conv-26_q30,conv-26,30,3,True,Would Melanie be considered a member of the LGBTQ community?,"Likely no, she does not refer to herself as part of it",,0,False,50,215,False,True,,False,True,False,True,False,True,False,True,False,True,False,True
cognee,cognee,rag,conv-26_q31,conv-26,31,2,True,When did Melanie go camping in June?,The week before 27 June 2023,D4:8,1,True,50,225,True,True,29,False,False,False,False,False,False,False,False,True,True,True,True
cognee,cognee,rag,conv-26_q32,conv-26,32,1,True,What LGBTQ+ events has Caroline participated in?,"Pride parade, school speech, support group",D1:3 D3:1 D5:1 D8:17,4,True,50,223,True,True,7,False,False,False,False,True,False,True,False,True,True,True,True
cognee,cognee,rag,conv-26_q33,conv-26,33,2,False,When did Caroline go to a pride parade during the summer?,The week before 3 July 2023,D5:1,1,True,50,217,True,True,9,False,False,False,False,True,True,True,True,True,True,True,True
cognee,cognee,rag,conv-26_q34,conv-26,34,1,True,What events has Caroline participated in to help children?,"Mentoring program, school speech",D3:3 D9:2,2,True,50,220,True,True,12,False,False,False,False,False,False,True,False,True,True,True,True
cognee,cognee,rag,conv-26_q35,conv-26,35,2,True,When did Melanie go camping in July?,two weekends before 17 July 2023,D9:1,1,True,50,221,True,True,17,False,False,False,False,False,False,True,True,True,True,True,True
cognee,cognee,rag,conv-26_q36,conv-26,36,2,True,When did Caroline join a mentorship program?,The weekend before 17 July 2023,D9:2,1,True,50,227,True,True,3,False,False,True,True,True,True,True,True,True,True,True,True
cognee,cognee,rag,conv-26_q37,conv-26,37,1,True,What did Melanie paint recently?,sunset,D8:6; D9:17,1,True,50,207,False,False,,False,False,False,False,False,False,False,False,False,False,False,False
cognee,cognee,rag,conv-26_q38,conv-26,38,1,True,What activities has Melanie done with her family?,"Pottery, painting, camping, museum, swimming, hiking",D1:18 D3:14 D6:4 D8:4 D8:6 D9:1,6,True,50,224,True,False,15,False,False,False,False,False,False,True,False,True,False,True,False
cognee,cognee,rag,conv-26_q39,conv-26,39,1,True,In what ways is Caroline participating in the LGBTQ community?,"Joining activist group, going to pride parades, participating in an art show, mentoring program",D10:3 D5:1 D9:12 D9:2,4,True,50,219,True,True,6,False,False,False,False,True,False,True,True,True,True,True,True
cognee,cognee,rag,conv-26_q40,conv-26,40,1,False,How many times has Melanie gone to the beach in 2023?,2,D10:8 D6:16,2,True,50,221,True,True,3,False,False,True,False,True,True,True,True,True,True,True,True
cognee,cognee,rag,conv-26_q41,conv-26,41,2,True,When did Caroline join a new activist group?,The Tuesday before 20 July 2023,D10:3,1,True,50,219,True,True,1,True,True,True,True,True,True,True,True,True,True,True,True
cognee,cognee,rag,conv-26_q42,conv-26,42,3,True,Would Melanie be more interested in going to a national park or a theme park?,National park; she likes the outdoors,D10:12 D10:14,2,True,50,224,True,False,10,False,False,False,False,True,False,True,False,True,False,True,False
cognee,cognee,rag,conv-26_q43,conv-26,43,1,True,What kind of art does Caroline make?,abstract art,D11:12 D11:8 D9:14,3,True,50,219,True,True,2,False,False,True,False,True,False,True,True,True,True,True,True
cognee,cognee,rag,conv-26_q44,conv-26,44,2,False,When is Melanie's daughter's birthday?,13 August,D11:1,1,True,50,222,True,True,6,False,False,False,False,True,True,True,True,True,True,True,True
cognee,cognee,rag,conv-26_q45,conv-26,45,2,True,When did Caroline attend a pride parade in August?,The Friday before 14 August 2023,D11:4,1,True,50,218,True,True,15,False,False,False,False,False,False,True,True,True,True,True,True
cognee,cognee,rag,conv-26_q46,conv-26,46,3,True,Would Melanie be considered an ally to the transgender community?,"Yes, she is supportive",,0,False,50,218,False,True,,False,True,False,True,False,True,False,True,False,True,False,True
cognee,cognee,rag,conv-26_q47,conv-26,47,1,True,Who supports Caroline when she has a negative experience?,"Her mentors, family, and friends",D12:1 D3:11,2,True,50,220,True,True,16,False,False,False,False,False,False,True,False,True,True,True,True
cognee,cognee,rag,conv-26_q48,conv-26,48,1,True,What types of pottery have Melanie and her kids made?,"bowls, cup",D12:14 D5:6 D8:4,3,True,50,218,True,False,2,False,False,True,False,True,False,True,False,True,False,True,False
cognee,cognee,rag,conv-26_q49,conv-26,49,2,True,When did Caroline and Melanie go to a pride fesetival together?,2022,D12:15,1,True,50,213,True,True,1,True,True,True,True,True,True,True,True,True,True,True,True
cognee,cognee,rag,conv-26_q50,conv-26,50,3,True,What would Caroline's political leaning likely be?,Liberal,D12:1,1,True,50,218,True,True,33,False,False,False,False,False,False,False,False,True,True,True,True
cognee,cognee,rag,conv-26_q51,conv-26,51,1,True,What has Melanie painted?,"Horse, sunset, sunrise",D13:8 D1:12 D8:6,3,True,50,215,True,True,5,False,False,True,False,True,False,True,False,True,True,True,True
cognee,cognee,rag,conv-26_q52,conv-26,52,1,True,What are Melanie's pets' names?,"Oliver, Luna, Bailey",D13:4 D7:18,2,True,50,230,True,True,4,False,False,True,False,True,False,True,False,True,True,True,True
cognee,cognee,rag,conv-26_q53,conv-26,53,2,False,When did Caroline apply to adoption agencies?,The week of 23 August 2023,D13:1,1,True,50,224,True,True,1,True,True,True,True,True,True,True,True,True,True,True,True
cognee,cognee,rag,conv-26_q54,conv-26,54,2,False,When did Caroline draw a self-portrait?,The week before 23 August 2023,D13:11,1,True,50,212,True,True,5,False,False,True,True,True,True,True,True,True,True,True,True
cognee,cognee,rag,conv-26_q55,conv-26,55,1,True,What subject have Caroline and Melanie both painted?,Sunsets,D14:5 D8:6,2,True,50,214,True,True,5,False,False,True,False,True,True,True,True,True,True,True,True
cognee,cognee,rag,conv-26_q56,conv-26,56,1,True,What symbols are important to Caroline?,"Rainbow flag, transgender symbol",D14:15 D4:1,2,True,50,221,True,True,4,False,False,True,True,True,True,True,True,True,True,True,True
cognee,cognee,rag,conv-26_q57,conv-26,57,2,True,When did Caroline encounter people on a hike and have a negative experience?,The week before 25 August 2023,D14:1,1,True,50,221,True,True,1,True,True,True,True,True,True,True,True,True,True,True,True
cognee,cognee,rag,conv-26_q58,conv-26,58,2,False,When did Melanie make a plate in pottery class?,24 August 2023,D14:4,1,True,50,217,True,True,18,False,False,False,False,False,False,True,True,True,True,True,True
cognee,cognee,rag,conv-26_q59,conv-26,59,3,False,Would Caroline be considered religious?,"Somewhat, but not extremely religious",D12:1 D14:19,2,True,50,218,True,True,1,True,False,True,False,True,False,True,True,True,True,True,True
cognee,cognee,rag,conv-26_q60,conv-26,60,1,False,What instruments does Melanie play?,clarinet and violin,D15:26 D2:5,2,True,50,220,True,False,1,True,False,True,False,True,False,True,False,True,False,True,False
cognee,cognee,rag,conv-26_q61,conv-26,61,1,True,What musical artists/bands has Melanie seen?,"Summer Sounds, Matt Patterson",D11:3 D15:16,2,True,50,219,True,True,1,True,False,True,False,True,True,True,True,True,True,True,True
cognee,cognee,rag,conv-26_q62,conv-26,62,2,False,When did Melanie go to the park?,27 August 2023,D15:2,1,True,50,215,True,True,1,True,True,True,True,True,True,True,True,True,True,True,True
cognee,cognee,rag,conv-26_q63,conv-26,63,2,False,When is Caroline's youth center putting on a talent show?,September 2023,D15:11,1,True,50,224,True,True,1,True,True,True,True,True,True,True,True,True,True,True,True
cognee,cognee,rag,conv-26_q64,conv-26,64,3,True,"Would Melanie likely enjoy the song ""The Four Seasons"" by Vivaldi?",Yes; it's classical music,D15:28,1,True,50,213,True,True,3,False,False,True,True,True,True,True,True,True,True,True,True
cognee,cognee,rag,conv-26_q65,conv-26,65,1,True,What are some changes Caroline has faced during her transition journey?,"Changes to her body, losing unsupportive friends",D11:14 D16:15,2,True,50,233,True,False,8,False,False,False,False,True,False,True,False,True,False,True,False
cognee,cognee,rag,conv-26_q66,conv-26,66,1,False,What does Melanie do with her family on hikes?,"Roast marshmallows, tell stories",D10:12 D16:4,2,True,50,216,True,True,5,False,False,True,False,True,False,True,True,True,True,True,True
cognee,cognee,rag,conv-26_q67,conv-26,67,2,False,When did Caroline go biking with friends?,The weekend before 13 September 2023,D16:1,1,True,50,218,True,True,2,False,False,True,True,True,True,True,True,True,True,True,True
cognee,cognee,rag,conv-26_q68,conv-26,68,2,True,How long has Melanie been practicing art?,Since 2016,D16:8,1,True,50,218,True,True,10,False,False,False,False,True,True,True,True,True,True,True,True
cognee,cognee,rag,conv-26_q69,conv-26,69,3,True,What personality traits might Melanie say Caroline has?,"Thoughtful, authentic, driven",D13:16 D16:18 D7:4,3,True,50,221,True,False,39,False,False,False,False,False,False,False,False,True,False,True,False
cognee,cognee,rag,conv-26_q70,conv-26,70,1,True,What transgender-specific events has Caroline attended?,"Poetry reading, conference",D15:13 D17:19,2,True,50,222,True,True,4,False,False,True,False,True,False,True,False,True,True,True,True
cognee,cognee,rag,conv-26_q71,conv-26,71,1,True,What book did Melanie read from Caroline's suggestion?,"""Becoming Nicole""",D17:10 D7:11,2,True,50,220,True,False,1,True,False,True,False,True,False,True,False,True,False,True,False
cognee,cognee,rag,conv-26_q72,conv-26,72,2,True,When did Melanie's friend adopt a child?,2022,D17:3,1,True,50,218,True,True,1,True,True,True,True,True,True,True,True,True,True,True,True
cognee,cognee,rag,conv-26_q73,conv-26,73,2,False,When did Melanie get hurt?,September 2023,D17:8,1,True,50,217,True,True,37,False,False,False,False,False,False,False,False,True,True,True,True
cognee,cognee,rag,conv-26_q74,conv-26,74,2,False,When did Melanie's family go on a roadtrip?,The weekend before 20 October 2023,D18:1,1,True,50,214,True,True,7,False,False,False,False,True,True,True,True,True,True,True,True
cognee,cognee,rag,conv-26_q75,conv-26,75,1,True,How many children does Melanie have?,3,D18:1 D18:7,2,True,50,219,True,True,9,False,False,False,False,True,False,True,False,True,True,True,True
cognee,cognee,rag,conv-26_q76,conv-26,76,1,False,When did Melanie go on a hike after the roadtrip?,19 October 2023,D18:17,1,True,50,215,True,True,4,False,False,True,True,True,True,True,True,True,True,True,True
cognee,cognee,rag,conv-26_q77,conv-26,77,3,False,Would Melanie go on another roadtrip soon?,Likely no; since this one went badly,D18:1 D18:3,2,True,50,219,True,True,2,False,False,True,True,True,True,True,True,True,True,True,True
cognee,cognee,rag,conv-26_q78,conv-26,78,1,True,What items has Melanie bought?,"Figurines, shoes",D19:2 D7:18,2,True,50,220,True,True,3,False,False,True,False,True,False,True,False,True,True,True,True
cognee,cognee,rag,conv-26_q79,conv-26,79,2,False,When did Caroline pass the adoption interview?,The Friday before 22 October 2023,D19:1,1,True,50,223,True,True,6,False,False,False,False,True,True,True,True,True,True,True,True
cognee,cognee,rag,conv-26_q80,conv-26,80,2,False,When did Melanie buy the figurines?,21 October 2023,D19:2,1,True,50,214,True,True,6,False,False,False,False,True,True,True,True,True,True,True,True
cognee,cognee,rag,conv-26_q81,conv-26,81,3,True,Would Caroline want to move back to her home country soon?,No; she's in the process of adopting children.,D19:1 D19:3,2,True,50,214,True,True,16,False,False,False,False,False,False,True,True,True,True,True,True
cognee,cognee,rag,conv-26_q82,conv-26,82,4,True,What did the charity race raise awareness for?,mental health,D2:2,1,True,50,223,True,True,1,True,True,True,True,True,True,True,True,True,True,True,True
cognee,cognee,rag,conv-26_q83,conv-26,83,4,True,What did Melanie realize after the charity race?,self-care is important,D2:3,1,True,50,214,True,True,1,True,True,True,True,True,True,True,True,True,True,True,True
cognee,cognee,rag,conv-26_q84,conv-26,84,4,True,How does Melanie prioritize self-care?,"by carving out some me-time each day for activities like running, reading, or playing the violin",D2:5,1,True,50,222,True,True,2,False,False,True,True,True,True,True,True,True,True,True,True
cognee,cognee,rag,conv-26_q85,conv-26,85,4,True,What are Caroline's plans for the summer?,researching adoption agencies,D2:8,1,True,50,216,True,True,2,False,False,True,True,True,True,True,True,True,True,True,True
cognee,cognee,rag,conv-26_q86,conv-26,86,4,True,What type of individuals does the adoption agency Caroline is considering support?,LGBTQ+ individuals,D2:12,1,True,50,221,True,True,4,False,False,True,True,True,True,True,True,True,True,True,True
cognee,cognee,rag,conv-26_q87,conv-26,87,4,True,Why did Caroline choose the adoption agency?,because of their inclusivity and support for LGBTQ+ individuals,D2:12,1,True,50,224,True,True,1,True,True,True,True,True,True,True,True,True,True,True,True
cognee,cognee,rag,conv-26_q88,conv-26,88,4,True,What is Caroline excited about in the adoption process?,creating a family for kids who need one,D2:14,1,True,50,222,True,True,2,False,False,True,True,True,True,True,True,True,True,True,True
cognee,cognee,rag,conv-26_q89,conv-26,89,4,True,What does Melanie think about Caroline's decision to adopt?,she thinks Caroline is doing something amazing and will be an awesome mom,D2:15,1,True,50,221,True,True,8,False,False,False,False,True,True,True,True,True,True,True,True
cognee,cognee,rag,conv-26_q90,conv-26,90,4,True,How long have Mel and her husband been married?,Mel and her husband have been married for 5 years.,D3:16,1,True,50,215,True,True,1,True,True,True,True,True,True,True,True,True,True,True,True
cognee,cognee,rag,conv-26_q91,conv-26,91,4,True,What does Caroline's necklace symbolize?,"love, faith, and strength",D4:3,1,True,50,215,True,True,1,True,True,True,True,True,True,True,True,True,True,True,True
cognee,cognee,rag,conv-26_q92,conv-26,92,4,True,What country is Caroline's grandma from?,Sweden,D4:3,1,True,50,220,True,True,14,False,False,False,False,False,False,True,True,True,True,True,True
cognee,cognee,rag,conv-26_q93,conv-26,93,4,True,What was grandma's gift to Caroline?,necklace,D4:3,1,True,50,220,True,True,2,False,False,True,True,True,True,True,True,True,True,True,True
cognee,cognee,rag,conv-26_q94,conv-26,94,4,True,What is Melanie's hand-painted bowl a reminder of?,art and self-expression,D4:5,1,True,50,218,True,True,11,False,False,False,False,False,False,True,True,True,True,True,True
cognee,cognee,rag,conv-26_q95,conv-26,95,4,True,What did Melanie and her family do while camping?,"explored nature, roasted marshmallows, and went on a hike",D4:8,1,True,50,217,True,True,14,False,False,False,False,False,False,True,True,True,True,True,True
cognee,cognee,rag,conv-26_q96,conv-26,96,4,True,What kind of counseling and mental health services is Caroline interested in pursuing?,"working with trans people, helping them accept themselves and supporting their mental health",D4:13,1,True,50,227,True,True,3,False,False,True,True,True,True,True,True,True,True,True,True
cognee,cognee,rag,conv-26_q97,conv-26,97,4,True,What workshop did Caroline attend recently?,LGBTQ+ counseling workshop,D4:13,1,True,50,222,True,True,2,False,False,True,True,True,True,True,True,True,True,True,True
cognee,cognee,rag,conv-26_q98,conv-26,98,4,True,What was discussed in the LGBTQ+ counseling workshop?,therapeutic methods and how to best work with trans people,D4:13,1,True,50,225,True,True,1,True,True,True,True,True,True,True,True,True,True,True,True
cognee,cognee,rag,conv-26_q99,conv-26,99,4,True,What motivated Caroline to pursue counseling?,"her own journey and the support she received, and how counseling improved her life",D4:15,1,True,50,222,True,True,3,False,False,True,True,True,True,True,True,True,True,True,True
cognee,cognee,rag,conv-26_q100,conv-26,100,4,True,What kind of place does Caroline want to create for people?,a safe and inviting place for people to grow,D4:15,1,True,50,211,False,False,,False,False,False,False,False,False,False,False,False,False,False,False
cognee,cognee,rag,conv-26_q101,conv-26,101,4,True,Did Melanie make the black and white bowl in the photo?,Yes,D5:8,1,True,50,221,True,True,1,True,True,True,True,True,True,True,True,True,True,True,True
cognee,cognee,rag,conv-26_q102,conv-26,102,4,True,What kind of books does Caroline have in her library?,"kids' books - classics, stories from different cultures, educational books",D6:9,1,True,50,217,True,True,2,False,False,True,True,True,True,True,True,True,True,True,True
cognee,cognee,rag,conv-26_q103,conv-26,103,4,True,What was Melanie's favorite book from her childhood?,"""Charlotte's Web""",D6:10,1,True,50,218,True,True,2,False,False,True,True,True,True,True,True,True,True,True,True
cognee,cognee,rag,conv-26_q104,conv-26,104,4,True,What book did Caroline recommend to Melanie?,"""Becoming Nicole""",D7:11,1,True,50,224,True,True,1,True,True,True,True,True,True,True,True,True,True,True,True
cognee,cognee,rag,conv-26_q105,conv-26,105,4,True,"What did Caroline take away from the book ""Becoming Nicole""?",Lessons on self-acceptance and finding support,D7:13,1,True,50,226,True,True,1,True,True,True,True,True,True,True,True,True,True,True,True
cognee,cognee,rag,conv-26_q106,conv-26,106,4,True,What are the new shoes that Melanie got used for?,Running,D7:19,1,True,50,231,True,True,1,True,True,True,True,True,True,True,True,True,True,True,True
cognee,cognee,rag,conv-26_q107,conv-26,107,4,True,What is Melanie's reason for getting into running?,To de-stress and clear her mind,D7:21,1,True,50,222,True,True,2,False,False,True,True,True,True,True,True,True,True,True,True
cognee,cognee,rag,conv-26_q108,conv-26,108,4,True,What does Melanie say running has been great for?,Her mental health,D7:24,1,True,50,223,True,True,1,True,True,True,True,True,True,True,True,True,True,True,True
cognee,cognee,rag,conv-26_q109,conv-26,109,4,True,What did Mel and her kids make during the pottery workshop?,pots,D8:2,1,True,50,226,True,True,2,False,False,True,True,True,True,True,True,True,True,True,True
cognee,cognee,rag,conv-26_q110,conv-26,110,4,True,What kind of pot did Mel and her kids make with clay?,a cup with a dog face on it,D8:4,1,True,50,227,True,True,1,True,True,True,True,True,True,True,True,True,True,True,True
cognee,cognee,rag,conv-26_q111,conv-26,111,4,True,What creative project do Mel and her kids do together besides pottery?,painting,D8:5,1,True,50,226,True,True,1,True,True,True,True,True,True,True,True,True,True,True,True
cognee,cognee,rag,conv-26_q112,conv-26,112,4,True,What did Mel and her kids paint in their latest project in July 2023?,a sunset with a palm tree,D8:6,1,True,50,221,True,True,1,True,True,True,True,True,True,True,True,True,True,True,True
cognee,cognee,rag,conv-26_q113,conv-26,113,4,True,What did Caroline see at the council meeting for adoption?,many people wanting to create loving homes for children in need,D8:9,1,True,50,222,True,True,5,False,False,True,True,True,True,True,True,True,True,True,True
cognee,cognee,rag,conv-26_q114,conv-26,114,4,True,What do sunflowers represent according to Caroline?,warmth and happiness,D8:11,1,True,50,219,True,True,1,True,True,True,True,True,True,True,True,True,True,True,True
cognee,cognee,rag,conv-26_q115,conv-26,115,4,True,Why are flowers important to Melanie?,They remind her to appreciate the small moments and were a part of her wedding decor,D8:12,1,True,50,218,True,True,3,False,False,True,True,True,True,True,True,True,True,True,True
cognee,cognee,rag,conv-26_q116,conv-26,116,4,True,What inspired Caroline's painting for the art show?,visiting an LGBTQ center and wanting to capture unity and strength,D9:16,1,True,50,219,True,True,1,True,True,True,True,True,True,True,True,True,True,True,True
cognee,cognee,rag,conv-26_q117,conv-26,117,4,True,How often does Melanie go to the beach with her kids?,once or twice a year,D10:10,1,True,50,213,True,True,1,True,True,True,True,True,True,True,True,True,True,True,True
cognee,cognee,rag,conv-26_q118,conv-26,118,4,True,What did Melanie and her family see during their camping trip last year?,Perseid meteor shower,D10:14,1,True,50,220,True,True,23,False,False,False,False,False,False,False,False,True,True,True,True
cognee,cognee,rag,conv-26_q119,conv-26,119,4,True,How did Melanie feel while watching the meteor shower?,in awe of the universe,D10:18,1,True,50,216,True,True,2,False,False,True,True,True,True,True,True,True,True,True,True
cognee,cognee,rag,conv-26_q120,conv-26,120,4,True,Whose birthday did Melanie celebrate recently?,Melanie's daughter,D11:1,1,True,50,210,True,True,6,False,False,False,False,True,True,True,True,True,True,True,True
cognee,cognee,rag,conv-26_q121,conv-26,121,4,True,Who performed at the concert at Melanie's daughter's birthday?,Matt Patterson,D11:3,1,True,50,213,True,True,1,True,True,True,True,True,True,True,True,True,True,True,True
cognee,cognee,rag,conv-26_q122,conv-26,122,4,True,Why did Melanie choose to use colors and patterns in her pottery project?,She wanted to catch the eye and make people smile.,D12:6,1,True,50,216,True,True,6,False,False,False,False,True,True,True,True,True,True,True,True
cognee,cognee,rag,conv-26_q123,conv-26,123,4,True,What pet does Caroline have?,guinea pig,D13:3,1,True,50,215,True,True,3,False,False,True,True,True,True,True,True,True,True,True,True
cognee,cognee,rag,conv-26_q124,conv-26,124,4,True,What pets does Melanie have?,Two cats and a dog,D13:4,1,True,50,227,True,True,2,False,False,True,True,True,True,True,True,True,True,True,True
cognee,cognee,rag,conv-26_q125,conv-26,125,4,True,Where did Oliver hide his bone once?,In Melanie's slipper,D13:6,1,True,50,218,True,True,1,True,True,True,True,True,True,True,True,True,True,True,True
cognee,cognee,rag,conv-26_q126,conv-26,126,4,True,What activity did Caroline used to do with her dad?,Horseback riding,D13:7,1,True,50,220,True,True,14,False,False,False,False,False,False,True,True,True,True,True,True
cognee,cognee,rag,conv-26_q127,conv-26,127,4,True,What did Caroline make for a local church?,a stained glass window,D14:17,1,True,50,207,True,True,1,True,True,True,True,True,True,True,True,True,True,True,True
cognee,cognee,rag,conv-26_q128,conv-26,128,4,True,What did Caroline find in her neighborhood during her walk?,a rainbow sidewalk,D14:23,1,True,50,220,True,True,3,False,False,True,True,True,True,True,True,True,True,True,True
cognee,cognee,rag,conv-26_q129,conv-26,129,4,True,Which song motivates Caroline to be courageous?,Brave by Sara Bareilles,D15:23,1,True,50,218,True,True,1,True,True,True,True,True,True,True,True,True,True,True,True
cognee,cognee,rag,conv-26_q130,conv-26,130,4,True,Which  classical musicians does Melanie enjoy listening to?,Bach and Mozart,D15:28,1,True,50,209,True,True,1,True,True,True,True,True,True,True,True,True,True,True,True
cognee,cognee,rag,conv-26_q131,conv-26,131,4,True,Who is Melanie a fan of in terms of modern music?,Ed Sheeran,D15:28,1,True,50,224,True,True,3,False,False,True,True,True,True,True,True,True,True,True,True
cognee,cognee,rag,conv-26_q132,conv-26,132,4,True,How long has Melanie been creating art?,7 years,D16:7,1,True,50,217,True,True,8,False,False,False,False,True,True,True,True,True,True,True,True
cognee,cognee,rag,conv-26_q133,conv-26,133,4,True,What precautionary sign did Melanie see at the café?,A sign stating that someone is not being able to leave,D16:16,1,True,50,221,False,False,,False,False,False,False,False,False,False,False,False,False,False,False
cognee,cognee,rag,conv-26_q134,conv-26,134,4,True,What advice does Caroline give for getting started with adoption?,"Do research, find an adoption agency or lawyer, gather necessary documents, and prepare emotionally.",D17:7,1,True,50,229,True,True,2,False,False,True,True,True,True,True,True,True,True,True,True
cognee,cognee,rag,conv-26_q135,conv-26,135,4,False,What setback did Melanie face in October 2023?,She got hurt and had to take a break from pottery.,D17:8,1,True,50,226,True,True,48,False,False,False,False,False,False,False,False,True,True,True,True
cognee,cognee,rag,conv-26_q136,conv-26,136,4,True,What does Melanie do to keep herself busy during her pottery break?,Read a book and paint.,D17:10,1,True,50,226,True,True,7,False,False,False,False,True,True,True,True,True,True,True,True
cognee,cognee,rag,conv-26_q137,conv-26,137,4,True,"What painting did Melanie show to Caroline on October 13, 2023?",A painting inspired by sunsets with a pink sky.,D17:12,1,True,50,213,True,True,8,False,False,False,False,True,True,True,True,True,True,True,True
cognee,cognee,rag,conv-26_q138,conv-26,138,4,False,"What kind of painting did Caroline share with Melanie on October 13, 2023?",An abstract painting with blue streaks on a wall.,D17:14,1,True,50,214,True,True,23,False,False,False,False,False,False,False,False,True,True,True,True
cognee,cognee,rag,conv-26_q139,conv-26,139,4,True,What was the poetry reading that Caroline attended about?,It was a transgender poetry reading where transgender people shared their stories.,D17:18,1,True,50,225,True,True,40,False,False,False,False,False,False,False,False,True,True,True,True
cognee,cognee,rag,conv-26_q140,conv-26,140,4,True,What did the posters at the poetry reading say?,"""Trans Lives Matter""",D17:19,1,True,50,221,True,True,1,True,True,True,True,True,True,True,True,True,True,True,True
cognee,cognee,rag,conv-26_q141,conv-26,141,4,True,What does Caroline's drawing symbolize for her?,Freedom and being true to herself.,D17:23,1,True,50,217,True,True,17,False,False,False,False,False,False,True,True,True,True,True,True
cognee,cognee,rag,conv-26_q142,conv-26,142,4,True,How do Melanie and Caroline describe their journey through life together?,An ongoing adventure of learning and growing.,D17:25,1,True,50,220,True,True,16,False,False,False,False,False,False,True,True,True,True,True,True
cognee,cognee,rag,conv-26_q143,conv-26,143,4,True,What happened to Melanie's son on their road trip?,He got into an accident,D18:1,1,True,50,214,True,True,1,True,True,True,True,True,True,True,True,True,True,True,True
cognee,cognee,rag,conv-26_q144,conv-26,144,4,False,How did Melanie's son handle the accident?,He was scared but reassured by his family,D18:6 D18:7,2,True,50,218,True,True,2,False,False,True,True,True,True,True,True,True,True,True,True
cognee,cognee,rag,conv-26_q145,conv-26,145,4,True,How did Melanie feel about her family after the accident?,They are important and mean the world to her,D18:5,1,True,50,214,True,True,2,False,False,True,True,True,True,True,True,True,True,True,True
cognee,cognee,rag,conv-26_q146,conv-26,146,4,True,How did Melanie's children handle the accident?,They were scared but resilient,D18:7,1,True,50,221,True,True,1,True,True,True,True,True,True,True,True,True,True,True,True
cognee,cognee,rag,conv-26_q147,conv-26,147,4,True,How did Melanie feel after the accident?,Grateful and thankful for her family,D18:5,1,True,50,212,True,True,2,False,False,True,True,True,True,True,True,True,True,True,True
cognee,cognee,rag,conv-26_q148,conv-26,148,4,True,What was Melanie's reaction to her children enjoying the Grand Canyon?,She was happy and thankful,D18:5,1,True,50,217,True,True,1,True,True,True,True,True,True,True,True,True,True,True,True
cognee,cognee,rag,conv-26_q149,conv-26,149,4,True,What do Melanie's family give her?,Strength and motivation,D18:9,1,True,50,222,True,True,21,False,False,False,False,False,False,False,False,True,True,True,True
cognee,cognee,rag,conv-26_q150,conv-26,150,4,True,How did Melanie feel about her family supporting her?,She appreciated them a lot,D18:13,1,True,50,215,True,True,1,True,True,True,True,True,True,True,True,True,True,True,True
cognee,cognee,rag,conv-26_q151,conv-26,151,4,True,What did Melanie do after the road trip to relax?,Went on a nature walk or hike,D18:17,1,True,50,214,True,True,10,False,False,False,False,True,True,True,True,True,True,True,True
